

================================================================
== Vitis HLS Report for 'Top'
================================================================
* Date:           Fri Sep  4 23:02:26 2026

* Version:        2023.2 (Build 4023990 on Oct 11 2023)
* Project:        hks_digit_cosim-perf_mem_p3_r3
* Solution:       solution1 (Vivado IP Flow Target)
* Product family: virtexuplusHBM
* Target device:  xcu55c-fsvh2892-2L-e


================================================================
== Performance Estimates
================================================================
+ Timing: 
    * Summary: 
    +--------+---------+----------+------------+
    |  Clock |  Target | Estimated| Uncertainty|
    +--------+---------+----------+------------+
    |ap_clk  |  6.00 ns|  5.250 ns|     0.75 ns|
    +--------+---------+----------+------------+

+ Latency: 
    * Summary: 
    +---------+---------+----------+----------+-----+-----+---------+
    |  Latency (cycles) |  Latency (absolute) |  Interval | Pipeline|
    |   min   |   max   |    min   |    max   | min | max |   Type  |
    +---------+---------+----------+----------+-----+-----+---------+
    |        ?|        ?|         ?|         ?|    ?|    ?|       no|
    +---------+---------+----------+----------+-----+-----+---------+

    + Detail: 
        * Instance: 
        +-------------------------------------------------------+-------------------------------------------+---------+---------+-----------+-----------+--------+--------+---------+
        |                                                       |                                           |  Latency (cycles) |   Latency (absolute)  |     Interval    | Pipeline|
        |                        Instance                       |                   Module                  |   min   |   max   |    min    |    max    |   min  |   max  |   Type  |
        +-------------------------------------------------------+-------------------------------------------+---------+---------+-----------+-----------+--------+--------+---------+
        |grp_Load_1_fu_518                                      |Load_1                                     |        ?|        ?|          ?|          ?|       ?|       ?|       no|
        |grp_Load_BConv_Params_fu_660                           |Load_BConv_Params                          |       55|       55|   0.330 us|   0.330 us|      55|      55|       no|
        |grp_Load_clone_1_fu_676                                |Load_clone_1                               |        ?|        ?|          ?|          ?|       ?|       ?|       no|
        |grp_Execute_Transform_Operation_fu_696                 |Execute_Transform_Operation                |        ?|        ?|          ?|          ?|       ?|       ?|       no|
        |grp_Compute_BConv_Systolic_fu_1051                     |Compute_BConv_Systolic                     |     4145|     4145|  24.870 us|  24.870 us|    4145|    4145|       no|
        |grp_Compute_Mult_fu_1192                               |Compute_Mult                               |        ?|        ?|          ?|          ?|       ?|       ?|       no|
        |grp_Top_Pipeline_Limb_Loop_Row_Loop_Col_Loop2_fu_1348  |Top_Pipeline_Limb_Loop_Row_Loop_Col_Loop2  |        ?|        ?|          ?|          ?|       ?|       ?|       no|
        |grp_Top_Pipeline_Limb_Loop_Row_Loop_Col_Loop_fu_1500   |Top_Pipeline_Limb_Loop_Row_Loop_Col_Loop   |        ?|        ?|          ?|          ?|       ?|       ?|       no|
        |grp_Store_36_39_1_fu_1652                              |Store_36_39_1                              |        ?|        ?|          ?|          ?|       ?|       ?|       no|
        |grp_Store_40_43_1_fu_1788                              |Store_40_43_1                              |        ?|        ?|          ?|          ?|       ?|       ?|       no|
        |grp_Load_Init_Params_fu_1805                           |Load_Init_Params                           |   196674|   196674|   1.180 ms|   1.180 ms|  196674|  196674|       no|
        +-------------------------------------------------------+-------------------------------------------+---------+---------+-----------+-----------+--------+--------+---------+

        * Loop: 
        N/A



================================================================
== Utilization Estimates
================================================================
* Summary: 
+---------------------+---------+------+---------+---------+-----+
|         Name        | BRAM_18K|  DSP |    FF   |   LUT   | URAM|
+---------------------+---------+------+---------+---------+-----+
|DSP                  |        -|     -|        -|        -|    -|
|Expression           |        -|     -|        0|      230|    -|
|FIFO                 |        -|     -|        -|        -|    -|
|Instance             |       64|  1160|    80734|   165327|    0|
|Memory               |      360|     -|      448|      615|   96|
|Multiplexer          |        -|     -|        -|    14333|    -|
|Register             |        -|     -|      367|        -|    -|
+---------------------+---------+------+---------+---------+-----+
|Total                |      424|  1160|    81549|   180505|   96|
+---------------------+---------+------+---------+---------+-----+
|Available SLR        |     1344|  3008|   869120|   434560|  320|
+---------------------+---------+------+---------+---------+-----+
|Utilization SLR (%)  |       31|    38|        9|       41|   30|
+---------------------+---------+------+---------+---------+-----+
|Available            |     4032|  9024|  2607360|  1303680|  960|
+---------------------+---------+------+---------+---------+-----+
|Utilization (%)      |       10|    12|        3|       13|   10|
+---------------------+---------+------+---------+---------+-----+

+ Detail: 
    * Instance: 
    +-------------------------------------------------------+-------------------------------------------+---------+----+-------+-------+-----+
    |                        Instance                       |                   Module                  | BRAM_18K| DSP|   FF  |  LUT  | URAM|
    +-------------------------------------------------------+-------------------------------------------+---------+----+-------+-------+-----+
    |grp_Compute_BConv_Systolic_fu_1051                     |Compute_BConv_Systolic                     |        0|   0|   3949|   5260|    0|
    |grp_Compute_Mult_fu_1192                               |Compute_Mult                               |        0|   0|    862|   2938|    0|
    |grp_Execute_Transform_Operation_fu_696                 |Execute_Transform_Operation                |       16|  58|  27843|  63174|    0|
    |grp_Load_1_fu_518                                      |Load_1                                     |        0|   0|    482|    586|    0|
    |grp_Load_BConv_Params_fu_660                           |Load_BConv_Params                          |        0|   0|   1796|   4915|    0|
    |grp_Load_Init_Params_fu_1805                           |Load_Init_Params                           |        0|   0|   4426|   9050|    0|
    |grp_Load_clone_1_fu_676                                |Load_clone_1                               |        0|   0|    476|    537|    0|
    |grp_MultMod_fu_2155                                    |MultMod                                    |        0|  58|   1692|   3269|    0|
    |grp_MultMod_fu_2163                                    |MultMod                                    |        0|  58|   1692|   3269|    0|
    |grp_MultMod_fu_2171                                    |MultMod                                    |        0|  58|   1692|   3269|    0|
    |grp_MultMod_fu_2179                                    |MultMod                                    |        0|  58|   1692|   3269|    0|
    |grp_MultMod_fu_2187                                    |MultMod                                    |        0|  58|   1692|   3269|    0|
    |grp_MultMod_fu_2195                                    |MultMod                                    |        0|  58|   1692|   3269|    0|
    |grp_MultMod_fu_2203                                    |MultMod                                    |        0|  58|   1692|   3269|    0|
    |grp_MultMod_fu_2211                                    |MultMod                                    |        0|  58|   1692|   3269|    0|
    |grp_MultMod_fu_2219                                    |MultMod                                    |        0|  58|   1692|   3269|    0|
    |grp_MultMod_fu_2227                                    |MultMod                                    |        0|  58|   1692|   3269|    0|
    |grp_MultMod_fu_2235                                    |MultMod                                    |        0|  58|   1692|   3269|    0|
    |grp_MultMod_fu_2243                                    |MultMod                                    |        0|  58|   1692|   3269|    0|
    |grp_MultMod_fu_2251                                    |MultMod                                    |        0|  58|   1692|   3269|    0|
    |grp_MultMod_fu_2259                                    |MultMod                                    |        0|  58|   1692|   3269|    0|
    |grp_MultMod_fu_2267                                    |MultMod                                    |        0|  58|   1692|   3269|    0|
    |grp_MultMod_1_fu_2275                                  |MultMod_1                                  |        0|  58|   1692|   3269|    0|
    |grp_MultMod_1_fu_2283                                  |MultMod_1                                  |        0|  58|   1692|   3269|    0|
    |grp_MultMod_1_fu_2291                                  |MultMod_1                                  |        0|  58|   1692|   3269|    0|
    |grp_MultMod_1_fu_2299                                  |MultMod_1                                  |        0|  58|   1692|   3269|    0|
    |grp_Store_36_39_1_fu_1652                              |Store_36_39_1                              |        0|   0|    436|   2794|    0|
    |grp_Store_40_43_1_fu_1788                              |Store_40_43_1                              |        0|   0|    454|    558|    0|
    |grp_Top_Pipeline_Limb_Loop_Row_Loop_Col_Loop_fu_1500   |Top_Pipeline_Limb_Loop_Row_Loop_Col_Loop   |        0|   0|    717|   3854|    0|
    |grp_Top_Pipeline_Limb_Loop_Row_Loop_Col_Loop2_fu_1348  |Top_Pipeline_Limb_Loop_Row_Loop_Col_Loop2  |        0|   0|    920|   4050|    0|
    |control_s_axi_U                                        |control_s_axi                              |        0|   0|    336|    568|    0|
    |gmem0_m_axi_U                                          |gmem0_m_axi                                |       16|   0|   1963|   1644|    0|
    |gmem1_m_axi_U                                          |gmem1_m_axi                                |       16|   0|   1963|   1644|    0|
    |gmem2_m_axi_U                                          |gmem2_m_axi                                |       16|   0|   1963|   1644|    0|
    +-------------------------------------------------------+-------------------------------------------+---------+----+-------+-------+-----+
    |Total                                                  |                                           |       64|1160|  80734| 165327|    0|
    +-------------------------------------------------------+-------------------------------------------+---------+----+-------+-------+-----+

    * DSP: 
    N/A

    * Memory: 
    +--------------------------------+---------------------------------------------+---------+----+----+-----+------+-----+------+-------------+
    |             Memory             |                    Module                   | BRAM_18K| FF | LUT| URAM| Words| Bits| Banks| W*Bits*Banks|
    +--------------------------------+---------------------------------------------+---------+----+----+-----+------+-----+------+-------------+
    |MODULUS_U                       |MODULUS_RAM_AUTO_1R1W                        |        0|  64|  65|    0|     8|   64|     1|          512|
    |S_U                             |MODULUS_RAM_AUTO_1R1W                        |        0|  64|  65|    0|     8|   64|     1|          512|
    |M_U                             |MODULUS_RAM_AUTO_1R1W                        |        0|  64|  65|    0|     8|   64|     1|          512|
    |in_w_U                          |in_w_RAM_AUTO_1R1W                           |        0|  64|  65|    0|    15|   64|     1|          960|
    |out_mod_U                       |out_mod_RAM_AUTO_1R1W                        |        0|  64|  65|    0|     5|   64|     1|          320|
    |out_S_U                         |out_mod_RAM_AUTO_1R1W                        |        0|  64|  65|    0|     5|   64|     1|          320|
    |out_m_barrett_U                 |out_mod_RAM_AUTO_1R1W                        |        0|  64|  65|    0|     5|   64|     1|          320|
    |p_ZL13poly_buffer_1_0_3_U       |p_ZL13poly_buffer_1_0_3_RAM_T2P_BRAM_1R1W    |        2|   0|   0|    0|   512|   64|     1|        32768|
    |p_ZL13poly_buffer_1_0_2_U       |p_ZL13poly_buffer_1_0_3_RAM_T2P_BRAM_1R1W    |        2|   0|   0|    0|   512|   64|     1|        32768|
    |p_ZL13poly_buffer_1_0_1_U       |p_ZL13poly_buffer_1_0_3_RAM_T2P_BRAM_1R1W    |        2|   0|   0|    0|   512|   64|     1|        32768|
    |p_ZL13poly_buffer_1_0_0_U       |p_ZL13poly_buffer_1_0_3_RAM_T2P_BRAM_1R1W    |        2|   0|   0|    0|   512|   64|     1|        32768|
    |p_ZL13poly_buffer_1_0_4_U       |p_ZL13poly_buffer_1_0_3_RAM_T2P_BRAM_1R1W    |        2|   0|   0|    0|   512|   64|     1|        32768|
    |p_ZL13poly_buffer_1_0_5_U       |p_ZL13poly_buffer_1_0_3_RAM_T2P_BRAM_1R1W    |        2|   0|   0|    0|   512|   64|     1|        32768|
    |p_ZL13poly_buffer_1_0_6_U       |p_ZL13poly_buffer_1_0_3_RAM_T2P_BRAM_1R1W    |        2|   0|   0|    0|   512|   64|     1|        32768|
    |p_ZL13poly_buffer_1_0_7_U       |p_ZL13poly_buffer_1_0_3_RAM_T2P_BRAM_1R1W    |        2|   0|   0|    0|   512|   64|     1|        32768|
    |p_ZL13poly_buffer_1_1_3_U       |p_ZL13poly_buffer_1_0_3_RAM_T2P_BRAM_1R1W    |        2|   0|   0|    0|   512|   64|     1|        32768|
    |p_ZL13poly_buffer_1_1_2_U       |p_ZL13poly_buffer_1_0_3_RAM_T2P_BRAM_1R1W    |        2|   0|   0|    0|   512|   64|     1|        32768|
    |p_ZL13poly_buffer_1_1_1_U       |p_ZL13poly_buffer_1_0_3_RAM_T2P_BRAM_1R1W    |        2|   0|   0|    0|   512|   64|     1|        32768|
    |p_ZL13poly_buffer_1_1_0_U       |p_ZL13poly_buffer_1_0_3_RAM_T2P_BRAM_1R1W    |        2|   0|   0|    0|   512|   64|     1|        32768|
    |p_ZL13poly_buffer_1_1_4_U       |p_ZL13poly_buffer_1_0_3_RAM_T2P_BRAM_1R1W    |        2|   0|   0|    0|   512|   64|     1|        32768|
    |p_ZL13poly_buffer_1_1_5_U       |p_ZL13poly_buffer_1_0_3_RAM_T2P_BRAM_1R1W    |        2|   0|   0|    0|   512|   64|     1|        32768|
    |p_ZL13poly_buffer_1_1_6_U       |p_ZL13poly_buffer_1_0_3_RAM_T2P_BRAM_1R1W    |        2|   0|   0|    0|   512|   64|     1|        32768|
    |p_ZL13poly_buffer_1_1_7_U       |p_ZL13poly_buffer_1_0_3_RAM_T2P_BRAM_1R1W    |        2|   0|   0|    0|   512|   64|     1|        32768|
    |p_ZL13poly_buffer_1_2_3_U       |p_ZL13poly_buffer_1_0_3_RAM_T2P_BRAM_1R1W    |        2|   0|   0|    0|   512|   64|     1|        32768|
    |p_ZL13poly_buffer_1_2_2_U       |p_ZL13poly_buffer_1_0_3_RAM_T2P_BRAM_1R1W    |        2|   0|   0|    0|   512|   64|     1|        32768|
    |p_ZL13poly_buffer_1_2_1_U       |p_ZL13poly_buffer_1_0_3_RAM_T2P_BRAM_1R1W    |        2|   0|   0|    0|   512|   64|     1|        32768|
    |p_ZL13poly_buffer_1_2_0_U       |p_ZL13poly_buffer_1_0_3_RAM_T2P_BRAM_1R1W    |        2|   0|   0|    0|   512|   64|     1|        32768|
    |p_ZL13poly_buffer_1_2_4_U       |p_ZL13poly_buffer_1_0_3_RAM_T2P_BRAM_1R1W    |        2|   0|   0|    0|   512|   64|     1|        32768|
    |p_ZL13poly_buffer_1_2_5_U       |p_ZL13poly_buffer_1_0_3_RAM_T2P_BRAM_1R1W    |        2|   0|   0|    0|   512|   64|     1|        32768|
    |p_ZL13poly_buffer_1_2_6_U       |p_ZL13poly_buffer_1_0_3_RAM_T2P_BRAM_1R1W    |        2|   0|   0|    0|   512|   64|     1|        32768|
    |p_ZL13poly_buffer_1_2_7_U       |p_ZL13poly_buffer_1_0_3_RAM_T2P_BRAM_1R1W    |        2|   0|   0|    0|   512|   64|     1|        32768|
    |p_ZL13poly_buffer_1_3_3_U       |p_ZL13poly_buffer_1_0_3_RAM_T2P_BRAM_1R1W    |        2|   0|   0|    0|   512|   64|     1|        32768|
    |p_ZL13poly_buffer_1_3_2_U       |p_ZL13poly_buffer_1_0_3_RAM_T2P_BRAM_1R1W    |        2|   0|   0|    0|   512|   64|     1|        32768|
    |p_ZL13poly_buffer_1_3_1_U       |p_ZL13poly_buffer_1_0_3_RAM_T2P_BRAM_1R1W    |        2|   0|   0|    0|   512|   64|     1|        32768|
    |p_ZL13poly_buffer_1_3_0_U       |p_ZL13poly_buffer_1_0_3_RAM_T2P_BRAM_1R1W    |        2|   0|   0|    0|   512|   64|     1|        32768|
    |p_ZL13poly_buffer_1_3_4_U       |p_ZL13poly_buffer_1_0_3_RAM_T2P_BRAM_1R1W    |        2|   0|   0|    0|   512|   64|     1|        32768|
    |p_ZL13poly_buffer_1_3_5_U       |p_ZL13poly_buffer_1_0_3_RAM_T2P_BRAM_1R1W    |        2|   0|   0|    0|   512|   64|     1|        32768|
    |p_ZL13poly_buffer_1_3_6_U       |p_ZL13poly_buffer_1_0_3_RAM_T2P_BRAM_1R1W    |        2|   0|   0|    0|   512|   64|     1|        32768|
    |p_ZL13poly_buffer_1_3_7_U       |p_ZL13poly_buffer_1_0_3_RAM_T2P_BRAM_1R1W    |        2|   0|   0|    0|   512|   64|     1|        32768|
    |p_ZL13poly_buffer_1_4_3_U       |p_ZL13poly_buffer_1_0_3_RAM_T2P_BRAM_1R1W    |        2|   0|   0|    0|   512|   64|     1|        32768|
    |p_ZL13poly_buffer_1_4_2_U       |p_ZL13poly_buffer_1_0_3_RAM_T2P_BRAM_1R1W    |        2|   0|   0|    0|   512|   64|     1|        32768|
    |p_ZL13poly_buffer_1_4_1_U       |p_ZL13poly_buffer_1_0_3_RAM_T2P_BRAM_1R1W    |        2|   0|   0|    0|   512|   64|     1|        32768|
    |p_ZL13poly_buffer_1_4_0_U       |p_ZL13poly_buffer_1_0_3_RAM_T2P_BRAM_1R1W    |        2|   0|   0|    0|   512|   64|     1|        32768|
    |p_ZL13poly_buffer_1_4_4_U       |p_ZL13poly_buffer_1_0_3_RAM_T2P_BRAM_1R1W    |        2|   0|   0|    0|   512|   64|     1|        32768|
    |p_ZL13poly_buffer_1_4_5_U       |p_ZL13poly_buffer_1_0_3_RAM_T2P_BRAM_1R1W    |        2|   0|   0|    0|   512|   64|     1|        32768|
    |p_ZL13poly_buffer_1_4_6_U       |p_ZL13poly_buffer_1_0_3_RAM_T2P_BRAM_1R1W    |        2|   0|   0|    0|   512|   64|     1|        32768|
    |p_ZL13poly_buffer_1_4_7_U       |p_ZL13poly_buffer_1_0_3_RAM_T2P_BRAM_1R1W    |        2|   0|   0|    0|   512|   64|     1|        32768|
    |p_ZL13poly_buffer_1_5_3_U       |p_ZL13poly_buffer_1_0_3_RAM_T2P_BRAM_1R1W    |        2|   0|   0|    0|   512|   64|     1|        32768|
    |p_ZL13poly_buffer_1_5_2_U       |p_ZL13poly_buffer_1_0_3_RAM_T2P_BRAM_1R1W    |        2|   0|   0|    0|   512|   64|     1|        32768|
    |p_ZL13poly_buffer_1_5_1_U       |p_ZL13poly_buffer_1_0_3_RAM_T2P_BRAM_1R1W    |        2|   0|   0|    0|   512|   64|     1|        32768|
    |p_ZL13poly_buffer_1_5_0_U       |p_ZL13poly_buffer_1_0_3_RAM_T2P_BRAM_1R1W    |        2|   0|   0|    0|   512|   64|     1|        32768|
    |p_ZL13poly_buffer_1_5_4_U       |p_ZL13poly_buffer_1_0_3_RAM_T2P_BRAM_1R1W    |        2|   0|   0|    0|   512|   64|     1|        32768|
    |p_ZL13poly_buffer_1_5_5_U       |p_ZL13poly_buffer_1_0_3_RAM_T2P_BRAM_1R1W    |        2|   0|   0|    0|   512|   64|     1|        32768|
    |p_ZL13poly_buffer_1_5_6_U       |p_ZL13poly_buffer_1_0_3_RAM_T2P_BRAM_1R1W    |        2|   0|   0|    0|   512|   64|     1|        32768|
    |p_ZL13poly_buffer_1_5_7_U       |p_ZL13poly_buffer_1_0_3_RAM_T2P_BRAM_1R1W    |        2|   0|   0|    0|   512|   64|     1|        32768|
    |p_ZL13poly_buffer_1_6_3_U       |p_ZL13poly_buffer_1_0_3_RAM_T2P_BRAM_1R1W    |        2|   0|   0|    0|   512|   64|     1|        32768|
    |p_ZL13poly_buffer_1_6_2_U       |p_ZL13poly_buffer_1_0_3_RAM_T2P_BRAM_1R1W    |        2|   0|   0|    0|   512|   64|     1|        32768|
    |p_ZL13poly_buffer_1_6_1_U       |p_ZL13poly_buffer_1_0_3_RAM_T2P_BRAM_1R1W    |        2|   0|   0|    0|   512|   64|     1|        32768|
    |p_ZL13poly_buffer_1_6_0_U       |p_ZL13poly_buffer_1_0_3_RAM_T2P_BRAM_1R1W    |        2|   0|   0|    0|   512|   64|     1|        32768|
    |p_ZL13poly_buffer_1_6_4_U       |p_ZL13poly_buffer_1_0_3_RAM_T2P_BRAM_1R1W    |        2|   0|   0|    0|   512|   64|     1|        32768|
    |p_ZL13poly_buffer_1_6_5_U       |p_ZL13poly_buffer_1_0_3_RAM_T2P_BRAM_1R1W    |        2|   0|   0|    0|   512|   64|     1|        32768|
    |p_ZL13poly_buffer_1_6_6_U       |p_ZL13poly_buffer_1_0_3_RAM_T2P_BRAM_1R1W    |        2|   0|   0|    0|   512|   64|     1|        32768|
    |p_ZL13poly_buffer_1_6_7_U       |p_ZL13poly_buffer_1_0_3_RAM_T2P_BRAM_1R1W    |        2|   0|   0|    0|   512|   64|     1|        32768|
    |p_ZL13poly_buffer_1_7_3_U       |p_ZL13poly_buffer_1_0_3_RAM_T2P_BRAM_1R1W    |        2|   0|   0|    0|   512|   64|     1|        32768|
    |p_ZL13poly_buffer_1_7_2_U       |p_ZL13poly_buffer_1_0_3_RAM_T2P_BRAM_1R1W    |        2|   0|   0|    0|   512|   64|     1|        32768|
    |p_ZL13poly_buffer_1_7_1_U       |p_ZL13poly_buffer_1_0_3_RAM_T2P_BRAM_1R1W    |        2|   0|   0|    0|   512|   64|     1|        32768|
    |p_ZL13poly_buffer_1_7_0_U       |p_ZL13poly_buffer_1_0_3_RAM_T2P_BRAM_1R1W    |        2|   0|   0|    0|   512|   64|     1|        32768|
    |p_ZL13poly_buffer_1_7_4_U       |p_ZL13poly_buffer_1_0_3_RAM_T2P_BRAM_1R1W    |        2|   0|   0|    0|   512|   64|     1|        32768|
    |p_ZL13poly_buffer_1_7_5_U       |p_ZL13poly_buffer_1_0_3_RAM_T2P_BRAM_1R1W    |        2|   0|   0|    0|   512|   64|     1|        32768|
    |p_ZL13poly_buffer_1_7_6_U       |p_ZL13poly_buffer_1_0_3_RAM_T2P_BRAM_1R1W    |        2|   0|   0|    0|   512|   64|     1|        32768|
    |p_ZL13poly_buffer_1_7_7_U       |p_ZL13poly_buffer_1_0_3_RAM_T2P_BRAM_1R1W    |        2|   0|   0|    0|   512|   64|     1|        32768|
    |p_ZL13result_buffer_0_U         |p_ZL13result_buffer_0_RAM_2P_BRAM_1R1W       |       29|   0|  20|    0|  8192|   64|     1|       524288|
    |p_ZL13result_buffer_1_U         |p_ZL13result_buffer_0_RAM_2P_BRAM_1R1W       |       29|   0|  20|    0|  8192|   64|     1|       524288|
    |p_ZL13result_buffer_2_U         |p_ZL13result_buffer_0_RAM_2P_BRAM_1R1W       |       29|   0|  20|    0|  8192|   64|     1|       524288|
    |p_ZL13result_buffer_3_U         |p_ZL13result_buffer_0_RAM_2P_BRAM_1R1W       |       29|   0|  20|    0|  8192|   64|     1|       524288|
    |p_ZL13poly_buffer_2_0_U         |p_ZL13result_buffer_0_RAM_2P_BRAM_1R1W       |       29|   0|  20|    0|  8192|   64|     1|       524288|
    |p_ZL13poly_buffer_2_1_U         |p_ZL13result_buffer_0_RAM_2P_BRAM_1R1W       |       29|   0|  20|    0|  8192|   64|     1|       524288|
    |p_ZL13poly_buffer_2_2_U         |p_ZL13result_buffer_0_RAM_2P_BRAM_1R1W       |       29|   0|  20|    0|  8192|   64|     1|       524288|
    |p_ZL13poly_buffer_2_3_U         |p_ZL13result_buffer_0_RAM_2P_BRAM_1R1W       |       29|   0|  20|    0|  8192|   64|     1|       524288|
    |p_ZL16NTTTwiddleFactor_0_0_U    |p_ZL16NTTTwiddleFactor_0_0_RAM_2P_URAM_1R1W  |        0|   0|   0|    1|  4096|   64|     1|       262144|
    |p_ZL16NTTTwiddleFactor_0_1_U    |p_ZL16NTTTwiddleFactor_0_0_RAM_2P_URAM_1R1W  |        0|   0|   0|    1|  4096|   64|     1|       262144|
    |p_ZL16NTTTwiddleFactor_0_2_U    |p_ZL16NTTTwiddleFactor_0_0_RAM_2P_URAM_1R1W  |        0|   0|   0|    1|  4096|   64|     1|       262144|
    |p_ZL16NTTTwiddleFactor_0_3_U    |p_ZL16NTTTwiddleFactor_0_0_RAM_2P_URAM_1R1W  |        0|   0|   0|    1|  4096|   64|     1|       262144|
    |p_ZL16NTTTwiddleFactor_1_0_U    |p_ZL16NTTTwiddleFactor_0_0_RAM_2P_URAM_1R1W  |        0|   0|   0|    1|  4096|   64|     1|       262144|
    |p_ZL16NTTTwiddleFactor_1_1_U    |p_ZL16NTTTwiddleFactor_0_0_RAM_2P_URAM_1R1W  |        0|   0|   0|    1|  4096|   64|     1|       262144|
    |p_ZL16NTTTwiddleFactor_1_2_U    |p_ZL16NTTTwiddleFactor_0_0_RAM_2P_URAM_1R1W  |        0|   0|   0|    1|  4096|   64|     1|       262144|
    |p_ZL16NTTTwiddleFactor_1_3_U    |p_ZL16NTTTwiddleFactor_0_0_RAM_2P_URAM_1R1W  |        0|   0|   0|    1|  4096|   64|     1|       262144|
    |p_ZL16NTTTwiddleFactor_2_0_U    |p_ZL16NTTTwiddleFactor_0_0_RAM_2P_URAM_1R1W  |        0|   0|   0|    1|  4096|   64|     1|       262144|
    |p_ZL16NTTTwiddleFactor_2_1_U    |p_ZL16NTTTwiddleFactor_0_0_RAM_2P_URAM_1R1W  |        0|   0|   0|    1|  4096|   64|     1|       262144|
    |p_ZL16NTTTwiddleFactor_2_2_U    |p_ZL16NTTTwiddleFactor_0_0_RAM_2P_URAM_1R1W  |        0|   0|   0|    1|  4096|   64|     1|       262144|
    |p_ZL16NTTTwiddleFactor_2_3_U    |p_ZL16NTTTwiddleFactor_0_0_RAM_2P_URAM_1R1W  |        0|   0|   0|    1|  4096|   64|     1|       262144|
    |p_ZL16NTTTwiddleFactor_3_0_U    |p_ZL16NTTTwiddleFactor_0_0_RAM_2P_URAM_1R1W  |        0|   0|   0|    1|  4096|   64|     1|       262144|
    |p_ZL16NTTTwiddleFactor_3_1_U    |p_ZL16NTTTwiddleFactor_0_0_RAM_2P_URAM_1R1W  |        0|   0|   0|    1|  4096|   64|     1|       262144|
    |p_ZL16NTTTwiddleFactor_3_2_U    |p_ZL16NTTTwiddleFactor_0_0_RAM_2P_URAM_1R1W  |        0|   0|   0|    1|  4096|   64|     1|       262144|
    |p_ZL16NTTTwiddleFactor_3_3_U    |p_ZL16NTTTwiddleFactor_0_0_RAM_2P_URAM_1R1W  |        0|   0|   0|    1|  4096|   64|     1|       262144|
    |p_ZL16NTTTwiddleFactor_4_0_U    |p_ZL16NTTTwiddleFactor_0_0_RAM_2P_URAM_1R1W  |        0|   0|   0|    1|  4096|   64|     1|       262144|
    |p_ZL16NTTTwiddleFactor_4_1_U    |p_ZL16NTTTwiddleFactor_0_0_RAM_2P_URAM_1R1W  |        0|   0|   0|    1|  4096|   64|     1|       262144|
    |p_ZL16NTTTwiddleFactor_4_2_U    |p_ZL16NTTTwiddleFactor_0_0_RAM_2P_URAM_1R1W  |        0|   0|   0|    1|  4096|   64|     1|       262144|
    |p_ZL16NTTTwiddleFactor_4_3_U    |p_ZL16NTTTwiddleFactor_0_0_RAM_2P_URAM_1R1W  |        0|   0|   0|    1|  4096|   64|     1|       262144|
    |p_ZL16NTTTwiddleFactor_5_0_U    |p_ZL16NTTTwiddleFactor_0_0_RAM_2P_URAM_1R1W  |        0|   0|   0|    1|  4096|   64|     1|       262144|
    |p_ZL16NTTTwiddleFactor_5_1_U    |p_ZL16NTTTwiddleFactor_0_0_RAM_2P_URAM_1R1W  |        0|   0|   0|    1|  4096|   64|     1|       262144|
    |p_ZL16NTTTwiddleFactor_5_2_U    |p_ZL16NTTTwiddleFactor_0_0_RAM_2P_URAM_1R1W  |        0|   0|   0|    1|  4096|   64|     1|       262144|
    |p_ZL16NTTTwiddleFactor_5_3_U    |p_ZL16NTTTwiddleFactor_0_0_RAM_2P_URAM_1R1W  |        0|   0|   0|    1|  4096|   64|     1|       262144|
    |p_ZL16NTTTwiddleFactor_6_0_U    |p_ZL16NTTTwiddleFactor_0_0_RAM_2P_URAM_1R1W  |        0|   0|   0|    1|  4096|   64|     1|       262144|
    |p_ZL16NTTTwiddleFactor_6_1_U    |p_ZL16NTTTwiddleFactor_0_0_RAM_2P_URAM_1R1W  |        0|   0|   0|    1|  4096|   64|     1|       262144|
    |p_ZL16NTTTwiddleFactor_6_2_U    |p_ZL16NTTTwiddleFactor_0_0_RAM_2P_URAM_1R1W  |        0|   0|   0|    1|  4096|   64|     1|       262144|
    |p_ZL16NTTTwiddleFactor_6_3_U    |p_ZL16NTTTwiddleFactor_0_0_RAM_2P_URAM_1R1W  |        0|   0|   0|    1|  4096|   64|     1|       262144|
    |p_ZL16NTTTwiddleFactor_7_0_U    |p_ZL16NTTTwiddleFactor_0_0_RAM_2P_URAM_1R1W  |        0|   0|   0|    1|  4096|   64|     1|       262144|
    |p_ZL16NTTTwiddleFactor_7_1_U    |p_ZL16NTTTwiddleFactor_0_0_RAM_2P_URAM_1R1W  |        0|   0|   0|    1|  4096|   64|     1|       262144|
    |p_ZL16NTTTwiddleFactor_7_2_U    |p_ZL16NTTTwiddleFactor_0_0_RAM_2P_URAM_1R1W  |        0|   0|   0|    1|  4096|   64|     1|       262144|
    |p_ZL16NTTTwiddleFactor_7_3_U    |p_ZL16NTTTwiddleFactor_0_0_RAM_2P_URAM_1R1W  |        0|   0|   0|    1|  4096|   64|     1|       262144|
    |p_ZL16NTTTwiddleFactor_8_0_U    |p_ZL16NTTTwiddleFactor_0_0_RAM_2P_URAM_1R1W  |        0|   0|   0|    1|  4096|   64|     1|       262144|
    |p_ZL16NTTTwiddleFactor_8_1_U    |p_ZL16NTTTwiddleFactor_0_0_RAM_2P_URAM_1R1W  |        0|   0|   0|    1|  4096|   64|     1|       262144|
    |p_ZL16NTTTwiddleFactor_8_2_U    |p_ZL16NTTTwiddleFactor_0_0_RAM_2P_URAM_1R1W  |        0|   0|   0|    1|  4096|   64|     1|       262144|
    |p_ZL16NTTTwiddleFactor_8_3_U    |p_ZL16NTTTwiddleFactor_0_0_RAM_2P_URAM_1R1W  |        0|   0|   0|    1|  4096|   64|     1|       262144|
    |p_ZL16NTTTwiddleFactor_9_0_U    |p_ZL16NTTTwiddleFactor_0_0_RAM_2P_URAM_1R1W  |        0|   0|   0|    1|  4096|   64|     1|       262144|
    |p_ZL16NTTTwiddleFactor_9_1_U    |p_ZL16NTTTwiddleFactor_0_0_RAM_2P_URAM_1R1W  |        0|   0|   0|    1|  4096|   64|     1|       262144|
    |p_ZL16NTTTwiddleFactor_9_2_U    |p_ZL16NTTTwiddleFactor_0_0_RAM_2P_URAM_1R1W  |        0|   0|   0|    1|  4096|   64|     1|       262144|
    |p_ZL16NTTTwiddleFactor_9_3_U    |p_ZL16NTTTwiddleFactor_0_0_RAM_2P_URAM_1R1W  |        0|   0|   0|    1|  4096|   64|     1|       262144|
    |p_ZL16NTTTwiddleFactor_10_0_U   |p_ZL16NTTTwiddleFactor_0_0_RAM_2P_URAM_1R1W  |        0|   0|   0|    1|  4096|   64|     1|       262144|
    |p_ZL16NTTTwiddleFactor_10_1_U   |p_ZL16NTTTwiddleFactor_0_0_RAM_2P_URAM_1R1W  |        0|   0|   0|    1|  4096|   64|     1|       262144|
    |p_ZL16NTTTwiddleFactor_10_2_U   |p_ZL16NTTTwiddleFactor_0_0_RAM_2P_URAM_1R1W  |        0|   0|   0|    1|  4096|   64|     1|       262144|
    |p_ZL16NTTTwiddleFactor_10_3_U   |p_ZL16NTTTwiddleFactor_0_0_RAM_2P_URAM_1R1W  |        0|   0|   0|    1|  4096|   64|     1|       262144|
    |p_ZL16NTTTwiddleFactor_11_0_U   |p_ZL16NTTTwiddleFactor_0_0_RAM_2P_URAM_1R1W  |        0|   0|   0|    1|  4096|   64|     1|       262144|
    |p_ZL16NTTTwiddleFactor_11_1_U   |p_ZL16NTTTwiddleFactor_0_0_RAM_2P_URAM_1R1W  |        0|   0|   0|    1|  4096|   64|     1|       262144|
    |p_ZL16NTTTwiddleFactor_11_2_U   |p_ZL16NTTTwiddleFactor_0_0_RAM_2P_URAM_1R1W  |        0|   0|   0|    1|  4096|   64|     1|       262144|
    |p_ZL16NTTTwiddleFactor_11_3_U   |p_ZL16NTTTwiddleFactor_0_0_RAM_2P_URAM_1R1W  |        0|   0|   0|    1|  4096|   64|     1|       262144|
    |p_ZL17INTTTwiddleFactor_0_0_U   |p_ZL16NTTTwiddleFactor_0_0_RAM_2P_URAM_1R1W  |        0|   0|   0|    1|  4096|   64|     1|       262144|
    |p_ZL17INTTTwiddleFactor_0_1_U   |p_ZL16NTTTwiddleFactor_0_0_RAM_2P_URAM_1R1W  |        0|   0|   0|    1|  4096|   64|     1|       262144|
    |p_ZL17INTTTwiddleFactor_0_2_U   |p_ZL16NTTTwiddleFactor_0_0_RAM_2P_URAM_1R1W  |        0|   0|   0|    1|  4096|   64|     1|       262144|
    |p_ZL17INTTTwiddleFactor_0_3_U   |p_ZL16NTTTwiddleFactor_0_0_RAM_2P_URAM_1R1W  |        0|   0|   0|    1|  4096|   64|     1|       262144|
    |p_ZL17INTTTwiddleFactor_1_0_U   |p_ZL16NTTTwiddleFactor_0_0_RAM_2P_URAM_1R1W  |        0|   0|   0|    1|  4096|   64|     1|       262144|
    |p_ZL17INTTTwiddleFactor_1_1_U   |p_ZL16NTTTwiddleFactor_0_0_RAM_2P_URAM_1R1W  |        0|   0|   0|    1|  4096|   64|     1|       262144|
    |p_ZL17INTTTwiddleFactor_1_2_U   |p_ZL16NTTTwiddleFactor_0_0_RAM_2P_URAM_1R1W  |        0|   0|   0|    1|  4096|   64|     1|       262144|
    |p_ZL17INTTTwiddleFactor_1_3_U   |p_ZL16NTTTwiddleFactor_0_0_RAM_2P_URAM_1R1W  |        0|   0|   0|    1|  4096|   64|     1|       262144|
    |p_ZL17INTTTwiddleFactor_2_0_U   |p_ZL16NTTTwiddleFactor_0_0_RAM_2P_URAM_1R1W  |        0|   0|   0|    1|  4096|   64|     1|       262144|
    |p_ZL17INTTTwiddleFactor_2_1_U   |p_ZL16NTTTwiddleFactor_0_0_RAM_2P_URAM_1R1W  |        0|   0|   0|    1|  4096|   64|     1|       262144|
    |p_ZL17INTTTwiddleFactor_2_2_U   |p_ZL16NTTTwiddleFactor_0_0_RAM_2P_URAM_1R1W  |        0|   0|   0|    1|  4096|   64|     1|       262144|
    |p_ZL17INTTTwiddleFactor_2_3_U   |p_ZL16NTTTwiddleFactor_0_0_RAM_2P_URAM_1R1W  |        0|   0|   0|    1|  4096|   64|     1|       262144|
    |p_ZL17INTTTwiddleFactor_3_0_U   |p_ZL16NTTTwiddleFactor_0_0_RAM_2P_URAM_1R1W  |        0|   0|   0|    1|  4096|   64|     1|       262144|
    |p_ZL17INTTTwiddleFactor_3_1_U   |p_ZL16NTTTwiddleFactor_0_0_RAM_2P_URAM_1R1W  |        0|   0|   0|    1|  4096|   64|     1|       262144|
    |p_ZL17INTTTwiddleFactor_3_2_U   |p_ZL16NTTTwiddleFactor_0_0_RAM_2P_URAM_1R1W  |        0|   0|   0|    1|  4096|   64|     1|       262144|
    |p_ZL17INTTTwiddleFactor_3_3_U   |p_ZL16NTTTwiddleFactor_0_0_RAM_2P_URAM_1R1W  |        0|   0|   0|    1|  4096|   64|     1|       262144|
    |p_ZL17INTTTwiddleFactor_4_0_U   |p_ZL16NTTTwiddleFactor_0_0_RAM_2P_URAM_1R1W  |        0|   0|   0|    1|  4096|   64|     1|       262144|
    |p_ZL17INTTTwiddleFactor_4_1_U   |p_ZL16NTTTwiddleFactor_0_0_RAM_2P_URAM_1R1W  |        0|   0|   0|    1|  4096|   64|     1|       262144|
    |p_ZL17INTTTwiddleFactor_4_2_U   |p_ZL16NTTTwiddleFactor_0_0_RAM_2P_URAM_1R1W  |        0|   0|   0|    1|  4096|   64|     1|       262144|
    |p_ZL17INTTTwiddleFactor_4_3_U   |p_ZL16NTTTwiddleFactor_0_0_RAM_2P_URAM_1R1W  |        0|   0|   0|    1|  4096|   64|     1|       262144|
    |p_ZL17INTTTwiddleFactor_5_0_U   |p_ZL16NTTTwiddleFactor_0_0_RAM_2P_URAM_1R1W  |        0|   0|   0|    1|  4096|   64|     1|       262144|
    |p_ZL17INTTTwiddleFactor_5_1_U   |p_ZL16NTTTwiddleFactor_0_0_RAM_2P_URAM_1R1W  |        0|   0|   0|    1|  4096|   64|     1|       262144|
    |p_ZL17INTTTwiddleFactor_5_2_U   |p_ZL16NTTTwiddleFactor_0_0_RAM_2P_URAM_1R1W  |        0|   0|   0|    1|  4096|   64|     1|       262144|
    |p_ZL17INTTTwiddleFactor_5_3_U   |p_ZL16NTTTwiddleFactor_0_0_RAM_2P_URAM_1R1W  |        0|   0|   0|    1|  4096|   64|     1|       262144|
    |p_ZL17INTTTwiddleFactor_6_0_U   |p_ZL16NTTTwiddleFactor_0_0_RAM_2P_URAM_1R1W  |        0|   0|   0|    1|  4096|   64|     1|       262144|
    |p_ZL17INTTTwiddleFactor_6_1_U   |p_ZL16NTTTwiddleFactor_0_0_RAM_2P_URAM_1R1W  |        0|   0|   0|    1|  4096|   64|     1|       262144|
    |p_ZL17INTTTwiddleFactor_6_2_U   |p_ZL16NTTTwiddleFactor_0_0_RAM_2P_URAM_1R1W  |        0|   0|   0|    1|  4096|   64|     1|       262144|
    |p_ZL17INTTTwiddleFactor_6_3_U   |p_ZL16NTTTwiddleFactor_0_0_RAM_2P_URAM_1R1W  |        0|   0|   0|    1|  4096|   64|     1|       262144|
    |p_ZL17INTTTwiddleFactor_7_0_U   |p_ZL16NTTTwiddleFactor_0_0_RAM_2P_URAM_1R1W  |        0|   0|   0|    1|  4096|   64|     1|       262144|
    |p_ZL17INTTTwiddleFactor_7_1_U   |p_ZL16NTTTwiddleFactor_0_0_RAM_2P_URAM_1R1W  |        0|   0|   0|    1|  4096|   64|     1|       262144|
    |p_ZL17INTTTwiddleFactor_7_2_U   |p_ZL16NTTTwiddleFactor_0_0_RAM_2P_URAM_1R1W  |        0|   0|   0|    1|  4096|   64|     1|       262144|
    |p_ZL17INTTTwiddleFactor_7_3_U   |p_ZL16NTTTwiddleFactor_0_0_RAM_2P_URAM_1R1W  |        0|   0|   0|    1|  4096|   64|     1|       262144|
    |p_ZL17INTTTwiddleFactor_8_0_U   |p_ZL16NTTTwiddleFactor_0_0_RAM_2P_URAM_1R1W  |        0|   0|   0|    1|  4096|   64|     1|       262144|
    |p_ZL17INTTTwiddleFactor_8_1_U   |p_ZL16NTTTwiddleFactor_0_0_RAM_2P_URAM_1R1W  |        0|   0|   0|    1|  4096|   64|     1|       262144|
    |p_ZL17INTTTwiddleFactor_8_2_U   |p_ZL16NTTTwiddleFactor_0_0_RAM_2P_URAM_1R1W  |        0|   0|   0|    1|  4096|   64|     1|       262144|
    |p_ZL17INTTTwiddleFactor_8_3_U   |p_ZL16NTTTwiddleFactor_0_0_RAM_2P_URAM_1R1W  |        0|   0|   0|    1|  4096|   64|     1|       262144|
    |p_ZL17INTTTwiddleFactor_9_0_U   |p_ZL16NTTTwiddleFactor_0_0_RAM_2P_URAM_1R1W  |        0|   0|   0|    1|  4096|   64|     1|       262144|
    |p_ZL17INTTTwiddleFactor_9_1_U   |p_ZL16NTTTwiddleFactor_0_0_RAM_2P_URAM_1R1W  |        0|   0|   0|    1|  4096|   64|     1|       262144|
    |p_ZL17INTTTwiddleFactor_9_2_U   |p_ZL16NTTTwiddleFactor_0_0_RAM_2P_URAM_1R1W  |        0|   0|   0|    1|  4096|   64|     1|       262144|
    |p_ZL17INTTTwiddleFactor_9_3_U   |p_ZL16NTTTwiddleFactor_0_0_RAM_2P_URAM_1R1W  |        0|   0|   0|    1|  4096|   64|     1|       262144|
    |p_ZL17INTTTwiddleFactor_10_0_U  |p_ZL16NTTTwiddleFactor_0_0_RAM_2P_URAM_1R1W  |        0|   0|   0|    1|  4096|   64|     1|       262144|
    |p_ZL17INTTTwiddleFactor_10_1_U  |p_ZL16NTTTwiddleFactor_0_0_RAM_2P_URAM_1R1W  |        0|   0|   0|    1|  4096|   64|     1|       262144|
    |p_ZL17INTTTwiddleFactor_10_2_U  |p_ZL16NTTTwiddleFactor_0_0_RAM_2P_URAM_1R1W  |        0|   0|   0|    1|  4096|   64|     1|       262144|
    |p_ZL17INTTTwiddleFactor_10_3_U  |p_ZL16NTTTwiddleFactor_0_0_RAM_2P_URAM_1R1W  |        0|   0|   0|    1|  4096|   64|     1|       262144|
    |p_ZL17INTTTwiddleFactor_11_0_U  |p_ZL16NTTTwiddleFactor_0_0_RAM_2P_URAM_1R1W  |        0|   0|   0|    1|  4096|   64|     1|       262144|
    |p_ZL17INTTTwiddleFactor_11_1_U  |p_ZL16NTTTwiddleFactor_0_0_RAM_2P_URAM_1R1W  |        0|   0|   0|    1|  4096|   64|     1|       262144|
    |p_ZL17INTTTwiddleFactor_11_2_U  |p_ZL16NTTTwiddleFactor_0_0_RAM_2P_URAM_1R1W  |        0|   0|   0|    1|  4096|   64|     1|       262144|
    |p_ZL17INTTTwiddleFactor_11_3_U  |p_ZL16NTTTwiddleFactor_0_0_RAM_2P_URAM_1R1W  |        0|   0|   0|    1|  4096|   64|     1|       262144|
    +--------------------------------+---------------------------------------------+---------+----+----+-----+------+-----+------+-------------+
    |Total                           |                                             |      360| 448| 615|   96|491574|11200|   175|     31460736|
    +--------------------------------+---------------------------------------------+---------+----+----+-----+------+-----+------+-------------+

    * FIFO: 
    N/A

    * Expression: 
    +---------------------------------+----------+----+---+----+------------+------------+
    |          Variable Name          | Operation| DSP| FF| LUT| Bitwidth P0| Bitwidth P1|
    +---------------------------------+----------+----+---+----+------------+------------+
    |grp_fu_2013_p2                   |         +|   0|  0|  39|          32|          32|
    |sub_ln20_fu_2070_p2              |         -|   0|  0|  40|          33|          33|
    |sub_ln22_fu_2041_p2              |         -|   0|  0|  40|          33|          33|
    |grp_fu_2017_p2                   |      icmp|   0|  0|  39|          32|          32|
    |ap_block_state2_on_subcall_done  |        or|   0|  0|   2|           1|           1|
    |ap_block_state4_on_subcall_done  |        or|   0|  0|   2|           1|           1|
    |ap_block_state6_on_subcall_done  |        or|   0|  0|   2|           1|           1|
    |ap_predicate_pred6555_state4     |        or|   0|  0|   2|           1|           1|
    |empty_274_fu_2059_p3             |    select|   0|  0|  32|           1|          32|
    |empty_276_fu_2030_p3             |    select|   0|  0|  32|           1|          32|
    +---------------------------------+----------+----+---+----+------------+------------+
    |Total                            |          |   0|  0| 230|         136|         198|
    +---------------------------------+----------+----+---+----+------------+------------+

    * Multiplexer: 
    +------------------------------------+-----+-----------+-----+-----------+
    |                Name                | LUT | Input Size| Bits| Total Bits|
    +------------------------------------+-----+-----------+-----+-----------+
    |MODULUS_address0                    |   31|          6|    3|         18|
    |MODULUS_ce0                         |   31|          6|    1|          6|
    |MODULUS_we0                         |    9|          2|    1|          2|
    |M_address0                          |   20|          4|    3|         12|
    |M_ce0                               |   20|          4|    1|          4|
    |M_we0                               |    9|          2|    1|          2|
    |S_address0                          |   20|          4|    3|         12|
    |S_ce0                               |   20|          4|    1|          4|
    |S_we0                               |    9|          2|    1|          2|
    |ap_NS_fsm                           |   54|         10|    1|         10|
    |gmem0_ARADDR                        |   20|          4|   64|        256|
    |gmem0_ARLEN                         |   20|          4|   32|        128|
    |gmem0_ARVALID                       |   20|          4|    1|          4|
    |gmem0_RREADY                        |   20|          4|    1|          4|
    |gmem1_ARADDR                        |   26|          5|   64|        320|
    |gmem1_ARLEN                         |   26|          5|   32|        160|
    |gmem1_ARVALID                       |   26|          5|    1|          5|
    |gmem1_RREADY                        |   26|          5|    1|          5|
    |gmem2_AWADDR                        |   20|          4|   64|        256|
    |gmem2_AWLEN                         |   20|          4|   32|        128|
    |gmem2_AWVALID                       |   20|          4|    1|          4|
    |gmem2_BREADY                        |   20|          4|    1|          4|
    |gmem2_WDATA                         |   20|          4|  256|       1024|
    |gmem2_WSTRB                         |   20|          4|   32|        128|
    |gmem2_WVALID                        |   20|          4|    1|          4|
    |grp_Load_1_fu_518_mod_index         |   14|          3|   32|         96|
    |grp_Load_1_fu_518_num_active_limbs  |   14|          3|   32|         96|
    |grp_MultMod_1_fu_2275_S_val         |   14|          3|   64|        192|
    |grp_MultMod_1_fu_2275_a_val         |   14|          3|   64|        192|
    |grp_MultMod_1_fu_2275_b_val         |   14|          3|   64|        192|
    |grp_MultMod_1_fu_2275_m_val         |   14|          3|   64|        192|
    |grp_MultMod_1_fu_2275_mod_val       |   14|          3|   64|        192|
    |grp_MultMod_1_fu_2283_S_val         |   14|          3|   64|        192|
    |grp_MultMod_1_fu_2283_a_val         |   14|          3|   64|        192|
    |grp_MultMod_1_fu_2283_b_val         |   14|          3|   64|        192|
    |grp_MultMod_1_fu_2283_m_val         |   14|          3|   64|        192|
    |grp_MultMod_1_fu_2283_mod_val       |   14|          3|   64|        192|
    |grp_MultMod_1_fu_2291_S_val         |   14|          3|   64|        192|
    |grp_MultMod_1_fu_2291_a_val         |   14|          3|   64|        192|
    |grp_MultMod_1_fu_2291_b_val         |   14|          3|   64|        192|
    |grp_MultMod_1_fu_2291_m_val         |   14|          3|   64|        192|
    |grp_MultMod_1_fu_2291_mod_val       |   14|          3|   64|        192|
    |grp_MultMod_1_fu_2299_S_val         |   14|          3|   64|        192|
    |grp_MultMod_1_fu_2299_a_val         |   14|          3|   64|        192|
    |grp_MultMod_1_fu_2299_b_val         |   14|          3|   64|        192|
    |grp_MultMod_1_fu_2299_m_val         |   14|          3|   64|        192|
    |grp_MultMod_1_fu_2299_mod_val       |   14|          3|   64|        192|
    |grp_MultMod_fu_2155_S_val           |   14|          3|   64|        192|
    |grp_MultMod_fu_2155_a_val           |   14|          3|   64|        192|
    |grp_MultMod_fu_2155_b_val           |   14|          3|   64|        192|
    |grp_MultMod_fu_2155_m_val           |   14|          3|   64|        192|
    |grp_MultMod_fu_2155_mod_val         |   14|          3|   64|        192|
    |grp_MultMod_fu_2163_S_val           |   14|          3|   64|        192|
    |grp_MultMod_fu_2163_a_val           |   14|          3|   64|        192|
    |grp_MultMod_fu_2163_b_val           |   14|          3|   64|        192|
    |grp_MultMod_fu_2163_m_val           |   14|          3|   64|        192|
    |grp_MultMod_fu_2163_mod_val         |   14|          3|   64|        192|
    |grp_MultMod_fu_2171_S_val           |   14|          3|   64|        192|
    |grp_MultMod_fu_2171_a_val           |   14|          3|   64|        192|
    |grp_MultMod_fu_2171_b_val           |   14|          3|   64|        192|
    |grp_MultMod_fu_2171_m_val           |   14|          3|   64|        192|
    |grp_MultMod_fu_2171_mod_val         |   14|          3|   64|        192|
    |grp_MultMod_fu_2179_S_val           |   14|          3|   64|        192|
    |grp_MultMod_fu_2179_a_val           |   14|          3|   64|        192|
    |grp_MultMod_fu_2179_b_val           |   14|          3|   64|        192|
    |grp_MultMod_fu_2179_m_val           |   14|          3|   64|        192|
    |grp_MultMod_fu_2179_mod_val         |   14|          3|   64|        192|
    |grp_MultMod_fu_2187_S_val           |   14|          3|   64|        192|
    |grp_MultMod_fu_2187_a_val           |   14|          3|   64|        192|
    |grp_MultMod_fu_2187_b_val           |   14|          3|   64|        192|
    |grp_MultMod_fu_2187_m_val           |   14|          3|   64|        192|
    |grp_MultMod_fu_2187_mod_val         |   14|          3|   64|        192|
    |grp_MultMod_fu_2195_S_val           |   14|          3|   64|        192|
    |grp_MultMod_fu_2195_a_val           |   14|          3|   64|        192|
    |grp_MultMod_fu_2195_b_val           |   14|          3|   64|        192|
    |grp_MultMod_fu_2195_m_val           |   14|          3|   64|        192|
    |grp_MultMod_fu_2195_mod_val         |   14|          3|   64|        192|
    |grp_MultMod_fu_2203_S_val           |   14|          3|   64|        192|
    |grp_MultMod_fu_2203_a_val           |   14|          3|   64|        192|
    |grp_MultMod_fu_2203_b_val           |   14|          3|   64|        192|
    |grp_MultMod_fu_2203_m_val           |   14|          3|   64|        192|
    |grp_MultMod_fu_2203_mod_val         |   14|          3|   64|        192|
    |grp_MultMod_fu_2211_S_val           |   14|          3|   64|        192|
    |grp_MultMod_fu_2211_a_val           |   14|          3|   64|        192|
    |grp_MultMod_fu_2211_b_val           |   14|          3|   64|        192|
    |grp_MultMod_fu_2211_m_val           |   14|          3|   64|        192|
    |grp_MultMod_fu_2211_mod_val         |   14|          3|   64|        192|
    |grp_MultMod_fu_2219_S_val           |   14|          3|   64|        192|
    |grp_MultMod_fu_2219_a_val           |   14|          3|   64|        192|
    |grp_MultMod_fu_2219_b_val           |   14|          3|   64|        192|
    |grp_MultMod_fu_2219_m_val           |   14|          3|   64|        192|
    |grp_MultMod_fu_2219_mod_val         |   14|          3|   64|        192|
    |grp_MultMod_fu_2227_S_val           |   14|          3|   64|        192|
    |grp_MultMod_fu_2227_a_val           |   14|          3|   64|        192|
    |grp_MultMod_fu_2227_b_val           |   14|          3|   64|        192|
    |grp_MultMod_fu_2227_m_val           |   14|          3|   64|        192|
    |grp_MultMod_fu_2227_mod_val         |   14|          3|   64|        192|
    |grp_MultMod_fu_2235_S_val           |   14|          3|   64|        192|
    |grp_MultMod_fu_2235_a_val           |   14|          3|   64|        192|
    |grp_MultMod_fu_2235_b_val           |   14|          3|   64|        192|
    |grp_MultMod_fu_2235_m_val           |   14|          3|   64|        192|
    |grp_MultMod_fu_2235_mod_val         |   14|          3|   64|        192|
    |grp_MultMod_fu_2243_S_val           |   14|          3|   64|        192|
    |grp_MultMod_fu_2243_a_val           |   14|          3|   64|        192|
    |grp_MultMod_fu_2243_b_val           |   14|          3|   64|        192|
    |grp_MultMod_fu_2243_m_val           |   14|          3|   64|        192|
    |grp_MultMod_fu_2243_mod_val         |   14|          3|   64|        192|
    |grp_MultMod_fu_2251_S_val           |   14|          3|   64|        192|
    |grp_MultMod_fu_2251_a_val           |   14|          3|   64|        192|
    |grp_MultMod_fu_2251_b_val           |   14|          3|   64|        192|
    |grp_MultMod_fu_2251_m_val           |   14|          3|   64|        192|
    |grp_MultMod_fu_2251_mod_val         |   14|          3|   64|        192|
    |grp_MultMod_fu_2259_S_val           |   14|          3|   64|        192|
    |grp_MultMod_fu_2259_a_val           |   14|          3|   64|        192|
    |grp_MultMod_fu_2259_b_val           |   14|          3|   64|        192|
    |grp_MultMod_fu_2259_m_val           |   14|          3|   64|        192|
    |grp_MultMod_fu_2259_mod_val         |   14|          3|   64|        192|
    |grp_MultMod_fu_2267_S_val           |   14|          3|   64|        192|
    |grp_MultMod_fu_2267_a_val           |   14|          3|   64|        192|
    |grp_MultMod_fu_2267_b_val           |   14|          3|   64|        192|
    |grp_MultMod_fu_2267_m_val           |   14|          3|   64|        192|
    |grp_MultMod_fu_2267_mod_val         |   14|          3|   64|        192|
    |in_w_address0                       |   14|          3|    4|         12|
    |in_w_ce0                            |   14|          3|    1|          3|
    |in_w_we0                            |    9|          2|    1|          2|
    |out_S_address0                      |   14|          3|    3|          9|
    |out_S_ce0                           |   14|          3|    1|          3|
    |out_S_we0                           |    9|          2|    1|          2|
    |out_m_barrett_address0              |   14|          3|    3|          9|
    |out_m_barrett_ce0                   |   14|          3|    1|          3|
    |out_m_barrett_we0                   |    9|          2|    1|          2|
    |out_mod_address0                    |   14|          3|    3|          9|
    |out_mod_ce0                         |   14|          3|    1|          3|
    |out_mod_we0                         |    9|          2|    1|          2|
    |p_ZL13poly_buffer_1_0_0_address0    |   43|          8|    9|         72|
    |p_ZL13poly_buffer_1_0_0_ce0         |   43|          8|    1|          8|
    |p_ZL13poly_buffer_1_0_0_ce1         |    9|          2|    1|          2|
    |p_ZL13poly_buffer_1_0_0_d0          |   14|          3|   64|        192|
    |p_ZL13poly_buffer_1_0_0_we0         |   14|          3|    1|          3|
    |p_ZL13poly_buffer_1_0_0_we1         |    9|          2|    1|          2|
    |p_ZL13poly_buffer_1_0_1_address0    |   43|          8|    9|         72|
    |p_ZL13poly_buffer_1_0_1_ce0         |   43|          8|    1|          8|
    |p_ZL13poly_buffer_1_0_1_ce1         |    9|          2|    1|          2|
    |p_ZL13poly_buffer_1_0_1_d0          |   14|          3|   64|        192|
    |p_ZL13poly_buffer_1_0_1_we0         |   14|          3|    1|          3|
    |p_ZL13poly_buffer_1_0_1_we1         |    9|          2|    1|          2|
    |p_ZL13poly_buffer_1_0_2_address0    |   43|          8|    9|         72|
    |p_ZL13poly_buffer_1_0_2_ce0         |   43|          8|    1|          8|
    |p_ZL13poly_buffer_1_0_2_ce1         |    9|          2|    1|          2|
    |p_ZL13poly_buffer_1_0_2_d0          |   14|          3|   64|        192|
    |p_ZL13poly_buffer_1_0_2_we0         |   14|          3|    1|          3|
    |p_ZL13poly_buffer_1_0_2_we1         |    9|          2|    1|          2|
    |p_ZL13poly_buffer_1_0_3_address0    |   43|          8|    9|         72|
    |p_ZL13poly_buffer_1_0_3_ce0         |   43|          8|    1|          8|
    |p_ZL13poly_buffer_1_0_3_ce1         |    9|          2|    1|          2|
    |p_ZL13poly_buffer_1_0_3_d0          |   14|          3|   64|        192|
    |p_ZL13poly_buffer_1_0_3_we0         |   14|          3|    1|          3|
    |p_ZL13poly_buffer_1_0_3_we1         |    9|          2|    1|          2|
    |p_ZL13poly_buffer_1_0_4_address0    |   43|          8|    9|         72|
    |p_ZL13poly_buffer_1_0_4_ce0         |   43|          8|    1|          8|
    |p_ZL13poly_buffer_1_0_4_ce1         |    9|          2|    1|          2|
    |p_ZL13poly_buffer_1_0_4_d0          |   14|          3|   64|        192|
    |p_ZL13poly_buffer_1_0_4_we0         |   14|          3|    1|          3|
    |p_ZL13poly_buffer_1_0_4_we1         |    9|          2|    1|          2|
    |p_ZL13poly_buffer_1_0_5_address0    |   43|          8|    9|         72|
    |p_ZL13poly_buffer_1_0_5_ce0         |   43|          8|    1|          8|
    |p_ZL13poly_buffer_1_0_5_ce1         |    9|          2|    1|          2|
    |p_ZL13poly_buffer_1_0_5_d0          |   14|          3|   64|        192|
    |p_ZL13poly_buffer_1_0_5_we0         |   14|          3|    1|          3|
    |p_ZL13poly_buffer_1_0_5_we1         |    9|          2|    1|          2|
    |p_ZL13poly_buffer_1_0_6_address0    |   43|          8|    9|         72|
    |p_ZL13poly_buffer_1_0_6_ce0         |   43|          8|    1|          8|
    |p_ZL13poly_buffer_1_0_6_ce1         |    9|          2|    1|          2|
    |p_ZL13poly_buffer_1_0_6_d0          |   14|          3|   64|        192|
    |p_ZL13poly_buffer_1_0_6_we0         |   14|          3|    1|          3|
    |p_ZL13poly_buffer_1_0_6_we1         |    9|          2|    1|          2|
    |p_ZL13poly_buffer_1_0_7_address0    |   43|          8|    9|         72|
    |p_ZL13poly_buffer_1_0_7_ce0         |   43|          8|    1|          8|
    |p_ZL13poly_buffer_1_0_7_ce1         |    9|          2|    1|          2|
    |p_ZL13poly_buffer_1_0_7_d0          |   14|          3|   64|        192|
    |p_ZL13poly_buffer_1_0_7_we0         |   14|          3|    1|          3|
    |p_ZL13poly_buffer_1_0_7_we1         |    9|          2|    1|          2|
    |p_ZL13poly_buffer_1_1_0_address0    |   43|          8|    9|         72|
    |p_ZL13poly_buffer_1_1_0_ce0         |   43|          8|    1|          8|
    |p_ZL13poly_buffer_1_1_0_ce1         |    9|          2|    1|          2|
    |p_ZL13poly_buffer_1_1_0_d0          |   14|          3|   64|        192|
    |p_ZL13poly_buffer_1_1_0_we0         |   14|          3|    1|          3|
    |p_ZL13poly_buffer_1_1_0_we1         |    9|          2|    1|          2|
    |p_ZL13poly_buffer_1_1_1_address0    |   43|          8|    9|         72|
    |p_ZL13poly_buffer_1_1_1_ce0         |   43|          8|    1|          8|
    |p_ZL13poly_buffer_1_1_1_ce1         |    9|          2|    1|          2|
    |p_ZL13poly_buffer_1_1_1_d0          |   14|          3|   64|        192|
    |p_ZL13poly_buffer_1_1_1_we0         |   14|          3|    1|          3|
    |p_ZL13poly_buffer_1_1_1_we1         |    9|          2|    1|          2|
    |p_ZL13poly_buffer_1_1_2_address0    |   43|          8|    9|         72|
    |p_ZL13poly_buffer_1_1_2_ce0         |   43|          8|    1|          8|
    |p_ZL13poly_buffer_1_1_2_ce1         |    9|          2|    1|          2|
    |p_ZL13poly_buffer_1_1_2_d0          |   14|          3|   64|        192|
    |p_ZL13poly_buffer_1_1_2_we0         |   14|          3|    1|          3|
    |p_ZL13poly_buffer_1_1_2_we1         |    9|          2|    1|          2|
    |p_ZL13poly_buffer_1_1_3_address0    |   43|          8|    9|         72|
    |p_ZL13poly_buffer_1_1_3_ce0         |   43|          8|    1|          8|
    |p_ZL13poly_buffer_1_1_3_ce1         |    9|          2|    1|          2|
    |p_ZL13poly_buffer_1_1_3_d0          |   14|          3|   64|        192|
    |p_ZL13poly_buffer_1_1_3_we0         |   14|          3|    1|          3|
    |p_ZL13poly_buffer_1_1_3_we1         |    9|          2|    1|          2|
    |p_ZL13poly_buffer_1_1_4_address0    |   43|          8|    9|         72|
    |p_ZL13poly_buffer_1_1_4_ce0         |   43|          8|    1|          8|
    |p_ZL13poly_buffer_1_1_4_ce1         |    9|          2|    1|          2|
    |p_ZL13poly_buffer_1_1_4_d0          |   14|          3|   64|        192|
    |p_ZL13poly_buffer_1_1_4_we0         |   14|          3|    1|          3|
    |p_ZL13poly_buffer_1_1_4_we1         |    9|          2|    1|          2|
    |p_ZL13poly_buffer_1_1_5_address0    |   43|          8|    9|         72|
    |p_ZL13poly_buffer_1_1_5_ce0         |   43|          8|    1|          8|
    |p_ZL13poly_buffer_1_1_5_ce1         |    9|          2|    1|          2|
    |p_ZL13poly_buffer_1_1_5_d0          |   14|          3|   64|        192|
    |p_ZL13poly_buffer_1_1_5_we0         |   14|          3|    1|          3|
    |p_ZL13poly_buffer_1_1_5_we1         |    9|          2|    1|          2|
    |p_ZL13poly_buffer_1_1_6_address0    |   43|          8|    9|         72|
    |p_ZL13poly_buffer_1_1_6_ce0         |   43|          8|    1|          8|
    |p_ZL13poly_buffer_1_1_6_ce1         |    9|          2|    1|          2|
    |p_ZL13poly_buffer_1_1_6_d0          |   14|          3|   64|        192|
    |p_ZL13poly_buffer_1_1_6_we0         |   14|          3|    1|          3|
    |p_ZL13poly_buffer_1_1_6_we1         |    9|          2|    1|          2|
    |p_ZL13poly_buffer_1_1_7_address0    |   43|          8|    9|         72|
    |p_ZL13poly_buffer_1_1_7_ce0         |   43|          8|    1|          8|
    |p_ZL13poly_buffer_1_1_7_ce1         |    9|          2|    1|          2|
    |p_ZL13poly_buffer_1_1_7_d0          |   14|          3|   64|        192|
    |p_ZL13poly_buffer_1_1_7_we0         |   14|          3|    1|          3|
    |p_ZL13poly_buffer_1_1_7_we1         |    9|          2|    1|          2|
    |p_ZL13poly_buffer_1_2_0_address0    |   43|          8|    9|         72|
    |p_ZL13poly_buffer_1_2_0_ce0         |   43|          8|    1|          8|
    |p_ZL13poly_buffer_1_2_0_ce1         |    9|          2|    1|          2|
    |p_ZL13poly_buffer_1_2_0_d0          |   14|          3|   64|        192|
    |p_ZL13poly_buffer_1_2_0_we0         |   14|          3|    1|          3|
    |p_ZL13poly_buffer_1_2_0_we1         |    9|          2|    1|          2|
    |p_ZL13poly_buffer_1_2_1_address0    |   43|          8|    9|         72|
    |p_ZL13poly_buffer_1_2_1_ce0         |   43|          8|    1|          8|
    |p_ZL13poly_buffer_1_2_1_ce1         |    9|          2|    1|          2|
    |p_ZL13poly_buffer_1_2_1_d0          |   14|          3|   64|        192|
    |p_ZL13poly_buffer_1_2_1_we0         |   14|          3|    1|          3|
    |p_ZL13poly_buffer_1_2_1_we1         |    9|          2|    1|          2|
    |p_ZL13poly_buffer_1_2_2_address0    |   43|          8|    9|         72|
    |p_ZL13poly_buffer_1_2_2_ce0         |   43|          8|    1|          8|
    |p_ZL13poly_buffer_1_2_2_ce1         |    9|          2|    1|          2|
    |p_ZL13poly_buffer_1_2_2_d0          |   14|          3|   64|        192|
    |p_ZL13poly_buffer_1_2_2_we0         |   14|          3|    1|          3|
    |p_ZL13poly_buffer_1_2_2_we1         |    9|          2|    1|          2|
    |p_ZL13poly_buffer_1_2_3_address0    |   43|          8|    9|         72|
    |p_ZL13poly_buffer_1_2_3_ce0         |   43|          8|    1|          8|
    |p_ZL13poly_buffer_1_2_3_ce1         |    9|          2|    1|          2|
    |p_ZL13poly_buffer_1_2_3_d0          |   14|          3|   64|        192|
    |p_ZL13poly_buffer_1_2_3_we0         |   14|          3|    1|          3|
    |p_ZL13poly_buffer_1_2_3_we1         |    9|          2|    1|          2|
    |p_ZL13poly_buffer_1_2_4_address0    |   43|          8|    9|         72|
    |p_ZL13poly_buffer_1_2_4_ce0         |   43|          8|    1|          8|
    |p_ZL13poly_buffer_1_2_4_ce1         |    9|          2|    1|          2|
    |p_ZL13poly_buffer_1_2_4_d0          |   14|          3|   64|        192|
    |p_ZL13poly_buffer_1_2_4_we0         |   14|          3|    1|          3|
    |p_ZL13poly_buffer_1_2_4_we1         |    9|          2|    1|          2|
    |p_ZL13poly_buffer_1_2_5_address0    |   43|          8|    9|         72|
    |p_ZL13poly_buffer_1_2_5_ce0         |   43|          8|    1|          8|
    |p_ZL13poly_buffer_1_2_5_ce1         |    9|          2|    1|          2|
    |p_ZL13poly_buffer_1_2_5_d0          |   14|          3|   64|        192|
    |p_ZL13poly_buffer_1_2_5_we0         |   14|          3|    1|          3|
    |p_ZL13poly_buffer_1_2_5_we1         |    9|          2|    1|          2|
    |p_ZL13poly_buffer_1_2_6_address0    |   43|          8|    9|         72|
    |p_ZL13poly_buffer_1_2_6_ce0         |   43|          8|    1|          8|
    |p_ZL13poly_buffer_1_2_6_ce1         |    9|          2|    1|          2|
    |p_ZL13poly_buffer_1_2_6_d0          |   14|          3|   64|        192|
    |p_ZL13poly_buffer_1_2_6_we0         |   14|          3|    1|          3|
    |p_ZL13poly_buffer_1_2_6_we1         |    9|          2|    1|          2|
    |p_ZL13poly_buffer_1_2_7_address0    |   43|          8|    9|         72|
    |p_ZL13poly_buffer_1_2_7_ce0         |   43|          8|    1|          8|
    |p_ZL13poly_buffer_1_2_7_ce1         |    9|          2|    1|          2|
    |p_ZL13poly_buffer_1_2_7_d0          |   14|          3|   64|        192|
    |p_ZL13poly_buffer_1_2_7_we0         |   14|          3|    1|          3|
    |p_ZL13poly_buffer_1_2_7_we1         |    9|          2|    1|          2|
    |p_ZL13poly_buffer_1_3_0_address0    |   43|          8|    9|         72|
    |p_ZL13poly_buffer_1_3_0_ce0         |   43|          8|    1|          8|
    |p_ZL13poly_buffer_1_3_0_ce1         |    9|          2|    1|          2|
    |p_ZL13poly_buffer_1_3_0_d0          |   20|          4|   64|        256|
    |p_ZL13poly_buffer_1_3_0_we0         |   20|          4|    1|          4|
    |p_ZL13poly_buffer_1_3_0_we1         |    9|          2|    1|          2|
    |p_ZL13poly_buffer_1_3_1_address0    |   43|          8|    9|         72|
    |p_ZL13poly_buffer_1_3_1_ce0         |   43|          8|    1|          8|
    |p_ZL13poly_buffer_1_3_1_ce1         |    9|          2|    1|          2|
    |p_ZL13poly_buffer_1_3_1_d0          |   20|          4|   64|        256|
    |p_ZL13poly_buffer_1_3_1_we0         |   20|          4|    1|          4|
    |p_ZL13poly_buffer_1_3_1_we1         |    9|          2|    1|          2|
    |p_ZL13poly_buffer_1_3_2_address0    |   43|          8|    9|         72|
    |p_ZL13poly_buffer_1_3_2_ce0         |   43|          8|    1|          8|
    |p_ZL13poly_buffer_1_3_2_ce1         |    9|          2|    1|          2|
    |p_ZL13poly_buffer_1_3_2_d0          |   20|          4|   64|        256|
    |p_ZL13poly_buffer_1_3_2_we0         |   20|          4|    1|          4|
    |p_ZL13poly_buffer_1_3_2_we1         |    9|          2|    1|          2|
    |p_ZL13poly_buffer_1_3_3_address0    |   43|          8|    9|         72|
    |p_ZL13poly_buffer_1_3_3_ce0         |   43|          8|    1|          8|
    |p_ZL13poly_buffer_1_3_3_ce1         |    9|          2|    1|          2|
    |p_ZL13poly_buffer_1_3_3_d0          |   20|          4|   64|        256|
    |p_ZL13poly_buffer_1_3_3_we0         |   20|          4|    1|          4|
    |p_ZL13poly_buffer_1_3_3_we1         |    9|          2|    1|          2|
    |p_ZL13poly_buffer_1_3_4_address0    |   43|          8|    9|         72|
    |p_ZL13poly_buffer_1_3_4_ce0         |   43|          8|    1|          8|
    |p_ZL13poly_buffer_1_3_4_ce1         |    9|          2|    1|          2|
    |p_ZL13poly_buffer_1_3_4_d0          |   20|          4|   64|        256|
    |p_ZL13poly_buffer_1_3_4_we0         |   20|          4|    1|          4|
    |p_ZL13poly_buffer_1_3_4_we1         |    9|          2|    1|          2|
    |p_ZL13poly_buffer_1_3_5_address0    |   43|          8|    9|         72|
    |p_ZL13poly_buffer_1_3_5_ce0         |   43|          8|    1|          8|
    |p_ZL13poly_buffer_1_3_5_ce1         |    9|          2|    1|          2|
    |p_ZL13poly_buffer_1_3_5_d0          |   20|          4|   64|        256|
    |p_ZL13poly_buffer_1_3_5_we0         |   20|          4|    1|          4|
    |p_ZL13poly_buffer_1_3_5_we1         |    9|          2|    1|          2|
    |p_ZL13poly_buffer_1_3_6_address0    |   43|          8|    9|         72|
    |p_ZL13poly_buffer_1_3_6_ce0         |   43|          8|    1|          8|
    |p_ZL13poly_buffer_1_3_6_ce1         |    9|          2|    1|          2|
    |p_ZL13poly_buffer_1_3_6_d0          |   20|          4|   64|        256|
    |p_ZL13poly_buffer_1_3_6_we0         |   20|          4|    1|          4|
    |p_ZL13poly_buffer_1_3_6_we1         |    9|          2|    1|          2|
    |p_ZL13poly_buffer_1_3_7_address0    |   43|          8|    9|         72|
    |p_ZL13poly_buffer_1_3_7_ce0         |   43|          8|    1|          8|
    |p_ZL13poly_buffer_1_3_7_ce1         |    9|          2|    1|          2|
    |p_ZL13poly_buffer_1_3_7_d0          |   20|          4|   64|        256|
    |p_ZL13poly_buffer_1_3_7_we0         |   20|          4|    1|          4|
    |p_ZL13poly_buffer_1_3_7_we1         |    9|          2|    1|          2|
    |p_ZL13poly_buffer_1_4_0_address0    |   43|          8|    9|         72|
    |p_ZL13poly_buffer_1_4_0_ce0         |   43|          8|    1|          8|
    |p_ZL13poly_buffer_1_4_0_ce1         |    9|          2|    1|          2|
    |p_ZL13poly_buffer_1_4_0_d0          |   20|          4|   64|        256|
    |p_ZL13poly_buffer_1_4_0_we0         |   20|          4|    1|          4|
    |p_ZL13poly_buffer_1_4_0_we1         |    9|          2|    1|          2|
    |p_ZL13poly_buffer_1_4_1_address0    |   43|          8|    9|         72|
    |p_ZL13poly_buffer_1_4_1_ce0         |   43|          8|    1|          8|
    |p_ZL13poly_buffer_1_4_1_ce1         |    9|          2|    1|          2|
    |p_ZL13poly_buffer_1_4_1_d0          |   20|          4|   64|        256|
    |p_ZL13poly_buffer_1_4_1_we0         |   20|          4|    1|          4|
    |p_ZL13poly_buffer_1_4_1_we1         |    9|          2|    1|          2|
    |p_ZL13poly_buffer_1_4_2_address0    |   43|          8|    9|         72|
    |p_ZL13poly_buffer_1_4_2_ce0         |   43|          8|    1|          8|
    |p_ZL13poly_buffer_1_4_2_ce1         |    9|          2|    1|          2|
    |p_ZL13poly_buffer_1_4_2_d0          |   20|          4|   64|        256|
    |p_ZL13poly_buffer_1_4_2_we0         |   20|          4|    1|          4|
    |p_ZL13poly_buffer_1_4_2_we1         |    9|          2|    1|          2|
    |p_ZL13poly_buffer_1_4_3_address0    |   43|          8|    9|         72|
    |p_ZL13poly_buffer_1_4_3_ce0         |   43|          8|    1|          8|
    |p_ZL13poly_buffer_1_4_3_ce1         |    9|          2|    1|          2|
    |p_ZL13poly_buffer_1_4_3_d0          |   20|          4|   64|        256|
    |p_ZL13poly_buffer_1_4_3_we0         |   20|          4|    1|          4|
    |p_ZL13poly_buffer_1_4_3_we1         |    9|          2|    1|          2|
    |p_ZL13poly_buffer_1_4_4_address0    |   43|          8|    9|         72|
    |p_ZL13poly_buffer_1_4_4_ce0         |   43|          8|    1|          8|
    |p_ZL13poly_buffer_1_4_4_ce1         |    9|          2|    1|          2|
    |p_ZL13poly_buffer_1_4_4_d0          |   20|          4|   64|        256|
    |p_ZL13poly_buffer_1_4_4_we0         |   20|          4|    1|          4|
    |p_ZL13poly_buffer_1_4_4_we1         |    9|          2|    1|          2|
    |p_ZL13poly_buffer_1_4_5_address0    |   43|          8|    9|         72|
    |p_ZL13poly_buffer_1_4_5_ce0         |   43|          8|    1|          8|
    |p_ZL13poly_buffer_1_4_5_ce1         |    9|          2|    1|          2|
    |p_ZL13poly_buffer_1_4_5_d0          |   20|          4|   64|        256|
    |p_ZL13poly_buffer_1_4_5_we0         |   20|          4|    1|          4|
    |p_ZL13poly_buffer_1_4_5_we1         |    9|          2|    1|          2|
    |p_ZL13poly_buffer_1_4_6_address0    |   43|          8|    9|         72|
    |p_ZL13poly_buffer_1_4_6_ce0         |   43|          8|    1|          8|
    |p_ZL13poly_buffer_1_4_6_ce1         |    9|          2|    1|          2|
    |p_ZL13poly_buffer_1_4_6_d0          |   20|          4|   64|        256|
    |p_ZL13poly_buffer_1_4_6_we0         |   20|          4|    1|          4|
    |p_ZL13poly_buffer_1_4_6_we1         |    9|          2|    1|          2|
    |p_ZL13poly_buffer_1_4_7_address0    |   43|          8|    9|         72|
    |p_ZL13poly_buffer_1_4_7_ce0         |   43|          8|    1|          8|
    |p_ZL13poly_buffer_1_4_7_ce1         |    9|          2|    1|          2|
    |p_ZL13poly_buffer_1_4_7_d0          |   20|          4|   64|        256|
    |p_ZL13poly_buffer_1_4_7_we0         |   20|          4|    1|          4|
    |p_ZL13poly_buffer_1_4_7_we1         |    9|          2|    1|          2|
    |p_ZL13poly_buffer_1_5_0_address0    |   43|          8|    9|         72|
    |p_ZL13poly_buffer_1_5_0_ce0         |   43|          8|    1|          8|
    |p_ZL13poly_buffer_1_5_0_ce1         |    9|          2|    1|          2|
    |p_ZL13poly_buffer_1_5_0_d0          |   20|          4|   64|        256|
    |p_ZL13poly_buffer_1_5_0_we0         |   20|          4|    1|          4|
    |p_ZL13poly_buffer_1_5_0_we1         |    9|          2|    1|          2|
    |p_ZL13poly_buffer_1_5_1_address0    |   43|          8|    9|         72|
    |p_ZL13poly_buffer_1_5_1_ce0         |   43|          8|    1|          8|
    |p_ZL13poly_buffer_1_5_1_ce1         |    9|          2|    1|          2|
    |p_ZL13poly_buffer_1_5_1_d0          |   20|          4|   64|        256|
    |p_ZL13poly_buffer_1_5_1_we0         |   20|          4|    1|          4|
    |p_ZL13poly_buffer_1_5_1_we1         |    9|          2|    1|          2|
    |p_ZL13poly_buffer_1_5_2_address0    |   43|          8|    9|         72|
    |p_ZL13poly_buffer_1_5_2_ce0         |   43|          8|    1|          8|
    |p_ZL13poly_buffer_1_5_2_ce1         |    9|          2|    1|          2|
    |p_ZL13poly_buffer_1_5_2_d0          |   20|          4|   64|        256|
    |p_ZL13poly_buffer_1_5_2_we0         |   20|          4|    1|          4|
    |p_ZL13poly_buffer_1_5_2_we1         |    9|          2|    1|          2|
    |p_ZL13poly_buffer_1_5_3_address0    |   43|          8|    9|         72|
    |p_ZL13poly_buffer_1_5_3_ce0         |   43|          8|    1|          8|
    |p_ZL13poly_buffer_1_5_3_ce1         |    9|          2|    1|          2|
    |p_ZL13poly_buffer_1_5_3_d0          |   20|          4|   64|        256|
    |p_ZL13poly_buffer_1_5_3_we0         |   20|          4|    1|          4|
    |p_ZL13poly_buffer_1_5_3_we1         |    9|          2|    1|          2|
    |p_ZL13poly_buffer_1_5_4_address0    |   43|          8|    9|         72|
    |p_ZL13poly_buffer_1_5_4_ce0         |   43|          8|    1|          8|
    |p_ZL13poly_buffer_1_5_4_ce1         |    9|          2|    1|          2|
    |p_ZL13poly_buffer_1_5_4_d0          |   20|          4|   64|        256|
    |p_ZL13poly_buffer_1_5_4_we0         |   20|          4|    1|          4|
    |p_ZL13poly_buffer_1_5_4_we1         |    9|          2|    1|          2|
    |p_ZL13poly_buffer_1_5_5_address0    |   43|          8|    9|         72|
    |p_ZL13poly_buffer_1_5_5_ce0         |   43|          8|    1|          8|
    |p_ZL13poly_buffer_1_5_5_ce1         |    9|          2|    1|          2|
    |p_ZL13poly_buffer_1_5_5_d0          |   20|          4|   64|        256|
    |p_ZL13poly_buffer_1_5_5_we0         |   20|          4|    1|          4|
    |p_ZL13poly_buffer_1_5_5_we1         |    9|          2|    1|          2|
    |p_ZL13poly_buffer_1_5_6_address0    |   43|          8|    9|         72|
    |p_ZL13poly_buffer_1_5_6_ce0         |   43|          8|    1|          8|
    |p_ZL13poly_buffer_1_5_6_ce1         |    9|          2|    1|          2|
    |p_ZL13poly_buffer_1_5_6_d0          |   20|          4|   64|        256|
    |p_ZL13poly_buffer_1_5_6_we0         |   20|          4|    1|          4|
    |p_ZL13poly_buffer_1_5_6_we1         |    9|          2|    1|          2|
    |p_ZL13poly_buffer_1_5_7_address0    |   43|          8|    9|         72|
    |p_ZL13poly_buffer_1_5_7_ce0         |   43|          8|    1|          8|
    |p_ZL13poly_buffer_1_5_7_ce1         |    9|          2|    1|          2|
    |p_ZL13poly_buffer_1_5_7_d0          |   20|          4|   64|        256|
    |p_ZL13poly_buffer_1_5_7_we0         |   20|          4|    1|          4|
    |p_ZL13poly_buffer_1_5_7_we1         |    9|          2|    1|          2|
    |p_ZL13poly_buffer_1_6_0_address0    |   43|          8|    9|         72|
    |p_ZL13poly_buffer_1_6_0_ce0         |   43|          8|    1|          8|
    |p_ZL13poly_buffer_1_6_0_ce1         |    9|          2|    1|          2|
    |p_ZL13poly_buffer_1_6_0_d0          |   20|          4|   64|        256|
    |p_ZL13poly_buffer_1_6_0_we0         |   20|          4|    1|          4|
    |p_ZL13poly_buffer_1_6_0_we1         |    9|          2|    1|          2|
    |p_ZL13poly_buffer_1_6_1_address0    |   43|          8|    9|         72|
    |p_ZL13poly_buffer_1_6_1_ce0         |   43|          8|    1|          8|
    |p_ZL13poly_buffer_1_6_1_ce1         |    9|          2|    1|          2|
    |p_ZL13poly_buffer_1_6_1_d0          |   20|          4|   64|        256|
    |p_ZL13poly_buffer_1_6_1_we0         |   20|          4|    1|          4|
    |p_ZL13poly_buffer_1_6_1_we1         |    9|          2|    1|          2|
    |p_ZL13poly_buffer_1_6_2_address0    |   43|          8|    9|         72|
    |p_ZL13poly_buffer_1_6_2_ce0         |   43|          8|    1|          8|
    |p_ZL13poly_buffer_1_6_2_ce1         |    9|          2|    1|          2|
    |p_ZL13poly_buffer_1_6_2_d0          |   20|          4|   64|        256|
    |p_ZL13poly_buffer_1_6_2_we0         |   20|          4|    1|          4|
    |p_ZL13poly_buffer_1_6_2_we1         |    9|          2|    1|          2|
    |p_ZL13poly_buffer_1_6_3_address0    |   43|          8|    9|         72|
    |p_ZL13poly_buffer_1_6_3_ce0         |   43|          8|    1|          8|
    |p_ZL13poly_buffer_1_6_3_ce1         |    9|          2|    1|          2|
    |p_ZL13poly_buffer_1_6_3_d0          |   20|          4|   64|        256|
    |p_ZL13poly_buffer_1_6_3_we0         |   20|          4|    1|          4|
    |p_ZL13poly_buffer_1_6_3_we1         |    9|          2|    1|          2|
    |p_ZL13poly_buffer_1_6_4_address0    |   43|          8|    9|         72|
    |p_ZL13poly_buffer_1_6_4_ce0         |   43|          8|    1|          8|
    |p_ZL13poly_buffer_1_6_4_ce1         |    9|          2|    1|          2|
    |p_ZL13poly_buffer_1_6_4_d0          |   20|          4|   64|        256|
    |p_ZL13poly_buffer_1_6_4_we0         |   20|          4|    1|          4|
    |p_ZL13poly_buffer_1_6_4_we1         |    9|          2|    1|          2|
    |p_ZL13poly_buffer_1_6_5_address0    |   43|          8|    9|         72|
    |p_ZL13poly_buffer_1_6_5_ce0         |   43|          8|    1|          8|
    |p_ZL13poly_buffer_1_6_5_ce1         |    9|          2|    1|          2|
    |p_ZL13poly_buffer_1_6_5_d0          |   20|          4|   64|        256|
    |p_ZL13poly_buffer_1_6_5_we0         |   20|          4|    1|          4|
    |p_ZL13poly_buffer_1_6_5_we1         |    9|          2|    1|          2|
    |p_ZL13poly_buffer_1_6_6_address0    |   43|          8|    9|         72|
    |p_ZL13poly_buffer_1_6_6_ce0         |   43|          8|    1|          8|
    |p_ZL13poly_buffer_1_6_6_ce1         |    9|          2|    1|          2|
    |p_ZL13poly_buffer_1_6_6_d0          |   20|          4|   64|        256|
    |p_ZL13poly_buffer_1_6_6_we0         |   20|          4|    1|          4|
    |p_ZL13poly_buffer_1_6_6_we1         |    9|          2|    1|          2|
    |p_ZL13poly_buffer_1_6_7_address0    |   43|          8|    9|         72|
    |p_ZL13poly_buffer_1_6_7_ce0         |   43|          8|    1|          8|
    |p_ZL13poly_buffer_1_6_7_ce1         |    9|          2|    1|          2|
    |p_ZL13poly_buffer_1_6_7_d0          |   20|          4|   64|        256|
    |p_ZL13poly_buffer_1_6_7_we0         |   20|          4|    1|          4|
    |p_ZL13poly_buffer_1_6_7_we1         |    9|          2|    1|          2|
    |p_ZL13poly_buffer_1_7_0_address0    |   43|          8|    9|         72|
    |p_ZL13poly_buffer_1_7_0_ce0         |   43|          8|    1|          8|
    |p_ZL13poly_buffer_1_7_0_ce1         |    9|          2|    1|          2|
    |p_ZL13poly_buffer_1_7_0_d0          |   20|          4|   64|        256|
    |p_ZL13poly_buffer_1_7_0_we0         |   20|          4|    1|          4|
    |p_ZL13poly_buffer_1_7_0_we1         |    9|          2|    1|          2|
    |p_ZL13poly_buffer_1_7_1_address0    |   43|          8|    9|         72|
    |p_ZL13poly_buffer_1_7_1_ce0         |   43|          8|    1|          8|
    |p_ZL13poly_buffer_1_7_1_ce1         |    9|          2|    1|          2|
    |p_ZL13poly_buffer_1_7_1_d0          |   20|          4|   64|        256|
    |p_ZL13poly_buffer_1_7_1_we0         |   20|          4|    1|          4|
    |p_ZL13poly_buffer_1_7_1_we1         |    9|          2|    1|          2|
    |p_ZL13poly_buffer_1_7_2_address0    |   43|          8|    9|         72|
    |p_ZL13poly_buffer_1_7_2_ce0         |   43|          8|    1|          8|
    |p_ZL13poly_buffer_1_7_2_ce1         |    9|          2|    1|          2|
    |p_ZL13poly_buffer_1_7_2_d0          |   20|          4|   64|        256|
    |p_ZL13poly_buffer_1_7_2_we0         |   20|          4|    1|          4|
    |p_ZL13poly_buffer_1_7_2_we1         |    9|          2|    1|          2|
    |p_ZL13poly_buffer_1_7_3_address0    |   43|          8|    9|         72|
    |p_ZL13poly_buffer_1_7_3_ce0         |   43|          8|    1|          8|
    |p_ZL13poly_buffer_1_7_3_ce1         |    9|          2|    1|          2|
    |p_ZL13poly_buffer_1_7_3_d0          |   20|          4|   64|        256|
    |p_ZL13poly_buffer_1_7_3_we0         |   20|          4|    1|          4|
    |p_ZL13poly_buffer_1_7_3_we1         |    9|          2|    1|          2|
    |p_ZL13poly_buffer_1_7_4_address0    |   43|          8|    9|         72|
    |p_ZL13poly_buffer_1_7_4_ce0         |   43|          8|    1|          8|
    |p_ZL13poly_buffer_1_7_4_ce1         |    9|          2|    1|          2|
    |p_ZL13poly_buffer_1_7_4_d0          |   20|          4|   64|        256|
    |p_ZL13poly_buffer_1_7_4_we0         |   20|          4|    1|          4|
    |p_ZL13poly_buffer_1_7_4_we1         |    9|          2|    1|          2|
    |p_ZL13poly_buffer_1_7_5_address0    |   43|          8|    9|         72|
    |p_ZL13poly_buffer_1_7_5_ce0         |   43|          8|    1|          8|
    |p_ZL13poly_buffer_1_7_5_ce1         |    9|          2|    1|          2|
    |p_ZL13poly_buffer_1_7_5_d0          |   20|          4|   64|        256|
    |p_ZL13poly_buffer_1_7_5_we0         |   20|          4|    1|          4|
    |p_ZL13poly_buffer_1_7_5_we1         |    9|          2|    1|          2|
    |p_ZL13poly_buffer_1_7_6_address0    |   43|          8|    9|         72|
    |p_ZL13poly_buffer_1_7_6_ce0         |   43|          8|    1|          8|
    |p_ZL13poly_buffer_1_7_6_ce1         |    9|          2|    1|          2|
    |p_ZL13poly_buffer_1_7_6_d0          |   20|          4|   64|        256|
    |p_ZL13poly_buffer_1_7_6_we0         |   20|          4|    1|          4|
    |p_ZL13poly_buffer_1_7_6_we1         |    9|          2|    1|          2|
    |p_ZL13poly_buffer_1_7_7_address0    |   43|          8|    9|         72|
    |p_ZL13poly_buffer_1_7_7_ce0         |   43|          8|    1|          8|
    |p_ZL13poly_buffer_1_7_7_ce1         |    9|          2|    1|          2|
    |p_ZL13poly_buffer_1_7_7_d0          |   20|          4|   64|        256|
    |p_ZL13poly_buffer_1_7_7_we0         |   20|          4|    1|          4|
    |p_ZL13poly_buffer_1_7_7_we1         |    9|          2|    1|          2|
    |p_ZL13poly_buffer_2_0_address0      |   20|          4|   13|         52|
    |p_ZL13poly_buffer_2_0_ce0           |   20|          4|    1|          4|
    |p_ZL13poly_buffer_2_0_ce1           |    9|          2|    1|          2|
    |p_ZL13poly_buffer_2_0_we1           |    9|          2|    1|          2|
    |p_ZL13poly_buffer_2_1_address0      |   20|          4|   13|         52|
    |p_ZL13poly_buffer_2_1_ce0           |   20|          4|    1|          4|
    |p_ZL13poly_buffer_2_1_ce1           |    9|          2|    1|          2|
    |p_ZL13poly_buffer_2_1_we1           |    9|          2|    1|          2|
    |p_ZL13poly_buffer_2_2_address0      |   20|          4|   13|         52|
    |p_ZL13poly_buffer_2_2_ce0           |   20|          4|    1|          4|
    |p_ZL13poly_buffer_2_2_ce1           |    9|          2|    1|          2|
    |p_ZL13poly_buffer_2_2_we1           |    9|          2|    1|          2|
    |p_ZL13poly_buffer_2_3_address0      |   20|          4|   13|         52|
    |p_ZL13poly_buffer_2_3_ce0           |   20|          4|    1|          4|
    |p_ZL13poly_buffer_2_3_ce1           |    9|          2|    1|          2|
    |p_ZL13poly_buffer_2_3_we1           |    9|          2|    1|          2|
    |p_ZL13result_buffer_0_address0      |   14|          3|   13|         39|
    |p_ZL13result_buffer_0_address1      |   26|          5|   13|         65|
    |p_ZL13result_buffer_0_ce0           |   14|          3|    1|          3|
    |p_ZL13result_buffer_0_ce1           |   26|          5|    1|          5|
    |p_ZL13result_buffer_0_d1            |   26|          5|   64|        320|
    |p_ZL13result_buffer_0_we1           |   26|          5|    1|          5|
    |p_ZL13result_buffer_1_address0      |   14|          3|   13|         39|
    |p_ZL13result_buffer_1_address1      |   26|          5|   13|         65|
    |p_ZL13result_buffer_1_ce0           |   14|          3|    1|          3|
    |p_ZL13result_buffer_1_ce1           |   26|          5|    1|          5|
    |p_ZL13result_buffer_1_d1            |   26|          5|   64|        320|
    |p_ZL13result_buffer_1_we1           |   26|          5|    1|          5|
    |p_ZL13result_buffer_2_address0      |   14|          3|   13|         39|
    |p_ZL13result_buffer_2_address1      |   26|          5|   13|         65|
    |p_ZL13result_buffer_2_ce0           |   14|          3|    1|          3|
    |p_ZL13result_buffer_2_ce1           |   26|          5|    1|          5|
    |p_ZL13result_buffer_2_d1            |   26|          5|   64|        320|
    |p_ZL13result_buffer_2_we1           |   26|          5|    1|          5|
    |p_ZL13result_buffer_3_address0      |   14|          3|   13|         39|
    |p_ZL13result_buffer_3_address1      |   26|          5|   13|         65|
    |p_ZL13result_buffer_3_ce0           |   14|          3|    1|          3|
    |p_ZL13result_buffer_3_ce1           |   26|          5|    1|          5|
    |p_ZL13result_buffer_3_d1            |   26|          5|   64|        320|
    |p_ZL13result_buffer_3_we1           |   26|          5|    1|          5|
    |p_ZL16NTTTwiddleFactor_0_0_ce0      |    9|          2|    1|          2|
    |p_ZL16NTTTwiddleFactor_0_0_ce1      |    9|          2|    1|          2|
    |p_ZL16NTTTwiddleFactor_0_0_we1      |    9|          2|    1|          2|
    |p_ZL16NTTTwiddleFactor_0_1_ce0      |    9|          2|    1|          2|
    |p_ZL16NTTTwiddleFactor_0_1_ce1      |    9|          2|    1|          2|
    |p_ZL16NTTTwiddleFactor_0_1_we1      |    9|          2|    1|          2|
    |p_ZL16NTTTwiddleFactor_0_2_ce0      |    9|          2|    1|          2|
    |p_ZL16NTTTwiddleFactor_0_2_ce1      |    9|          2|    1|          2|
    |p_ZL16NTTTwiddleFactor_0_2_we1      |    9|          2|    1|          2|
    |p_ZL16NTTTwiddleFactor_0_3_ce0      |    9|          2|    1|          2|
    |p_ZL16NTTTwiddleFactor_0_3_ce1      |    9|          2|    1|          2|
    |p_ZL16NTTTwiddleFactor_0_3_we1      |    9|          2|    1|          2|
    |p_ZL16NTTTwiddleFactor_10_0_ce0     |    9|          2|    1|          2|
    |p_ZL16NTTTwiddleFactor_10_0_ce1     |    9|          2|    1|          2|
    |p_ZL16NTTTwiddleFactor_10_0_we1     |    9|          2|    1|          2|
    |p_ZL16NTTTwiddleFactor_10_1_ce0     |    9|          2|    1|          2|
    |p_ZL16NTTTwiddleFactor_10_1_ce1     |    9|          2|    1|          2|
    |p_ZL16NTTTwiddleFactor_10_1_we1     |    9|          2|    1|          2|
    |p_ZL16NTTTwiddleFactor_10_2_ce0     |    9|          2|    1|          2|
    |p_ZL16NTTTwiddleFactor_10_2_ce1     |    9|          2|    1|          2|
    |p_ZL16NTTTwiddleFactor_10_2_we1     |    9|          2|    1|          2|
    |p_ZL16NTTTwiddleFactor_10_3_ce0     |    9|          2|    1|          2|
    |p_ZL16NTTTwiddleFactor_10_3_ce1     |    9|          2|    1|          2|
    |p_ZL16NTTTwiddleFactor_10_3_we1     |    9|          2|    1|          2|
    |p_ZL16NTTTwiddleFactor_11_0_ce0     |    9|          2|    1|          2|
    |p_ZL16NTTTwiddleFactor_11_0_ce1     |    9|          2|    1|          2|
    |p_ZL16NTTTwiddleFactor_11_0_we1     |    9|          2|    1|          2|
    |p_ZL16NTTTwiddleFactor_11_1_ce0     |    9|          2|    1|          2|
    |p_ZL16NTTTwiddleFactor_11_1_ce1     |    9|          2|    1|          2|
    |p_ZL16NTTTwiddleFactor_11_1_we1     |    9|          2|    1|          2|
    |p_ZL16NTTTwiddleFactor_11_2_ce0     |    9|          2|    1|          2|
    |p_ZL16NTTTwiddleFactor_11_2_ce1     |    9|          2|    1|          2|
    |p_ZL16NTTTwiddleFactor_11_2_we1     |    9|          2|    1|          2|
    |p_ZL16NTTTwiddleFactor_11_3_ce0     |    9|          2|    1|          2|
    |p_ZL16NTTTwiddleFactor_11_3_ce1     |    9|          2|    1|          2|
    |p_ZL16NTTTwiddleFactor_11_3_we1     |    9|          2|    1|          2|
    |p_ZL16NTTTwiddleFactor_1_0_ce0      |    9|          2|    1|          2|
    |p_ZL16NTTTwiddleFactor_1_0_ce1      |    9|          2|    1|          2|
    |p_ZL16NTTTwiddleFactor_1_0_we1      |    9|          2|    1|          2|
    |p_ZL16NTTTwiddleFactor_1_1_ce0      |    9|          2|    1|          2|
    |p_ZL16NTTTwiddleFactor_1_1_ce1      |    9|          2|    1|          2|
    |p_ZL16NTTTwiddleFactor_1_1_we1      |    9|          2|    1|          2|
    |p_ZL16NTTTwiddleFactor_1_2_ce0      |    9|          2|    1|          2|
    |p_ZL16NTTTwiddleFactor_1_2_ce1      |    9|          2|    1|          2|
    |p_ZL16NTTTwiddleFactor_1_2_we1      |    9|          2|    1|          2|
    |p_ZL16NTTTwiddleFactor_1_3_ce0      |    9|          2|    1|          2|
    |p_ZL16NTTTwiddleFactor_1_3_ce1      |    9|          2|    1|          2|
    |p_ZL16NTTTwiddleFactor_1_3_we1      |    9|          2|    1|          2|
    |p_ZL16NTTTwiddleFactor_2_0_ce0      |    9|          2|    1|          2|
    |p_ZL16NTTTwiddleFactor_2_0_ce1      |    9|          2|    1|          2|
    |p_ZL16NTTTwiddleFactor_2_0_we1      |    9|          2|    1|          2|
    |p_ZL16NTTTwiddleFactor_2_1_ce0      |    9|          2|    1|          2|
    |p_ZL16NTTTwiddleFactor_2_1_ce1      |    9|          2|    1|          2|
    |p_ZL16NTTTwiddleFactor_2_1_we1      |    9|          2|    1|          2|
    |p_ZL16NTTTwiddleFactor_2_2_ce0      |    9|          2|    1|          2|
    |p_ZL16NTTTwiddleFactor_2_2_ce1      |    9|          2|    1|          2|
    |p_ZL16NTTTwiddleFactor_2_2_we1      |    9|          2|    1|          2|
    |p_ZL16NTTTwiddleFactor_2_3_ce0      |    9|          2|    1|          2|
    |p_ZL16NTTTwiddleFactor_2_3_ce1      |    9|          2|    1|          2|
    |p_ZL16NTTTwiddleFactor_2_3_we1      |    9|          2|    1|          2|
    |p_ZL16NTTTwiddleFactor_3_0_ce0      |    9|          2|    1|          2|
    |p_ZL16NTTTwiddleFactor_3_0_ce1      |    9|          2|    1|          2|
    |p_ZL16NTTTwiddleFactor_3_0_we1      |    9|          2|    1|          2|
    |p_ZL16NTTTwiddleFactor_3_1_ce0      |    9|          2|    1|          2|
    |p_ZL16NTTTwiddleFactor_3_1_ce1      |    9|          2|    1|          2|
    |p_ZL16NTTTwiddleFactor_3_1_we1      |    9|          2|    1|          2|
    |p_ZL16NTTTwiddleFactor_3_2_ce0      |    9|          2|    1|          2|
    |p_ZL16NTTTwiddleFactor_3_2_ce1      |    9|          2|    1|          2|
    |p_ZL16NTTTwiddleFactor_3_2_we1      |    9|          2|    1|          2|
    |p_ZL16NTTTwiddleFactor_3_3_ce0      |    9|          2|    1|          2|
    |p_ZL16NTTTwiddleFactor_3_3_ce1      |    9|          2|    1|          2|
    |p_ZL16NTTTwiddleFactor_3_3_we1      |    9|          2|    1|          2|
    |p_ZL16NTTTwiddleFactor_4_0_ce0      |    9|          2|    1|          2|
    |p_ZL16NTTTwiddleFactor_4_0_ce1      |    9|          2|    1|          2|
    |p_ZL16NTTTwiddleFactor_4_0_we1      |    9|          2|    1|          2|
    |p_ZL16NTTTwiddleFactor_4_1_ce0      |    9|          2|    1|          2|
    |p_ZL16NTTTwiddleFactor_4_1_ce1      |    9|          2|    1|          2|
    |p_ZL16NTTTwiddleFactor_4_1_we1      |    9|          2|    1|          2|
    |p_ZL16NTTTwiddleFactor_4_2_ce0      |    9|          2|    1|          2|
    |p_ZL16NTTTwiddleFactor_4_2_ce1      |    9|          2|    1|          2|
    |p_ZL16NTTTwiddleFactor_4_2_we1      |    9|          2|    1|          2|
    |p_ZL16NTTTwiddleFactor_4_3_ce0      |    9|          2|    1|          2|
    |p_ZL16NTTTwiddleFactor_4_3_ce1      |    9|          2|    1|          2|
    |p_ZL16NTTTwiddleFactor_4_3_we1      |    9|          2|    1|          2|
    |p_ZL16NTTTwiddleFactor_5_0_ce0      |    9|          2|    1|          2|
    |p_ZL16NTTTwiddleFactor_5_0_ce1      |    9|          2|    1|          2|
    |p_ZL16NTTTwiddleFactor_5_0_we1      |    9|          2|    1|          2|
    |p_ZL16NTTTwiddleFactor_5_1_ce0      |    9|          2|    1|          2|
    |p_ZL16NTTTwiddleFactor_5_1_ce1      |    9|          2|    1|          2|
    |p_ZL16NTTTwiddleFactor_5_1_we1      |    9|          2|    1|          2|
    |p_ZL16NTTTwiddleFactor_5_2_ce0      |    9|          2|    1|          2|
    |p_ZL16NTTTwiddleFactor_5_2_ce1      |    9|          2|    1|          2|
    |p_ZL16NTTTwiddleFactor_5_2_we1      |    9|          2|    1|          2|
    |p_ZL16NTTTwiddleFactor_5_3_ce0      |    9|          2|    1|          2|
    |p_ZL16NTTTwiddleFactor_5_3_ce1      |    9|          2|    1|          2|
    |p_ZL16NTTTwiddleFactor_5_3_we1      |    9|          2|    1|          2|
    |p_ZL16NTTTwiddleFactor_6_0_ce0      |    9|          2|    1|          2|
    |p_ZL16NTTTwiddleFactor_6_0_ce1      |    9|          2|    1|          2|
    |p_ZL16NTTTwiddleFactor_6_0_we1      |    9|          2|    1|          2|
    |p_ZL16NTTTwiddleFactor_6_1_ce0      |    9|          2|    1|          2|
    |p_ZL16NTTTwiddleFactor_6_1_ce1      |    9|          2|    1|          2|
    |p_ZL16NTTTwiddleFactor_6_1_we1      |    9|          2|    1|          2|
    |p_ZL16NTTTwiddleFactor_6_2_ce0      |    9|          2|    1|          2|
    |p_ZL16NTTTwiddleFactor_6_2_ce1      |    9|          2|    1|          2|
    |p_ZL16NTTTwiddleFactor_6_2_we1      |    9|          2|    1|          2|
    |p_ZL16NTTTwiddleFactor_6_3_ce0      |    9|          2|    1|          2|
    |p_ZL16NTTTwiddleFactor_6_3_ce1      |    9|          2|    1|          2|
    |p_ZL16NTTTwiddleFactor_6_3_we1      |    9|          2|    1|          2|
    |p_ZL16NTTTwiddleFactor_7_0_ce0      |    9|          2|    1|          2|
    |p_ZL16NTTTwiddleFactor_7_0_ce1      |    9|          2|    1|          2|
    |p_ZL16NTTTwiddleFactor_7_0_we1      |    9|          2|    1|          2|
    |p_ZL16NTTTwiddleFactor_7_1_ce0      |    9|          2|    1|          2|
    |p_ZL16NTTTwiddleFactor_7_1_ce1      |    9|          2|    1|          2|
    |p_ZL16NTTTwiddleFactor_7_1_we1      |    9|          2|    1|          2|
    |p_ZL16NTTTwiddleFactor_7_2_ce0      |    9|          2|    1|          2|
    |p_ZL16NTTTwiddleFactor_7_2_ce1      |    9|          2|    1|          2|
    |p_ZL16NTTTwiddleFactor_7_2_we1      |    9|          2|    1|          2|
    |p_ZL16NTTTwiddleFactor_7_3_ce0      |    9|          2|    1|          2|
    |p_ZL16NTTTwiddleFactor_7_3_ce1      |    9|          2|    1|          2|
    |p_ZL16NTTTwiddleFactor_7_3_we1      |    9|          2|    1|          2|
    |p_ZL16NTTTwiddleFactor_8_0_ce0      |    9|          2|    1|          2|
    |p_ZL16NTTTwiddleFactor_8_0_ce1      |    9|          2|    1|          2|
    |p_ZL16NTTTwiddleFactor_8_0_we1      |    9|          2|    1|          2|
    |p_ZL16NTTTwiddleFactor_8_1_ce0      |    9|          2|    1|          2|
    |p_ZL16NTTTwiddleFactor_8_1_ce1      |    9|          2|    1|          2|
    |p_ZL16NTTTwiddleFactor_8_1_we1      |    9|          2|    1|          2|
    |p_ZL16NTTTwiddleFactor_8_2_ce0      |    9|          2|    1|          2|
    |p_ZL16NTTTwiddleFactor_8_2_ce1      |    9|          2|    1|          2|
    |p_ZL16NTTTwiddleFactor_8_2_we1      |    9|          2|    1|          2|
    |p_ZL16NTTTwiddleFactor_8_3_ce0      |    9|          2|    1|          2|
    |p_ZL16NTTTwiddleFactor_8_3_ce1      |    9|          2|    1|          2|
    |p_ZL16NTTTwiddleFactor_8_3_we1      |    9|          2|    1|          2|
    |p_ZL16NTTTwiddleFactor_9_0_ce0      |    9|          2|    1|          2|
    |p_ZL16NTTTwiddleFactor_9_0_ce1      |    9|          2|    1|          2|
    |p_ZL16NTTTwiddleFactor_9_0_we1      |    9|          2|    1|          2|
    |p_ZL16NTTTwiddleFactor_9_1_ce0      |    9|          2|    1|          2|
    |p_ZL16NTTTwiddleFactor_9_1_ce1      |    9|          2|    1|          2|
    |p_ZL16NTTTwiddleFactor_9_1_we1      |    9|          2|    1|          2|
    |p_ZL16NTTTwiddleFactor_9_2_ce0      |    9|          2|    1|          2|
    |p_ZL16NTTTwiddleFactor_9_2_ce1      |    9|          2|    1|          2|
    |p_ZL16NTTTwiddleFactor_9_2_we1      |    9|          2|    1|          2|
    |p_ZL16NTTTwiddleFactor_9_3_ce0      |    9|          2|    1|          2|
    |p_ZL16NTTTwiddleFactor_9_3_ce1      |    9|          2|    1|          2|
    |p_ZL16NTTTwiddleFactor_9_3_we1      |    9|          2|    1|          2|
    |p_ZL17INTTTwiddleFactor_0_0_ce0     |    9|          2|    1|          2|
    |p_ZL17INTTTwiddleFactor_0_0_ce1     |    9|          2|    1|          2|
    |p_ZL17INTTTwiddleFactor_0_0_we1     |    9|          2|    1|          2|
    |p_ZL17INTTTwiddleFactor_0_1_ce0     |    9|          2|    1|          2|
    |p_ZL17INTTTwiddleFactor_0_1_ce1     |    9|          2|    1|          2|
    |p_ZL17INTTTwiddleFactor_0_1_we1     |    9|          2|    1|          2|
    |p_ZL17INTTTwiddleFactor_0_2_ce0     |    9|          2|    1|          2|
    |p_ZL17INTTTwiddleFactor_0_2_ce1     |    9|          2|    1|          2|
    |p_ZL17INTTTwiddleFactor_0_2_we1     |    9|          2|    1|          2|
    |p_ZL17INTTTwiddleFactor_0_3_ce0     |    9|          2|    1|          2|
    |p_ZL17INTTTwiddleFactor_0_3_ce1     |    9|          2|    1|          2|
    |p_ZL17INTTTwiddleFactor_0_3_we1     |    9|          2|    1|          2|
    |p_ZL17INTTTwiddleFactor_10_0_ce0    |    9|          2|    1|          2|
    |p_ZL17INTTTwiddleFactor_10_0_ce1    |    9|          2|    1|          2|
    |p_ZL17INTTTwiddleFactor_10_0_we1    |    9|          2|    1|          2|
    |p_ZL17INTTTwiddleFactor_10_1_ce0    |    9|          2|    1|          2|
    |p_ZL17INTTTwiddleFactor_10_1_ce1    |    9|          2|    1|          2|
    |p_ZL17INTTTwiddleFactor_10_1_we1    |    9|          2|    1|          2|
    |p_ZL17INTTTwiddleFactor_10_2_ce0    |    9|          2|    1|          2|
    |p_ZL17INTTTwiddleFactor_10_2_ce1    |    9|          2|    1|          2|
    |p_ZL17INTTTwiddleFactor_10_2_we1    |    9|          2|    1|          2|
    |p_ZL17INTTTwiddleFactor_10_3_ce0    |    9|          2|    1|          2|
    |p_ZL17INTTTwiddleFactor_10_3_ce1    |    9|          2|    1|          2|
    |p_ZL17INTTTwiddleFactor_10_3_we1    |    9|          2|    1|          2|
    |p_ZL17INTTTwiddleFactor_11_0_ce0    |    9|          2|    1|          2|
    |p_ZL17INTTTwiddleFactor_11_0_ce1    |    9|          2|    1|          2|
    |p_ZL17INTTTwiddleFactor_11_0_we1    |    9|          2|    1|          2|
    |p_ZL17INTTTwiddleFactor_11_1_ce0    |    9|          2|    1|          2|
    |p_ZL17INTTTwiddleFactor_11_1_ce1    |    9|          2|    1|          2|
    |p_ZL17INTTTwiddleFactor_11_1_we1    |    9|          2|    1|          2|
    |p_ZL17INTTTwiddleFactor_11_2_ce0    |    9|          2|    1|          2|
    |p_ZL17INTTTwiddleFactor_11_2_ce1    |    9|          2|    1|          2|
    |p_ZL17INTTTwiddleFactor_11_2_we1    |    9|          2|    1|          2|
    |p_ZL17INTTTwiddleFactor_11_3_ce0    |    9|          2|    1|          2|
    |p_ZL17INTTTwiddleFactor_11_3_ce1    |    9|          2|    1|          2|
    |p_ZL17INTTTwiddleFactor_11_3_we1    |    9|          2|    1|          2|
    |p_ZL17INTTTwiddleFactor_1_0_ce0     |    9|          2|    1|          2|
    |p_ZL17INTTTwiddleFactor_1_0_ce1     |    9|          2|    1|          2|
    |p_ZL17INTTTwiddleFactor_1_0_we1     |    9|          2|    1|          2|
    |p_ZL17INTTTwiddleFactor_1_1_ce0     |    9|          2|    1|          2|
    |p_ZL17INTTTwiddleFactor_1_1_ce1     |    9|          2|    1|          2|
    |p_ZL17INTTTwiddleFactor_1_1_we1     |    9|          2|    1|          2|
    |p_ZL17INTTTwiddleFactor_1_2_ce0     |    9|          2|    1|          2|
    |p_ZL17INTTTwiddleFactor_1_2_ce1     |    9|          2|    1|          2|
    |p_ZL17INTTTwiddleFactor_1_2_we1     |    9|          2|    1|          2|
    |p_ZL17INTTTwiddleFactor_1_3_ce0     |    9|          2|    1|          2|
    |p_ZL17INTTTwiddleFactor_1_3_ce1     |    9|          2|    1|          2|
    |p_ZL17INTTTwiddleFactor_1_3_we1     |    9|          2|    1|          2|
    |p_ZL17INTTTwiddleFactor_2_0_ce0     |    9|          2|    1|          2|
    |p_ZL17INTTTwiddleFactor_2_0_ce1     |    9|          2|    1|          2|
    |p_ZL17INTTTwiddleFactor_2_0_we1     |    9|          2|    1|          2|
    |p_ZL17INTTTwiddleFactor_2_1_ce0     |    9|          2|    1|          2|
    |p_ZL17INTTTwiddleFactor_2_1_ce1     |    9|          2|    1|          2|
    |p_ZL17INTTTwiddleFactor_2_1_we1     |    9|          2|    1|          2|
    |p_ZL17INTTTwiddleFactor_2_2_ce0     |    9|          2|    1|          2|
    |p_ZL17INTTTwiddleFactor_2_2_ce1     |    9|          2|    1|          2|
    |p_ZL17INTTTwiddleFactor_2_2_we1     |    9|          2|    1|          2|
    |p_ZL17INTTTwiddleFactor_2_3_ce0     |    9|          2|    1|          2|
    |p_ZL17INTTTwiddleFactor_2_3_ce1     |    9|          2|    1|          2|
    |p_ZL17INTTTwiddleFactor_2_3_we1     |    9|          2|    1|          2|
    |p_ZL17INTTTwiddleFactor_3_0_ce0     |    9|          2|    1|          2|
    |p_ZL17INTTTwiddleFactor_3_0_ce1     |    9|          2|    1|          2|
    |p_ZL17INTTTwiddleFactor_3_0_we1     |    9|          2|    1|          2|
    |p_ZL17INTTTwiddleFactor_3_1_ce0     |    9|          2|    1|          2|
    |p_ZL17INTTTwiddleFactor_3_1_ce1     |    9|          2|    1|          2|
    |p_ZL17INTTTwiddleFactor_3_1_we1     |    9|          2|    1|          2|
    |p_ZL17INTTTwiddleFactor_3_2_ce0     |    9|          2|    1|          2|
    |p_ZL17INTTTwiddleFactor_3_2_ce1     |    9|          2|    1|          2|
    |p_ZL17INTTTwiddleFactor_3_2_we1     |    9|          2|    1|          2|
    |p_ZL17INTTTwiddleFactor_3_3_ce0     |    9|          2|    1|          2|
    |p_ZL17INTTTwiddleFactor_3_3_ce1     |    9|          2|    1|          2|
    |p_ZL17INTTTwiddleFactor_3_3_we1     |    9|          2|    1|          2|
    |p_ZL17INTTTwiddleFactor_4_0_ce0     |    9|          2|    1|          2|
    |p_ZL17INTTTwiddleFactor_4_0_ce1     |    9|          2|    1|          2|
    |p_ZL17INTTTwiddleFactor_4_0_we1     |    9|          2|    1|          2|
    |p_ZL17INTTTwiddleFactor_4_1_ce0     |    9|          2|    1|          2|
    |p_ZL17INTTTwiddleFactor_4_1_ce1     |    9|          2|    1|          2|
    |p_ZL17INTTTwiddleFactor_4_1_we1     |    9|          2|    1|          2|
    |p_ZL17INTTTwiddleFactor_4_2_ce0     |    9|          2|    1|          2|
    |p_ZL17INTTTwiddleFactor_4_2_ce1     |    9|          2|    1|          2|
    |p_ZL17INTTTwiddleFactor_4_2_we1     |    9|          2|    1|          2|
    |p_ZL17INTTTwiddleFactor_4_3_ce0     |    9|          2|    1|          2|
    |p_ZL17INTTTwiddleFactor_4_3_ce1     |    9|          2|    1|          2|
    |p_ZL17INTTTwiddleFactor_4_3_we1     |    9|          2|    1|          2|
    |p_ZL17INTTTwiddleFactor_5_0_ce0     |    9|          2|    1|          2|
    |p_ZL17INTTTwiddleFactor_5_0_ce1     |    9|          2|    1|          2|
    |p_ZL17INTTTwiddleFactor_5_0_we1     |    9|          2|    1|          2|
    |p_ZL17INTTTwiddleFactor_5_1_ce0     |    9|          2|    1|          2|
    |p_ZL17INTTTwiddleFactor_5_1_ce1     |    9|          2|    1|          2|
    |p_ZL17INTTTwiddleFactor_5_1_we1     |    9|          2|    1|          2|
    |p_ZL17INTTTwiddleFactor_5_2_ce0     |    9|          2|    1|          2|
    |p_ZL17INTTTwiddleFactor_5_2_ce1     |    9|          2|    1|          2|
    |p_ZL17INTTTwiddleFactor_5_2_we1     |    9|          2|    1|          2|
    |p_ZL17INTTTwiddleFactor_5_3_ce0     |    9|          2|    1|          2|
    |p_ZL17INTTTwiddleFactor_5_3_ce1     |    9|          2|    1|          2|
    |p_ZL17INTTTwiddleFactor_5_3_we1     |    9|          2|    1|          2|
    |p_ZL17INTTTwiddleFactor_6_0_ce0     |    9|          2|    1|          2|
    |p_ZL17INTTTwiddleFactor_6_0_ce1     |    9|          2|    1|          2|
    |p_ZL17INTTTwiddleFactor_6_0_we1     |    9|          2|    1|          2|
    |p_ZL17INTTTwiddleFactor_6_1_ce0     |    9|          2|    1|          2|
    |p_ZL17INTTTwiddleFactor_6_1_ce1     |    9|          2|    1|          2|
    |p_ZL17INTTTwiddleFactor_6_1_we1     |    9|          2|    1|          2|
    |p_ZL17INTTTwiddleFactor_6_2_ce0     |    9|          2|    1|          2|
    |p_ZL17INTTTwiddleFactor_6_2_ce1     |    9|          2|    1|          2|
    |p_ZL17INTTTwiddleFactor_6_2_we1     |    9|          2|    1|          2|
    |p_ZL17INTTTwiddleFactor_6_3_ce0     |    9|          2|    1|          2|
    |p_ZL17INTTTwiddleFactor_6_3_ce1     |    9|          2|    1|          2|
    |p_ZL17INTTTwiddleFactor_6_3_we1     |    9|          2|    1|          2|
    |p_ZL17INTTTwiddleFactor_7_0_ce0     |    9|          2|    1|          2|
    |p_ZL17INTTTwiddleFactor_7_0_ce1     |    9|          2|    1|          2|
    |p_ZL17INTTTwiddleFactor_7_0_we1     |    9|          2|    1|          2|
    |p_ZL17INTTTwiddleFactor_7_1_ce0     |    9|          2|    1|          2|
    |p_ZL17INTTTwiddleFactor_7_1_ce1     |    9|          2|    1|          2|
    |p_ZL17INTTTwiddleFactor_7_1_we1     |    9|          2|    1|          2|
    |p_ZL17INTTTwiddleFactor_7_2_ce0     |    9|          2|    1|          2|
    |p_ZL17INTTTwiddleFactor_7_2_ce1     |    9|          2|    1|          2|
    |p_ZL17INTTTwiddleFactor_7_2_we1     |    9|          2|    1|          2|
    |p_ZL17INTTTwiddleFactor_7_3_ce0     |    9|          2|    1|          2|
    |p_ZL17INTTTwiddleFactor_7_3_ce1     |    9|          2|    1|          2|
    |p_ZL17INTTTwiddleFactor_7_3_we1     |    9|          2|    1|          2|
    |p_ZL17INTTTwiddleFactor_8_0_ce0     |    9|          2|    1|          2|
    |p_ZL17INTTTwiddleFactor_8_0_ce1     |    9|          2|    1|          2|
    |p_ZL17INTTTwiddleFactor_8_0_we1     |    9|          2|    1|          2|
    |p_ZL17INTTTwiddleFactor_8_1_ce0     |    9|          2|    1|          2|
    |p_ZL17INTTTwiddleFactor_8_1_ce1     |    9|          2|    1|          2|
    |p_ZL17INTTTwiddleFactor_8_1_we1     |    9|          2|    1|          2|
    |p_ZL17INTTTwiddleFactor_8_2_ce0     |    9|          2|    1|          2|
    |p_ZL17INTTTwiddleFactor_8_2_ce1     |    9|          2|    1|          2|
    |p_ZL17INTTTwiddleFactor_8_2_we1     |    9|          2|    1|          2|
    |p_ZL17INTTTwiddleFactor_8_3_ce0     |    9|          2|    1|          2|
    |p_ZL17INTTTwiddleFactor_8_3_ce1     |    9|          2|    1|          2|
    |p_ZL17INTTTwiddleFactor_8_3_we1     |    9|          2|    1|          2|
    |p_ZL17INTTTwiddleFactor_9_0_ce0     |    9|          2|    1|          2|
    |p_ZL17INTTTwiddleFactor_9_0_ce1     |    9|          2|    1|          2|
    |p_ZL17INTTTwiddleFactor_9_0_we1     |    9|          2|    1|          2|
    |p_ZL17INTTTwiddleFactor_9_1_ce0     |    9|          2|    1|          2|
    |p_ZL17INTTTwiddleFactor_9_1_ce1     |    9|          2|    1|          2|
    |p_ZL17INTTTwiddleFactor_9_1_we1     |    9|          2|    1|          2|
    |p_ZL17INTTTwiddleFactor_9_2_ce0     |    9|          2|    1|          2|
    |p_ZL17INTTTwiddleFactor_9_2_ce1     |    9|          2|    1|          2|
    |p_ZL17INTTTwiddleFactor_9_2_we1     |    9|          2|    1|          2|
    |p_ZL17INTTTwiddleFactor_9_3_ce0     |    9|          2|    1|          2|
    |p_ZL17INTTTwiddleFactor_9_3_ce1     |    9|          2|    1|          2|
    |p_ZL17INTTTwiddleFactor_9_3_we1     |    9|          2|    1|          2|
    +------------------------------------+-----+-----------+-----+-----------+
    |Total                               |14333|       2903|12416|      44013|
    +------------------------------------+-----+-----------+-----+-----------+

    * Register: 
    +--------------------------------------------------------------------+----+----+-----+-----------+
    |                                Name                                | FF | LUT| Bits| Const Bits|
    +--------------------------------------------------------------------+----+----+-----+-----------+
    |ap_CS_fsm                                                           |   9|   0|    9|          0|
    |ap_predicate_pred6285_state3                                        |   1|   0|    1|          0|
    |ap_predicate_pred6285_state4                                        |   1|   0|    1|          0|
    |ap_predicate_pred6285_state5                                        |   1|   0|    1|          0|
    |ap_predicate_pred6290_state3                                        |   1|   0|    1|          0|
    |ap_predicate_pred6290_state4                                        |   1|   0|    1|          0|
    |ap_predicate_pred6290_state5                                        |   1|   0|    1|          0|
    |ap_predicate_pred6295_state3                                        |   1|   0|    1|          0|
    |ap_predicate_pred6295_state4                                        |   1|   0|    1|          0|
    |ap_predicate_pred6295_state5                                        |   1|   0|    1|          0|
    |ap_predicate_pred6300_state3                                        |   1|   0|    1|          0|
    |ap_predicate_pred6300_state4                                        |   1|   0|    1|          0|
    |ap_predicate_pred6300_state5                                        |   1|   0|    1|          0|
    |ap_predicate_pred6555_state4                                        |   1|   0|    1|          0|
    |grp_Compute_BConv_Systolic_fu_1051_ap_start_reg                     |   1|   0|    1|          0|
    |grp_Compute_Mult_fu_1192_ap_start_reg                               |   1|   0|    1|          0|
    |grp_Execute_Transform_Operation_fu_696_ap_start_reg                 |   1|   0|    1|          0|
    |grp_Load_1_fu_518_ap_start_reg                                      |   1|   0|    1|          0|
    |grp_Load_BConv_Params_fu_660_ap_start_reg                           |   1|   0|    1|          0|
    |grp_Load_Init_Params_fu_1805_ap_start_reg                           |   1|   0|    1|          0|
    |grp_Load_clone_1_fu_676_ap_start_reg                                |   1|   0|    1|          0|
    |grp_Store_36_39_1_fu_1652_ap_start_reg                              |   1|   0|    1|          0|
    |grp_Store_40_43_1_fu_1788_ap_start_reg                              |   1|   0|    1|          0|
    |grp_Top_Pipeline_Limb_Loop_Row_Loop_Col_Loop2_fu_1348_ap_start_reg  |   1|   0|    1|          0|
    |grp_Top_Pipeline_Limb_Loop_Row_Loop_Col_Loop_fu_1500_ap_start_reg   |   1|   0|    1|          0|
    |mem_in1_read_reg_2133                                               |  64|   0|   64|          0|
    |mem_in2_read_reg_2125                                               |  64|   0|   64|          0|
    |mem_out_read_reg_2118                                               |  64|   0|   64|          0|
    |mod_index_read_reg_2085                                             |  32|   0|   32|          0|
    |num_active_limbs_read_reg_2102                                      |  32|   0|   32|          0|
    |opcode_read_reg_2114                                                |   8|   0|    8|          0|
    |tmp_1_reg_2145                                                      |  33|   0|   43|         10|
    |tmp_reg_2150                                                        |  33|   0|   43|         10|
    |trunc_ln329_reg_2140                                                |   4|   0|    4|          0|
    +--------------------------------------------------------------------+----+----+-----+-----------+
    |Total                                                               | 367|   0|  387|         20|
    +--------------------------------------------------------------------+----+----+-----+-----------+



================================================================
== Interface
================================================================
* Summary: 
+-----------------------+-----+-----+------------+--------------+--------------+
|       RTL Ports       | Dir | Bits|  Protocol  | Source Object|    C Type    |
+-----------------------+-----+-----+------------+--------------+--------------+
|s_axi_control_AWVALID  |   in|    1|       s_axi|       control|        scalar|
|s_axi_control_AWREADY  |  out|    1|       s_axi|       control|        scalar|
|s_axi_control_AWADDR   |   in|    7|       s_axi|       control|        scalar|
|s_axi_control_WVALID   |   in|    1|       s_axi|       control|        scalar|
|s_axi_control_WREADY   |  out|    1|       s_axi|       control|        scalar|
|s_axi_control_WDATA    |   in|   32|       s_axi|       control|        scalar|
|s_axi_control_WSTRB    |   in|    4|       s_axi|       control|        scalar|
|s_axi_control_ARVALID  |   in|    1|       s_axi|       control|        scalar|
|s_axi_control_ARREADY  |  out|    1|       s_axi|       control|        scalar|
|s_axi_control_ARADDR   |   in|    7|       s_axi|       control|        scalar|
|s_axi_control_RVALID   |  out|    1|       s_axi|       control|        scalar|
|s_axi_control_RREADY   |   in|    1|       s_axi|       control|        scalar|
|s_axi_control_RDATA    |  out|   32|       s_axi|       control|        scalar|
|s_axi_control_RRESP    |  out|    2|       s_axi|       control|        scalar|
|s_axi_control_BVALID   |  out|    1|       s_axi|       control|        scalar|
|s_axi_control_BREADY   |   in|    1|       s_axi|       control|        scalar|
|s_axi_control_BRESP    |  out|    2|       s_axi|       control|        scalar|
|ap_clk                 |   in|    1|  ap_ctrl_hs|           Top|  return value|
|ap_rst_n               |   in|    1|  ap_ctrl_hs|           Top|  return value|
|interrupt              |  out|    1|  ap_ctrl_hs|           Top|  return value|
|m_axi_gmem0_AWVALID    |  out|    1|       m_axi|         gmem0|       pointer|
|m_axi_gmem0_AWREADY    |   in|    1|       m_axi|         gmem0|       pointer|
|m_axi_gmem0_AWADDR     |  out|   64|       m_axi|         gmem0|       pointer|
|m_axi_gmem0_AWID       |  out|    1|       m_axi|         gmem0|       pointer|
|m_axi_gmem0_AWLEN      |  out|    8|       m_axi|         gmem0|       pointer|
|m_axi_gmem0_AWSIZE     |  out|    3|       m_axi|         gmem0|       pointer|
|m_axi_gmem0_AWBURST    |  out|    2|       m_axi|         gmem0|       pointer|
|m_axi_gmem0_AWLOCK     |  out|    2|       m_axi|         gmem0|       pointer|
|m_axi_gmem0_AWCACHE    |  out|    4|       m_axi|         gmem0|       pointer|
|m_axi_gmem0_AWPROT     |  out|    3|       m_axi|         gmem0|       pointer|
|m_axi_gmem0_AWQOS      |  out|    4|       m_axi|         gmem0|       pointer|
|m_axi_gmem0_AWREGION   |  out|    4|       m_axi|         gmem0|       pointer|
|m_axi_gmem0_AWUSER     |  out|    1|       m_axi|         gmem0|       pointer|
|m_axi_gmem0_WVALID     |  out|    1|       m_axi|         gmem0|       pointer|
|m_axi_gmem0_WREADY     |   in|    1|       m_axi|         gmem0|       pointer|
|m_axi_gmem0_WDATA      |  out|  256|       m_axi|         gmem0|       pointer|
|m_axi_gmem0_WSTRB      |  out|   32|       m_axi|         gmem0|       pointer|
|m_axi_gmem0_WLAST      |  out|    1|       m_axi|         gmem0|       pointer|
|m_axi_gmem0_WID        |  out|    1|       m_axi|         gmem0|       pointer|
|m_axi_gmem0_WUSER      |  out|    1|       m_axi|         gmem0|       pointer|
|m_axi_gmem0_ARVALID    |  out|    1|       m_axi|         gmem0|       pointer|
|m_axi_gmem0_ARREADY    |   in|    1|       m_axi|         gmem0|       pointer|
|m_axi_gmem0_ARADDR     |  out|   64|       m_axi|         gmem0|       pointer|
|m_axi_gmem0_ARID       |  out|    1|       m_axi|         gmem0|       pointer|
|m_axi_gmem0_ARLEN      |  out|    8|       m_axi|         gmem0|       pointer|
|m_axi_gmem0_ARSIZE     |  out|    3|       m_axi|         gmem0|       pointer|
|m_axi_gmem0_ARBURST    |  out|    2|       m_axi|         gmem0|       pointer|
|m_axi_gmem0_ARLOCK     |  out|    2|       m_axi|         gmem0|       pointer|
|m_axi_gmem0_ARCACHE    |  out|    4|       m_axi|         gmem0|       pointer|
|m_axi_gmem0_ARPROT     |  out|    3|       m_axi|         gmem0|       pointer|
|m_axi_gmem0_ARQOS      |  out|    4|       m_axi|         gmem0|       pointer|
|m_axi_gmem0_ARREGION   |  out|    4|       m_axi|         gmem0|       pointer|
|m_axi_gmem0_ARUSER     |  out|    1|       m_axi|         gmem0|       pointer|
|m_axi_gmem0_RVALID     |   in|    1|       m_axi|         gmem0|       pointer|
|m_axi_gmem0_RREADY     |  out|    1|       m_axi|         gmem0|       pointer|
|m_axi_gmem0_RDATA      |   in|  256|       m_axi|         gmem0|       pointer|
|m_axi_gmem0_RLAST      |   in|    1|       m_axi|         gmem0|       pointer|
|m_axi_gmem0_RID        |   in|    1|       m_axi|         gmem0|       pointer|
|m_axi_gmem0_RUSER      |   in|    1|       m_axi|         gmem0|       pointer|
|m_axi_gmem0_RRESP      |   in|    2|       m_axi|         gmem0|       pointer|
|m_axi_gmem0_BVALID     |   in|    1|       m_axi|         gmem0|       pointer|
|m_axi_gmem0_BREADY     |  out|    1|       m_axi|         gmem0|       pointer|
|m_axi_gmem0_BRESP      |   in|    2|       m_axi|         gmem0|       pointer|
|m_axi_gmem0_BID        |   in|    1|       m_axi|         gmem0|       pointer|
|m_axi_gmem0_BUSER      |   in|    1|       m_axi|         gmem0|       pointer|
|m_axi_gmem1_AWVALID    |  out|    1|       m_axi|         gmem1|       pointer|
|m_axi_gmem1_AWREADY    |   in|    1|       m_axi|         gmem1|       pointer|
|m_axi_gmem1_AWADDR     |  out|   64|       m_axi|         gmem1|       pointer|
|m_axi_gmem1_AWID       |  out|    1|       m_axi|         gmem1|       pointer|
|m_axi_gmem1_AWLEN      |  out|    8|       m_axi|         gmem1|       pointer|
|m_axi_gmem1_AWSIZE     |  out|    3|       m_axi|         gmem1|       pointer|
|m_axi_gmem1_AWBURST    |  out|    2|       m_axi|         gmem1|       pointer|
|m_axi_gmem1_AWLOCK     |  out|    2|       m_axi|         gmem1|       pointer|
|m_axi_gmem1_AWCACHE    |  out|    4|       m_axi|         gmem1|       pointer|
|m_axi_gmem1_AWPROT     |  out|    3|       m_axi|         gmem1|       pointer|
|m_axi_gmem1_AWQOS      |  out|    4|       m_axi|         gmem1|       pointer|
|m_axi_gmem1_AWREGION   |  out|    4|       m_axi|         gmem1|       pointer|
|m_axi_gmem1_AWUSER     |  out|    1|       m_axi|         gmem1|       pointer|
|m_axi_gmem1_WVALID     |  out|    1|       m_axi|         gmem1|       pointer|
|m_axi_gmem1_WREADY     |   in|    1|       m_axi|         gmem1|       pointer|
|m_axi_gmem1_WDATA      |  out|  256|       m_axi|         gmem1|       pointer|
|m_axi_gmem1_WSTRB      |  out|   32|       m_axi|         gmem1|       pointer|
|m_axi_gmem1_WLAST      |  out|    1|       m_axi|         gmem1|       pointer|
|m_axi_gmem1_WID        |  out|    1|       m_axi|         gmem1|       pointer|
|m_axi_gmem1_WUSER      |  out|    1|       m_axi|         gmem1|       pointer|
|m_axi_gmem1_ARVALID    |  out|    1|       m_axi|         gmem1|       pointer|
|m_axi_gmem1_ARREADY    |   in|    1|       m_axi|         gmem1|       pointer|
|m_axi_gmem1_ARADDR     |  out|   64|       m_axi|         gmem1|       pointer|
|m_axi_gmem1_ARID       |  out|    1|       m_axi|         gmem1|       pointer|
|m_axi_gmem1_ARLEN      |  out|    8|       m_axi|         gmem1|       pointer|
|m_axi_gmem1_ARSIZE     |  out|    3|       m_axi|         gmem1|       pointer|
|m_axi_gmem1_ARBURST    |  out|    2|       m_axi|         gmem1|       pointer|
|m_axi_gmem1_ARLOCK     |  out|    2|       m_axi|         gmem1|       pointer|
|m_axi_gmem1_ARCACHE    |  out|    4|       m_axi|         gmem1|       pointer|
|m_axi_gmem1_ARPROT     |  out|    3|       m_axi|         gmem1|       pointer|
|m_axi_gmem1_ARQOS      |  out|    4|       m_axi|         gmem1|       pointer|
|m_axi_gmem1_ARREGION   |  out|    4|       m_axi|         gmem1|       pointer|
|m_axi_gmem1_ARUSER     |  out|    1|       m_axi|         gmem1|       pointer|
|m_axi_gmem1_RVALID     |   in|    1|       m_axi|         gmem1|       pointer|
|m_axi_gmem1_RREADY     |  out|    1|       m_axi|         gmem1|       pointer|
|m_axi_gmem1_RDATA      |   in|  256|       m_axi|         gmem1|       pointer|
|m_axi_gmem1_RLAST      |   in|    1|       m_axi|         gmem1|       pointer|
|m_axi_gmem1_RID        |   in|    1|       m_axi|         gmem1|       pointer|
|m_axi_gmem1_RUSER      |   in|    1|       m_axi|         gmem1|       pointer|
|m_axi_gmem1_RRESP      |   in|    2|       m_axi|         gmem1|       pointer|
|m_axi_gmem1_BVALID     |   in|    1|       m_axi|         gmem1|       pointer|
|m_axi_gmem1_BREADY     |  out|    1|       m_axi|         gmem1|       pointer|
|m_axi_gmem1_BRESP      |   in|    2|       m_axi|         gmem1|       pointer|
|m_axi_gmem1_BID        |   in|    1|       m_axi|         gmem1|       pointer|
|m_axi_gmem1_BUSER      |   in|    1|       m_axi|         gmem1|       pointer|
|m_axi_gmem2_AWVALID    |  out|    1|       m_axi|         gmem2|       pointer|
|m_axi_gmem2_AWREADY    |   in|    1|       m_axi|         gmem2|       pointer|
|m_axi_gmem2_AWADDR     |  out|   64|       m_axi|         gmem2|       pointer|
|m_axi_gmem2_AWID       |  out|    1|       m_axi|         gmem2|       pointer|
|m_axi_gmem2_AWLEN      |  out|    8|       m_axi|         gmem2|       pointer|
|m_axi_gmem2_AWSIZE     |  out|    3|       m_axi|         gmem2|       pointer|
|m_axi_gmem2_AWBURST    |  out|    2|       m_axi|         gmem2|       pointer|
|m_axi_gmem2_AWLOCK     |  out|    2|       m_axi|         gmem2|       pointer|
|m_axi_gmem2_AWCACHE    |  out|    4|       m_axi|         gmem2|       pointer|
|m_axi_gmem2_AWPROT     |  out|    3|       m_axi|         gmem2|       pointer|
|m_axi_gmem2_AWQOS      |  out|    4|       m_axi|         gmem2|       pointer|
|m_axi_gmem2_AWREGION   |  out|    4|       m_axi|         gmem2|       pointer|
|m_axi_gmem2_AWUSER     |  out|    1|       m_axi|         gmem2|       pointer|
|m_axi_gmem2_WVALID     |  out|    1|       m_axi|         gmem2|       pointer|
|m_axi_gmem2_WREADY     |   in|    1|       m_axi|         gmem2|       pointer|
|m_axi_gmem2_WDATA      |  out|  256|       m_axi|         gmem2|       pointer|
|m_axi_gmem2_WSTRB      |  out|   32|       m_axi|         gmem2|       pointer|
|m_axi_gmem2_WLAST      |  out|    1|       m_axi|         gmem2|       pointer|
|m_axi_gmem2_WID        |  out|    1|       m_axi|         gmem2|       pointer|
|m_axi_gmem2_WUSER      |  out|    1|       m_axi|         gmem2|       pointer|
|m_axi_gmem2_ARVALID    |  out|    1|       m_axi|         gmem2|       pointer|
|m_axi_gmem2_ARREADY    |   in|    1|       m_axi|         gmem2|       pointer|
|m_axi_gmem2_ARADDR     |  out|   64|       m_axi|         gmem2|       pointer|
|m_axi_gmem2_ARID       |  out|    1|       m_axi|         gmem2|       pointer|
|m_axi_gmem2_ARLEN      |  out|    8|       m_axi|         gmem2|       pointer|
|m_axi_gmem2_ARSIZE     |  out|    3|       m_axi|         gmem2|       pointer|
|m_axi_gmem2_ARBURST    |  out|    2|       m_axi|         gmem2|       pointer|
|m_axi_gmem2_ARLOCK     |  out|    2|       m_axi|         gmem2|       pointer|
|m_axi_gmem2_ARCACHE    |  out|    4|       m_axi|         gmem2|       pointer|
|m_axi_gmem2_ARPROT     |  out|    3|       m_axi|         gmem2|       pointer|
|m_axi_gmem2_ARQOS      |  out|    4|       m_axi|         gmem2|       pointer|
|m_axi_gmem2_ARREGION   |  out|    4|       m_axi|         gmem2|       pointer|
|m_axi_gmem2_ARUSER     |  out|    1|       m_axi|         gmem2|       pointer|
|m_axi_gmem2_RVALID     |   in|    1|       m_axi|         gmem2|       pointer|
|m_axi_gmem2_RREADY     |  out|    1|       m_axi|         gmem2|       pointer|
|m_axi_gmem2_RDATA      |   in|  256|       m_axi|         gmem2|       pointer|
|m_axi_gmem2_RLAST      |   in|    1|       m_axi|         gmem2|       pointer|
|m_axi_gmem2_RID        |   in|    1|       m_axi|         gmem2|       pointer|
|m_axi_gmem2_RUSER      |   in|    1|       m_axi|         gmem2|       pointer|
|m_axi_gmem2_RRESP      |   in|    2|       m_axi|         gmem2|       pointer|
|m_axi_gmem2_BVALID     |   in|    1|       m_axi|         gmem2|       pointer|
|m_axi_gmem2_BREADY     |  out|    1|       m_axi|         gmem2|       pointer|
|m_axi_gmem2_BRESP      |   in|    2|       m_axi|         gmem2|       pointer|
|m_axi_gmem2_BID        |   in|    1|       m_axi|         gmem2|       pointer|
|m_axi_gmem2_BUSER      |   in|    1|       m_axi|         gmem2|       pointer|
+-----------------------+-----+-----+------------+--------------+--------------+

