

================================================================
== Vitis HLS Report for 'CG_Transform_Work'
================================================================
* Date:           Fri Sep  4 23:02:24 2026

* Version:        2023.2 (Build 4023990 on Oct 11 2023)
* Project:        hks_digit_cosim-perf_mem_p3_r3
* Solution:       solution1 (Vivado IP Flow Target)
* Product family: virtexuplusHBM
* Target device:  xcu55c-fsvh2892-2L-e


================================================================
== Performance Estimates
================================================================
+ Timing: 
    * Summary: 
    +--------+---------+----------+------------+
    |  Clock |  Target | Estimated| Uncertainty|
    +--------+---------+----------+------------+
    |ap_clk  |  6.00 ns|  5.043 ns|     0.75 ns|
    +--------+---------+----------+------------+

+ Latency: 
    * Summary: 
    +---------+---------+-----------+-----------+------+------+---------+
    |  Latency (cycles) |   Latency (absolute)  |   Interval  | Pipeline|
    |   min   |   max   |    min    |    max    |  min |  max |   Type  |
    +---------+---------+-----------+-----------+------+------+---------+
    |     6481|     6481|  38.886 us|  38.886 us|  6481|  6481|       no|
    +---------+---------+-----------+-----------+------+------+---------+

    + Detail: 
        * Instance: 
        +------------------------------------------------------------+-------------------------------------------------+---------+---------+----------+----------+-----+-----+---------+
        |                                                            |                                                 |  Latency (cycles) |  Latency (absolute) |  Interval | Pipeline|
        |                          Instance                          |                      Module                     |   min   |   max   |    min   |    max   | min | max |   Type  |
        +------------------------------------------------------------+-------------------------------------------------+---------+---------+----------+----------+-----+-----+---------+
        |grp_CG_Transform_Work_Pipeline_WORK_BUTTERFLY_LOOP_fu_440   |CG_Transform_Work_Pipeline_WORK_BUTTERFLY_LOOP   |      538|      538|  3.228 us|  3.228 us|  538|  538|       no|
        |grp_CG_Transform_Work_Pipeline_WORK_BUTTERFLY_LOOP3_fu_788  |CG_Transform_Work_Pipeline_WORK_BUTTERFLY_LOOP3  |      538|      538|  3.228 us|  3.228 us|  538|  538|       no|
        +------------------------------------------------------------+-------------------------------------------------+---------+---------+----------+----------+-----+-----+---------+

        * Loop: 
        +-------------------+---------+---------+----------+-----------+-----------+------+----------+
        |                   |  Latency (cycles) | Iteration|  Initiation Interval  | Trip |          |
        |     Loop Name     |   min   |   max   |  Latency |  achieved |   target  | Count| Pipelined|
        +-------------------+---------+---------+----------+-----------+-----------+------+----------+
        |- WORK_STAGE_LOOP  |     6480|     6480|      1080|          -|          -|     6|        no|
        +-------------------+---------+---------+----------+-----------+-----------+------+----------+



================================================================
== Utilization Estimates
================================================================
* Summary: 
+---------------------+---------+------+---------+---------+-----+
|         Name        | BRAM_18K|  DSP |    FF   |   LUT   | URAM|
+---------------------+---------+------+---------+---------+-----+
|DSP                  |        -|     -|        -|        -|    -|
|Expression           |        -|     -|        0|      131|    -|
|FIFO                 |        -|     -|        -|        -|    -|
|Instance             |        -|     -|    11345|    24863|    -|
|Memory               |        -|     -|        -|        -|    -|
|Multiplexer          |        -|     -|        -|     8336|    -|
|Register             |        -|     -|       89|        -|    -|
+---------------------+---------+------+---------+---------+-----+
|Total                |        0|     0|    11434|    33330|    0|
+---------------------+---------+------+---------+---------+-----+
|Available SLR        |     1344|  3008|   869120|   434560|  320|
+---------------------+---------+------+---------+---------+-----+
|Utilization SLR (%)  |        0|     0|        1|        7|    0|
+---------------------+---------+------+---------+---------+-----+
|Available            |     4032|  9024|  2607360|  1303680|  960|
+---------------------+---------+------+---------+---------+-----+
|Utilization (%)      |        0|     0|       ~0|        2|    0|
+---------------------+---------+------+---------+---------+-----+

+ Detail: 
    * Instance: 
    +------------------------------------------------------------+-------------------------------------------------+---------+----+------+-------+-----+
    |                          Instance                          |                      Module                     | BRAM_18K| DSP|  FF  |  LUT  | URAM|
    +------------------------------------------------------------+-------------------------------------------------+---------+----+------+-------+-----+
    |grp_CG_Transform_Work_Pipeline_WORK_BUTTERFLY_LOOP_fu_440   |CG_Transform_Work_Pipeline_WORK_BUTTERFLY_LOOP   |        0|   0|  6198|  14003|    0|
    |grp_CG_Transform_Work_Pipeline_WORK_BUTTERFLY_LOOP3_fu_788  |CG_Transform_Work_Pipeline_WORK_BUTTERFLY_LOOP3  |        0|   0|  5147|  10860|    0|
    +------------------------------------------------------------+-------------------------------------------------+---------+----+------+-------+-----+
    |Total                                                       |                                                 |        0|   0| 11345|  24863|    0|
    +------------------------------------------------------------+-------------------------------------------------+---------+----+------+-------+-----+

    * DSP: 
    N/A

    * Memory: 
    N/A

    * FIFO: 
    N/A

    * Expression: 
    +---------------------------+----------+----+---+----+------------+------------+
    |       Variable Name       | Operation| DSP| FF| LUT| Bitwidth P0| Bitwidth P1|
    +---------------------------+----------+----+---+----+------------+------------+
    |add4_i_fu_1144_p2          |         +|   0|  0|  71|          64|           1|
    |stage_3_fu_1188_p2         |         +|   0|  0|  12|           4|           2|
    |sub_ln302_1_fu_1204_p2     |         -|   0|  0|  12|           4|           4|
    |sub_ln302_fu_1174_p2       |         -|   0|  0|  12|           4|           4|
    |icmp_ln299_fu_1168_p2      |      icmp|   0|  0|  12|           4|           4|
    |or_ln302_fu_1199_p2        |        or|   0|  0|   4|           4|           1|
    |select_ln302_1_fu_1209_p3  |    select|   0|  0|   4|           1|           4|
    |select_ln302_fu_1180_p3    |    select|   0|  0|   4|           1|           4|
    +---------------------------+----------+----+---+----+------------+------------+
    |Total                      |          |   0|  0| 131|          86|          24|
    +---------------------------+----------+----+---+----+------------+------------+

    * Multiplexer: 
    +----------------------------------+----+-----------+-----+-----------+
    |               Name               | LUT| Input Size| Bits| Total Bits|
    +----------------------------------+----+-----------+-----+-----------+
    |ap_NS_fsm                         |  31|          6|    1|          6|
    |grp_MultMod_1_fu_1287_S_val       |  14|          3|   64|        192|
    |grp_MultMod_1_fu_1287_a_val       |  14|          3|   64|        192|
    |grp_MultMod_1_fu_1287_b_val       |  14|          3|   64|        192|
    |grp_MultMod_1_fu_1287_m_val       |  14|          3|   64|        192|
    |grp_MultMod_1_fu_1287_mod_val     |  14|          3|   64|        192|
    |grp_MultMod_1_fu_1295_S_val       |  14|          3|   64|        192|
    |grp_MultMod_1_fu_1295_a_val       |  14|          3|   64|        192|
    |grp_MultMod_1_fu_1295_b_val       |  14|          3|   64|        192|
    |grp_MultMod_1_fu_1295_m_val       |  14|          3|   64|        192|
    |grp_MultMod_1_fu_1295_mod_val     |  14|          3|   64|        192|
    |grp_MultMod_1_fu_1303_S_val       |  14|          3|   64|        192|
    |grp_MultMod_1_fu_1303_a_val       |  14|          3|   64|        192|
    |grp_MultMod_1_fu_1303_b_val       |  14|          3|   64|        192|
    |grp_MultMod_1_fu_1303_m_val       |  14|          3|   64|        192|
    |grp_MultMod_1_fu_1303_mod_val     |  14|          3|   64|        192|
    |grp_MultMod_1_fu_1311_S_val       |  14|          3|   64|        192|
    |grp_MultMod_1_fu_1311_a_val       |  14|          3|   64|        192|
    |grp_MultMod_1_fu_1311_b_val       |  14|          3|   64|        192|
    |grp_MultMod_1_fu_1311_m_val       |  14|          3|   64|        192|
    |grp_MultMod_1_fu_1311_mod_val     |  14|          3|   64|        192|
    |intt_twiddle_0_0_address0         |  14|          3|   12|         36|
    |intt_twiddle_0_0_ce0              |  14|          3|    1|          3|
    |intt_twiddle_0_1_address0         |  14|          3|   12|         36|
    |intt_twiddle_0_1_ce0              |  14|          3|    1|          3|
    |intt_twiddle_0_2_address0         |  14|          3|   12|         36|
    |intt_twiddle_0_2_ce0              |  14|          3|    1|          3|
    |intt_twiddle_0_3_address0         |  14|          3|   12|         36|
    |intt_twiddle_0_3_ce0              |  14|          3|    1|          3|
    |intt_twiddle_10_0_address0        |  14|          3|   12|         36|
    |intt_twiddle_10_0_ce0             |  14|          3|    1|          3|
    |intt_twiddle_10_1_address0        |  14|          3|   12|         36|
    |intt_twiddle_10_1_ce0             |  14|          3|    1|          3|
    |intt_twiddle_10_2_address0        |  14|          3|   12|         36|
    |intt_twiddle_10_2_ce0             |  14|          3|    1|          3|
    |intt_twiddle_10_3_address0        |  14|          3|   12|         36|
    |intt_twiddle_10_3_ce0             |  14|          3|    1|          3|
    |intt_twiddle_11_0_address0        |  14|          3|   12|         36|
    |intt_twiddle_11_0_ce0             |  14|          3|    1|          3|
    |intt_twiddle_11_1_address0        |  14|          3|   12|         36|
    |intt_twiddle_11_1_ce0             |  14|          3|    1|          3|
    |intt_twiddle_11_2_address0        |  14|          3|   12|         36|
    |intt_twiddle_11_2_ce0             |  14|          3|    1|          3|
    |intt_twiddle_11_3_address0        |  14|          3|   12|         36|
    |intt_twiddle_11_3_ce0             |  14|          3|    1|          3|
    |intt_twiddle_1_0_address0         |  14|          3|   12|         36|
    |intt_twiddle_1_0_ce0              |  14|          3|    1|          3|
    |intt_twiddle_1_1_address0         |  14|          3|   12|         36|
    |intt_twiddle_1_1_ce0              |  14|          3|    1|          3|
    |intt_twiddle_1_2_address0         |  14|          3|   12|         36|
    |intt_twiddle_1_2_ce0              |  14|          3|    1|          3|
    |intt_twiddle_1_3_address0         |  14|          3|   12|         36|
    |intt_twiddle_1_3_ce0              |  14|          3|    1|          3|
    |intt_twiddle_2_0_address0         |  14|          3|   12|         36|
    |intt_twiddle_2_0_ce0              |  14|          3|    1|          3|
    |intt_twiddle_2_1_address0         |  14|          3|   12|         36|
    |intt_twiddle_2_1_ce0              |  14|          3|    1|          3|
    |intt_twiddle_2_2_address0         |  14|          3|   12|         36|
    |intt_twiddle_2_2_ce0              |  14|          3|    1|          3|
    |intt_twiddle_2_3_address0         |  14|          3|   12|         36|
    |intt_twiddle_2_3_ce0              |  14|          3|    1|          3|
    |intt_twiddle_3_0_address0         |  14|          3|   12|         36|
    |intt_twiddle_3_0_ce0              |  14|          3|    1|          3|
    |intt_twiddle_3_1_address0         |  14|          3|   12|         36|
    |intt_twiddle_3_1_ce0              |  14|          3|    1|          3|
    |intt_twiddle_3_2_address0         |  14|          3|   12|         36|
    |intt_twiddle_3_2_ce0              |  14|          3|    1|          3|
    |intt_twiddle_3_3_address0         |  14|          3|   12|         36|
    |intt_twiddle_3_3_ce0              |  14|          3|    1|          3|
    |intt_twiddle_4_0_address0         |  14|          3|   12|         36|
    |intt_twiddle_4_0_ce0              |  14|          3|    1|          3|
    |intt_twiddle_4_1_address0         |  14|          3|   12|         36|
    |intt_twiddle_4_1_ce0              |  14|          3|    1|          3|
    |intt_twiddle_4_2_address0         |  14|          3|   12|         36|
    |intt_twiddle_4_2_ce0              |  14|          3|    1|          3|
    |intt_twiddle_4_3_address0         |  14|          3|   12|         36|
    |intt_twiddle_4_3_ce0              |  14|          3|    1|          3|
    |intt_twiddle_5_0_address0         |  14|          3|   12|         36|
    |intt_twiddle_5_0_ce0              |  14|          3|    1|          3|
    |intt_twiddle_5_1_address0         |  14|          3|   12|         36|
    |intt_twiddle_5_1_ce0              |  14|          3|    1|          3|
    |intt_twiddle_5_2_address0         |  14|          3|   12|         36|
    |intt_twiddle_5_2_ce0              |  14|          3|    1|          3|
    |intt_twiddle_5_3_address0         |  14|          3|   12|         36|
    |intt_twiddle_5_3_ce0              |  14|          3|    1|          3|
    |intt_twiddle_6_0_address0         |  14|          3|   12|         36|
    |intt_twiddle_6_0_ce0              |  14|          3|    1|          3|
    |intt_twiddle_6_1_address0         |  14|          3|   12|         36|
    |intt_twiddle_6_1_ce0              |  14|          3|    1|          3|
    |intt_twiddle_6_2_address0         |  14|          3|   12|         36|
    |intt_twiddle_6_2_ce0              |  14|          3|    1|          3|
    |intt_twiddle_6_3_address0         |  14|          3|   12|         36|
    |intt_twiddle_6_3_ce0              |  14|          3|    1|          3|
    |intt_twiddle_7_0_address0         |  14|          3|   12|         36|
    |intt_twiddle_7_0_ce0              |  14|          3|    1|          3|
    |intt_twiddle_7_1_address0         |  14|          3|   12|         36|
    |intt_twiddle_7_1_ce0              |  14|          3|    1|          3|
    |intt_twiddle_7_2_address0         |  14|          3|   12|         36|
    |intt_twiddle_7_2_ce0              |  14|          3|    1|          3|
    |intt_twiddle_7_3_address0         |  14|          3|   12|         36|
    |intt_twiddle_7_3_ce0              |  14|          3|    1|          3|
    |intt_twiddle_8_0_address0         |  14|          3|   12|         36|
    |intt_twiddle_8_0_ce0              |  14|          3|    1|          3|
    |intt_twiddle_8_1_address0         |  14|          3|   12|         36|
    |intt_twiddle_8_1_ce0              |  14|          3|    1|          3|
    |intt_twiddle_8_2_address0         |  14|          3|   12|         36|
    |intt_twiddle_8_2_ce0              |  14|          3|    1|          3|
    |intt_twiddle_8_3_address0         |  14|          3|   12|         36|
    |intt_twiddle_8_3_ce0              |  14|          3|    1|          3|
    |intt_twiddle_9_0_address0         |  14|          3|   12|         36|
    |intt_twiddle_9_0_ce0              |  14|          3|    1|          3|
    |intt_twiddle_9_1_address0         |  14|          3|   12|         36|
    |intt_twiddle_9_1_ce0              |  14|          3|    1|          3|
    |intt_twiddle_9_2_address0         |  14|          3|   12|         36|
    |intt_twiddle_9_2_ce0              |  14|          3|    1|          3|
    |intt_twiddle_9_3_address0         |  14|          3|   12|         36|
    |intt_twiddle_9_3_ce0              |  14|          3|    1|          3|
    |ntt_twiddle_0_0_address0          |  14|          3|   12|         36|
    |ntt_twiddle_0_0_ce0               |  14|          3|    1|          3|
    |ntt_twiddle_0_1_address0          |  14|          3|   12|         36|
    |ntt_twiddle_0_1_ce0               |  14|          3|    1|          3|
    |ntt_twiddle_0_2_address0          |  14|          3|   12|         36|
    |ntt_twiddle_0_2_ce0               |  14|          3|    1|          3|
    |ntt_twiddle_0_3_address0          |  14|          3|   12|         36|
    |ntt_twiddle_0_3_ce0               |  14|          3|    1|          3|
    |ntt_twiddle_10_0_address0         |  14|          3|   12|         36|
    |ntt_twiddle_10_0_ce0              |  14|          3|    1|          3|
    |ntt_twiddle_10_1_address0         |  14|          3|   12|         36|
    |ntt_twiddle_10_1_ce0              |  14|          3|    1|          3|
    |ntt_twiddle_10_2_address0         |  14|          3|   12|         36|
    |ntt_twiddle_10_2_ce0              |  14|          3|    1|          3|
    |ntt_twiddle_10_3_address0         |  14|          3|   12|         36|
    |ntt_twiddle_10_3_ce0              |  14|          3|    1|          3|
    |ntt_twiddle_11_0_address0         |  14|          3|   12|         36|
    |ntt_twiddle_11_0_ce0              |  14|          3|    1|          3|
    |ntt_twiddle_11_1_address0         |  14|          3|   12|         36|
    |ntt_twiddle_11_1_ce0              |  14|          3|    1|          3|
    |ntt_twiddle_11_2_address0         |  14|          3|   12|         36|
    |ntt_twiddle_11_2_ce0              |  14|          3|    1|          3|
    |ntt_twiddle_11_3_address0         |  14|          3|   12|         36|
    |ntt_twiddle_11_3_ce0              |  14|          3|    1|          3|
    |ntt_twiddle_1_0_address0          |  14|          3|   12|         36|
    |ntt_twiddle_1_0_ce0               |  14|          3|    1|          3|
    |ntt_twiddle_1_1_address0          |  14|          3|   12|         36|
    |ntt_twiddle_1_1_ce0               |  14|          3|    1|          3|
    |ntt_twiddle_1_2_address0          |  14|          3|   12|         36|
    |ntt_twiddle_1_2_ce0               |  14|          3|    1|          3|
    |ntt_twiddle_1_3_address0          |  14|          3|   12|         36|
    |ntt_twiddle_1_3_ce0               |  14|          3|    1|          3|
    |ntt_twiddle_2_0_address0          |  14|          3|   12|         36|
    |ntt_twiddle_2_0_ce0               |  14|          3|    1|          3|
    |ntt_twiddle_2_1_address0          |  14|          3|   12|         36|
    |ntt_twiddle_2_1_ce0               |  14|          3|    1|          3|
    |ntt_twiddle_2_2_address0          |  14|          3|   12|         36|
    |ntt_twiddle_2_2_ce0               |  14|          3|    1|          3|
    |ntt_twiddle_2_3_address0          |  14|          3|   12|         36|
    |ntt_twiddle_2_3_ce0               |  14|          3|    1|          3|
    |ntt_twiddle_3_0_address0          |  14|          3|   12|         36|
    |ntt_twiddle_3_0_ce0               |  14|          3|    1|          3|
    |ntt_twiddle_3_1_address0          |  14|          3|   12|         36|
    |ntt_twiddle_3_1_ce0               |  14|          3|    1|          3|
    |ntt_twiddle_3_2_address0          |  14|          3|   12|         36|
    |ntt_twiddle_3_2_ce0               |  14|          3|    1|          3|
    |ntt_twiddle_3_3_address0          |  14|          3|   12|         36|
    |ntt_twiddle_3_3_ce0               |  14|          3|    1|          3|
    |ntt_twiddle_4_0_address0          |  14|          3|   12|         36|
    |ntt_twiddle_4_0_ce0               |  14|          3|    1|          3|
    |ntt_twiddle_4_1_address0          |  14|          3|   12|         36|
    |ntt_twiddle_4_1_ce0               |  14|          3|    1|          3|
    |ntt_twiddle_4_2_address0          |  14|          3|   12|         36|
    |ntt_twiddle_4_2_ce0               |  14|          3|    1|          3|
    |ntt_twiddle_4_3_address0          |  14|          3|   12|         36|
    |ntt_twiddle_4_3_ce0               |  14|          3|    1|          3|
    |ntt_twiddle_5_0_address0          |  14|          3|   12|         36|
    |ntt_twiddle_5_0_ce0               |  14|          3|    1|          3|
    |ntt_twiddle_5_1_address0          |  14|          3|   12|         36|
    |ntt_twiddle_5_1_ce0               |  14|          3|    1|          3|
    |ntt_twiddle_5_2_address0          |  14|          3|   12|         36|
    |ntt_twiddle_5_2_ce0               |  14|          3|    1|          3|
    |ntt_twiddle_5_3_address0          |  14|          3|   12|         36|
    |ntt_twiddle_5_3_ce0               |  14|          3|    1|          3|
    |ntt_twiddle_6_0_address0          |  14|          3|   12|         36|
    |ntt_twiddle_6_0_ce0               |  14|          3|    1|          3|
    |ntt_twiddle_6_1_address0          |  14|          3|   12|         36|
    |ntt_twiddle_6_1_ce0               |  14|          3|    1|          3|
    |ntt_twiddle_6_2_address0          |  14|          3|   12|         36|
    |ntt_twiddle_6_2_ce0               |  14|          3|    1|          3|
    |ntt_twiddle_6_3_address0          |  14|          3|   12|         36|
    |ntt_twiddle_6_3_ce0               |  14|          3|    1|          3|
    |ntt_twiddle_7_0_address0          |  14|          3|   12|         36|
    |ntt_twiddle_7_0_ce0               |  14|          3|    1|          3|
    |ntt_twiddle_7_1_address0          |  14|          3|   12|         36|
    |ntt_twiddle_7_1_ce0               |  14|          3|    1|          3|
    |ntt_twiddle_7_2_address0          |  14|          3|   12|         36|
    |ntt_twiddle_7_2_ce0               |  14|          3|    1|          3|
    |ntt_twiddle_7_3_address0          |  14|          3|   12|         36|
    |ntt_twiddle_7_3_ce0               |  14|          3|    1|          3|
    |ntt_twiddle_8_0_address0          |  14|          3|   12|         36|
    |ntt_twiddle_8_0_ce0               |  14|          3|    1|          3|
    |ntt_twiddle_8_1_address0          |  14|          3|   12|         36|
    |ntt_twiddle_8_1_ce0               |  14|          3|    1|          3|
    |ntt_twiddle_8_2_address0          |  14|          3|   12|         36|
    |ntt_twiddle_8_2_ce0               |  14|          3|    1|          3|
    |ntt_twiddle_8_3_address0          |  14|          3|   12|         36|
    |ntt_twiddle_8_3_ce0               |  14|          3|    1|          3|
    |ntt_twiddle_9_0_address0          |  14|          3|   12|         36|
    |ntt_twiddle_9_0_ce0               |  14|          3|    1|          3|
    |ntt_twiddle_9_1_address0          |  14|          3|   12|         36|
    |ntt_twiddle_9_1_ce0               |  14|          3|    1|          3|
    |ntt_twiddle_9_2_address0          |  14|          3|   12|         36|
    |ntt_twiddle_9_2_ce0               |  14|          3|    1|          3|
    |ntt_twiddle_9_3_address0          |  14|          3|   12|         36|
    |ntt_twiddle_9_3_ce0               |  14|          3|    1|          3|
    |p_ZL13poly_buffer_1_0_0_address0  |  14|          3|    9|         27|
    |p_ZL13poly_buffer_1_0_0_address1  |  14|          3|    9|         27|
    |p_ZL13poly_buffer_1_0_0_ce0       |  14|          3|    1|          3|
    |p_ZL13poly_buffer_1_0_0_ce1       |  14|          3|    1|          3|
    |p_ZL13poly_buffer_1_0_0_we0       |   9|          2|    1|          2|
    |p_ZL13poly_buffer_1_0_0_we1       |   9|          2|    1|          2|
    |p_ZL13poly_buffer_1_0_1_address0  |  14|          3|    9|         27|
    |p_ZL13poly_buffer_1_0_1_address1  |  14|          3|    9|         27|
    |p_ZL13poly_buffer_1_0_1_ce0       |  14|          3|    1|          3|
    |p_ZL13poly_buffer_1_0_1_ce1       |  14|          3|    1|          3|
    |p_ZL13poly_buffer_1_0_1_we0       |   9|          2|    1|          2|
    |p_ZL13poly_buffer_1_0_1_we1       |   9|          2|    1|          2|
    |p_ZL13poly_buffer_1_0_2_address0  |  14|          3|    9|         27|
    |p_ZL13poly_buffer_1_0_2_address1  |  14|          3|    9|         27|
    |p_ZL13poly_buffer_1_0_2_ce0       |  14|          3|    1|          3|
    |p_ZL13poly_buffer_1_0_2_ce1       |  14|          3|    1|          3|
    |p_ZL13poly_buffer_1_0_2_we0       |   9|          2|    1|          2|
    |p_ZL13poly_buffer_1_0_2_we1       |   9|          2|    1|          2|
    |p_ZL13poly_buffer_1_0_3_address0  |  14|          3|    9|         27|
    |p_ZL13poly_buffer_1_0_3_address1  |  14|          3|    9|         27|
    |p_ZL13poly_buffer_1_0_3_ce0       |  14|          3|    1|          3|
    |p_ZL13poly_buffer_1_0_3_ce1       |  14|          3|    1|          3|
    |p_ZL13poly_buffer_1_0_3_we0       |   9|          2|    1|          2|
    |p_ZL13poly_buffer_1_0_3_we1       |   9|          2|    1|          2|
    |p_ZL13poly_buffer_1_0_4_address0  |  14|          3|    9|         27|
    |p_ZL13poly_buffer_1_0_4_address1  |  14|          3|    9|         27|
    |p_ZL13poly_buffer_1_0_4_ce0       |  14|          3|    1|          3|
    |p_ZL13poly_buffer_1_0_4_ce1       |  14|          3|    1|          3|
    |p_ZL13poly_buffer_1_0_4_we0       |   9|          2|    1|          2|
    |p_ZL13poly_buffer_1_0_4_we1       |   9|          2|    1|          2|
    |p_ZL13poly_buffer_1_0_5_address0  |  14|          3|    9|         27|
    |p_ZL13poly_buffer_1_0_5_address1  |  14|          3|    9|         27|
    |p_ZL13poly_buffer_1_0_5_ce0       |  14|          3|    1|          3|
    |p_ZL13poly_buffer_1_0_5_ce1       |  14|          3|    1|          3|
    |p_ZL13poly_buffer_1_0_5_we0       |   9|          2|    1|          2|
    |p_ZL13poly_buffer_1_0_5_we1       |   9|          2|    1|          2|
    |p_ZL13poly_buffer_1_0_6_address0  |  14|          3|    9|         27|
    |p_ZL13poly_buffer_1_0_6_address1  |  14|          3|    9|         27|
    |p_ZL13poly_buffer_1_0_6_ce0       |  14|          3|    1|          3|
    |p_ZL13poly_buffer_1_0_6_ce1       |  14|          3|    1|          3|
    |p_ZL13poly_buffer_1_0_6_we0       |   9|          2|    1|          2|
    |p_ZL13poly_buffer_1_0_6_we1       |   9|          2|    1|          2|
    |p_ZL13poly_buffer_1_0_7_address0  |  14|          3|    9|         27|
    |p_ZL13poly_buffer_1_0_7_address1  |  14|          3|    9|         27|
    |p_ZL13poly_buffer_1_0_7_ce0       |  14|          3|    1|          3|
    |p_ZL13poly_buffer_1_0_7_ce1       |  14|          3|    1|          3|
    |p_ZL13poly_buffer_1_0_7_we0       |   9|          2|    1|          2|
    |p_ZL13poly_buffer_1_0_7_we1       |   9|          2|    1|          2|
    |p_ZL13poly_buffer_1_1_0_address0  |  14|          3|    9|         27|
    |p_ZL13poly_buffer_1_1_0_address1  |  14|          3|    9|         27|
    |p_ZL13poly_buffer_1_1_0_ce0       |  14|          3|    1|          3|
    |p_ZL13poly_buffer_1_1_0_ce1       |  14|          3|    1|          3|
    |p_ZL13poly_buffer_1_1_0_we0       |   9|          2|    1|          2|
    |p_ZL13poly_buffer_1_1_0_we1       |   9|          2|    1|          2|
    |p_ZL13poly_buffer_1_1_1_address0  |  14|          3|    9|         27|
    |p_ZL13poly_buffer_1_1_1_address1  |  14|          3|    9|         27|
    |p_ZL13poly_buffer_1_1_1_ce0       |  14|          3|    1|          3|
    |p_ZL13poly_buffer_1_1_1_ce1       |  14|          3|    1|          3|
    |p_ZL13poly_buffer_1_1_1_we0       |   9|          2|    1|          2|
    |p_ZL13poly_buffer_1_1_1_we1       |   9|          2|    1|          2|
    |p_ZL13poly_buffer_1_1_2_address0  |  14|          3|    9|         27|
    |p_ZL13poly_buffer_1_1_2_address1  |  14|          3|    9|         27|
    |p_ZL13poly_buffer_1_1_2_ce0       |  14|          3|    1|          3|
    |p_ZL13poly_buffer_1_1_2_ce1       |  14|          3|    1|          3|
    |p_ZL13poly_buffer_1_1_2_we0       |   9|          2|    1|          2|
    |p_ZL13poly_buffer_1_1_2_we1       |   9|          2|    1|          2|
    |p_ZL13poly_buffer_1_1_3_address0  |  14|          3|    9|         27|
    |p_ZL13poly_buffer_1_1_3_address1  |  14|          3|    9|         27|
    |p_ZL13poly_buffer_1_1_3_ce0       |  14|          3|    1|          3|
    |p_ZL13poly_buffer_1_1_3_ce1       |  14|          3|    1|          3|
    |p_ZL13poly_buffer_1_1_3_we0       |   9|          2|    1|          2|
    |p_ZL13poly_buffer_1_1_3_we1       |   9|          2|    1|          2|
    |p_ZL13poly_buffer_1_1_4_address0  |  14|          3|    9|         27|
    |p_ZL13poly_buffer_1_1_4_address1  |  14|          3|    9|         27|
    |p_ZL13poly_buffer_1_1_4_ce0       |  14|          3|    1|          3|
    |p_ZL13poly_buffer_1_1_4_ce1       |  14|          3|    1|          3|
    |p_ZL13poly_buffer_1_1_4_we0       |   9|          2|    1|          2|
    |p_ZL13poly_buffer_1_1_4_we1       |   9|          2|    1|          2|
    |p_ZL13poly_buffer_1_1_5_address0  |  14|          3|    9|         27|
    |p_ZL13poly_buffer_1_1_5_address1  |  14|          3|    9|         27|
    |p_ZL13poly_buffer_1_1_5_ce0       |  14|          3|    1|          3|
    |p_ZL13poly_buffer_1_1_5_ce1       |  14|          3|    1|          3|
    |p_ZL13poly_buffer_1_1_5_we0       |   9|          2|    1|          2|
    |p_ZL13poly_buffer_1_1_5_we1       |   9|          2|    1|          2|
    |p_ZL13poly_buffer_1_1_6_address0  |  14|          3|    9|         27|
    |p_ZL13poly_buffer_1_1_6_address1  |  14|          3|    9|         27|
    |p_ZL13poly_buffer_1_1_6_ce0       |  14|          3|    1|          3|
    |p_ZL13poly_buffer_1_1_6_ce1       |  14|          3|    1|          3|
    |p_ZL13poly_buffer_1_1_6_we0       |   9|          2|    1|          2|
    |p_ZL13poly_buffer_1_1_6_we1       |   9|          2|    1|          2|
    |p_ZL13poly_buffer_1_1_7_address0  |  14|          3|    9|         27|
    |p_ZL13poly_buffer_1_1_7_address1  |  14|          3|    9|         27|
    |p_ZL13poly_buffer_1_1_7_ce0       |  14|          3|    1|          3|
    |p_ZL13poly_buffer_1_1_7_ce1       |  14|          3|    1|          3|
    |p_ZL13poly_buffer_1_1_7_we0       |   9|          2|    1|          2|
    |p_ZL13poly_buffer_1_1_7_we1       |   9|          2|    1|          2|
    |p_ZL13poly_buffer_1_2_0_address0  |  14|          3|    9|         27|
    |p_ZL13poly_buffer_1_2_0_address1  |  14|          3|    9|         27|
    |p_ZL13poly_buffer_1_2_0_ce0       |  14|          3|    1|          3|
    |p_ZL13poly_buffer_1_2_0_ce1       |  14|          3|    1|          3|
    |p_ZL13poly_buffer_1_2_0_we0       |   9|          2|    1|          2|
    |p_ZL13poly_buffer_1_2_0_we1       |   9|          2|    1|          2|
    |p_ZL13poly_buffer_1_2_1_address0  |  14|          3|    9|         27|
    |p_ZL13poly_buffer_1_2_1_address1  |  14|          3|    9|         27|
    |p_ZL13poly_buffer_1_2_1_ce0       |  14|          3|    1|          3|
    |p_ZL13poly_buffer_1_2_1_ce1       |  14|          3|    1|          3|
    |p_ZL13poly_buffer_1_2_1_we0       |   9|          2|    1|          2|
    |p_ZL13poly_buffer_1_2_1_we1       |   9|          2|    1|          2|
    |p_ZL13poly_buffer_1_2_2_address0  |  14|          3|    9|         27|
    |p_ZL13poly_buffer_1_2_2_address1  |  14|          3|    9|         27|
    |p_ZL13poly_buffer_1_2_2_ce0       |  14|          3|    1|          3|
    |p_ZL13poly_buffer_1_2_2_ce1       |  14|          3|    1|          3|
    |p_ZL13poly_buffer_1_2_2_we0       |   9|          2|    1|          2|
    |p_ZL13poly_buffer_1_2_2_we1       |   9|          2|    1|          2|
    |p_ZL13poly_buffer_1_2_3_address0  |  14|          3|    9|         27|
    |p_ZL13poly_buffer_1_2_3_address1  |  14|          3|    9|         27|
    |p_ZL13poly_buffer_1_2_3_ce0       |  14|          3|    1|          3|
    |p_ZL13poly_buffer_1_2_3_ce1       |  14|          3|    1|          3|
    |p_ZL13poly_buffer_1_2_3_we0       |   9|          2|    1|          2|
    |p_ZL13poly_buffer_1_2_3_we1       |   9|          2|    1|          2|
    |p_ZL13poly_buffer_1_2_4_address0  |  14|          3|    9|         27|
    |p_ZL13poly_buffer_1_2_4_address1  |  14|          3|    9|         27|
    |p_ZL13poly_buffer_1_2_4_ce0       |  14|          3|    1|          3|
    |p_ZL13poly_buffer_1_2_4_ce1       |  14|          3|    1|          3|
    |p_ZL13poly_buffer_1_2_4_we0       |   9|          2|    1|          2|
    |p_ZL13poly_buffer_1_2_4_we1       |   9|          2|    1|          2|
    |p_ZL13poly_buffer_1_2_5_address0  |  14|          3|    9|         27|
    |p_ZL13poly_buffer_1_2_5_address1  |  14|          3|    9|         27|
    |p_ZL13poly_buffer_1_2_5_ce0       |  14|          3|    1|          3|
    |p_ZL13poly_buffer_1_2_5_ce1       |  14|          3|    1|          3|
    |p_ZL13poly_buffer_1_2_5_we0       |   9|          2|    1|          2|
    |p_ZL13poly_buffer_1_2_5_we1       |   9|          2|    1|          2|
    |p_ZL13poly_buffer_1_2_6_address0  |  14|          3|    9|         27|
    |p_ZL13poly_buffer_1_2_6_address1  |  14|          3|    9|         27|
    |p_ZL13poly_buffer_1_2_6_ce0       |  14|          3|    1|          3|
    |p_ZL13poly_buffer_1_2_6_ce1       |  14|          3|    1|          3|
    |p_ZL13poly_buffer_1_2_6_we0       |   9|          2|    1|          2|
    |p_ZL13poly_buffer_1_2_6_we1       |   9|          2|    1|          2|
    |p_ZL13poly_buffer_1_2_7_address0  |  14|          3|    9|         27|
    |p_ZL13poly_buffer_1_2_7_address1  |  14|          3|    9|         27|
    |p_ZL13poly_buffer_1_2_7_ce0       |  14|          3|    1|          3|
    |p_ZL13poly_buffer_1_2_7_ce1       |  14|          3|    1|          3|
    |p_ZL13poly_buffer_1_2_7_we0       |   9|          2|    1|          2|
    |p_ZL13poly_buffer_1_2_7_we1       |   9|          2|    1|          2|
    |p_ZL13poly_buffer_1_3_0_address0  |  14|          3|    9|         27|
    |p_ZL13poly_buffer_1_3_0_address1  |  14|          3|    9|         27|
    |p_ZL13poly_buffer_1_3_0_ce0       |  14|          3|    1|          3|
    |p_ZL13poly_buffer_1_3_0_ce1       |  14|          3|    1|          3|
    |p_ZL13poly_buffer_1_3_0_we0       |   9|          2|    1|          2|
    |p_ZL13poly_buffer_1_3_0_we1       |   9|          2|    1|          2|
    |p_ZL13poly_buffer_1_3_1_address0  |  14|          3|    9|         27|
    |p_ZL13poly_buffer_1_3_1_address1  |  14|          3|    9|         27|
    |p_ZL13poly_buffer_1_3_1_ce0       |  14|          3|    1|          3|
    |p_ZL13poly_buffer_1_3_1_ce1       |  14|          3|    1|          3|
    |p_ZL13poly_buffer_1_3_1_we0       |   9|          2|    1|          2|
    |p_ZL13poly_buffer_1_3_1_we1       |   9|          2|    1|          2|
    |p_ZL13poly_buffer_1_3_2_address0  |  14|          3|    9|         27|
    |p_ZL13poly_buffer_1_3_2_address1  |  14|          3|    9|         27|
    |p_ZL13poly_buffer_1_3_2_ce0       |  14|          3|    1|          3|
    |p_ZL13poly_buffer_1_3_2_ce1       |  14|          3|    1|          3|
    |p_ZL13poly_buffer_1_3_2_we0       |   9|          2|    1|          2|
    |p_ZL13poly_buffer_1_3_2_we1       |   9|          2|    1|          2|
    |p_ZL13poly_buffer_1_3_3_address0  |  14|          3|    9|         27|
    |p_ZL13poly_buffer_1_3_3_address1  |  14|          3|    9|         27|
    |p_ZL13poly_buffer_1_3_3_ce0       |  14|          3|    1|          3|
    |p_ZL13poly_buffer_1_3_3_ce1       |  14|          3|    1|          3|
    |p_ZL13poly_buffer_1_3_3_we0       |   9|          2|    1|          2|
    |p_ZL13poly_buffer_1_3_3_we1       |   9|          2|    1|          2|
    |p_ZL13poly_buffer_1_3_4_address0  |  14|          3|    9|         27|
    |p_ZL13poly_buffer_1_3_4_address1  |  14|          3|    9|         27|
    |p_ZL13poly_buffer_1_3_4_ce0       |  14|          3|    1|          3|
    |p_ZL13poly_buffer_1_3_4_ce1       |  14|          3|    1|          3|
    |p_ZL13poly_buffer_1_3_4_we0       |   9|          2|    1|          2|
    |p_ZL13poly_buffer_1_3_4_we1       |   9|          2|    1|          2|
    |p_ZL13poly_buffer_1_3_5_address0  |  14|          3|    9|         27|
    |p_ZL13poly_buffer_1_3_5_address1  |  14|          3|    9|         27|
    |p_ZL13poly_buffer_1_3_5_ce0       |  14|          3|    1|          3|
    |p_ZL13poly_buffer_1_3_5_ce1       |  14|          3|    1|          3|
    |p_ZL13poly_buffer_1_3_5_we0       |   9|          2|    1|          2|
    |p_ZL13poly_buffer_1_3_5_we1       |   9|          2|    1|          2|
    |p_ZL13poly_buffer_1_3_6_address0  |  14|          3|    9|         27|
    |p_ZL13poly_buffer_1_3_6_address1  |  14|          3|    9|         27|
    |p_ZL13poly_buffer_1_3_6_ce0       |  14|          3|    1|          3|
    |p_ZL13poly_buffer_1_3_6_ce1       |  14|          3|    1|          3|
    |p_ZL13poly_buffer_1_3_6_we0       |   9|          2|    1|          2|
    |p_ZL13poly_buffer_1_3_6_we1       |   9|          2|    1|          2|
    |p_ZL13poly_buffer_1_3_7_address0  |  14|          3|    9|         27|
    |p_ZL13poly_buffer_1_3_7_address1  |  14|          3|    9|         27|
    |p_ZL13poly_buffer_1_3_7_ce0       |  14|          3|    1|          3|
    |p_ZL13poly_buffer_1_3_7_ce1       |  14|          3|    1|          3|
    |p_ZL13poly_buffer_1_3_7_we0       |   9|          2|    1|          2|
    |p_ZL13poly_buffer_1_3_7_we1       |   9|          2|    1|          2|
    |p_ZL13poly_buffer_1_4_0_address0  |  14|          3|    9|         27|
    |p_ZL13poly_buffer_1_4_0_address1  |  14|          3|    9|         27|
    |p_ZL13poly_buffer_1_4_0_ce0       |  14|          3|    1|          3|
    |p_ZL13poly_buffer_1_4_0_ce1       |  14|          3|    1|          3|
    |p_ZL13poly_buffer_1_4_0_we0       |   9|          2|    1|          2|
    |p_ZL13poly_buffer_1_4_0_we1       |   9|          2|    1|          2|
    |p_ZL13poly_buffer_1_4_1_address0  |  14|          3|    9|         27|
    |p_ZL13poly_buffer_1_4_1_address1  |  14|          3|    9|         27|
    |p_ZL13poly_buffer_1_4_1_ce0       |  14|          3|    1|          3|
    |p_ZL13poly_buffer_1_4_1_ce1       |  14|          3|    1|          3|
    |p_ZL13poly_buffer_1_4_1_we0       |   9|          2|    1|          2|
    |p_ZL13poly_buffer_1_4_1_we1       |   9|          2|    1|          2|
    |p_ZL13poly_buffer_1_4_2_address0  |  14|          3|    9|         27|
    |p_ZL13poly_buffer_1_4_2_address1  |  14|          3|    9|         27|
    |p_ZL13poly_buffer_1_4_2_ce0       |  14|          3|    1|          3|
    |p_ZL13poly_buffer_1_4_2_ce1       |  14|          3|    1|          3|
    |p_ZL13poly_buffer_1_4_2_we0       |   9|          2|    1|          2|
    |p_ZL13poly_buffer_1_4_2_we1       |   9|          2|    1|          2|
    |p_ZL13poly_buffer_1_4_3_address0  |  14|          3|    9|         27|
    |p_ZL13poly_buffer_1_4_3_address1  |  14|          3|    9|         27|
    |p_ZL13poly_buffer_1_4_3_ce0       |  14|          3|    1|          3|
    |p_ZL13poly_buffer_1_4_3_ce1       |  14|          3|    1|          3|
    |p_ZL13poly_buffer_1_4_3_we0       |   9|          2|    1|          2|
    |p_ZL13poly_buffer_1_4_3_we1       |   9|          2|    1|          2|
    |p_ZL13poly_buffer_1_4_4_address0  |  14|          3|    9|         27|
    |p_ZL13poly_buffer_1_4_4_address1  |  14|          3|    9|         27|
    |p_ZL13poly_buffer_1_4_4_ce0       |  14|          3|    1|          3|
    |p_ZL13poly_buffer_1_4_4_ce1       |  14|          3|    1|          3|
    |p_ZL13poly_buffer_1_4_4_we0       |   9|          2|    1|          2|
    |p_ZL13poly_buffer_1_4_4_we1       |   9|          2|    1|          2|
    |p_ZL13poly_buffer_1_4_5_address0  |  14|          3|    9|         27|
    |p_ZL13poly_buffer_1_4_5_address1  |  14|          3|    9|         27|
    |p_ZL13poly_buffer_1_4_5_ce0       |  14|          3|    1|          3|
    |p_ZL13poly_buffer_1_4_5_ce1       |  14|          3|    1|          3|
    |p_ZL13poly_buffer_1_4_5_we0       |   9|          2|    1|          2|
    |p_ZL13poly_buffer_1_4_5_we1       |   9|          2|    1|          2|
    |p_ZL13poly_buffer_1_4_6_address0  |  14|          3|    9|         27|
    |p_ZL13poly_buffer_1_4_6_address1  |  14|          3|    9|         27|
    |p_ZL13poly_buffer_1_4_6_ce0       |  14|          3|    1|          3|
    |p_ZL13poly_buffer_1_4_6_ce1       |  14|          3|    1|          3|
    |p_ZL13poly_buffer_1_4_6_we0       |   9|          2|    1|          2|
    |p_ZL13poly_buffer_1_4_6_we1       |   9|          2|    1|          2|
    |p_ZL13poly_buffer_1_4_7_address0  |  14|          3|    9|         27|
    |p_ZL13poly_buffer_1_4_7_address1  |  14|          3|    9|         27|
    |p_ZL13poly_buffer_1_4_7_ce0       |  14|          3|    1|          3|
    |p_ZL13poly_buffer_1_4_7_ce1       |  14|          3|    1|          3|
    |p_ZL13poly_buffer_1_4_7_we0       |   9|          2|    1|          2|
    |p_ZL13poly_buffer_1_4_7_we1       |   9|          2|    1|          2|
    |p_ZL13poly_buffer_1_5_0_address0  |  14|          3|    9|         27|
    |p_ZL13poly_buffer_1_5_0_address1  |  14|          3|    9|         27|
    |p_ZL13poly_buffer_1_5_0_ce0       |  14|          3|    1|          3|
    |p_ZL13poly_buffer_1_5_0_ce1       |  14|          3|    1|          3|
    |p_ZL13poly_buffer_1_5_0_we0       |   9|          2|    1|          2|
    |p_ZL13poly_buffer_1_5_0_we1       |   9|          2|    1|          2|
    |p_ZL13poly_buffer_1_5_1_address0  |  14|          3|    9|         27|
    |p_ZL13poly_buffer_1_5_1_address1  |  14|          3|    9|         27|
    |p_ZL13poly_buffer_1_5_1_ce0       |  14|          3|    1|          3|
    |p_ZL13poly_buffer_1_5_1_ce1       |  14|          3|    1|          3|
    |p_ZL13poly_buffer_1_5_1_we0       |   9|          2|    1|          2|
    |p_ZL13poly_buffer_1_5_1_we1       |   9|          2|    1|          2|
    |p_ZL13poly_buffer_1_5_2_address0  |  14|          3|    9|         27|
    |p_ZL13poly_buffer_1_5_2_address1  |  14|          3|    9|         27|
    |p_ZL13poly_buffer_1_5_2_ce0       |  14|          3|    1|          3|
    |p_ZL13poly_buffer_1_5_2_ce1       |  14|          3|    1|          3|
    |p_ZL13poly_buffer_1_5_2_we0       |   9|          2|    1|          2|
    |p_ZL13poly_buffer_1_5_2_we1       |   9|          2|    1|          2|
    |p_ZL13poly_buffer_1_5_3_address0  |  14|          3|    9|         27|
    |p_ZL13poly_buffer_1_5_3_address1  |  14|          3|    9|         27|
    |p_ZL13poly_buffer_1_5_3_ce0       |  14|          3|    1|          3|
    |p_ZL13poly_buffer_1_5_3_ce1       |  14|          3|    1|          3|
    |p_ZL13poly_buffer_1_5_3_we0       |   9|          2|    1|          2|
    |p_ZL13poly_buffer_1_5_3_we1       |   9|          2|    1|          2|
    |p_ZL13poly_buffer_1_5_4_address0  |  14|          3|    9|         27|
    |p_ZL13poly_buffer_1_5_4_address1  |  14|          3|    9|         27|
    |p_ZL13poly_buffer_1_5_4_ce0       |  14|          3|    1|          3|
    |p_ZL13poly_buffer_1_5_4_ce1       |  14|          3|    1|          3|
    |p_ZL13poly_buffer_1_5_4_we0       |   9|          2|    1|          2|
    |p_ZL13poly_buffer_1_5_4_we1       |   9|          2|    1|          2|
    |p_ZL13poly_buffer_1_5_5_address0  |  14|          3|    9|         27|
    |p_ZL13poly_buffer_1_5_5_address1  |  14|          3|    9|         27|
    |p_ZL13poly_buffer_1_5_5_ce0       |  14|          3|    1|          3|
    |p_ZL13poly_buffer_1_5_5_ce1       |  14|          3|    1|          3|
    |p_ZL13poly_buffer_1_5_5_we0       |   9|          2|    1|          2|
    |p_ZL13poly_buffer_1_5_5_we1       |   9|          2|    1|          2|
    |p_ZL13poly_buffer_1_5_6_address0  |  14|          3|    9|         27|
    |p_ZL13poly_buffer_1_5_6_address1  |  14|          3|    9|         27|
    |p_ZL13poly_buffer_1_5_6_ce0       |  14|          3|    1|          3|
    |p_ZL13poly_buffer_1_5_6_ce1       |  14|          3|    1|          3|
    |p_ZL13poly_buffer_1_5_6_we0       |   9|          2|    1|          2|
    |p_ZL13poly_buffer_1_5_6_we1       |   9|          2|    1|          2|
    |p_ZL13poly_buffer_1_5_7_address0  |  14|          3|    9|         27|
    |p_ZL13poly_buffer_1_5_7_address1  |  14|          3|    9|         27|
    |p_ZL13poly_buffer_1_5_7_ce0       |  14|          3|    1|          3|
    |p_ZL13poly_buffer_1_5_7_ce1       |  14|          3|    1|          3|
    |p_ZL13poly_buffer_1_5_7_we0       |   9|          2|    1|          2|
    |p_ZL13poly_buffer_1_5_7_we1       |   9|          2|    1|          2|
    |p_ZL13poly_buffer_1_6_0_address0  |  14|          3|    9|         27|
    |p_ZL13poly_buffer_1_6_0_address1  |  14|          3|    9|         27|
    |p_ZL13poly_buffer_1_6_0_ce0       |  14|          3|    1|          3|
    |p_ZL13poly_buffer_1_6_0_ce1       |  14|          3|    1|          3|
    |p_ZL13poly_buffer_1_6_0_we0       |   9|          2|    1|          2|
    |p_ZL13poly_buffer_1_6_0_we1       |   9|          2|    1|          2|
    |p_ZL13poly_buffer_1_6_1_address0  |  14|          3|    9|         27|
    |p_ZL13poly_buffer_1_6_1_address1  |  14|          3|    9|         27|
    |p_ZL13poly_buffer_1_6_1_ce0       |  14|          3|    1|          3|
    |p_ZL13poly_buffer_1_6_1_ce1       |  14|          3|    1|          3|
    |p_ZL13poly_buffer_1_6_1_we0       |   9|          2|    1|          2|
    |p_ZL13poly_buffer_1_6_1_we1       |   9|          2|    1|          2|
    |p_ZL13poly_buffer_1_6_2_address0  |  14|          3|    9|         27|
    |p_ZL13poly_buffer_1_6_2_address1  |  14|          3|    9|         27|
    |p_ZL13poly_buffer_1_6_2_ce0       |  14|          3|    1|          3|
    |p_ZL13poly_buffer_1_6_2_ce1       |  14|          3|    1|          3|
    |p_ZL13poly_buffer_1_6_2_we0       |   9|          2|    1|          2|
    |p_ZL13poly_buffer_1_6_2_we1       |   9|          2|    1|          2|
    |p_ZL13poly_buffer_1_6_3_address0  |  14|          3|    9|         27|
    |p_ZL13poly_buffer_1_6_3_address1  |  14|          3|    9|         27|
    |p_ZL13poly_buffer_1_6_3_ce0       |  14|          3|    1|          3|
    |p_ZL13poly_buffer_1_6_3_ce1       |  14|          3|    1|          3|
    |p_ZL13poly_buffer_1_6_3_we0       |   9|          2|    1|          2|
    |p_ZL13poly_buffer_1_6_3_we1       |   9|          2|    1|          2|
    |p_ZL13poly_buffer_1_6_4_address0  |  14|          3|    9|         27|
    |p_ZL13poly_buffer_1_6_4_address1  |  14|          3|    9|         27|
    |p_ZL13poly_buffer_1_6_4_ce0       |  14|          3|    1|          3|
    |p_ZL13poly_buffer_1_6_4_ce1       |  14|          3|    1|          3|
    |p_ZL13poly_buffer_1_6_4_we0       |   9|          2|    1|          2|
    |p_ZL13poly_buffer_1_6_4_we1       |   9|          2|    1|          2|
    |p_ZL13poly_buffer_1_6_5_address0  |  14|          3|    9|         27|
    |p_ZL13poly_buffer_1_6_5_address1  |  14|          3|    9|         27|
    |p_ZL13poly_buffer_1_6_5_ce0       |  14|          3|    1|          3|
    |p_ZL13poly_buffer_1_6_5_ce1       |  14|          3|    1|          3|
    |p_ZL13poly_buffer_1_6_5_we0       |   9|          2|    1|          2|
    |p_ZL13poly_buffer_1_6_5_we1       |   9|          2|    1|          2|
    |p_ZL13poly_buffer_1_6_6_address0  |  14|          3|    9|         27|
    |p_ZL13poly_buffer_1_6_6_address1  |  14|          3|    9|         27|
    |p_ZL13poly_buffer_1_6_6_ce0       |  14|          3|    1|          3|
    |p_ZL13poly_buffer_1_6_6_ce1       |  14|          3|    1|          3|
    |p_ZL13poly_buffer_1_6_6_we0       |   9|          2|    1|          2|
    |p_ZL13poly_buffer_1_6_6_we1       |   9|          2|    1|          2|
    |p_ZL13poly_buffer_1_6_7_address0  |  14|          3|    9|         27|
    |p_ZL13poly_buffer_1_6_7_address1  |  14|          3|    9|         27|
    |p_ZL13poly_buffer_1_6_7_ce0       |  14|          3|    1|          3|
    |p_ZL13poly_buffer_1_6_7_ce1       |  14|          3|    1|          3|
    |p_ZL13poly_buffer_1_6_7_we0       |   9|          2|    1|          2|
    |p_ZL13poly_buffer_1_6_7_we1       |   9|          2|    1|          2|
    |p_ZL13poly_buffer_1_7_0_address0  |  14|          3|    9|         27|
    |p_ZL13poly_buffer_1_7_0_address1  |  14|          3|    9|         27|
    |p_ZL13poly_buffer_1_7_0_ce0       |  14|          3|    1|          3|
    |p_ZL13poly_buffer_1_7_0_ce1       |  14|          3|    1|          3|
    |p_ZL13poly_buffer_1_7_0_we0       |   9|          2|    1|          2|
    |p_ZL13poly_buffer_1_7_0_we1       |   9|          2|    1|          2|
    |p_ZL13poly_buffer_1_7_1_address0  |  14|          3|    9|         27|
    |p_ZL13poly_buffer_1_7_1_address1  |  14|          3|    9|         27|
    |p_ZL13poly_buffer_1_7_1_ce0       |  14|          3|    1|          3|
    |p_ZL13poly_buffer_1_7_1_ce1       |  14|          3|    1|          3|
    |p_ZL13poly_buffer_1_7_1_we0       |   9|          2|    1|          2|
    |p_ZL13poly_buffer_1_7_1_we1       |   9|          2|    1|          2|
    |p_ZL13poly_buffer_1_7_2_address0  |  14|          3|    9|         27|
    |p_ZL13poly_buffer_1_7_2_address1  |  14|          3|    9|         27|
    |p_ZL13poly_buffer_1_7_2_ce0       |  14|          3|    1|          3|
    |p_ZL13poly_buffer_1_7_2_ce1       |  14|          3|    1|          3|
    |p_ZL13poly_buffer_1_7_2_we0       |   9|          2|    1|          2|
    |p_ZL13poly_buffer_1_7_2_we1       |   9|          2|    1|          2|
    |p_ZL13poly_buffer_1_7_3_address0  |  14|          3|    9|         27|
    |p_ZL13poly_buffer_1_7_3_address1  |  14|          3|    9|         27|
    |p_ZL13poly_buffer_1_7_3_ce0       |  14|          3|    1|          3|
    |p_ZL13poly_buffer_1_7_3_ce1       |  14|          3|    1|          3|
    |p_ZL13poly_buffer_1_7_3_we0       |   9|          2|    1|          2|
    |p_ZL13poly_buffer_1_7_3_we1       |   9|          2|    1|          2|
    |p_ZL13poly_buffer_1_7_4_address0  |  14|          3|    9|         27|
    |p_ZL13poly_buffer_1_7_4_address1  |  14|          3|    9|         27|
    |p_ZL13poly_buffer_1_7_4_ce0       |  14|          3|    1|          3|
    |p_ZL13poly_buffer_1_7_4_ce1       |  14|          3|    1|          3|
    |p_ZL13poly_buffer_1_7_4_we0       |   9|          2|    1|          2|
    |p_ZL13poly_buffer_1_7_4_we1       |   9|          2|    1|          2|
    |p_ZL13poly_buffer_1_7_5_address0  |  14|          3|    9|         27|
    |p_ZL13poly_buffer_1_7_5_address1  |  14|          3|    9|         27|
    |p_ZL13poly_buffer_1_7_5_ce0       |  14|          3|    1|          3|
    |p_ZL13poly_buffer_1_7_5_ce1       |  14|          3|    1|          3|
    |p_ZL13poly_buffer_1_7_5_we0       |   9|          2|    1|          2|
    |p_ZL13poly_buffer_1_7_5_we1       |   9|          2|    1|          2|
    |p_ZL13poly_buffer_1_7_6_address0  |  14|          3|    9|         27|
    |p_ZL13poly_buffer_1_7_6_address1  |  14|          3|    9|         27|
    |p_ZL13poly_buffer_1_7_6_ce0       |  14|          3|    1|          3|
    |p_ZL13poly_buffer_1_7_6_ce1       |  14|          3|    1|          3|
    |p_ZL13poly_buffer_1_7_6_we0       |   9|          2|    1|          2|
    |p_ZL13poly_buffer_1_7_6_we1       |   9|          2|    1|          2|
    |p_ZL13poly_buffer_1_7_7_address0  |  14|          3|    9|         27|
    |p_ZL13poly_buffer_1_7_7_address1  |  14|          3|    9|         27|
    |p_ZL13poly_buffer_1_7_7_ce0       |  14|          3|    1|          3|
    |p_ZL13poly_buffer_1_7_7_ce1       |  14|          3|    1|          3|
    |p_ZL13poly_buffer_1_7_7_we0       |   9|          2|    1|          2|
    |p_ZL13poly_buffer_1_7_7_we1       |   9|          2|    1|          2|
    |scratch_0_address0                |  14|          3|    9|         27|
    |scratch_0_address1                |  14|          3|    9|         27|
    |scratch_0_ce0                     |  14|          3|    1|          3|
    |scratch_0_ce1                     |  14|          3|    1|          3|
    |scratch_0_we0                     |   9|          2|    1|          2|
    |scratch_0_we1                     |   9|          2|    1|          2|
    |scratch_1_address0                |  14|          3|    9|         27|
    |scratch_1_address1                |  14|          3|    9|         27|
    |scratch_1_ce0                     |  14|          3|    1|          3|
    |scratch_1_ce1                     |  14|          3|    1|          3|
    |scratch_1_we0                     |   9|          2|    1|          2|
    |scratch_1_we1                     |   9|          2|    1|          2|
    |scratch_2_address0                |  14|          3|    9|         27|
    |scratch_2_address1                |  14|          3|    9|         27|
    |scratch_2_ce0                     |  14|          3|    1|          3|
    |scratch_2_ce1                     |  14|          3|    1|          3|
    |scratch_2_we0                     |   9|          2|    1|          2|
    |scratch_2_we1                     |   9|          2|    1|          2|
    |scratch_3_address0                |  14|          3|    9|         27|
    |scratch_3_address1                |  14|          3|    9|         27|
    |scratch_3_ce0                     |  14|          3|    1|          3|
    |scratch_3_ce1                     |  14|          3|    1|          3|
    |scratch_3_we0                     |   9|          2|    1|          2|
    |scratch_3_we1                     |   9|          2|    1|          2|
    |scratch_4_address0                |  14|          3|    9|         27|
    |scratch_4_address1                |  14|          3|    9|         27|
    |scratch_4_ce0                     |  14|          3|    1|          3|
    |scratch_4_ce1                     |  14|          3|    1|          3|
    |scratch_4_we0                     |   9|          2|    1|          2|
    |scratch_4_we1                     |   9|          2|    1|          2|
    |scratch_5_address0                |  14|          3|    9|         27|
    |scratch_5_address1                |  14|          3|    9|         27|
    |scratch_5_ce0                     |  14|          3|    1|          3|
    |scratch_5_ce1                     |  14|          3|    1|          3|
    |scratch_5_we0                     |   9|          2|    1|          2|
    |scratch_5_we1                     |   9|          2|    1|          2|
    |scratch_6_address0                |  14|          3|    9|         27|
    |scratch_6_address1                |  14|          3|    9|         27|
    |scratch_6_ce0                     |  14|          3|    1|          3|
    |scratch_6_ce1                     |  14|          3|    1|          3|
    |scratch_6_we0                     |   9|          2|    1|          2|
    |scratch_6_we1                     |   9|          2|    1|          2|
    |scratch_7_address0                |  14|          3|    9|         27|
    |scratch_7_address1                |  14|          3|    9|         27|
    |scratch_7_ce0                     |  14|          3|    1|          3|
    |scratch_7_ce1                     |  14|          3|    1|          3|
    |scratch_7_we0                     |   9|          2|    1|          2|
    |scratch_7_we1                     |   9|          2|    1|          2|
    |stage_fu_400                      |   9|          2|    4|          8|
    +----------------------------------+----+-----------+-----+-----------+
    |Total                             |8336|       1796| 4117|      12206|
    +----------------------------------+----+-----------+-----+-----------+

    * Register: 
    +-------------------------------------------------------------------------+----+----+-----+-----------+
    |                                   Name                                  | FF | LUT| Bits| Const Bits|
    +-------------------------------------------------------------------------+----+----+-----+-----------+
    |ap_CS_fsm                                                                |   5|   0|    5|          0|
    |grp_CG_Transform_Work_Pipeline_WORK_BUTTERFLY_LOOP3_fu_788_ap_start_reg  |   1|   0|    1|          0|
    |grp_CG_Transform_Work_Pipeline_WORK_BUTTERFLY_LOOP_fu_440_ap_start_reg   |   1|   0|    1|          0|
    |select_ln302_1_reg_1282                                                  |   4|   0|    4|          0|
    |select_ln302_reg_1277                                                    |   4|   0|    4|          0|
    |stage_2_reg_1268                                                         |   4|   0|    4|          0|
    |stage_fu_400                                                             |   4|   0|    4|          0|
    |tmp_reg_1256                                                             |   3|   0|   12|          9|
    |trunc_ln_reg_1262                                                        |  63|   0|   63|          0|
    +-------------------------------------------------------------------------+----+----+-----+-----------+
    |Total                                                                    |  89|   0|   98|          9|
    +-------------------------------------------------------------------------+----+----+-----+-----------+



================================================================
== Interface
================================================================
* Summary: 
+----------------------------------+-----+-----+------------+-------------------------+--------------+
|             RTL Ports            | Dir | Bits|  Protocol  |      Source Object      |    C Type    |
+----------------------------------+-----+-----+------------+-------------------------+--------------+
|ap_clk                            |   in|    1|  ap_ctrl_hs|        CG_Transform_Work|  return value|
|ap_rst                            |   in|    1|  ap_ctrl_hs|        CG_Transform_Work|  return value|
|ap_start                          |   in|    1|  ap_ctrl_hs|        CG_Transform_Work|  return value|
|ap_done                           |  out|    1|  ap_ctrl_hs|        CG_Transform_Work|  return value|
|ap_idle                           |  out|    1|  ap_ctrl_hs|        CG_Transform_Work|  return value|
|ap_ready                          |  out|    1|  ap_ctrl_hs|        CG_Transform_Work|  return value|
|grp_MultMod_1_fu_836_p_din1       |  out|   64|  ap_ctrl_hs|        CG_Transform_Work|  return value|
|grp_MultMod_1_fu_836_p_din2       |  out|   64|  ap_ctrl_hs|        CG_Transform_Work|  return value|
|grp_MultMod_1_fu_836_p_din3       |  out|   64|  ap_ctrl_hs|        CG_Transform_Work|  return value|
|grp_MultMod_1_fu_836_p_din4       |  out|   64|  ap_ctrl_hs|        CG_Transform_Work|  return value|
|grp_MultMod_1_fu_836_p_din5       |  out|   64|  ap_ctrl_hs|        CG_Transform_Work|  return value|
|grp_MultMod_1_fu_836_p_dout0      |   in|   64|  ap_ctrl_hs|        CG_Transform_Work|  return value|
|grp_MultMod_1_fu_844_p_din1       |  out|   64|  ap_ctrl_hs|        CG_Transform_Work|  return value|
|grp_MultMod_1_fu_844_p_din2       |  out|   64|  ap_ctrl_hs|        CG_Transform_Work|  return value|
|grp_MultMod_1_fu_844_p_din3       |  out|   64|  ap_ctrl_hs|        CG_Transform_Work|  return value|
|grp_MultMod_1_fu_844_p_din4       |  out|   64|  ap_ctrl_hs|        CG_Transform_Work|  return value|
|grp_MultMod_1_fu_844_p_din5       |  out|   64|  ap_ctrl_hs|        CG_Transform_Work|  return value|
|grp_MultMod_1_fu_844_p_dout0      |   in|   64|  ap_ctrl_hs|        CG_Transform_Work|  return value|
|grp_MultMod_1_fu_852_p_din1       |  out|   64|  ap_ctrl_hs|        CG_Transform_Work|  return value|
|grp_MultMod_1_fu_852_p_din2       |  out|   64|  ap_ctrl_hs|        CG_Transform_Work|  return value|
|grp_MultMod_1_fu_852_p_din3       |  out|   64|  ap_ctrl_hs|        CG_Transform_Work|  return value|
|grp_MultMod_1_fu_852_p_din4       |  out|   64|  ap_ctrl_hs|        CG_Transform_Work|  return value|
|grp_MultMod_1_fu_852_p_din5       |  out|   64|  ap_ctrl_hs|        CG_Transform_Work|  return value|
|grp_MultMod_1_fu_852_p_dout0      |   in|   64|  ap_ctrl_hs|        CG_Transform_Work|  return value|
|grp_MultMod_1_fu_860_p_din1       |  out|   64|  ap_ctrl_hs|        CG_Transform_Work|  return value|
|grp_MultMod_1_fu_860_p_din2       |  out|   64|  ap_ctrl_hs|        CG_Transform_Work|  return value|
|grp_MultMod_1_fu_860_p_din3       |  out|   64|  ap_ctrl_hs|        CG_Transform_Work|  return value|
|grp_MultMod_1_fu_860_p_din4       |  out|   64|  ap_ctrl_hs|        CG_Transform_Work|  return value|
|grp_MultMod_1_fu_860_p_din5       |  out|   64|  ap_ctrl_hs|        CG_Transform_Work|  return value|
|grp_MultMod_1_fu_860_p_dout0      |   in|   64|  ap_ctrl_hs|        CG_Transform_Work|  return value|
|tower                             |   in|    3|     ap_none|                    tower|        scalar|
|scratch_0_address0                |  out|    9|   ap_memory|                scratch_0|         array|
|scratch_0_ce0                     |  out|    1|   ap_memory|                scratch_0|         array|
|scratch_0_we0                     |  out|    1|   ap_memory|                scratch_0|         array|
|scratch_0_d0                      |  out|   64|   ap_memory|                scratch_0|         array|
|scratch_0_q0                      |   in|   64|   ap_memory|                scratch_0|         array|
|scratch_0_address1                |  out|    9|   ap_memory|                scratch_0|         array|
|scratch_0_ce1                     |  out|    1|   ap_memory|                scratch_0|         array|
|scratch_0_we1                     |  out|    1|   ap_memory|                scratch_0|         array|
|scratch_0_d1                      |  out|   64|   ap_memory|                scratch_0|         array|
|scratch_0_q1                      |   in|   64|   ap_memory|                scratch_0|         array|
|scratch_1_address0                |  out|    9|   ap_memory|                scratch_1|         array|
|scratch_1_ce0                     |  out|    1|   ap_memory|                scratch_1|         array|
|scratch_1_we0                     |  out|    1|   ap_memory|                scratch_1|         array|
|scratch_1_d0                      |  out|   64|   ap_memory|                scratch_1|         array|
|scratch_1_q0                      |   in|   64|   ap_memory|                scratch_1|         array|
|scratch_1_address1                |  out|    9|   ap_memory|                scratch_1|         array|
|scratch_1_ce1                     |  out|    1|   ap_memory|                scratch_1|         array|
|scratch_1_we1                     |  out|    1|   ap_memory|                scratch_1|         array|
|scratch_1_d1                      |  out|   64|   ap_memory|                scratch_1|         array|
|scratch_1_q1                      |   in|   64|   ap_memory|                scratch_1|         array|
|scratch_2_address0                |  out|    9|   ap_memory|                scratch_2|         array|
|scratch_2_ce0                     |  out|    1|   ap_memory|                scratch_2|         array|
|scratch_2_we0                     |  out|    1|   ap_memory|                scratch_2|         array|
|scratch_2_d0                      |  out|   64|   ap_memory|                scratch_2|         array|
|scratch_2_q0                      |   in|   64|   ap_memory|                scratch_2|         array|
|scratch_2_address1                |  out|    9|   ap_memory|                scratch_2|         array|
|scratch_2_ce1                     |  out|    1|   ap_memory|                scratch_2|         array|
|scratch_2_we1                     |  out|    1|   ap_memory|                scratch_2|         array|
|scratch_2_d1                      |  out|   64|   ap_memory|                scratch_2|         array|
|scratch_2_q1                      |   in|   64|   ap_memory|                scratch_2|         array|
|scratch_3_address0                |  out|    9|   ap_memory|                scratch_3|         array|
|scratch_3_ce0                     |  out|    1|   ap_memory|                scratch_3|         array|
|scratch_3_we0                     |  out|    1|   ap_memory|                scratch_3|         array|
|scratch_3_d0                      |  out|   64|   ap_memory|                scratch_3|         array|
|scratch_3_q0                      |   in|   64|   ap_memory|                scratch_3|         array|
|scratch_3_address1                |  out|    9|   ap_memory|                scratch_3|         array|
|scratch_3_ce1                     |  out|    1|   ap_memory|                scratch_3|         array|
|scratch_3_we1                     |  out|    1|   ap_memory|                scratch_3|         array|
|scratch_3_d1                      |  out|   64|   ap_memory|                scratch_3|         array|
|scratch_3_q1                      |   in|   64|   ap_memory|                scratch_3|         array|
|scratch_4_address0                |  out|    9|   ap_memory|                scratch_4|         array|
|scratch_4_ce0                     |  out|    1|   ap_memory|                scratch_4|         array|
|scratch_4_we0                     |  out|    1|   ap_memory|                scratch_4|         array|
|scratch_4_d0                      |  out|   64|   ap_memory|                scratch_4|         array|
|scratch_4_q0                      |   in|   64|   ap_memory|                scratch_4|         array|
|scratch_4_address1                |  out|    9|   ap_memory|                scratch_4|         array|
|scratch_4_ce1                     |  out|    1|   ap_memory|                scratch_4|         array|
|scratch_4_we1                     |  out|    1|   ap_memory|                scratch_4|         array|
|scratch_4_d1                      |  out|   64|   ap_memory|                scratch_4|         array|
|scratch_4_q1                      |   in|   64|   ap_memory|                scratch_4|         array|
|scratch_5_address0                |  out|    9|   ap_memory|                scratch_5|         array|
|scratch_5_ce0                     |  out|    1|   ap_memory|                scratch_5|         array|
|scratch_5_we0                     |  out|    1|   ap_memory|                scratch_5|         array|
|scratch_5_d0                      |  out|   64|   ap_memory|                scratch_5|         array|
|scratch_5_q0                      |   in|   64|   ap_memory|                scratch_5|         array|
|scratch_5_address1                |  out|    9|   ap_memory|                scratch_5|         array|
|scratch_5_ce1                     |  out|    1|   ap_memory|                scratch_5|         array|
|scratch_5_we1                     |  out|    1|   ap_memory|                scratch_5|         array|
|scratch_5_d1                      |  out|   64|   ap_memory|                scratch_5|         array|
|scratch_5_q1                      |   in|   64|   ap_memory|                scratch_5|         array|
|scratch_6_address0                |  out|    9|   ap_memory|                scratch_6|         array|
|scratch_6_ce0                     |  out|    1|   ap_memory|                scratch_6|         array|
|scratch_6_we0                     |  out|    1|   ap_memory|                scratch_6|         array|
|scratch_6_d0                      |  out|   64|   ap_memory|                scratch_6|         array|
|scratch_6_q0                      |   in|   64|   ap_memory|                scratch_6|         array|
|scratch_6_address1                |  out|    9|   ap_memory|                scratch_6|         array|
|scratch_6_ce1                     |  out|    1|   ap_memory|                scratch_6|         array|
|scratch_6_we1                     |  out|    1|   ap_memory|                scratch_6|         array|
|scratch_6_d1                      |  out|   64|   ap_memory|                scratch_6|         array|
|scratch_6_q1                      |   in|   64|   ap_memory|                scratch_6|         array|
|scratch_7_address0                |  out|    9|   ap_memory|                scratch_7|         array|
|scratch_7_ce0                     |  out|    1|   ap_memory|                scratch_7|         array|
|scratch_7_we0                     |  out|    1|   ap_memory|                scratch_7|         array|
|scratch_7_d0                      |  out|   64|   ap_memory|                scratch_7|         array|
|scratch_7_q0                      |   in|   64|   ap_memory|                scratch_7|         array|
|scratch_7_address1                |  out|    9|   ap_memory|                scratch_7|         array|
|scratch_7_ce1                     |  out|    1|   ap_memory|                scratch_7|         array|
|scratch_7_we1                     |  out|    1|   ap_memory|                scratch_7|         array|
|scratch_7_d1                      |  out|   64|   ap_memory|                scratch_7|         array|
|scratch_7_q1                      |   in|   64|   ap_memory|                scratch_7|         array|
|modulus                           |   in|   64|     ap_none|                  modulus|        scalar|
|S                                 |   in|   64|     ap_none|                        S|        scalar|
|M_barrett                         |   in|   64|     ap_none|                M_barrett|        scalar|
|ntt_twiddle_0_0_address0          |  out|   12|   ap_memory|          ntt_twiddle_0_0|         array|
|ntt_twiddle_0_0_ce0               |  out|    1|   ap_memory|          ntt_twiddle_0_0|         array|
|ntt_twiddle_0_0_q0                |   in|   64|   ap_memory|          ntt_twiddle_0_0|         array|
|ntt_twiddle_0_0_offset            |   in|    3|     ap_none|   ntt_twiddle_0_0_offset|        scalar|
|ntt_twiddle_0_1_address0          |  out|   12|   ap_memory|          ntt_twiddle_0_1|         array|
|ntt_twiddle_0_1_ce0               |  out|    1|   ap_memory|          ntt_twiddle_0_1|         array|
|ntt_twiddle_0_1_q0                |   in|   64|   ap_memory|          ntt_twiddle_0_1|         array|
|ntt_twiddle_0_2_address0          |  out|   12|   ap_memory|          ntt_twiddle_0_2|         array|
|ntt_twiddle_0_2_ce0               |  out|    1|   ap_memory|          ntt_twiddle_0_2|         array|
|ntt_twiddle_0_2_q0                |   in|   64|   ap_memory|          ntt_twiddle_0_2|         array|
|ntt_twiddle_0_3_address0          |  out|   12|   ap_memory|          ntt_twiddle_0_3|         array|
|ntt_twiddle_0_3_ce0               |  out|    1|   ap_memory|          ntt_twiddle_0_3|         array|
|ntt_twiddle_0_3_q0                |   in|   64|   ap_memory|          ntt_twiddle_0_3|         array|
|ntt_twiddle_1_0_address0          |  out|   12|   ap_memory|          ntt_twiddle_1_0|         array|
|ntt_twiddle_1_0_ce0               |  out|    1|   ap_memory|          ntt_twiddle_1_0|         array|
|ntt_twiddle_1_0_q0                |   in|   64|   ap_memory|          ntt_twiddle_1_0|         array|
|ntt_twiddle_1_1_address0          |  out|   12|   ap_memory|          ntt_twiddle_1_1|         array|
|ntt_twiddle_1_1_ce0               |  out|    1|   ap_memory|          ntt_twiddle_1_1|         array|
|ntt_twiddle_1_1_q0                |   in|   64|   ap_memory|          ntt_twiddle_1_1|         array|
|ntt_twiddle_1_2_address0          |  out|   12|   ap_memory|          ntt_twiddle_1_2|         array|
|ntt_twiddle_1_2_ce0               |  out|    1|   ap_memory|          ntt_twiddle_1_2|         array|
|ntt_twiddle_1_2_q0                |   in|   64|   ap_memory|          ntt_twiddle_1_2|         array|
|ntt_twiddle_1_3_address0          |  out|   12|   ap_memory|          ntt_twiddle_1_3|         array|
|ntt_twiddle_1_3_ce0               |  out|    1|   ap_memory|          ntt_twiddle_1_3|         array|
|ntt_twiddle_1_3_q0                |   in|   64|   ap_memory|          ntt_twiddle_1_3|         array|
|ntt_twiddle_2_0_address0          |  out|   12|   ap_memory|          ntt_twiddle_2_0|         array|
|ntt_twiddle_2_0_ce0               |  out|    1|   ap_memory|          ntt_twiddle_2_0|         array|
|ntt_twiddle_2_0_q0                |   in|   64|   ap_memory|          ntt_twiddle_2_0|         array|
|ntt_twiddle_2_1_address0          |  out|   12|   ap_memory|          ntt_twiddle_2_1|         array|
|ntt_twiddle_2_1_ce0               |  out|    1|   ap_memory|          ntt_twiddle_2_1|         array|
|ntt_twiddle_2_1_q0                |   in|   64|   ap_memory|          ntt_twiddle_2_1|         array|
|ntt_twiddle_2_2_address0          |  out|   12|   ap_memory|          ntt_twiddle_2_2|         array|
|ntt_twiddle_2_2_ce0               |  out|    1|   ap_memory|          ntt_twiddle_2_2|         array|
|ntt_twiddle_2_2_q0                |   in|   64|   ap_memory|          ntt_twiddle_2_2|         array|
|ntt_twiddle_2_3_address0          |  out|   12|   ap_memory|          ntt_twiddle_2_3|         array|
|ntt_twiddle_2_3_ce0               |  out|    1|   ap_memory|          ntt_twiddle_2_3|         array|
|ntt_twiddle_2_3_q0                |   in|   64|   ap_memory|          ntt_twiddle_2_3|         array|
|ntt_twiddle_3_0_address0          |  out|   12|   ap_memory|          ntt_twiddle_3_0|         array|
|ntt_twiddle_3_0_ce0               |  out|    1|   ap_memory|          ntt_twiddle_3_0|         array|
|ntt_twiddle_3_0_q0                |   in|   64|   ap_memory|          ntt_twiddle_3_0|         array|
|ntt_twiddle_3_1_address0          |  out|   12|   ap_memory|          ntt_twiddle_3_1|         array|
|ntt_twiddle_3_1_ce0               |  out|    1|   ap_memory|          ntt_twiddle_3_1|         array|
|ntt_twiddle_3_1_q0                |   in|   64|   ap_memory|          ntt_twiddle_3_1|         array|
|ntt_twiddle_3_2_address0          |  out|   12|   ap_memory|          ntt_twiddle_3_2|         array|
|ntt_twiddle_3_2_ce0               |  out|    1|   ap_memory|          ntt_twiddle_3_2|         array|
|ntt_twiddle_3_2_q0                |   in|   64|   ap_memory|          ntt_twiddle_3_2|         array|
|ntt_twiddle_3_3_address0          |  out|   12|   ap_memory|          ntt_twiddle_3_3|         array|
|ntt_twiddle_3_3_ce0               |  out|    1|   ap_memory|          ntt_twiddle_3_3|         array|
|ntt_twiddle_3_3_q0                |   in|   64|   ap_memory|          ntt_twiddle_3_3|         array|
|ntt_twiddle_4_0_address0          |  out|   12|   ap_memory|          ntt_twiddle_4_0|         array|
|ntt_twiddle_4_0_ce0               |  out|    1|   ap_memory|          ntt_twiddle_4_0|         array|
|ntt_twiddle_4_0_q0                |   in|   64|   ap_memory|          ntt_twiddle_4_0|         array|
|ntt_twiddle_4_1_address0          |  out|   12|   ap_memory|          ntt_twiddle_4_1|         array|
|ntt_twiddle_4_1_ce0               |  out|    1|   ap_memory|          ntt_twiddle_4_1|         array|
|ntt_twiddle_4_1_q0                |   in|   64|   ap_memory|          ntt_twiddle_4_1|         array|
|ntt_twiddle_4_2_address0          |  out|   12|   ap_memory|          ntt_twiddle_4_2|         array|
|ntt_twiddle_4_2_ce0               |  out|    1|   ap_memory|          ntt_twiddle_4_2|         array|
|ntt_twiddle_4_2_q0                |   in|   64|   ap_memory|          ntt_twiddle_4_2|         array|
|ntt_twiddle_4_3_address0          |  out|   12|   ap_memory|          ntt_twiddle_4_3|         array|
|ntt_twiddle_4_3_ce0               |  out|    1|   ap_memory|          ntt_twiddle_4_3|         array|
|ntt_twiddle_4_3_q0                |   in|   64|   ap_memory|          ntt_twiddle_4_3|         array|
|ntt_twiddle_5_0_address0          |  out|   12|   ap_memory|          ntt_twiddle_5_0|         array|
|ntt_twiddle_5_0_ce0               |  out|    1|   ap_memory|          ntt_twiddle_5_0|         array|
|ntt_twiddle_5_0_q0                |   in|   64|   ap_memory|          ntt_twiddle_5_0|         array|
|ntt_twiddle_5_1_address0          |  out|   12|   ap_memory|          ntt_twiddle_5_1|         array|
|ntt_twiddle_5_1_ce0               |  out|    1|   ap_memory|          ntt_twiddle_5_1|         array|
|ntt_twiddle_5_1_q0                |   in|   64|   ap_memory|          ntt_twiddle_5_1|         array|
|ntt_twiddle_5_2_address0          |  out|   12|   ap_memory|          ntt_twiddle_5_2|         array|
|ntt_twiddle_5_2_ce0               |  out|    1|   ap_memory|          ntt_twiddle_5_2|         array|
|ntt_twiddle_5_2_q0                |   in|   64|   ap_memory|          ntt_twiddle_5_2|         array|
|ntt_twiddle_5_3_address0          |  out|   12|   ap_memory|          ntt_twiddle_5_3|         array|
|ntt_twiddle_5_3_ce0               |  out|    1|   ap_memory|          ntt_twiddle_5_3|         array|
|ntt_twiddle_5_3_q0                |   in|   64|   ap_memory|          ntt_twiddle_5_3|         array|
|ntt_twiddle_6_0_address0          |  out|   12|   ap_memory|          ntt_twiddle_6_0|         array|
|ntt_twiddle_6_0_ce0               |  out|    1|   ap_memory|          ntt_twiddle_6_0|         array|
|ntt_twiddle_6_0_q0                |   in|   64|   ap_memory|          ntt_twiddle_6_0|         array|
|ntt_twiddle_6_1_address0          |  out|   12|   ap_memory|          ntt_twiddle_6_1|         array|
|ntt_twiddle_6_1_ce0               |  out|    1|   ap_memory|          ntt_twiddle_6_1|         array|
|ntt_twiddle_6_1_q0                |   in|   64|   ap_memory|          ntt_twiddle_6_1|         array|
|ntt_twiddle_6_2_address0          |  out|   12|   ap_memory|          ntt_twiddle_6_2|         array|
|ntt_twiddle_6_2_ce0               |  out|    1|   ap_memory|          ntt_twiddle_6_2|         array|
|ntt_twiddle_6_2_q0                |   in|   64|   ap_memory|          ntt_twiddle_6_2|         array|
|ntt_twiddle_6_3_address0          |  out|   12|   ap_memory|          ntt_twiddle_6_3|         array|
|ntt_twiddle_6_3_ce0               |  out|    1|   ap_memory|          ntt_twiddle_6_3|         array|
|ntt_twiddle_6_3_q0                |   in|   64|   ap_memory|          ntt_twiddle_6_3|         array|
|ntt_twiddle_7_0_address0          |  out|   12|   ap_memory|          ntt_twiddle_7_0|         array|
|ntt_twiddle_7_0_ce0               |  out|    1|   ap_memory|          ntt_twiddle_7_0|         array|
|ntt_twiddle_7_0_q0                |   in|   64|   ap_memory|          ntt_twiddle_7_0|         array|
|ntt_twiddle_7_1_address0          |  out|   12|   ap_memory|          ntt_twiddle_7_1|         array|
|ntt_twiddle_7_1_ce0               |  out|    1|   ap_memory|          ntt_twiddle_7_1|         array|
|ntt_twiddle_7_1_q0                |   in|   64|   ap_memory|          ntt_twiddle_7_1|         array|
|ntt_twiddle_7_2_address0          |  out|   12|   ap_memory|          ntt_twiddle_7_2|         array|
|ntt_twiddle_7_2_ce0               |  out|    1|   ap_memory|          ntt_twiddle_7_2|         array|
|ntt_twiddle_7_2_q0                |   in|   64|   ap_memory|          ntt_twiddle_7_2|         array|
|ntt_twiddle_7_3_address0          |  out|   12|   ap_memory|          ntt_twiddle_7_3|         array|
|ntt_twiddle_7_3_ce0               |  out|    1|   ap_memory|          ntt_twiddle_7_3|         array|
|ntt_twiddle_7_3_q0                |   in|   64|   ap_memory|          ntt_twiddle_7_3|         array|
|ntt_twiddle_8_0_address0          |  out|   12|   ap_memory|          ntt_twiddle_8_0|         array|
|ntt_twiddle_8_0_ce0               |  out|    1|   ap_memory|          ntt_twiddle_8_0|         array|
|ntt_twiddle_8_0_q0                |   in|   64|   ap_memory|          ntt_twiddle_8_0|         array|
|ntt_twiddle_8_1_address0          |  out|   12|   ap_memory|          ntt_twiddle_8_1|         array|
|ntt_twiddle_8_1_ce0               |  out|    1|   ap_memory|          ntt_twiddle_8_1|         array|
|ntt_twiddle_8_1_q0                |   in|   64|   ap_memory|          ntt_twiddle_8_1|         array|
|ntt_twiddle_8_2_address0          |  out|   12|   ap_memory|          ntt_twiddle_8_2|         array|
|ntt_twiddle_8_2_ce0               |  out|    1|   ap_memory|          ntt_twiddle_8_2|         array|
|ntt_twiddle_8_2_q0                |   in|   64|   ap_memory|          ntt_twiddle_8_2|         array|
|ntt_twiddle_8_3_address0          |  out|   12|   ap_memory|          ntt_twiddle_8_3|         array|
|ntt_twiddle_8_3_ce0               |  out|    1|   ap_memory|          ntt_twiddle_8_3|         array|
|ntt_twiddle_8_3_q0                |   in|   64|   ap_memory|          ntt_twiddle_8_3|         array|
|ntt_twiddle_9_0_address0          |  out|   12|   ap_memory|          ntt_twiddle_9_0|         array|
|ntt_twiddle_9_0_ce0               |  out|    1|   ap_memory|          ntt_twiddle_9_0|         array|
|ntt_twiddle_9_0_q0                |   in|   64|   ap_memory|          ntt_twiddle_9_0|         array|
|ntt_twiddle_9_1_address0          |  out|   12|   ap_memory|          ntt_twiddle_9_1|         array|
|ntt_twiddle_9_1_ce0               |  out|    1|   ap_memory|          ntt_twiddle_9_1|         array|
|ntt_twiddle_9_1_q0                |   in|   64|   ap_memory|          ntt_twiddle_9_1|         array|
|ntt_twiddle_9_2_address0          |  out|   12|   ap_memory|          ntt_twiddle_9_2|         array|
|ntt_twiddle_9_2_ce0               |  out|    1|   ap_memory|          ntt_twiddle_9_2|         array|
|ntt_twiddle_9_2_q0                |   in|   64|   ap_memory|          ntt_twiddle_9_2|         array|
|ntt_twiddle_9_3_address0          |  out|   12|   ap_memory|          ntt_twiddle_9_3|         array|
|ntt_twiddle_9_3_ce0               |  out|    1|   ap_memory|          ntt_twiddle_9_3|         array|
|ntt_twiddle_9_3_q0                |   in|   64|   ap_memory|          ntt_twiddle_9_3|         array|
|ntt_twiddle_10_0_address0         |  out|   12|   ap_memory|         ntt_twiddle_10_0|         array|
|ntt_twiddle_10_0_ce0              |  out|    1|   ap_memory|         ntt_twiddle_10_0|         array|
|ntt_twiddle_10_0_q0               |   in|   64|   ap_memory|         ntt_twiddle_10_0|         array|
|ntt_twiddle_10_1_address0         |  out|   12|   ap_memory|         ntt_twiddle_10_1|         array|
|ntt_twiddle_10_1_ce0              |  out|    1|   ap_memory|         ntt_twiddle_10_1|         array|
|ntt_twiddle_10_1_q0               |   in|   64|   ap_memory|         ntt_twiddle_10_1|         array|
|ntt_twiddle_10_2_address0         |  out|   12|   ap_memory|         ntt_twiddle_10_2|         array|
|ntt_twiddle_10_2_ce0              |  out|    1|   ap_memory|         ntt_twiddle_10_2|         array|
|ntt_twiddle_10_2_q0               |   in|   64|   ap_memory|         ntt_twiddle_10_2|         array|
|ntt_twiddle_10_3_address0         |  out|   12|   ap_memory|         ntt_twiddle_10_3|         array|
|ntt_twiddle_10_3_ce0              |  out|    1|   ap_memory|         ntt_twiddle_10_3|         array|
|ntt_twiddle_10_3_q0               |   in|   64|   ap_memory|         ntt_twiddle_10_3|         array|
|ntt_twiddle_11_0_address0         |  out|   12|   ap_memory|         ntt_twiddle_11_0|         array|
|ntt_twiddle_11_0_ce0              |  out|    1|   ap_memory|         ntt_twiddle_11_0|         array|
|ntt_twiddle_11_0_q0               |   in|   64|   ap_memory|         ntt_twiddle_11_0|         array|
|ntt_twiddle_11_1_address0         |  out|   12|   ap_memory|         ntt_twiddle_11_1|         array|
|ntt_twiddle_11_1_ce0              |  out|    1|   ap_memory|         ntt_twiddle_11_1|         array|
|ntt_twiddle_11_1_q0               |   in|   64|   ap_memory|         ntt_twiddle_11_1|         array|
|ntt_twiddle_11_2_address0         |  out|   12|   ap_memory|         ntt_twiddle_11_2|         array|
|ntt_twiddle_11_2_ce0              |  out|    1|   ap_memory|         ntt_twiddle_11_2|         array|
|ntt_twiddle_11_2_q0               |   in|   64|   ap_memory|         ntt_twiddle_11_2|         array|
|ntt_twiddle_11_3_address0         |  out|   12|   ap_memory|         ntt_twiddle_11_3|         array|
|ntt_twiddle_11_3_ce0              |  out|    1|   ap_memory|         ntt_twiddle_11_3|         array|
|ntt_twiddle_11_3_q0               |   in|   64|   ap_memory|         ntt_twiddle_11_3|         array|
|intt_twiddle_0_0_address0         |  out|   12|   ap_memory|         intt_twiddle_0_0|         array|
|intt_twiddle_0_0_ce0              |  out|    1|   ap_memory|         intt_twiddle_0_0|         array|
|intt_twiddle_0_0_q0               |   in|   64|   ap_memory|         intt_twiddle_0_0|         array|
|intt_twiddle_0_1_address0         |  out|   12|   ap_memory|         intt_twiddle_0_1|         array|
|intt_twiddle_0_1_ce0              |  out|    1|   ap_memory|         intt_twiddle_0_1|         array|
|intt_twiddle_0_1_q0               |   in|   64|   ap_memory|         intt_twiddle_0_1|         array|
|intt_twiddle_0_2_address0         |  out|   12|   ap_memory|         intt_twiddle_0_2|         array|
|intt_twiddle_0_2_ce0              |  out|    1|   ap_memory|         intt_twiddle_0_2|         array|
|intt_twiddle_0_2_q0               |   in|   64|   ap_memory|         intt_twiddle_0_2|         array|
|intt_twiddle_0_3_address0         |  out|   12|   ap_memory|         intt_twiddle_0_3|         array|
|intt_twiddle_0_3_ce0              |  out|    1|   ap_memory|         intt_twiddle_0_3|         array|
|intt_twiddle_0_3_q0               |   in|   64|   ap_memory|         intt_twiddle_0_3|         array|
|intt_twiddle_1_0_address0         |  out|   12|   ap_memory|         intt_twiddle_1_0|         array|
|intt_twiddle_1_0_ce0              |  out|    1|   ap_memory|         intt_twiddle_1_0|         array|
|intt_twiddle_1_0_q0               |   in|   64|   ap_memory|         intt_twiddle_1_0|         array|
|intt_twiddle_1_1_address0         |  out|   12|   ap_memory|         intt_twiddle_1_1|         array|
|intt_twiddle_1_1_ce0              |  out|    1|   ap_memory|         intt_twiddle_1_1|         array|
|intt_twiddle_1_1_q0               |   in|   64|   ap_memory|         intt_twiddle_1_1|         array|
|intt_twiddle_1_2_address0         |  out|   12|   ap_memory|         intt_twiddle_1_2|         array|
|intt_twiddle_1_2_ce0              |  out|    1|   ap_memory|         intt_twiddle_1_2|         array|
|intt_twiddle_1_2_q0               |   in|   64|   ap_memory|         intt_twiddle_1_2|         array|
|intt_twiddle_1_3_address0         |  out|   12|   ap_memory|         intt_twiddle_1_3|         array|
|intt_twiddle_1_3_ce0              |  out|    1|   ap_memory|         intt_twiddle_1_3|         array|
|intt_twiddle_1_3_q0               |   in|   64|   ap_memory|         intt_twiddle_1_3|         array|
|intt_twiddle_2_0_address0         |  out|   12|   ap_memory|         intt_twiddle_2_0|         array|
|intt_twiddle_2_0_ce0              |  out|    1|   ap_memory|         intt_twiddle_2_0|         array|
|intt_twiddle_2_0_q0               |   in|   64|   ap_memory|         intt_twiddle_2_0|         array|
|intt_twiddle_2_1_address0         |  out|   12|   ap_memory|         intt_twiddle_2_1|         array|
|intt_twiddle_2_1_ce0              |  out|    1|   ap_memory|         intt_twiddle_2_1|         array|
|intt_twiddle_2_1_q0               |   in|   64|   ap_memory|         intt_twiddle_2_1|         array|
|intt_twiddle_2_2_address0         |  out|   12|   ap_memory|         intt_twiddle_2_2|         array|
|intt_twiddle_2_2_ce0              |  out|    1|   ap_memory|         intt_twiddle_2_2|         array|
|intt_twiddle_2_2_q0               |   in|   64|   ap_memory|         intt_twiddle_2_2|         array|
|intt_twiddle_2_3_address0         |  out|   12|   ap_memory|         intt_twiddle_2_3|         array|
|intt_twiddle_2_3_ce0              |  out|    1|   ap_memory|         intt_twiddle_2_3|         array|
|intt_twiddle_2_3_q0               |   in|   64|   ap_memory|         intt_twiddle_2_3|         array|
|intt_twiddle_3_0_address0         |  out|   12|   ap_memory|         intt_twiddle_3_0|         array|
|intt_twiddle_3_0_ce0              |  out|    1|   ap_memory|         intt_twiddle_3_0|         array|
|intt_twiddle_3_0_q0               |   in|   64|   ap_memory|         intt_twiddle_3_0|         array|
|intt_twiddle_3_1_address0         |  out|   12|   ap_memory|         intt_twiddle_3_1|         array|
|intt_twiddle_3_1_ce0              |  out|    1|   ap_memory|         intt_twiddle_3_1|         array|
|intt_twiddle_3_1_q0               |   in|   64|   ap_memory|         intt_twiddle_3_1|         array|
|intt_twiddle_3_2_address0         |  out|   12|   ap_memory|         intt_twiddle_3_2|         array|
|intt_twiddle_3_2_ce0              |  out|    1|   ap_memory|         intt_twiddle_3_2|         array|
|intt_twiddle_3_2_q0               |   in|   64|   ap_memory|         intt_twiddle_3_2|         array|
|intt_twiddle_3_3_address0         |  out|   12|   ap_memory|         intt_twiddle_3_3|         array|
|intt_twiddle_3_3_ce0              |  out|    1|   ap_memory|         intt_twiddle_3_3|         array|
|intt_twiddle_3_3_q0               |   in|   64|   ap_memory|         intt_twiddle_3_3|         array|
|intt_twiddle_4_0_address0         |  out|   12|   ap_memory|         intt_twiddle_4_0|         array|
|intt_twiddle_4_0_ce0              |  out|    1|   ap_memory|         intt_twiddle_4_0|         array|
|intt_twiddle_4_0_q0               |   in|   64|   ap_memory|         intt_twiddle_4_0|         array|
|intt_twiddle_4_1_address0         |  out|   12|   ap_memory|         intt_twiddle_4_1|         array|
|intt_twiddle_4_1_ce0              |  out|    1|   ap_memory|         intt_twiddle_4_1|         array|
|intt_twiddle_4_1_q0               |   in|   64|   ap_memory|         intt_twiddle_4_1|         array|
|intt_twiddle_4_2_address0         |  out|   12|   ap_memory|         intt_twiddle_4_2|         array|
|intt_twiddle_4_2_ce0              |  out|    1|   ap_memory|         intt_twiddle_4_2|         array|
|intt_twiddle_4_2_q0               |   in|   64|   ap_memory|         intt_twiddle_4_2|         array|
|intt_twiddle_4_3_address0         |  out|   12|   ap_memory|         intt_twiddle_4_3|         array|
|intt_twiddle_4_3_ce0              |  out|    1|   ap_memory|         intt_twiddle_4_3|         array|
|intt_twiddle_4_3_q0               |   in|   64|   ap_memory|         intt_twiddle_4_3|         array|
|intt_twiddle_5_0_address0         |  out|   12|   ap_memory|         intt_twiddle_5_0|         array|
|intt_twiddle_5_0_ce0              |  out|    1|   ap_memory|         intt_twiddle_5_0|         array|
|intt_twiddle_5_0_q0               |   in|   64|   ap_memory|         intt_twiddle_5_0|         array|
|intt_twiddle_5_1_address0         |  out|   12|   ap_memory|         intt_twiddle_5_1|         array|
|intt_twiddle_5_1_ce0              |  out|    1|   ap_memory|         intt_twiddle_5_1|         array|
|intt_twiddle_5_1_q0               |   in|   64|   ap_memory|         intt_twiddle_5_1|         array|
|intt_twiddle_5_2_address0         |  out|   12|   ap_memory|         intt_twiddle_5_2|         array|
|intt_twiddle_5_2_ce0              |  out|    1|   ap_memory|         intt_twiddle_5_2|         array|
|intt_twiddle_5_2_q0               |   in|   64|   ap_memory|         intt_twiddle_5_2|         array|
|intt_twiddle_5_3_address0         |  out|   12|   ap_memory|         intt_twiddle_5_3|         array|
|intt_twiddle_5_3_ce0              |  out|    1|   ap_memory|         intt_twiddle_5_3|         array|
|intt_twiddle_5_3_q0               |   in|   64|   ap_memory|         intt_twiddle_5_3|         array|
|intt_twiddle_6_0_address0         |  out|   12|   ap_memory|         intt_twiddle_6_0|         array|
|intt_twiddle_6_0_ce0              |  out|    1|   ap_memory|         intt_twiddle_6_0|         array|
|intt_twiddle_6_0_q0               |   in|   64|   ap_memory|         intt_twiddle_6_0|         array|
|intt_twiddle_6_1_address0         |  out|   12|   ap_memory|         intt_twiddle_6_1|         array|
|intt_twiddle_6_1_ce0              |  out|    1|   ap_memory|         intt_twiddle_6_1|         array|
|intt_twiddle_6_1_q0               |   in|   64|   ap_memory|         intt_twiddle_6_1|         array|
|intt_twiddle_6_2_address0         |  out|   12|   ap_memory|         intt_twiddle_6_2|         array|
|intt_twiddle_6_2_ce0              |  out|    1|   ap_memory|         intt_twiddle_6_2|         array|
|intt_twiddle_6_2_q0               |   in|   64|   ap_memory|         intt_twiddle_6_2|         array|
|intt_twiddle_6_3_address0         |  out|   12|   ap_memory|         intt_twiddle_6_3|         array|
|intt_twiddle_6_3_ce0              |  out|    1|   ap_memory|         intt_twiddle_6_3|         array|
|intt_twiddle_6_3_q0               |   in|   64|   ap_memory|         intt_twiddle_6_3|         array|
|intt_twiddle_7_0_address0         |  out|   12|   ap_memory|         intt_twiddle_7_0|         array|
|intt_twiddle_7_0_ce0              |  out|    1|   ap_memory|         intt_twiddle_7_0|         array|
|intt_twiddle_7_0_q0               |   in|   64|   ap_memory|         intt_twiddle_7_0|         array|
|intt_twiddle_7_1_address0         |  out|   12|   ap_memory|         intt_twiddle_7_1|         array|
|intt_twiddle_7_1_ce0              |  out|    1|   ap_memory|         intt_twiddle_7_1|         array|
|intt_twiddle_7_1_q0               |   in|   64|   ap_memory|         intt_twiddle_7_1|         array|
|intt_twiddle_7_2_address0         |  out|   12|   ap_memory|         intt_twiddle_7_2|         array|
|intt_twiddle_7_2_ce0              |  out|    1|   ap_memory|         intt_twiddle_7_2|         array|
|intt_twiddle_7_2_q0               |   in|   64|   ap_memory|         intt_twiddle_7_2|         array|
|intt_twiddle_7_3_address0         |  out|   12|   ap_memory|         intt_twiddle_7_3|         array|
|intt_twiddle_7_3_ce0              |  out|    1|   ap_memory|         intt_twiddle_7_3|         array|
|intt_twiddle_7_3_q0               |   in|   64|   ap_memory|         intt_twiddle_7_3|         array|
|intt_twiddle_8_0_address0         |  out|   12|   ap_memory|         intt_twiddle_8_0|         array|
|intt_twiddle_8_0_ce0              |  out|    1|   ap_memory|         intt_twiddle_8_0|         array|
|intt_twiddle_8_0_q0               |   in|   64|   ap_memory|         intt_twiddle_8_0|         array|
|intt_twiddle_8_1_address0         |  out|   12|   ap_memory|         intt_twiddle_8_1|         array|
|intt_twiddle_8_1_ce0              |  out|    1|   ap_memory|         intt_twiddle_8_1|         array|
|intt_twiddle_8_1_q0               |   in|   64|   ap_memory|         intt_twiddle_8_1|         array|
|intt_twiddle_8_2_address0         |  out|   12|   ap_memory|         intt_twiddle_8_2|         array|
|intt_twiddle_8_2_ce0              |  out|    1|   ap_memory|         intt_twiddle_8_2|         array|
|intt_twiddle_8_2_q0               |   in|   64|   ap_memory|         intt_twiddle_8_2|         array|
|intt_twiddle_8_3_address0         |  out|   12|   ap_memory|         intt_twiddle_8_3|         array|
|intt_twiddle_8_3_ce0              |  out|    1|   ap_memory|         intt_twiddle_8_3|         array|
|intt_twiddle_8_3_q0               |   in|   64|   ap_memory|         intt_twiddle_8_3|         array|
|intt_twiddle_9_0_address0         |  out|   12|   ap_memory|         intt_twiddle_9_0|         array|
|intt_twiddle_9_0_ce0              |  out|    1|   ap_memory|         intt_twiddle_9_0|         array|
|intt_twiddle_9_0_q0               |   in|   64|   ap_memory|         intt_twiddle_9_0|         array|
|intt_twiddle_9_1_address0         |  out|   12|   ap_memory|         intt_twiddle_9_1|         array|
|intt_twiddle_9_1_ce0              |  out|    1|   ap_memory|         intt_twiddle_9_1|         array|
|intt_twiddle_9_1_q0               |   in|   64|   ap_memory|         intt_twiddle_9_1|         array|
|intt_twiddle_9_2_address0         |  out|   12|   ap_memory|         intt_twiddle_9_2|         array|
|intt_twiddle_9_2_ce0              |  out|    1|   ap_memory|         intt_twiddle_9_2|         array|
|intt_twiddle_9_2_q0               |   in|   64|   ap_memory|         intt_twiddle_9_2|         array|
|intt_twiddle_9_3_address0         |  out|   12|   ap_memory|         intt_twiddle_9_3|         array|
|intt_twiddle_9_3_ce0              |  out|    1|   ap_memory|         intt_twiddle_9_3|         array|
|intt_twiddle_9_3_q0               |   in|   64|   ap_memory|         intt_twiddle_9_3|         array|
|intt_twiddle_10_0_address0        |  out|   12|   ap_memory|        intt_twiddle_10_0|         array|
|intt_twiddle_10_0_ce0             |  out|    1|   ap_memory|        intt_twiddle_10_0|         array|
|intt_twiddle_10_0_q0              |   in|   64|   ap_memory|        intt_twiddle_10_0|         array|
|intt_twiddle_10_1_address0        |  out|   12|   ap_memory|        intt_twiddle_10_1|         array|
|intt_twiddle_10_1_ce0             |  out|    1|   ap_memory|        intt_twiddle_10_1|         array|
|intt_twiddle_10_1_q0              |   in|   64|   ap_memory|        intt_twiddle_10_1|         array|
|intt_twiddle_10_2_address0        |  out|   12|   ap_memory|        intt_twiddle_10_2|         array|
|intt_twiddle_10_2_ce0             |  out|    1|   ap_memory|        intt_twiddle_10_2|         array|
|intt_twiddle_10_2_q0              |   in|   64|   ap_memory|        intt_twiddle_10_2|         array|
|intt_twiddle_10_3_address0        |  out|   12|   ap_memory|        intt_twiddle_10_3|         array|
|intt_twiddle_10_3_ce0             |  out|    1|   ap_memory|        intt_twiddle_10_3|         array|
|intt_twiddle_10_3_q0              |   in|   64|   ap_memory|        intt_twiddle_10_3|         array|
|intt_twiddle_11_0_address0        |  out|   12|   ap_memory|        intt_twiddle_11_0|         array|
|intt_twiddle_11_0_ce0             |  out|    1|   ap_memory|        intt_twiddle_11_0|         array|
|intt_twiddle_11_0_q0              |   in|   64|   ap_memory|        intt_twiddle_11_0|         array|
|intt_twiddle_11_1_address0        |  out|   12|   ap_memory|        intt_twiddle_11_1|         array|
|intt_twiddle_11_1_ce0             |  out|    1|   ap_memory|        intt_twiddle_11_1|         array|
|intt_twiddle_11_1_q0              |   in|   64|   ap_memory|        intt_twiddle_11_1|         array|
|intt_twiddle_11_2_address0        |  out|   12|   ap_memory|        intt_twiddle_11_2|         array|
|intt_twiddle_11_2_ce0             |  out|    1|   ap_memory|        intt_twiddle_11_2|         array|
|intt_twiddle_11_2_q0              |   in|   64|   ap_memory|        intt_twiddle_11_2|         array|
|intt_twiddle_11_3_address0        |  out|   12|   ap_memory|        intt_twiddle_11_3|         array|
|intt_twiddle_11_3_ce0             |  out|    1|   ap_memory|        intt_twiddle_11_3|         array|
|intt_twiddle_11_3_q0              |   in|   64|   ap_memory|        intt_twiddle_11_3|         array|
|is_ntt                            |   in|    1|     ap_none|                   is_ntt|        scalar|
|p_ZL13poly_buffer_1_0_6_address0  |  out|    9|   ap_memory|  p_ZL13poly_buffer_1_0_6|         array|
|p_ZL13poly_buffer_1_0_6_ce0       |  out|    1|   ap_memory|  p_ZL13poly_buffer_1_0_6|         array|
|p_ZL13poly_buffer_1_0_6_we0       |  out|    1|   ap_memory|  p_ZL13poly_buffer_1_0_6|         array|
|p_ZL13poly_buffer_1_0_6_d0        |  out|   64|   ap_memory|  p_ZL13poly_buffer_1_0_6|         array|
|p_ZL13poly_buffer_1_0_6_q0        |   in|   64|   ap_memory|  p_ZL13poly_buffer_1_0_6|         array|
|p_ZL13poly_buffer_1_0_6_address1  |  out|    9|   ap_memory|  p_ZL13poly_buffer_1_0_6|         array|
|p_ZL13poly_buffer_1_0_6_ce1       |  out|    1|   ap_memory|  p_ZL13poly_buffer_1_0_6|         array|
|p_ZL13poly_buffer_1_0_6_we1       |  out|    1|   ap_memory|  p_ZL13poly_buffer_1_0_6|         array|
|p_ZL13poly_buffer_1_0_6_d1        |  out|   64|   ap_memory|  p_ZL13poly_buffer_1_0_6|         array|
|p_ZL13poly_buffer_1_0_6_q1        |   in|   64|   ap_memory|  p_ZL13poly_buffer_1_0_6|         array|
|p_ZL13poly_buffer_1_1_6_address0  |  out|    9|   ap_memory|  p_ZL13poly_buffer_1_1_6|         array|
|p_ZL13poly_buffer_1_1_6_ce0       |  out|    1|   ap_memory|  p_ZL13poly_buffer_1_1_6|         array|
|p_ZL13poly_buffer_1_1_6_we0       |  out|    1|   ap_memory|  p_ZL13poly_buffer_1_1_6|         array|
|p_ZL13poly_buffer_1_1_6_d0        |  out|   64|   ap_memory|  p_ZL13poly_buffer_1_1_6|         array|
|p_ZL13poly_buffer_1_1_6_q0        |   in|   64|   ap_memory|  p_ZL13poly_buffer_1_1_6|         array|
|p_ZL13poly_buffer_1_1_6_address1  |  out|    9|   ap_memory|  p_ZL13poly_buffer_1_1_6|         array|
|p_ZL13poly_buffer_1_1_6_ce1       |  out|    1|   ap_memory|  p_ZL13poly_buffer_1_1_6|         array|
|p_ZL13poly_buffer_1_1_6_we1       |  out|    1|   ap_memory|  p_ZL13poly_buffer_1_1_6|         array|
|p_ZL13poly_buffer_1_1_6_d1        |  out|   64|   ap_memory|  p_ZL13poly_buffer_1_1_6|         array|
|p_ZL13poly_buffer_1_1_6_q1        |   in|   64|   ap_memory|  p_ZL13poly_buffer_1_1_6|         array|
|p_ZL13poly_buffer_1_2_6_address0  |  out|    9|   ap_memory|  p_ZL13poly_buffer_1_2_6|         array|
|p_ZL13poly_buffer_1_2_6_ce0       |  out|    1|   ap_memory|  p_ZL13poly_buffer_1_2_6|         array|
|p_ZL13poly_buffer_1_2_6_we0       |  out|    1|   ap_memory|  p_ZL13poly_buffer_1_2_6|         array|
|p_ZL13poly_buffer_1_2_6_d0        |  out|   64|   ap_memory|  p_ZL13poly_buffer_1_2_6|         array|
|p_ZL13poly_buffer_1_2_6_q0        |   in|   64|   ap_memory|  p_ZL13poly_buffer_1_2_6|         array|
|p_ZL13poly_buffer_1_2_6_address1  |  out|    9|   ap_memory|  p_ZL13poly_buffer_1_2_6|         array|
|p_ZL13poly_buffer_1_2_6_ce1       |  out|    1|   ap_memory|  p_ZL13poly_buffer_1_2_6|         array|
|p_ZL13poly_buffer_1_2_6_we1       |  out|    1|   ap_memory|  p_ZL13poly_buffer_1_2_6|         array|
|p_ZL13poly_buffer_1_2_6_d1        |  out|   64|   ap_memory|  p_ZL13poly_buffer_1_2_6|         array|
|p_ZL13poly_buffer_1_2_6_q1        |   in|   64|   ap_memory|  p_ZL13poly_buffer_1_2_6|         array|
|p_ZL13poly_buffer_1_3_6_address0  |  out|    9|   ap_memory|  p_ZL13poly_buffer_1_3_6|         array|
|p_ZL13poly_buffer_1_3_6_ce0       |  out|    1|   ap_memory|  p_ZL13poly_buffer_1_3_6|         array|
|p_ZL13poly_buffer_1_3_6_we0       |  out|    1|   ap_memory|  p_ZL13poly_buffer_1_3_6|         array|
|p_ZL13poly_buffer_1_3_6_d0        |  out|   64|   ap_memory|  p_ZL13poly_buffer_1_3_6|         array|
|p_ZL13poly_buffer_1_3_6_q0        |   in|   64|   ap_memory|  p_ZL13poly_buffer_1_3_6|         array|
|p_ZL13poly_buffer_1_3_6_address1  |  out|    9|   ap_memory|  p_ZL13poly_buffer_1_3_6|         array|
|p_ZL13poly_buffer_1_3_6_ce1       |  out|    1|   ap_memory|  p_ZL13poly_buffer_1_3_6|         array|
|p_ZL13poly_buffer_1_3_6_we1       |  out|    1|   ap_memory|  p_ZL13poly_buffer_1_3_6|         array|
|p_ZL13poly_buffer_1_3_6_d1        |  out|   64|   ap_memory|  p_ZL13poly_buffer_1_3_6|         array|
|p_ZL13poly_buffer_1_3_6_q1        |   in|   64|   ap_memory|  p_ZL13poly_buffer_1_3_6|         array|
|p_ZL13poly_buffer_1_4_6_address0  |  out|    9|   ap_memory|  p_ZL13poly_buffer_1_4_6|         array|
|p_ZL13poly_buffer_1_4_6_ce0       |  out|    1|   ap_memory|  p_ZL13poly_buffer_1_4_6|         array|
|p_ZL13poly_buffer_1_4_6_we0       |  out|    1|   ap_memory|  p_ZL13poly_buffer_1_4_6|         array|
|p_ZL13poly_buffer_1_4_6_d0        |  out|   64|   ap_memory|  p_ZL13poly_buffer_1_4_6|         array|
|p_ZL13poly_buffer_1_4_6_q0        |   in|   64|   ap_memory|  p_ZL13poly_buffer_1_4_6|         array|
|p_ZL13poly_buffer_1_4_6_address1  |  out|    9|   ap_memory|  p_ZL13poly_buffer_1_4_6|         array|
|p_ZL13poly_buffer_1_4_6_ce1       |  out|    1|   ap_memory|  p_ZL13poly_buffer_1_4_6|         array|
|p_ZL13poly_buffer_1_4_6_we1       |  out|    1|   ap_memory|  p_ZL13poly_buffer_1_4_6|         array|
|p_ZL13poly_buffer_1_4_6_d1        |  out|   64|   ap_memory|  p_ZL13poly_buffer_1_4_6|         array|
|p_ZL13poly_buffer_1_4_6_q1        |   in|   64|   ap_memory|  p_ZL13poly_buffer_1_4_6|         array|
|p_ZL13poly_buffer_1_5_6_address0  |  out|    9|   ap_memory|  p_ZL13poly_buffer_1_5_6|         array|
|p_ZL13poly_buffer_1_5_6_ce0       |  out|    1|   ap_memory|  p_ZL13poly_buffer_1_5_6|         array|
|p_ZL13poly_buffer_1_5_6_we0       |  out|    1|   ap_memory|  p_ZL13poly_buffer_1_5_6|         array|
|p_ZL13poly_buffer_1_5_6_d0        |  out|   64|   ap_memory|  p_ZL13poly_buffer_1_5_6|         array|
|p_ZL13poly_buffer_1_5_6_q0        |   in|   64|   ap_memory|  p_ZL13poly_buffer_1_5_6|         array|
|p_ZL13poly_buffer_1_5_6_address1  |  out|    9|   ap_memory|  p_ZL13poly_buffer_1_5_6|         array|
|p_ZL13poly_buffer_1_5_6_ce1       |  out|    1|   ap_memory|  p_ZL13poly_buffer_1_5_6|         array|
|p_ZL13poly_buffer_1_5_6_we1       |  out|    1|   ap_memory|  p_ZL13poly_buffer_1_5_6|         array|
|p_ZL13poly_buffer_1_5_6_d1        |  out|   64|   ap_memory|  p_ZL13poly_buffer_1_5_6|         array|
|p_ZL13poly_buffer_1_5_6_q1        |   in|   64|   ap_memory|  p_ZL13poly_buffer_1_5_6|         array|
|p_ZL13poly_buffer_1_6_6_address0  |  out|    9|   ap_memory|  p_ZL13poly_buffer_1_6_6|         array|
|p_ZL13poly_buffer_1_6_6_ce0       |  out|    1|   ap_memory|  p_ZL13poly_buffer_1_6_6|         array|
|p_ZL13poly_buffer_1_6_6_we0       |  out|    1|   ap_memory|  p_ZL13poly_buffer_1_6_6|         array|
|p_ZL13poly_buffer_1_6_6_d0        |  out|   64|   ap_memory|  p_ZL13poly_buffer_1_6_6|         array|
|p_ZL13poly_buffer_1_6_6_q0        |   in|   64|   ap_memory|  p_ZL13poly_buffer_1_6_6|         array|
|p_ZL13poly_buffer_1_6_6_address1  |  out|    9|   ap_memory|  p_ZL13poly_buffer_1_6_6|         array|
|p_ZL13poly_buffer_1_6_6_ce1       |  out|    1|   ap_memory|  p_ZL13poly_buffer_1_6_6|         array|
|p_ZL13poly_buffer_1_6_6_we1       |  out|    1|   ap_memory|  p_ZL13poly_buffer_1_6_6|         array|
|p_ZL13poly_buffer_1_6_6_d1        |  out|   64|   ap_memory|  p_ZL13poly_buffer_1_6_6|         array|
|p_ZL13poly_buffer_1_6_6_q1        |   in|   64|   ap_memory|  p_ZL13poly_buffer_1_6_6|         array|
|p_ZL13poly_buffer_1_7_6_address0  |  out|    9|   ap_memory|  p_ZL13poly_buffer_1_7_6|         array|
|p_ZL13poly_buffer_1_7_6_ce0       |  out|    1|   ap_memory|  p_ZL13poly_buffer_1_7_6|         array|
|p_ZL13poly_buffer_1_7_6_we0       |  out|    1|   ap_memory|  p_ZL13poly_buffer_1_7_6|         array|
|p_ZL13poly_buffer_1_7_6_d0        |  out|   64|   ap_memory|  p_ZL13poly_buffer_1_7_6|         array|
|p_ZL13poly_buffer_1_7_6_q0        |   in|   64|   ap_memory|  p_ZL13poly_buffer_1_7_6|         array|
|p_ZL13poly_buffer_1_7_6_address1  |  out|    9|   ap_memory|  p_ZL13poly_buffer_1_7_6|         array|
|p_ZL13poly_buffer_1_7_6_ce1       |  out|    1|   ap_memory|  p_ZL13poly_buffer_1_7_6|         array|
|p_ZL13poly_buffer_1_7_6_we1       |  out|    1|   ap_memory|  p_ZL13poly_buffer_1_7_6|         array|
|p_ZL13poly_buffer_1_7_6_d1        |  out|   64|   ap_memory|  p_ZL13poly_buffer_1_7_6|         array|
|p_ZL13poly_buffer_1_7_6_q1        |   in|   64|   ap_memory|  p_ZL13poly_buffer_1_7_6|         array|
|p_ZL13poly_buffer_1_0_7_address0  |  out|    9|   ap_memory|  p_ZL13poly_buffer_1_0_7|         array|
|p_ZL13poly_buffer_1_0_7_ce0       |  out|    1|   ap_memory|  p_ZL13poly_buffer_1_0_7|         array|
|p_ZL13poly_buffer_1_0_7_we0       |  out|    1|   ap_memory|  p_ZL13poly_buffer_1_0_7|         array|
|p_ZL13poly_buffer_1_0_7_d0        |  out|   64|   ap_memory|  p_ZL13poly_buffer_1_0_7|         array|
|p_ZL13poly_buffer_1_0_7_q0        |   in|   64|   ap_memory|  p_ZL13poly_buffer_1_0_7|         array|
|p_ZL13poly_buffer_1_0_7_address1  |  out|    9|   ap_memory|  p_ZL13poly_buffer_1_0_7|         array|
|p_ZL13poly_buffer_1_0_7_ce1       |  out|    1|   ap_memory|  p_ZL13poly_buffer_1_0_7|         array|
|p_ZL13poly_buffer_1_0_7_we1       |  out|    1|   ap_memory|  p_ZL13poly_buffer_1_0_7|         array|
|p_ZL13poly_buffer_1_0_7_d1        |  out|   64|   ap_memory|  p_ZL13poly_buffer_1_0_7|         array|
|p_ZL13poly_buffer_1_0_7_q1        |   in|   64|   ap_memory|  p_ZL13poly_buffer_1_0_7|         array|
|p_ZL13poly_buffer_1_1_7_address0  |  out|    9|   ap_memory|  p_ZL13poly_buffer_1_1_7|         array|
|p_ZL13poly_buffer_1_1_7_ce0       |  out|    1|   ap_memory|  p_ZL13poly_buffer_1_1_7|         array|
|p_ZL13poly_buffer_1_1_7_we0       |  out|    1|   ap_memory|  p_ZL13poly_buffer_1_1_7|         array|
|p_ZL13poly_buffer_1_1_7_d0        |  out|   64|   ap_memory|  p_ZL13poly_buffer_1_1_7|         array|
|p_ZL13poly_buffer_1_1_7_q0        |   in|   64|   ap_memory|  p_ZL13poly_buffer_1_1_7|         array|
|p_ZL13poly_buffer_1_1_7_address1  |  out|    9|   ap_memory|  p_ZL13poly_buffer_1_1_7|         array|
|p_ZL13poly_buffer_1_1_7_ce1       |  out|    1|   ap_memory|  p_ZL13poly_buffer_1_1_7|         array|
|p_ZL13poly_buffer_1_1_7_we1       |  out|    1|   ap_memory|  p_ZL13poly_buffer_1_1_7|         array|
|p_ZL13poly_buffer_1_1_7_d1        |  out|   64|   ap_memory|  p_ZL13poly_buffer_1_1_7|         array|
|p_ZL13poly_buffer_1_1_7_q1        |   in|   64|   ap_memory|  p_ZL13poly_buffer_1_1_7|         array|
|p_ZL13poly_buffer_1_2_7_address0  |  out|    9|   ap_memory|  p_ZL13poly_buffer_1_2_7|         array|
|p_ZL13poly_buffer_1_2_7_ce0       |  out|    1|   ap_memory|  p_ZL13poly_buffer_1_2_7|         array|
|p_ZL13poly_buffer_1_2_7_we0       |  out|    1|   ap_memory|  p_ZL13poly_buffer_1_2_7|         array|
|p_ZL13poly_buffer_1_2_7_d0        |  out|   64|   ap_memory|  p_ZL13poly_buffer_1_2_7|         array|
|p_ZL13poly_buffer_1_2_7_q0        |   in|   64|   ap_memory|  p_ZL13poly_buffer_1_2_7|         array|
|p_ZL13poly_buffer_1_2_7_address1  |  out|    9|   ap_memory|  p_ZL13poly_buffer_1_2_7|         array|
|p_ZL13poly_buffer_1_2_7_ce1       |  out|    1|   ap_memory|  p_ZL13poly_buffer_1_2_7|         array|
|p_ZL13poly_buffer_1_2_7_we1       |  out|    1|   ap_memory|  p_ZL13poly_buffer_1_2_7|         array|
|p_ZL13poly_buffer_1_2_7_d1        |  out|   64|   ap_memory|  p_ZL13poly_buffer_1_2_7|         array|
|p_ZL13poly_buffer_1_2_7_q1        |   in|   64|   ap_memory|  p_ZL13poly_buffer_1_2_7|         array|
|p_ZL13poly_buffer_1_3_7_address0  |  out|    9|   ap_memory|  p_ZL13poly_buffer_1_3_7|         array|
|p_ZL13poly_buffer_1_3_7_ce0       |  out|    1|   ap_memory|  p_ZL13poly_buffer_1_3_7|         array|
|p_ZL13poly_buffer_1_3_7_we0       |  out|    1|   ap_memory|  p_ZL13poly_buffer_1_3_7|         array|
|p_ZL13poly_buffer_1_3_7_d0        |  out|   64|   ap_memory|  p_ZL13poly_buffer_1_3_7|         array|
|p_ZL13poly_buffer_1_3_7_q0        |   in|   64|   ap_memory|  p_ZL13poly_buffer_1_3_7|         array|
|p_ZL13poly_buffer_1_3_7_address1  |  out|    9|   ap_memory|  p_ZL13poly_buffer_1_3_7|         array|
|p_ZL13poly_buffer_1_3_7_ce1       |  out|    1|   ap_memory|  p_ZL13poly_buffer_1_3_7|         array|
|p_ZL13poly_buffer_1_3_7_we1       |  out|    1|   ap_memory|  p_ZL13poly_buffer_1_3_7|         array|
|p_ZL13poly_buffer_1_3_7_d1        |  out|   64|   ap_memory|  p_ZL13poly_buffer_1_3_7|         array|
|p_ZL13poly_buffer_1_3_7_q1        |   in|   64|   ap_memory|  p_ZL13poly_buffer_1_3_7|         array|
|p_ZL13poly_buffer_1_4_7_address0  |  out|    9|   ap_memory|  p_ZL13poly_buffer_1_4_7|         array|
|p_ZL13poly_buffer_1_4_7_ce0       |  out|    1|   ap_memory|  p_ZL13poly_buffer_1_4_7|         array|
|p_ZL13poly_buffer_1_4_7_we0       |  out|    1|   ap_memory|  p_ZL13poly_buffer_1_4_7|         array|
|p_ZL13poly_buffer_1_4_7_d0        |  out|   64|   ap_memory|  p_ZL13poly_buffer_1_4_7|         array|
|p_ZL13poly_buffer_1_4_7_q0        |   in|   64|   ap_memory|  p_ZL13poly_buffer_1_4_7|         array|
|p_ZL13poly_buffer_1_4_7_address1  |  out|    9|   ap_memory|  p_ZL13poly_buffer_1_4_7|         array|
|p_ZL13poly_buffer_1_4_7_ce1       |  out|    1|   ap_memory|  p_ZL13poly_buffer_1_4_7|         array|
|p_ZL13poly_buffer_1_4_7_we1       |  out|    1|   ap_memory|  p_ZL13poly_buffer_1_4_7|         array|
|p_ZL13poly_buffer_1_4_7_d1        |  out|   64|   ap_memory|  p_ZL13poly_buffer_1_4_7|         array|
|p_ZL13poly_buffer_1_4_7_q1        |   in|   64|   ap_memory|  p_ZL13poly_buffer_1_4_7|         array|
|p_ZL13poly_buffer_1_5_7_address0  |  out|    9|   ap_memory|  p_ZL13poly_buffer_1_5_7|         array|
|p_ZL13poly_buffer_1_5_7_ce0       |  out|    1|   ap_memory|  p_ZL13poly_buffer_1_5_7|         array|
|p_ZL13poly_buffer_1_5_7_we0       |  out|    1|   ap_memory|  p_ZL13poly_buffer_1_5_7|         array|
|p_ZL13poly_buffer_1_5_7_d0        |  out|   64|   ap_memory|  p_ZL13poly_buffer_1_5_7|         array|
|p_ZL13poly_buffer_1_5_7_q0        |   in|   64|   ap_memory|  p_ZL13poly_buffer_1_5_7|         array|
|p_ZL13poly_buffer_1_5_7_address1  |  out|    9|   ap_memory|  p_ZL13poly_buffer_1_5_7|         array|
|p_ZL13poly_buffer_1_5_7_ce1       |  out|    1|   ap_memory|  p_ZL13poly_buffer_1_5_7|         array|
|p_ZL13poly_buffer_1_5_7_we1       |  out|    1|   ap_memory|  p_ZL13poly_buffer_1_5_7|         array|
|p_ZL13poly_buffer_1_5_7_d1        |  out|   64|   ap_memory|  p_ZL13poly_buffer_1_5_7|         array|
|p_ZL13poly_buffer_1_5_7_q1        |   in|   64|   ap_memory|  p_ZL13poly_buffer_1_5_7|         array|
|p_ZL13poly_buffer_1_6_7_address0  |  out|    9|   ap_memory|  p_ZL13poly_buffer_1_6_7|         array|
|p_ZL13poly_buffer_1_6_7_ce0       |  out|    1|   ap_memory|  p_ZL13poly_buffer_1_6_7|         array|
|p_ZL13poly_buffer_1_6_7_we0       |  out|    1|   ap_memory|  p_ZL13poly_buffer_1_6_7|         array|
|p_ZL13poly_buffer_1_6_7_d0        |  out|   64|   ap_memory|  p_ZL13poly_buffer_1_6_7|         array|
|p_ZL13poly_buffer_1_6_7_q0        |   in|   64|   ap_memory|  p_ZL13poly_buffer_1_6_7|         array|
|p_ZL13poly_buffer_1_6_7_address1  |  out|    9|   ap_memory|  p_ZL13poly_buffer_1_6_7|         array|
|p_ZL13poly_buffer_1_6_7_ce1       |  out|    1|   ap_memory|  p_ZL13poly_buffer_1_6_7|         array|
|p_ZL13poly_buffer_1_6_7_we1       |  out|    1|   ap_memory|  p_ZL13poly_buffer_1_6_7|         array|
|p_ZL13poly_buffer_1_6_7_d1        |  out|   64|   ap_memory|  p_ZL13poly_buffer_1_6_7|         array|
|p_ZL13poly_buffer_1_6_7_q1        |   in|   64|   ap_memory|  p_ZL13poly_buffer_1_6_7|         array|
|p_ZL13poly_buffer_1_7_7_address0  |  out|    9|   ap_memory|  p_ZL13poly_buffer_1_7_7|         array|
|p_ZL13poly_buffer_1_7_7_ce0       |  out|    1|   ap_memory|  p_ZL13poly_buffer_1_7_7|         array|
|p_ZL13poly_buffer_1_7_7_we0       |  out|    1|   ap_memory|  p_ZL13poly_buffer_1_7_7|         array|
|p_ZL13poly_buffer_1_7_7_d0        |  out|   64|   ap_memory|  p_ZL13poly_buffer_1_7_7|         array|
|p_ZL13poly_buffer_1_7_7_q0        |   in|   64|   ap_memory|  p_ZL13poly_buffer_1_7_7|         array|
|p_ZL13poly_buffer_1_7_7_address1  |  out|    9|   ap_memory|  p_ZL13poly_buffer_1_7_7|         array|
|p_ZL13poly_buffer_1_7_7_ce1       |  out|    1|   ap_memory|  p_ZL13poly_buffer_1_7_7|         array|
|p_ZL13poly_buffer_1_7_7_we1       |  out|    1|   ap_memory|  p_ZL13poly_buffer_1_7_7|         array|
|p_ZL13poly_buffer_1_7_7_d1        |  out|   64|   ap_memory|  p_ZL13poly_buffer_1_7_7|         array|
|p_ZL13poly_buffer_1_7_7_q1        |   in|   64|   ap_memory|  p_ZL13poly_buffer_1_7_7|         array|
|p_ZL13poly_buffer_1_0_4_address0  |  out|    9|   ap_memory|  p_ZL13poly_buffer_1_0_4|         array|
|p_ZL13poly_buffer_1_0_4_ce0       |  out|    1|   ap_memory|  p_ZL13poly_buffer_1_0_4|         array|
|p_ZL13poly_buffer_1_0_4_we0       |  out|    1|   ap_memory|  p_ZL13poly_buffer_1_0_4|         array|
|p_ZL13poly_buffer_1_0_4_d0        |  out|   64|   ap_memory|  p_ZL13poly_buffer_1_0_4|         array|
|p_ZL13poly_buffer_1_0_4_q0        |   in|   64|   ap_memory|  p_ZL13poly_buffer_1_0_4|         array|
|p_ZL13poly_buffer_1_0_4_address1  |  out|    9|   ap_memory|  p_ZL13poly_buffer_1_0_4|         array|
|p_ZL13poly_buffer_1_0_4_ce1       |  out|    1|   ap_memory|  p_ZL13poly_buffer_1_0_4|         array|
|p_ZL13poly_buffer_1_0_4_we1       |  out|    1|   ap_memory|  p_ZL13poly_buffer_1_0_4|         array|
|p_ZL13poly_buffer_1_0_4_d1        |  out|   64|   ap_memory|  p_ZL13poly_buffer_1_0_4|         array|
|p_ZL13poly_buffer_1_0_4_q1        |   in|   64|   ap_memory|  p_ZL13poly_buffer_1_0_4|         array|
|p_ZL13poly_buffer_1_1_4_address0  |  out|    9|   ap_memory|  p_ZL13poly_buffer_1_1_4|         array|
|p_ZL13poly_buffer_1_1_4_ce0       |  out|    1|   ap_memory|  p_ZL13poly_buffer_1_1_4|         array|
|p_ZL13poly_buffer_1_1_4_we0       |  out|    1|   ap_memory|  p_ZL13poly_buffer_1_1_4|         array|
|p_ZL13poly_buffer_1_1_4_d0        |  out|   64|   ap_memory|  p_ZL13poly_buffer_1_1_4|         array|
|p_ZL13poly_buffer_1_1_4_q0        |   in|   64|   ap_memory|  p_ZL13poly_buffer_1_1_4|         array|
|p_ZL13poly_buffer_1_1_4_address1  |  out|    9|   ap_memory|  p_ZL13poly_buffer_1_1_4|         array|
|p_ZL13poly_buffer_1_1_4_ce1       |  out|    1|   ap_memory|  p_ZL13poly_buffer_1_1_4|         array|
|p_ZL13poly_buffer_1_1_4_we1       |  out|    1|   ap_memory|  p_ZL13poly_buffer_1_1_4|         array|
|p_ZL13poly_buffer_1_1_4_d1        |  out|   64|   ap_memory|  p_ZL13poly_buffer_1_1_4|         array|
|p_ZL13poly_buffer_1_1_4_q1        |   in|   64|   ap_memory|  p_ZL13poly_buffer_1_1_4|         array|
|p_ZL13poly_buffer_1_2_4_address0  |  out|    9|   ap_memory|  p_ZL13poly_buffer_1_2_4|         array|
|p_ZL13poly_buffer_1_2_4_ce0       |  out|    1|   ap_memory|  p_ZL13poly_buffer_1_2_4|         array|
|p_ZL13poly_buffer_1_2_4_we0       |  out|    1|   ap_memory|  p_ZL13poly_buffer_1_2_4|         array|
|p_ZL13poly_buffer_1_2_4_d0        |  out|   64|   ap_memory|  p_ZL13poly_buffer_1_2_4|         array|
|p_ZL13poly_buffer_1_2_4_q0        |   in|   64|   ap_memory|  p_ZL13poly_buffer_1_2_4|         array|
|p_ZL13poly_buffer_1_2_4_address1  |  out|    9|   ap_memory|  p_ZL13poly_buffer_1_2_4|         array|
|p_ZL13poly_buffer_1_2_4_ce1       |  out|    1|   ap_memory|  p_ZL13poly_buffer_1_2_4|         array|
|p_ZL13poly_buffer_1_2_4_we1       |  out|    1|   ap_memory|  p_ZL13poly_buffer_1_2_4|         array|
|p_ZL13poly_buffer_1_2_4_d1        |  out|   64|   ap_memory|  p_ZL13poly_buffer_1_2_4|         array|
|p_ZL13poly_buffer_1_2_4_q1        |   in|   64|   ap_memory|  p_ZL13poly_buffer_1_2_4|         array|
|p_ZL13poly_buffer_1_3_4_address0  |  out|    9|   ap_memory|  p_ZL13poly_buffer_1_3_4|         array|
|p_ZL13poly_buffer_1_3_4_ce0       |  out|    1|   ap_memory|  p_ZL13poly_buffer_1_3_4|         array|
|p_ZL13poly_buffer_1_3_4_we0       |  out|    1|   ap_memory|  p_ZL13poly_buffer_1_3_4|         array|
|p_ZL13poly_buffer_1_3_4_d0        |  out|   64|   ap_memory|  p_ZL13poly_buffer_1_3_4|         array|
|p_ZL13poly_buffer_1_3_4_q0        |   in|   64|   ap_memory|  p_ZL13poly_buffer_1_3_4|         array|
|p_ZL13poly_buffer_1_3_4_address1  |  out|    9|   ap_memory|  p_ZL13poly_buffer_1_3_4|         array|
|p_ZL13poly_buffer_1_3_4_ce1       |  out|    1|   ap_memory|  p_ZL13poly_buffer_1_3_4|         array|
|p_ZL13poly_buffer_1_3_4_we1       |  out|    1|   ap_memory|  p_ZL13poly_buffer_1_3_4|         array|
|p_ZL13poly_buffer_1_3_4_d1        |  out|   64|   ap_memory|  p_ZL13poly_buffer_1_3_4|         array|
|p_ZL13poly_buffer_1_3_4_q1        |   in|   64|   ap_memory|  p_ZL13poly_buffer_1_3_4|         array|
|p_ZL13poly_buffer_1_4_4_address0  |  out|    9|   ap_memory|  p_ZL13poly_buffer_1_4_4|         array|
|p_ZL13poly_buffer_1_4_4_ce0       |  out|    1|   ap_memory|  p_ZL13poly_buffer_1_4_4|         array|
|p_ZL13poly_buffer_1_4_4_we0       |  out|    1|   ap_memory|  p_ZL13poly_buffer_1_4_4|         array|
|p_ZL13poly_buffer_1_4_4_d0        |  out|   64|   ap_memory|  p_ZL13poly_buffer_1_4_4|         array|
|p_ZL13poly_buffer_1_4_4_q0        |   in|   64|   ap_memory|  p_ZL13poly_buffer_1_4_4|         array|
|p_ZL13poly_buffer_1_4_4_address1  |  out|    9|   ap_memory|  p_ZL13poly_buffer_1_4_4|         array|
|p_ZL13poly_buffer_1_4_4_ce1       |  out|    1|   ap_memory|  p_ZL13poly_buffer_1_4_4|         array|
|p_ZL13poly_buffer_1_4_4_we1       |  out|    1|   ap_memory|  p_ZL13poly_buffer_1_4_4|         array|
|p_ZL13poly_buffer_1_4_4_d1        |  out|   64|   ap_memory|  p_ZL13poly_buffer_1_4_4|         array|
|p_ZL13poly_buffer_1_4_4_q1        |   in|   64|   ap_memory|  p_ZL13poly_buffer_1_4_4|         array|
|p_ZL13poly_buffer_1_5_4_address0  |  out|    9|   ap_memory|  p_ZL13poly_buffer_1_5_4|         array|
|p_ZL13poly_buffer_1_5_4_ce0       |  out|    1|   ap_memory|  p_ZL13poly_buffer_1_5_4|         array|
|p_ZL13poly_buffer_1_5_4_we0       |  out|    1|   ap_memory|  p_ZL13poly_buffer_1_5_4|         array|
|p_ZL13poly_buffer_1_5_4_d0        |  out|   64|   ap_memory|  p_ZL13poly_buffer_1_5_4|         array|
|p_ZL13poly_buffer_1_5_4_q0        |   in|   64|   ap_memory|  p_ZL13poly_buffer_1_5_4|         array|
|p_ZL13poly_buffer_1_5_4_address1  |  out|    9|   ap_memory|  p_ZL13poly_buffer_1_5_4|         array|
|p_ZL13poly_buffer_1_5_4_ce1       |  out|    1|   ap_memory|  p_ZL13poly_buffer_1_5_4|         array|
|p_ZL13poly_buffer_1_5_4_we1       |  out|    1|   ap_memory|  p_ZL13poly_buffer_1_5_4|         array|
|p_ZL13poly_buffer_1_5_4_d1        |  out|   64|   ap_memory|  p_ZL13poly_buffer_1_5_4|         array|
|p_ZL13poly_buffer_1_5_4_q1        |   in|   64|   ap_memory|  p_ZL13poly_buffer_1_5_4|         array|
|p_ZL13poly_buffer_1_6_4_address0  |  out|    9|   ap_memory|  p_ZL13poly_buffer_1_6_4|         array|
|p_ZL13poly_buffer_1_6_4_ce0       |  out|    1|   ap_memory|  p_ZL13poly_buffer_1_6_4|         array|
|p_ZL13poly_buffer_1_6_4_we0       |  out|    1|   ap_memory|  p_ZL13poly_buffer_1_6_4|         array|
|p_ZL13poly_buffer_1_6_4_d0        |  out|   64|   ap_memory|  p_ZL13poly_buffer_1_6_4|         array|
|p_ZL13poly_buffer_1_6_4_q0        |   in|   64|   ap_memory|  p_ZL13poly_buffer_1_6_4|         array|
|p_ZL13poly_buffer_1_6_4_address1  |  out|    9|   ap_memory|  p_ZL13poly_buffer_1_6_4|         array|
|p_ZL13poly_buffer_1_6_4_ce1       |  out|    1|   ap_memory|  p_ZL13poly_buffer_1_6_4|         array|
|p_ZL13poly_buffer_1_6_4_we1       |  out|    1|   ap_memory|  p_ZL13poly_buffer_1_6_4|         array|
|p_ZL13poly_buffer_1_6_4_d1        |  out|   64|   ap_memory|  p_ZL13poly_buffer_1_6_4|         array|
|p_ZL13poly_buffer_1_6_4_q1        |   in|   64|   ap_memory|  p_ZL13poly_buffer_1_6_4|         array|
|p_ZL13poly_buffer_1_7_4_address0  |  out|    9|   ap_memory|  p_ZL13poly_buffer_1_7_4|         array|
|p_ZL13poly_buffer_1_7_4_ce0       |  out|    1|   ap_memory|  p_ZL13poly_buffer_1_7_4|         array|
|p_ZL13poly_buffer_1_7_4_we0       |  out|    1|   ap_memory|  p_ZL13poly_buffer_1_7_4|         array|
|p_ZL13poly_buffer_1_7_4_d0        |  out|   64|   ap_memory|  p_ZL13poly_buffer_1_7_4|         array|
|p_ZL13poly_buffer_1_7_4_q0        |   in|   64|   ap_memory|  p_ZL13poly_buffer_1_7_4|         array|
|p_ZL13poly_buffer_1_7_4_address1  |  out|    9|   ap_memory|  p_ZL13poly_buffer_1_7_4|         array|
|p_ZL13poly_buffer_1_7_4_ce1       |  out|    1|   ap_memory|  p_ZL13poly_buffer_1_7_4|         array|
|p_ZL13poly_buffer_1_7_4_we1       |  out|    1|   ap_memory|  p_ZL13poly_buffer_1_7_4|         array|
|p_ZL13poly_buffer_1_7_4_d1        |  out|   64|   ap_memory|  p_ZL13poly_buffer_1_7_4|         array|
|p_ZL13poly_buffer_1_7_4_q1        |   in|   64|   ap_memory|  p_ZL13poly_buffer_1_7_4|         array|
|p_ZL13poly_buffer_1_0_5_address0  |  out|    9|   ap_memory|  p_ZL13poly_buffer_1_0_5|         array|
|p_ZL13poly_buffer_1_0_5_ce0       |  out|    1|   ap_memory|  p_ZL13poly_buffer_1_0_5|         array|
|p_ZL13poly_buffer_1_0_5_we0       |  out|    1|   ap_memory|  p_ZL13poly_buffer_1_0_5|         array|
|p_ZL13poly_buffer_1_0_5_d0        |  out|   64|   ap_memory|  p_ZL13poly_buffer_1_0_5|         array|
|p_ZL13poly_buffer_1_0_5_q0        |   in|   64|   ap_memory|  p_ZL13poly_buffer_1_0_5|         array|
|p_ZL13poly_buffer_1_0_5_address1  |  out|    9|   ap_memory|  p_ZL13poly_buffer_1_0_5|         array|
|p_ZL13poly_buffer_1_0_5_ce1       |  out|    1|   ap_memory|  p_ZL13poly_buffer_1_0_5|         array|
|p_ZL13poly_buffer_1_0_5_we1       |  out|    1|   ap_memory|  p_ZL13poly_buffer_1_0_5|         array|
|p_ZL13poly_buffer_1_0_5_d1        |  out|   64|   ap_memory|  p_ZL13poly_buffer_1_0_5|         array|
|p_ZL13poly_buffer_1_0_5_q1        |   in|   64|   ap_memory|  p_ZL13poly_buffer_1_0_5|         array|
|p_ZL13poly_buffer_1_1_5_address0  |  out|    9|   ap_memory|  p_ZL13poly_buffer_1_1_5|         array|
|p_ZL13poly_buffer_1_1_5_ce0       |  out|    1|   ap_memory|  p_ZL13poly_buffer_1_1_5|         array|
|p_ZL13poly_buffer_1_1_5_we0       |  out|    1|   ap_memory|  p_ZL13poly_buffer_1_1_5|         array|
|p_ZL13poly_buffer_1_1_5_d0        |  out|   64|   ap_memory|  p_ZL13poly_buffer_1_1_5|         array|
|p_ZL13poly_buffer_1_1_5_q0        |   in|   64|   ap_memory|  p_ZL13poly_buffer_1_1_5|         array|
|p_ZL13poly_buffer_1_1_5_address1  |  out|    9|   ap_memory|  p_ZL13poly_buffer_1_1_5|         array|
|p_ZL13poly_buffer_1_1_5_ce1       |  out|    1|   ap_memory|  p_ZL13poly_buffer_1_1_5|         array|
|p_ZL13poly_buffer_1_1_5_we1       |  out|    1|   ap_memory|  p_ZL13poly_buffer_1_1_5|         array|
|p_ZL13poly_buffer_1_1_5_d1        |  out|   64|   ap_memory|  p_ZL13poly_buffer_1_1_5|         array|
|p_ZL13poly_buffer_1_1_5_q1        |   in|   64|   ap_memory|  p_ZL13poly_buffer_1_1_5|         array|
|p_ZL13poly_buffer_1_2_5_address0  |  out|    9|   ap_memory|  p_ZL13poly_buffer_1_2_5|         array|
|p_ZL13poly_buffer_1_2_5_ce0       |  out|    1|   ap_memory|  p_ZL13poly_buffer_1_2_5|         array|
|p_ZL13poly_buffer_1_2_5_we0       |  out|    1|   ap_memory|  p_ZL13poly_buffer_1_2_5|         array|
|p_ZL13poly_buffer_1_2_5_d0        |  out|   64|   ap_memory|  p_ZL13poly_buffer_1_2_5|         array|
|p_ZL13poly_buffer_1_2_5_q0        |   in|   64|   ap_memory|  p_ZL13poly_buffer_1_2_5|         array|
|p_ZL13poly_buffer_1_2_5_address1  |  out|    9|   ap_memory|  p_ZL13poly_buffer_1_2_5|         array|
|p_ZL13poly_buffer_1_2_5_ce1       |  out|    1|   ap_memory|  p_ZL13poly_buffer_1_2_5|         array|
|p_ZL13poly_buffer_1_2_5_we1       |  out|    1|   ap_memory|  p_ZL13poly_buffer_1_2_5|         array|
|p_ZL13poly_buffer_1_2_5_d1        |  out|   64|   ap_memory|  p_ZL13poly_buffer_1_2_5|         array|
|p_ZL13poly_buffer_1_2_5_q1        |   in|   64|   ap_memory|  p_ZL13poly_buffer_1_2_5|         array|
|p_ZL13poly_buffer_1_3_5_address0  |  out|    9|   ap_memory|  p_ZL13poly_buffer_1_3_5|         array|
|p_ZL13poly_buffer_1_3_5_ce0       |  out|    1|   ap_memory|  p_ZL13poly_buffer_1_3_5|         array|
|p_ZL13poly_buffer_1_3_5_we0       |  out|    1|   ap_memory|  p_ZL13poly_buffer_1_3_5|         array|
|p_ZL13poly_buffer_1_3_5_d0        |  out|   64|   ap_memory|  p_ZL13poly_buffer_1_3_5|         array|
|p_ZL13poly_buffer_1_3_5_q0        |   in|   64|   ap_memory|  p_ZL13poly_buffer_1_3_5|         array|
|p_ZL13poly_buffer_1_3_5_address1  |  out|    9|   ap_memory|  p_ZL13poly_buffer_1_3_5|         array|
|p_ZL13poly_buffer_1_3_5_ce1       |  out|    1|   ap_memory|  p_ZL13poly_buffer_1_3_5|         array|
|p_ZL13poly_buffer_1_3_5_we1       |  out|    1|   ap_memory|  p_ZL13poly_buffer_1_3_5|         array|
|p_ZL13poly_buffer_1_3_5_d1        |  out|   64|   ap_memory|  p_ZL13poly_buffer_1_3_5|         array|
|p_ZL13poly_buffer_1_3_5_q1        |   in|   64|   ap_memory|  p_ZL13poly_buffer_1_3_5|         array|
|p_ZL13poly_buffer_1_4_5_address0  |  out|    9|   ap_memory|  p_ZL13poly_buffer_1_4_5|         array|
|p_ZL13poly_buffer_1_4_5_ce0       |  out|    1|   ap_memory|  p_ZL13poly_buffer_1_4_5|         array|
|p_ZL13poly_buffer_1_4_5_we0       |  out|    1|   ap_memory|  p_ZL13poly_buffer_1_4_5|         array|
|p_ZL13poly_buffer_1_4_5_d0        |  out|   64|   ap_memory|  p_ZL13poly_buffer_1_4_5|         array|
|p_ZL13poly_buffer_1_4_5_q0        |   in|   64|   ap_memory|  p_ZL13poly_buffer_1_4_5|         array|
|p_ZL13poly_buffer_1_4_5_address1  |  out|    9|   ap_memory|  p_ZL13poly_buffer_1_4_5|         array|
|p_ZL13poly_buffer_1_4_5_ce1       |  out|    1|   ap_memory|  p_ZL13poly_buffer_1_4_5|         array|
|p_ZL13poly_buffer_1_4_5_we1       |  out|    1|   ap_memory|  p_ZL13poly_buffer_1_4_5|         array|
|p_ZL13poly_buffer_1_4_5_d1        |  out|   64|   ap_memory|  p_ZL13poly_buffer_1_4_5|         array|
|p_ZL13poly_buffer_1_4_5_q1        |   in|   64|   ap_memory|  p_ZL13poly_buffer_1_4_5|         array|
|p_ZL13poly_buffer_1_5_5_address0  |  out|    9|   ap_memory|  p_ZL13poly_buffer_1_5_5|         array|
|p_ZL13poly_buffer_1_5_5_ce0       |  out|    1|   ap_memory|  p_ZL13poly_buffer_1_5_5|         array|
|p_ZL13poly_buffer_1_5_5_we0       |  out|    1|   ap_memory|  p_ZL13poly_buffer_1_5_5|         array|
|p_ZL13poly_buffer_1_5_5_d0        |  out|   64|   ap_memory|  p_ZL13poly_buffer_1_5_5|         array|
|p_ZL13poly_buffer_1_5_5_q0        |   in|   64|   ap_memory|  p_ZL13poly_buffer_1_5_5|         array|
|p_ZL13poly_buffer_1_5_5_address1  |  out|    9|   ap_memory|  p_ZL13poly_buffer_1_5_5|         array|
|p_ZL13poly_buffer_1_5_5_ce1       |  out|    1|   ap_memory|  p_ZL13poly_buffer_1_5_5|         array|
|p_ZL13poly_buffer_1_5_5_we1       |  out|    1|   ap_memory|  p_ZL13poly_buffer_1_5_5|         array|
|p_ZL13poly_buffer_1_5_5_d1        |  out|   64|   ap_memory|  p_ZL13poly_buffer_1_5_5|         array|
|p_ZL13poly_buffer_1_5_5_q1        |   in|   64|   ap_memory|  p_ZL13poly_buffer_1_5_5|         array|
|p_ZL13poly_buffer_1_6_5_address0  |  out|    9|   ap_memory|  p_ZL13poly_buffer_1_6_5|         array|
|p_ZL13poly_buffer_1_6_5_ce0       |  out|    1|   ap_memory|  p_ZL13poly_buffer_1_6_5|         array|
|p_ZL13poly_buffer_1_6_5_we0       |  out|    1|   ap_memory|  p_ZL13poly_buffer_1_6_5|         array|
|p_ZL13poly_buffer_1_6_5_d0        |  out|   64|   ap_memory|  p_ZL13poly_buffer_1_6_5|         array|
|p_ZL13poly_buffer_1_6_5_q0        |   in|   64|   ap_memory|  p_ZL13poly_buffer_1_6_5|         array|
|p_ZL13poly_buffer_1_6_5_address1  |  out|    9|   ap_memory|  p_ZL13poly_buffer_1_6_5|         array|
|p_ZL13poly_buffer_1_6_5_ce1       |  out|    1|   ap_memory|  p_ZL13poly_buffer_1_6_5|         array|
|p_ZL13poly_buffer_1_6_5_we1       |  out|    1|   ap_memory|  p_ZL13poly_buffer_1_6_5|         array|
|p_ZL13poly_buffer_1_6_5_d1        |  out|   64|   ap_memory|  p_ZL13poly_buffer_1_6_5|         array|
|p_ZL13poly_buffer_1_6_5_q1        |   in|   64|   ap_memory|  p_ZL13poly_buffer_1_6_5|         array|
|p_ZL13poly_buffer_1_7_5_address0  |  out|    9|   ap_memory|  p_ZL13poly_buffer_1_7_5|         array|
|p_ZL13poly_buffer_1_7_5_ce0       |  out|    1|   ap_memory|  p_ZL13poly_buffer_1_7_5|         array|
|p_ZL13poly_buffer_1_7_5_we0       |  out|    1|   ap_memory|  p_ZL13poly_buffer_1_7_5|         array|
|p_ZL13poly_buffer_1_7_5_d0        |  out|   64|   ap_memory|  p_ZL13poly_buffer_1_7_5|         array|
|p_ZL13poly_buffer_1_7_5_q0        |   in|   64|   ap_memory|  p_ZL13poly_buffer_1_7_5|         array|
|p_ZL13poly_buffer_1_7_5_address1  |  out|    9|   ap_memory|  p_ZL13poly_buffer_1_7_5|         array|
|p_ZL13poly_buffer_1_7_5_ce1       |  out|    1|   ap_memory|  p_ZL13poly_buffer_1_7_5|         array|
|p_ZL13poly_buffer_1_7_5_we1       |  out|    1|   ap_memory|  p_ZL13poly_buffer_1_7_5|         array|
|p_ZL13poly_buffer_1_7_5_d1        |  out|   64|   ap_memory|  p_ZL13poly_buffer_1_7_5|         array|
|p_ZL13poly_buffer_1_7_5_q1        |   in|   64|   ap_memory|  p_ZL13poly_buffer_1_7_5|         array|
|p_ZL13poly_buffer_1_0_2_address0  |  out|    9|   ap_memory|  p_ZL13poly_buffer_1_0_2|         array|
|p_ZL13poly_buffer_1_0_2_ce0       |  out|    1|   ap_memory|  p_ZL13poly_buffer_1_0_2|         array|
|p_ZL13poly_buffer_1_0_2_we0       |  out|    1|   ap_memory|  p_ZL13poly_buffer_1_0_2|         array|
|p_ZL13poly_buffer_1_0_2_d0        |  out|   64|   ap_memory|  p_ZL13poly_buffer_1_0_2|         array|
|p_ZL13poly_buffer_1_0_2_q0        |   in|   64|   ap_memory|  p_ZL13poly_buffer_1_0_2|         array|
|p_ZL13poly_buffer_1_0_2_address1  |  out|    9|   ap_memory|  p_ZL13poly_buffer_1_0_2|         array|
|p_ZL13poly_buffer_1_0_2_ce1       |  out|    1|   ap_memory|  p_ZL13poly_buffer_1_0_2|         array|
|p_ZL13poly_buffer_1_0_2_we1       |  out|    1|   ap_memory|  p_ZL13poly_buffer_1_0_2|         array|
|p_ZL13poly_buffer_1_0_2_d1        |  out|   64|   ap_memory|  p_ZL13poly_buffer_1_0_2|         array|
|p_ZL13poly_buffer_1_0_2_q1        |   in|   64|   ap_memory|  p_ZL13poly_buffer_1_0_2|         array|
|p_ZL13poly_buffer_1_1_2_address0  |  out|    9|   ap_memory|  p_ZL13poly_buffer_1_1_2|         array|
|p_ZL13poly_buffer_1_1_2_ce0       |  out|    1|   ap_memory|  p_ZL13poly_buffer_1_1_2|         array|
|p_ZL13poly_buffer_1_1_2_we0       |  out|    1|   ap_memory|  p_ZL13poly_buffer_1_1_2|         array|
|p_ZL13poly_buffer_1_1_2_d0        |  out|   64|   ap_memory|  p_ZL13poly_buffer_1_1_2|         array|
|p_ZL13poly_buffer_1_1_2_q0        |   in|   64|   ap_memory|  p_ZL13poly_buffer_1_1_2|         array|
|p_ZL13poly_buffer_1_1_2_address1  |  out|    9|   ap_memory|  p_ZL13poly_buffer_1_1_2|         array|
|p_ZL13poly_buffer_1_1_2_ce1       |  out|    1|   ap_memory|  p_ZL13poly_buffer_1_1_2|         array|
|p_ZL13poly_buffer_1_1_2_we1       |  out|    1|   ap_memory|  p_ZL13poly_buffer_1_1_2|         array|
|p_ZL13poly_buffer_1_1_2_d1        |  out|   64|   ap_memory|  p_ZL13poly_buffer_1_1_2|         array|
|p_ZL13poly_buffer_1_1_2_q1        |   in|   64|   ap_memory|  p_ZL13poly_buffer_1_1_2|         array|
|p_ZL13poly_buffer_1_2_2_address0  |  out|    9|   ap_memory|  p_ZL13poly_buffer_1_2_2|         array|
|p_ZL13poly_buffer_1_2_2_ce0       |  out|    1|   ap_memory|  p_ZL13poly_buffer_1_2_2|         array|
|p_ZL13poly_buffer_1_2_2_we0       |  out|    1|   ap_memory|  p_ZL13poly_buffer_1_2_2|         array|
|p_ZL13poly_buffer_1_2_2_d0        |  out|   64|   ap_memory|  p_ZL13poly_buffer_1_2_2|         array|
|p_ZL13poly_buffer_1_2_2_q0        |   in|   64|   ap_memory|  p_ZL13poly_buffer_1_2_2|         array|
|p_ZL13poly_buffer_1_2_2_address1  |  out|    9|   ap_memory|  p_ZL13poly_buffer_1_2_2|         array|
|p_ZL13poly_buffer_1_2_2_ce1       |  out|    1|   ap_memory|  p_ZL13poly_buffer_1_2_2|         array|
|p_ZL13poly_buffer_1_2_2_we1       |  out|    1|   ap_memory|  p_ZL13poly_buffer_1_2_2|         array|
|p_ZL13poly_buffer_1_2_2_d1        |  out|   64|   ap_memory|  p_ZL13poly_buffer_1_2_2|         array|
|p_ZL13poly_buffer_1_2_2_q1        |   in|   64|   ap_memory|  p_ZL13poly_buffer_1_2_2|         array|
|p_ZL13poly_buffer_1_3_2_address0  |  out|    9|   ap_memory|  p_ZL13poly_buffer_1_3_2|         array|
|p_ZL13poly_buffer_1_3_2_ce0       |  out|    1|   ap_memory|  p_ZL13poly_buffer_1_3_2|         array|
|p_ZL13poly_buffer_1_3_2_we0       |  out|    1|   ap_memory|  p_ZL13poly_buffer_1_3_2|         array|
|p_ZL13poly_buffer_1_3_2_d0        |  out|   64|   ap_memory|  p_ZL13poly_buffer_1_3_2|         array|
|p_ZL13poly_buffer_1_3_2_q0        |   in|   64|   ap_memory|  p_ZL13poly_buffer_1_3_2|         array|
|p_ZL13poly_buffer_1_3_2_address1  |  out|    9|   ap_memory|  p_ZL13poly_buffer_1_3_2|         array|
|p_ZL13poly_buffer_1_3_2_ce1       |  out|    1|   ap_memory|  p_ZL13poly_buffer_1_3_2|         array|
|p_ZL13poly_buffer_1_3_2_we1       |  out|    1|   ap_memory|  p_ZL13poly_buffer_1_3_2|         array|
|p_ZL13poly_buffer_1_3_2_d1        |  out|   64|   ap_memory|  p_ZL13poly_buffer_1_3_2|         array|
|p_ZL13poly_buffer_1_3_2_q1        |   in|   64|   ap_memory|  p_ZL13poly_buffer_1_3_2|         array|
|p_ZL13poly_buffer_1_4_2_address0  |  out|    9|   ap_memory|  p_ZL13poly_buffer_1_4_2|         array|
|p_ZL13poly_buffer_1_4_2_ce0       |  out|    1|   ap_memory|  p_ZL13poly_buffer_1_4_2|         array|
|p_ZL13poly_buffer_1_4_2_we0       |  out|    1|   ap_memory|  p_ZL13poly_buffer_1_4_2|         array|
|p_ZL13poly_buffer_1_4_2_d0        |  out|   64|   ap_memory|  p_ZL13poly_buffer_1_4_2|         array|
|p_ZL13poly_buffer_1_4_2_q0        |   in|   64|   ap_memory|  p_ZL13poly_buffer_1_4_2|         array|
|p_ZL13poly_buffer_1_4_2_address1  |  out|    9|   ap_memory|  p_ZL13poly_buffer_1_4_2|         array|
|p_ZL13poly_buffer_1_4_2_ce1       |  out|    1|   ap_memory|  p_ZL13poly_buffer_1_4_2|         array|
|p_ZL13poly_buffer_1_4_2_we1       |  out|    1|   ap_memory|  p_ZL13poly_buffer_1_4_2|         array|
|p_ZL13poly_buffer_1_4_2_d1        |  out|   64|   ap_memory|  p_ZL13poly_buffer_1_4_2|         array|
|p_ZL13poly_buffer_1_4_2_q1        |   in|   64|   ap_memory|  p_ZL13poly_buffer_1_4_2|         array|
|p_ZL13poly_buffer_1_5_2_address0  |  out|    9|   ap_memory|  p_ZL13poly_buffer_1_5_2|         array|
|p_ZL13poly_buffer_1_5_2_ce0       |  out|    1|   ap_memory|  p_ZL13poly_buffer_1_5_2|         array|
|p_ZL13poly_buffer_1_5_2_we0       |  out|    1|   ap_memory|  p_ZL13poly_buffer_1_5_2|         array|
|p_ZL13poly_buffer_1_5_2_d0        |  out|   64|   ap_memory|  p_ZL13poly_buffer_1_5_2|         array|
|p_ZL13poly_buffer_1_5_2_q0        |   in|   64|   ap_memory|  p_ZL13poly_buffer_1_5_2|         array|
|p_ZL13poly_buffer_1_5_2_address1  |  out|    9|   ap_memory|  p_ZL13poly_buffer_1_5_2|         array|
|p_ZL13poly_buffer_1_5_2_ce1       |  out|    1|   ap_memory|  p_ZL13poly_buffer_1_5_2|         array|
|p_ZL13poly_buffer_1_5_2_we1       |  out|    1|   ap_memory|  p_ZL13poly_buffer_1_5_2|         array|
|p_ZL13poly_buffer_1_5_2_d1        |  out|   64|   ap_memory|  p_ZL13poly_buffer_1_5_2|         array|
|p_ZL13poly_buffer_1_5_2_q1        |   in|   64|   ap_memory|  p_ZL13poly_buffer_1_5_2|         array|
|p_ZL13poly_buffer_1_6_2_address0  |  out|    9|   ap_memory|  p_ZL13poly_buffer_1_6_2|         array|
|p_ZL13poly_buffer_1_6_2_ce0       |  out|    1|   ap_memory|  p_ZL13poly_buffer_1_6_2|         array|
|p_ZL13poly_buffer_1_6_2_we0       |  out|    1|   ap_memory|  p_ZL13poly_buffer_1_6_2|         array|
|p_ZL13poly_buffer_1_6_2_d0        |  out|   64|   ap_memory|  p_ZL13poly_buffer_1_6_2|         array|
|p_ZL13poly_buffer_1_6_2_q0        |   in|   64|   ap_memory|  p_ZL13poly_buffer_1_6_2|         array|
|p_ZL13poly_buffer_1_6_2_address1  |  out|    9|   ap_memory|  p_ZL13poly_buffer_1_6_2|         array|
|p_ZL13poly_buffer_1_6_2_ce1       |  out|    1|   ap_memory|  p_ZL13poly_buffer_1_6_2|         array|
|p_ZL13poly_buffer_1_6_2_we1       |  out|    1|   ap_memory|  p_ZL13poly_buffer_1_6_2|         array|
|p_ZL13poly_buffer_1_6_2_d1        |  out|   64|   ap_memory|  p_ZL13poly_buffer_1_6_2|         array|
|p_ZL13poly_buffer_1_6_2_q1        |   in|   64|   ap_memory|  p_ZL13poly_buffer_1_6_2|         array|
|p_ZL13poly_buffer_1_7_2_address0  |  out|    9|   ap_memory|  p_ZL13poly_buffer_1_7_2|         array|
|p_ZL13poly_buffer_1_7_2_ce0       |  out|    1|   ap_memory|  p_ZL13poly_buffer_1_7_2|         array|
|p_ZL13poly_buffer_1_7_2_we0       |  out|    1|   ap_memory|  p_ZL13poly_buffer_1_7_2|         array|
|p_ZL13poly_buffer_1_7_2_d0        |  out|   64|   ap_memory|  p_ZL13poly_buffer_1_7_2|         array|
|p_ZL13poly_buffer_1_7_2_q0        |   in|   64|   ap_memory|  p_ZL13poly_buffer_1_7_2|         array|
|p_ZL13poly_buffer_1_7_2_address1  |  out|    9|   ap_memory|  p_ZL13poly_buffer_1_7_2|         array|
|p_ZL13poly_buffer_1_7_2_ce1       |  out|    1|   ap_memory|  p_ZL13poly_buffer_1_7_2|         array|
|p_ZL13poly_buffer_1_7_2_we1       |  out|    1|   ap_memory|  p_ZL13poly_buffer_1_7_2|         array|
|p_ZL13poly_buffer_1_7_2_d1        |  out|   64|   ap_memory|  p_ZL13poly_buffer_1_7_2|         array|
|p_ZL13poly_buffer_1_7_2_q1        |   in|   64|   ap_memory|  p_ZL13poly_buffer_1_7_2|         array|
|p_ZL13poly_buffer_1_0_3_address0  |  out|    9|   ap_memory|  p_ZL13poly_buffer_1_0_3|         array|
|p_ZL13poly_buffer_1_0_3_ce0       |  out|    1|   ap_memory|  p_ZL13poly_buffer_1_0_3|         array|
|p_ZL13poly_buffer_1_0_3_we0       |  out|    1|   ap_memory|  p_ZL13poly_buffer_1_0_3|         array|
|p_ZL13poly_buffer_1_0_3_d0        |  out|   64|   ap_memory|  p_ZL13poly_buffer_1_0_3|         array|
|p_ZL13poly_buffer_1_0_3_q0        |   in|   64|   ap_memory|  p_ZL13poly_buffer_1_0_3|         array|
|p_ZL13poly_buffer_1_0_3_address1  |  out|    9|   ap_memory|  p_ZL13poly_buffer_1_0_3|         array|
|p_ZL13poly_buffer_1_0_3_ce1       |  out|    1|   ap_memory|  p_ZL13poly_buffer_1_0_3|         array|
|p_ZL13poly_buffer_1_0_3_we1       |  out|    1|   ap_memory|  p_ZL13poly_buffer_1_0_3|         array|
|p_ZL13poly_buffer_1_0_3_d1        |  out|   64|   ap_memory|  p_ZL13poly_buffer_1_0_3|         array|
|p_ZL13poly_buffer_1_0_3_q1        |   in|   64|   ap_memory|  p_ZL13poly_buffer_1_0_3|         array|
|p_ZL13poly_buffer_1_1_3_address0  |  out|    9|   ap_memory|  p_ZL13poly_buffer_1_1_3|         array|
|p_ZL13poly_buffer_1_1_3_ce0       |  out|    1|   ap_memory|  p_ZL13poly_buffer_1_1_3|         array|
|p_ZL13poly_buffer_1_1_3_we0       |  out|    1|   ap_memory|  p_ZL13poly_buffer_1_1_3|         array|
|p_ZL13poly_buffer_1_1_3_d0        |  out|   64|   ap_memory|  p_ZL13poly_buffer_1_1_3|         array|
|p_ZL13poly_buffer_1_1_3_q0        |   in|   64|   ap_memory|  p_ZL13poly_buffer_1_1_3|         array|
|p_ZL13poly_buffer_1_1_3_address1  |  out|    9|   ap_memory|  p_ZL13poly_buffer_1_1_3|         array|
|p_ZL13poly_buffer_1_1_3_ce1       |  out|    1|   ap_memory|  p_ZL13poly_buffer_1_1_3|         array|
|p_ZL13poly_buffer_1_1_3_we1       |  out|    1|   ap_memory|  p_ZL13poly_buffer_1_1_3|         array|
|p_ZL13poly_buffer_1_1_3_d1        |  out|   64|   ap_memory|  p_ZL13poly_buffer_1_1_3|         array|
|p_ZL13poly_buffer_1_1_3_q1        |   in|   64|   ap_memory|  p_ZL13poly_buffer_1_1_3|         array|
|p_ZL13poly_buffer_1_2_3_address0  |  out|    9|   ap_memory|  p_ZL13poly_buffer_1_2_3|         array|
|p_ZL13poly_buffer_1_2_3_ce0       |  out|    1|   ap_memory|  p_ZL13poly_buffer_1_2_3|         array|
|p_ZL13poly_buffer_1_2_3_we0       |  out|    1|   ap_memory|  p_ZL13poly_buffer_1_2_3|         array|
|p_ZL13poly_buffer_1_2_3_d0        |  out|   64|   ap_memory|  p_ZL13poly_buffer_1_2_3|         array|
|p_ZL13poly_buffer_1_2_3_q0        |   in|   64|   ap_memory|  p_ZL13poly_buffer_1_2_3|         array|
|p_ZL13poly_buffer_1_2_3_address1  |  out|    9|   ap_memory|  p_ZL13poly_buffer_1_2_3|         array|
|p_ZL13poly_buffer_1_2_3_ce1       |  out|    1|   ap_memory|  p_ZL13poly_buffer_1_2_3|         array|
|p_ZL13poly_buffer_1_2_3_we1       |  out|    1|   ap_memory|  p_ZL13poly_buffer_1_2_3|         array|
|p_ZL13poly_buffer_1_2_3_d1        |  out|   64|   ap_memory|  p_ZL13poly_buffer_1_2_3|         array|
|p_ZL13poly_buffer_1_2_3_q1        |   in|   64|   ap_memory|  p_ZL13poly_buffer_1_2_3|         array|
|p_ZL13poly_buffer_1_3_3_address0  |  out|    9|   ap_memory|  p_ZL13poly_buffer_1_3_3|         array|
|p_ZL13poly_buffer_1_3_3_ce0       |  out|    1|   ap_memory|  p_ZL13poly_buffer_1_3_3|         array|
|p_ZL13poly_buffer_1_3_3_we0       |  out|    1|   ap_memory|  p_ZL13poly_buffer_1_3_3|         array|
|p_ZL13poly_buffer_1_3_3_d0        |  out|   64|   ap_memory|  p_ZL13poly_buffer_1_3_3|         array|
|p_ZL13poly_buffer_1_3_3_q0        |   in|   64|   ap_memory|  p_ZL13poly_buffer_1_3_3|         array|
|p_ZL13poly_buffer_1_3_3_address1  |  out|    9|   ap_memory|  p_ZL13poly_buffer_1_3_3|         array|
|p_ZL13poly_buffer_1_3_3_ce1       |  out|    1|   ap_memory|  p_ZL13poly_buffer_1_3_3|         array|
|p_ZL13poly_buffer_1_3_3_we1       |  out|    1|   ap_memory|  p_ZL13poly_buffer_1_3_3|         array|
|p_ZL13poly_buffer_1_3_3_d1        |  out|   64|   ap_memory|  p_ZL13poly_buffer_1_3_3|         array|
|p_ZL13poly_buffer_1_3_3_q1        |   in|   64|   ap_memory|  p_ZL13poly_buffer_1_3_3|         array|
|p_ZL13poly_buffer_1_4_3_address0  |  out|    9|   ap_memory|  p_ZL13poly_buffer_1_4_3|         array|
|p_ZL13poly_buffer_1_4_3_ce0       |  out|    1|   ap_memory|  p_ZL13poly_buffer_1_4_3|         array|
|p_ZL13poly_buffer_1_4_3_we0       |  out|    1|   ap_memory|  p_ZL13poly_buffer_1_4_3|         array|
|p_ZL13poly_buffer_1_4_3_d0        |  out|   64|   ap_memory|  p_ZL13poly_buffer_1_4_3|         array|
|p_ZL13poly_buffer_1_4_3_q0        |   in|   64|   ap_memory|  p_ZL13poly_buffer_1_4_3|         array|
|p_ZL13poly_buffer_1_4_3_address1  |  out|    9|   ap_memory|  p_ZL13poly_buffer_1_4_3|         array|
|p_ZL13poly_buffer_1_4_3_ce1       |  out|    1|   ap_memory|  p_ZL13poly_buffer_1_4_3|         array|
|p_ZL13poly_buffer_1_4_3_we1       |  out|    1|   ap_memory|  p_ZL13poly_buffer_1_4_3|         array|
|p_ZL13poly_buffer_1_4_3_d1        |  out|   64|   ap_memory|  p_ZL13poly_buffer_1_4_3|         array|
|p_ZL13poly_buffer_1_4_3_q1        |   in|   64|   ap_memory|  p_ZL13poly_buffer_1_4_3|         array|
|p_ZL13poly_buffer_1_5_3_address0  |  out|    9|   ap_memory|  p_ZL13poly_buffer_1_5_3|         array|
|p_ZL13poly_buffer_1_5_3_ce0       |  out|    1|   ap_memory|  p_ZL13poly_buffer_1_5_3|         array|
|p_ZL13poly_buffer_1_5_3_we0       |  out|    1|   ap_memory|  p_ZL13poly_buffer_1_5_3|         array|
|p_ZL13poly_buffer_1_5_3_d0        |  out|   64|   ap_memory|  p_ZL13poly_buffer_1_5_3|         array|
|p_ZL13poly_buffer_1_5_3_q0        |   in|   64|   ap_memory|  p_ZL13poly_buffer_1_5_3|         array|
|p_ZL13poly_buffer_1_5_3_address1  |  out|    9|   ap_memory|  p_ZL13poly_buffer_1_5_3|         array|
|p_ZL13poly_buffer_1_5_3_ce1       |  out|    1|   ap_memory|  p_ZL13poly_buffer_1_5_3|         array|
|p_ZL13poly_buffer_1_5_3_we1       |  out|    1|   ap_memory|  p_ZL13poly_buffer_1_5_3|         array|
|p_ZL13poly_buffer_1_5_3_d1        |  out|   64|   ap_memory|  p_ZL13poly_buffer_1_5_3|         array|
|p_ZL13poly_buffer_1_5_3_q1        |   in|   64|   ap_memory|  p_ZL13poly_buffer_1_5_3|         array|
|p_ZL13poly_buffer_1_6_3_address0  |  out|    9|   ap_memory|  p_ZL13poly_buffer_1_6_3|         array|
|p_ZL13poly_buffer_1_6_3_ce0       |  out|    1|   ap_memory|  p_ZL13poly_buffer_1_6_3|         array|
|p_ZL13poly_buffer_1_6_3_we0       |  out|    1|   ap_memory|  p_ZL13poly_buffer_1_6_3|         array|
|p_ZL13poly_buffer_1_6_3_d0        |  out|   64|   ap_memory|  p_ZL13poly_buffer_1_6_3|         array|
|p_ZL13poly_buffer_1_6_3_q0        |   in|   64|   ap_memory|  p_ZL13poly_buffer_1_6_3|         array|
|p_ZL13poly_buffer_1_6_3_address1  |  out|    9|   ap_memory|  p_ZL13poly_buffer_1_6_3|         array|
|p_ZL13poly_buffer_1_6_3_ce1       |  out|    1|   ap_memory|  p_ZL13poly_buffer_1_6_3|         array|
|p_ZL13poly_buffer_1_6_3_we1       |  out|    1|   ap_memory|  p_ZL13poly_buffer_1_6_3|         array|
|p_ZL13poly_buffer_1_6_3_d1        |  out|   64|   ap_memory|  p_ZL13poly_buffer_1_6_3|         array|
|p_ZL13poly_buffer_1_6_3_q1        |   in|   64|   ap_memory|  p_ZL13poly_buffer_1_6_3|         array|
|p_ZL13poly_buffer_1_7_3_address0  |  out|    9|   ap_memory|  p_ZL13poly_buffer_1_7_3|         array|
|p_ZL13poly_buffer_1_7_3_ce0       |  out|    1|   ap_memory|  p_ZL13poly_buffer_1_7_3|         array|
|p_ZL13poly_buffer_1_7_3_we0       |  out|    1|   ap_memory|  p_ZL13poly_buffer_1_7_3|         array|
|p_ZL13poly_buffer_1_7_3_d0        |  out|   64|   ap_memory|  p_ZL13poly_buffer_1_7_3|         array|
|p_ZL13poly_buffer_1_7_3_q0        |   in|   64|   ap_memory|  p_ZL13poly_buffer_1_7_3|         array|
|p_ZL13poly_buffer_1_7_3_address1  |  out|    9|   ap_memory|  p_ZL13poly_buffer_1_7_3|         array|
|p_ZL13poly_buffer_1_7_3_ce1       |  out|    1|   ap_memory|  p_ZL13poly_buffer_1_7_3|         array|
|p_ZL13poly_buffer_1_7_3_we1       |  out|    1|   ap_memory|  p_ZL13poly_buffer_1_7_3|         array|
|p_ZL13poly_buffer_1_7_3_d1        |  out|   64|   ap_memory|  p_ZL13poly_buffer_1_7_3|         array|
|p_ZL13poly_buffer_1_7_3_q1        |   in|   64|   ap_memory|  p_ZL13poly_buffer_1_7_3|         array|
|p_ZL13poly_buffer_1_0_0_address0  |  out|    9|   ap_memory|  p_ZL13poly_buffer_1_0_0|         array|
|p_ZL13poly_buffer_1_0_0_ce0       |  out|    1|   ap_memory|  p_ZL13poly_buffer_1_0_0|         array|
|p_ZL13poly_buffer_1_0_0_we0       |  out|    1|   ap_memory|  p_ZL13poly_buffer_1_0_0|         array|
|p_ZL13poly_buffer_1_0_0_d0        |  out|   64|   ap_memory|  p_ZL13poly_buffer_1_0_0|         array|
|p_ZL13poly_buffer_1_0_0_q0        |   in|   64|   ap_memory|  p_ZL13poly_buffer_1_0_0|         array|
|p_ZL13poly_buffer_1_0_0_address1  |  out|    9|   ap_memory|  p_ZL13poly_buffer_1_0_0|         array|
|p_ZL13poly_buffer_1_0_0_ce1       |  out|    1|   ap_memory|  p_ZL13poly_buffer_1_0_0|         array|
|p_ZL13poly_buffer_1_0_0_we1       |  out|    1|   ap_memory|  p_ZL13poly_buffer_1_0_0|         array|
|p_ZL13poly_buffer_1_0_0_d1        |  out|   64|   ap_memory|  p_ZL13poly_buffer_1_0_0|         array|
|p_ZL13poly_buffer_1_0_0_q1        |   in|   64|   ap_memory|  p_ZL13poly_buffer_1_0_0|         array|
|p_ZL13poly_buffer_1_1_0_address0  |  out|    9|   ap_memory|  p_ZL13poly_buffer_1_1_0|         array|
|p_ZL13poly_buffer_1_1_0_ce0       |  out|    1|   ap_memory|  p_ZL13poly_buffer_1_1_0|         array|
|p_ZL13poly_buffer_1_1_0_we0       |  out|    1|   ap_memory|  p_ZL13poly_buffer_1_1_0|         array|
|p_ZL13poly_buffer_1_1_0_d0        |  out|   64|   ap_memory|  p_ZL13poly_buffer_1_1_0|         array|
|p_ZL13poly_buffer_1_1_0_q0        |   in|   64|   ap_memory|  p_ZL13poly_buffer_1_1_0|         array|
|p_ZL13poly_buffer_1_1_0_address1  |  out|    9|   ap_memory|  p_ZL13poly_buffer_1_1_0|         array|
|p_ZL13poly_buffer_1_1_0_ce1       |  out|    1|   ap_memory|  p_ZL13poly_buffer_1_1_0|         array|
|p_ZL13poly_buffer_1_1_0_we1       |  out|    1|   ap_memory|  p_ZL13poly_buffer_1_1_0|         array|
|p_ZL13poly_buffer_1_1_0_d1        |  out|   64|   ap_memory|  p_ZL13poly_buffer_1_1_0|         array|
|p_ZL13poly_buffer_1_1_0_q1        |   in|   64|   ap_memory|  p_ZL13poly_buffer_1_1_0|         array|
|p_ZL13poly_buffer_1_2_0_address0  |  out|    9|   ap_memory|  p_ZL13poly_buffer_1_2_0|         array|
|p_ZL13poly_buffer_1_2_0_ce0       |  out|    1|   ap_memory|  p_ZL13poly_buffer_1_2_0|         array|
|p_ZL13poly_buffer_1_2_0_we0       |  out|    1|   ap_memory|  p_ZL13poly_buffer_1_2_0|         array|
|p_ZL13poly_buffer_1_2_0_d0        |  out|   64|   ap_memory|  p_ZL13poly_buffer_1_2_0|         array|
|p_ZL13poly_buffer_1_2_0_q0        |   in|   64|   ap_memory|  p_ZL13poly_buffer_1_2_0|         array|
|p_ZL13poly_buffer_1_2_0_address1  |  out|    9|   ap_memory|  p_ZL13poly_buffer_1_2_0|         array|
|p_ZL13poly_buffer_1_2_0_ce1       |  out|    1|   ap_memory|  p_ZL13poly_buffer_1_2_0|         array|
|p_ZL13poly_buffer_1_2_0_we1       |  out|    1|   ap_memory|  p_ZL13poly_buffer_1_2_0|         array|
|p_ZL13poly_buffer_1_2_0_d1        |  out|   64|   ap_memory|  p_ZL13poly_buffer_1_2_0|         array|
|p_ZL13poly_buffer_1_2_0_q1        |   in|   64|   ap_memory|  p_ZL13poly_buffer_1_2_0|         array|
|p_ZL13poly_buffer_1_3_0_address0  |  out|    9|   ap_memory|  p_ZL13poly_buffer_1_3_0|         array|
|p_ZL13poly_buffer_1_3_0_ce0       |  out|    1|   ap_memory|  p_ZL13poly_buffer_1_3_0|         array|
|p_ZL13poly_buffer_1_3_0_we0       |  out|    1|   ap_memory|  p_ZL13poly_buffer_1_3_0|         array|
|p_ZL13poly_buffer_1_3_0_d0        |  out|   64|   ap_memory|  p_ZL13poly_buffer_1_3_0|         array|
|p_ZL13poly_buffer_1_3_0_q0        |   in|   64|   ap_memory|  p_ZL13poly_buffer_1_3_0|         array|
|p_ZL13poly_buffer_1_3_0_address1  |  out|    9|   ap_memory|  p_ZL13poly_buffer_1_3_0|         array|
|p_ZL13poly_buffer_1_3_0_ce1       |  out|    1|   ap_memory|  p_ZL13poly_buffer_1_3_0|         array|
|p_ZL13poly_buffer_1_3_0_we1       |  out|    1|   ap_memory|  p_ZL13poly_buffer_1_3_0|         array|
|p_ZL13poly_buffer_1_3_0_d1        |  out|   64|   ap_memory|  p_ZL13poly_buffer_1_3_0|         array|
|p_ZL13poly_buffer_1_3_0_q1        |   in|   64|   ap_memory|  p_ZL13poly_buffer_1_3_0|         array|
|p_ZL13poly_buffer_1_4_0_address0  |  out|    9|   ap_memory|  p_ZL13poly_buffer_1_4_0|         array|
|p_ZL13poly_buffer_1_4_0_ce0       |  out|    1|   ap_memory|  p_ZL13poly_buffer_1_4_0|         array|
|p_ZL13poly_buffer_1_4_0_we0       |  out|    1|   ap_memory|  p_ZL13poly_buffer_1_4_0|         array|
|p_ZL13poly_buffer_1_4_0_d0        |  out|   64|   ap_memory|  p_ZL13poly_buffer_1_4_0|         array|
|p_ZL13poly_buffer_1_4_0_q0        |   in|   64|   ap_memory|  p_ZL13poly_buffer_1_4_0|         array|
|p_ZL13poly_buffer_1_4_0_address1  |  out|    9|   ap_memory|  p_ZL13poly_buffer_1_4_0|         array|
|p_ZL13poly_buffer_1_4_0_ce1       |  out|    1|   ap_memory|  p_ZL13poly_buffer_1_4_0|         array|
|p_ZL13poly_buffer_1_4_0_we1       |  out|    1|   ap_memory|  p_ZL13poly_buffer_1_4_0|         array|
|p_ZL13poly_buffer_1_4_0_d1        |  out|   64|   ap_memory|  p_ZL13poly_buffer_1_4_0|         array|
|p_ZL13poly_buffer_1_4_0_q1        |   in|   64|   ap_memory|  p_ZL13poly_buffer_1_4_0|         array|
|p_ZL13poly_buffer_1_5_0_address0  |  out|    9|   ap_memory|  p_ZL13poly_buffer_1_5_0|         array|
|p_ZL13poly_buffer_1_5_0_ce0       |  out|    1|   ap_memory|  p_ZL13poly_buffer_1_5_0|         array|
|p_ZL13poly_buffer_1_5_0_we0       |  out|    1|   ap_memory|  p_ZL13poly_buffer_1_5_0|         array|
|p_ZL13poly_buffer_1_5_0_d0        |  out|   64|   ap_memory|  p_ZL13poly_buffer_1_5_0|         array|
|p_ZL13poly_buffer_1_5_0_q0        |   in|   64|   ap_memory|  p_ZL13poly_buffer_1_5_0|         array|
|p_ZL13poly_buffer_1_5_0_address1  |  out|    9|   ap_memory|  p_ZL13poly_buffer_1_5_0|         array|
|p_ZL13poly_buffer_1_5_0_ce1       |  out|    1|   ap_memory|  p_ZL13poly_buffer_1_5_0|         array|
|p_ZL13poly_buffer_1_5_0_we1       |  out|    1|   ap_memory|  p_ZL13poly_buffer_1_5_0|         array|
|p_ZL13poly_buffer_1_5_0_d1        |  out|   64|   ap_memory|  p_ZL13poly_buffer_1_5_0|         array|
|p_ZL13poly_buffer_1_5_0_q1        |   in|   64|   ap_memory|  p_ZL13poly_buffer_1_5_0|         array|
|p_ZL13poly_buffer_1_6_0_address0  |  out|    9|   ap_memory|  p_ZL13poly_buffer_1_6_0|         array|
|p_ZL13poly_buffer_1_6_0_ce0       |  out|    1|   ap_memory|  p_ZL13poly_buffer_1_6_0|         array|
|p_ZL13poly_buffer_1_6_0_we0       |  out|    1|   ap_memory|  p_ZL13poly_buffer_1_6_0|         array|
|p_ZL13poly_buffer_1_6_0_d0        |  out|   64|   ap_memory|  p_ZL13poly_buffer_1_6_0|         array|
|p_ZL13poly_buffer_1_6_0_q0        |   in|   64|   ap_memory|  p_ZL13poly_buffer_1_6_0|         array|
|p_ZL13poly_buffer_1_6_0_address1  |  out|    9|   ap_memory|  p_ZL13poly_buffer_1_6_0|         array|
|p_ZL13poly_buffer_1_6_0_ce1       |  out|    1|   ap_memory|  p_ZL13poly_buffer_1_6_0|         array|
|p_ZL13poly_buffer_1_6_0_we1       |  out|    1|   ap_memory|  p_ZL13poly_buffer_1_6_0|         array|
|p_ZL13poly_buffer_1_6_0_d1        |  out|   64|   ap_memory|  p_ZL13poly_buffer_1_6_0|         array|
|p_ZL13poly_buffer_1_6_0_q1        |   in|   64|   ap_memory|  p_ZL13poly_buffer_1_6_0|         array|
|p_ZL13poly_buffer_1_7_0_address0  |  out|    9|   ap_memory|  p_ZL13poly_buffer_1_7_0|         array|
|p_ZL13poly_buffer_1_7_0_ce0       |  out|    1|   ap_memory|  p_ZL13poly_buffer_1_7_0|         array|
|p_ZL13poly_buffer_1_7_0_we0       |  out|    1|   ap_memory|  p_ZL13poly_buffer_1_7_0|         array|
|p_ZL13poly_buffer_1_7_0_d0        |  out|   64|   ap_memory|  p_ZL13poly_buffer_1_7_0|         array|
|p_ZL13poly_buffer_1_7_0_q0        |   in|   64|   ap_memory|  p_ZL13poly_buffer_1_7_0|         array|
|p_ZL13poly_buffer_1_7_0_address1  |  out|    9|   ap_memory|  p_ZL13poly_buffer_1_7_0|         array|
|p_ZL13poly_buffer_1_7_0_ce1       |  out|    1|   ap_memory|  p_ZL13poly_buffer_1_7_0|         array|
|p_ZL13poly_buffer_1_7_0_we1       |  out|    1|   ap_memory|  p_ZL13poly_buffer_1_7_0|         array|
|p_ZL13poly_buffer_1_7_0_d1        |  out|   64|   ap_memory|  p_ZL13poly_buffer_1_7_0|         array|
|p_ZL13poly_buffer_1_7_0_q1        |   in|   64|   ap_memory|  p_ZL13poly_buffer_1_7_0|         array|
|p_ZL13poly_buffer_1_0_1_address0  |  out|    9|   ap_memory|  p_ZL13poly_buffer_1_0_1|         array|
|p_ZL13poly_buffer_1_0_1_ce0       |  out|    1|   ap_memory|  p_ZL13poly_buffer_1_0_1|         array|
|p_ZL13poly_buffer_1_0_1_we0       |  out|    1|   ap_memory|  p_ZL13poly_buffer_1_0_1|         array|
|p_ZL13poly_buffer_1_0_1_d0        |  out|   64|   ap_memory|  p_ZL13poly_buffer_1_0_1|         array|
|p_ZL13poly_buffer_1_0_1_q0        |   in|   64|   ap_memory|  p_ZL13poly_buffer_1_0_1|         array|
|p_ZL13poly_buffer_1_0_1_address1  |  out|    9|   ap_memory|  p_ZL13poly_buffer_1_0_1|         array|
|p_ZL13poly_buffer_1_0_1_ce1       |  out|    1|   ap_memory|  p_ZL13poly_buffer_1_0_1|         array|
|p_ZL13poly_buffer_1_0_1_we1       |  out|    1|   ap_memory|  p_ZL13poly_buffer_1_0_1|         array|
|p_ZL13poly_buffer_1_0_1_d1        |  out|   64|   ap_memory|  p_ZL13poly_buffer_1_0_1|         array|
|p_ZL13poly_buffer_1_0_1_q1        |   in|   64|   ap_memory|  p_ZL13poly_buffer_1_0_1|         array|
|p_ZL13poly_buffer_1_1_1_address0  |  out|    9|   ap_memory|  p_ZL13poly_buffer_1_1_1|         array|
|p_ZL13poly_buffer_1_1_1_ce0       |  out|    1|   ap_memory|  p_ZL13poly_buffer_1_1_1|         array|
|p_ZL13poly_buffer_1_1_1_we0       |  out|    1|   ap_memory|  p_ZL13poly_buffer_1_1_1|         array|
|p_ZL13poly_buffer_1_1_1_d0        |  out|   64|   ap_memory|  p_ZL13poly_buffer_1_1_1|         array|
|p_ZL13poly_buffer_1_1_1_q0        |   in|   64|   ap_memory|  p_ZL13poly_buffer_1_1_1|         array|
|p_ZL13poly_buffer_1_1_1_address1  |  out|    9|   ap_memory|  p_ZL13poly_buffer_1_1_1|         array|
|p_ZL13poly_buffer_1_1_1_ce1       |  out|    1|   ap_memory|  p_ZL13poly_buffer_1_1_1|         array|
|p_ZL13poly_buffer_1_1_1_we1       |  out|    1|   ap_memory|  p_ZL13poly_buffer_1_1_1|         array|
|p_ZL13poly_buffer_1_1_1_d1        |  out|   64|   ap_memory|  p_ZL13poly_buffer_1_1_1|         array|
|p_ZL13poly_buffer_1_1_1_q1        |   in|   64|   ap_memory|  p_ZL13poly_buffer_1_1_1|         array|
|p_ZL13poly_buffer_1_2_1_address0  |  out|    9|   ap_memory|  p_ZL13poly_buffer_1_2_1|         array|
|p_ZL13poly_buffer_1_2_1_ce0       |  out|    1|   ap_memory|  p_ZL13poly_buffer_1_2_1|         array|
|p_ZL13poly_buffer_1_2_1_we0       |  out|    1|   ap_memory|  p_ZL13poly_buffer_1_2_1|         array|
|p_ZL13poly_buffer_1_2_1_d0        |  out|   64|   ap_memory|  p_ZL13poly_buffer_1_2_1|         array|
|p_ZL13poly_buffer_1_2_1_q0        |   in|   64|   ap_memory|  p_ZL13poly_buffer_1_2_1|         array|
|p_ZL13poly_buffer_1_2_1_address1  |  out|    9|   ap_memory|  p_ZL13poly_buffer_1_2_1|         array|
|p_ZL13poly_buffer_1_2_1_ce1       |  out|    1|   ap_memory|  p_ZL13poly_buffer_1_2_1|         array|
|p_ZL13poly_buffer_1_2_1_we1       |  out|    1|   ap_memory|  p_ZL13poly_buffer_1_2_1|         array|
|p_ZL13poly_buffer_1_2_1_d1        |  out|   64|   ap_memory|  p_ZL13poly_buffer_1_2_1|         array|
|p_ZL13poly_buffer_1_2_1_q1        |   in|   64|   ap_memory|  p_ZL13poly_buffer_1_2_1|         array|
|p_ZL13poly_buffer_1_3_1_address0  |  out|    9|   ap_memory|  p_ZL13poly_buffer_1_3_1|         array|
|p_ZL13poly_buffer_1_3_1_ce0       |  out|    1|   ap_memory|  p_ZL13poly_buffer_1_3_1|         array|
|p_ZL13poly_buffer_1_3_1_we0       |  out|    1|   ap_memory|  p_ZL13poly_buffer_1_3_1|         array|
|p_ZL13poly_buffer_1_3_1_d0        |  out|   64|   ap_memory|  p_ZL13poly_buffer_1_3_1|         array|
|p_ZL13poly_buffer_1_3_1_q0        |   in|   64|   ap_memory|  p_ZL13poly_buffer_1_3_1|         array|
|p_ZL13poly_buffer_1_3_1_address1  |  out|    9|   ap_memory|  p_ZL13poly_buffer_1_3_1|         array|
|p_ZL13poly_buffer_1_3_1_ce1       |  out|    1|   ap_memory|  p_ZL13poly_buffer_1_3_1|         array|
|p_ZL13poly_buffer_1_3_1_we1       |  out|    1|   ap_memory|  p_ZL13poly_buffer_1_3_1|         array|
|p_ZL13poly_buffer_1_3_1_d1        |  out|   64|   ap_memory|  p_ZL13poly_buffer_1_3_1|         array|
|p_ZL13poly_buffer_1_3_1_q1        |   in|   64|   ap_memory|  p_ZL13poly_buffer_1_3_1|         array|
|p_ZL13poly_buffer_1_4_1_address0  |  out|    9|   ap_memory|  p_ZL13poly_buffer_1_4_1|         array|
|p_ZL13poly_buffer_1_4_1_ce0       |  out|    1|   ap_memory|  p_ZL13poly_buffer_1_4_1|         array|
|p_ZL13poly_buffer_1_4_1_we0       |  out|    1|   ap_memory|  p_ZL13poly_buffer_1_4_1|         array|
|p_ZL13poly_buffer_1_4_1_d0        |  out|   64|   ap_memory|  p_ZL13poly_buffer_1_4_1|         array|
|p_ZL13poly_buffer_1_4_1_q0        |   in|   64|   ap_memory|  p_ZL13poly_buffer_1_4_1|         array|
|p_ZL13poly_buffer_1_4_1_address1  |  out|    9|   ap_memory|  p_ZL13poly_buffer_1_4_1|         array|
|p_ZL13poly_buffer_1_4_1_ce1       |  out|    1|   ap_memory|  p_ZL13poly_buffer_1_4_1|         array|
|p_ZL13poly_buffer_1_4_1_we1       |  out|    1|   ap_memory|  p_ZL13poly_buffer_1_4_1|         array|
|p_ZL13poly_buffer_1_4_1_d1        |  out|   64|   ap_memory|  p_ZL13poly_buffer_1_4_1|         array|
|p_ZL13poly_buffer_1_4_1_q1        |   in|   64|   ap_memory|  p_ZL13poly_buffer_1_4_1|         array|
|p_ZL13poly_buffer_1_5_1_address0  |  out|    9|   ap_memory|  p_ZL13poly_buffer_1_5_1|         array|
|p_ZL13poly_buffer_1_5_1_ce0       |  out|    1|   ap_memory|  p_ZL13poly_buffer_1_5_1|         array|
|p_ZL13poly_buffer_1_5_1_we0       |  out|    1|   ap_memory|  p_ZL13poly_buffer_1_5_1|         array|
|p_ZL13poly_buffer_1_5_1_d0        |  out|   64|   ap_memory|  p_ZL13poly_buffer_1_5_1|         array|
|p_ZL13poly_buffer_1_5_1_q0        |   in|   64|   ap_memory|  p_ZL13poly_buffer_1_5_1|         array|
|p_ZL13poly_buffer_1_5_1_address1  |  out|    9|   ap_memory|  p_ZL13poly_buffer_1_5_1|         array|
|p_ZL13poly_buffer_1_5_1_ce1       |  out|    1|   ap_memory|  p_ZL13poly_buffer_1_5_1|         array|
|p_ZL13poly_buffer_1_5_1_we1       |  out|    1|   ap_memory|  p_ZL13poly_buffer_1_5_1|         array|
|p_ZL13poly_buffer_1_5_1_d1        |  out|   64|   ap_memory|  p_ZL13poly_buffer_1_5_1|         array|
|p_ZL13poly_buffer_1_5_1_q1        |   in|   64|   ap_memory|  p_ZL13poly_buffer_1_5_1|         array|
|p_ZL13poly_buffer_1_6_1_address0  |  out|    9|   ap_memory|  p_ZL13poly_buffer_1_6_1|         array|
|p_ZL13poly_buffer_1_6_1_ce0       |  out|    1|   ap_memory|  p_ZL13poly_buffer_1_6_1|         array|
|p_ZL13poly_buffer_1_6_1_we0       |  out|    1|   ap_memory|  p_ZL13poly_buffer_1_6_1|         array|
|p_ZL13poly_buffer_1_6_1_d0        |  out|   64|   ap_memory|  p_ZL13poly_buffer_1_6_1|         array|
|p_ZL13poly_buffer_1_6_1_q0        |   in|   64|   ap_memory|  p_ZL13poly_buffer_1_6_1|         array|
|p_ZL13poly_buffer_1_6_1_address1  |  out|    9|   ap_memory|  p_ZL13poly_buffer_1_6_1|         array|
|p_ZL13poly_buffer_1_6_1_ce1       |  out|    1|   ap_memory|  p_ZL13poly_buffer_1_6_1|         array|
|p_ZL13poly_buffer_1_6_1_we1       |  out|    1|   ap_memory|  p_ZL13poly_buffer_1_6_1|         array|
|p_ZL13poly_buffer_1_6_1_d1        |  out|   64|   ap_memory|  p_ZL13poly_buffer_1_6_1|         array|
|p_ZL13poly_buffer_1_6_1_q1        |   in|   64|   ap_memory|  p_ZL13poly_buffer_1_6_1|         array|
|p_ZL13poly_buffer_1_7_1_address0  |  out|    9|   ap_memory|  p_ZL13poly_buffer_1_7_1|         array|
|p_ZL13poly_buffer_1_7_1_ce0       |  out|    1|   ap_memory|  p_ZL13poly_buffer_1_7_1|         array|
|p_ZL13poly_buffer_1_7_1_we0       |  out|    1|   ap_memory|  p_ZL13poly_buffer_1_7_1|         array|
|p_ZL13poly_buffer_1_7_1_d0        |  out|   64|   ap_memory|  p_ZL13poly_buffer_1_7_1|         array|
|p_ZL13poly_buffer_1_7_1_q0        |   in|   64|   ap_memory|  p_ZL13poly_buffer_1_7_1|         array|
|p_ZL13poly_buffer_1_7_1_address1  |  out|    9|   ap_memory|  p_ZL13poly_buffer_1_7_1|         array|
|p_ZL13poly_buffer_1_7_1_ce1       |  out|    1|   ap_memory|  p_ZL13poly_buffer_1_7_1|         array|
|p_ZL13poly_buffer_1_7_1_we1       |  out|    1|   ap_memory|  p_ZL13poly_buffer_1_7_1|         array|
|p_ZL13poly_buffer_1_7_1_d1        |  out|   64|   ap_memory|  p_ZL13poly_buffer_1_7_1|         array|
|p_ZL13poly_buffer_1_7_1_q1        |   in|   64|   ap_memory|  p_ZL13poly_buffer_1_7_1|         array|
+----------------------------------+-----+-----+------------+-------------------------+--------------+

