Copyright 1986-2022 Xilinx, Inc. All Rights Reserved. Copyright 2022-2023 Advanced Micro Devices, Inc. All Rights Reserved.
------------------------------------------------------------------------------------------------------------------------------------------------------------------------------------------------------------------------
| Tool Version      : Vivado v.2023.2 (lin64) Build 4029153 Fri Oct 13 20:13:54 MDT 2023
| Date              : Sat Sep  5 09:39:39 2026
| Host              : LAPTOP-PERMR8RO running 64-bit Ubuntu 22.04.5 LTS
| Command           : report_timing -max_paths 10 -file /home/timhan/FHE/openfhe-for-HKS-ACC/src/fpga_backend/Solution/hks_digit_cosim-perf_mem_p4_r3/solution1/impl/verilog/report/postroute_margin/paths_setup075.rpt
| Design            : bd_0_wrapper
| Device            : xcu55c-fsvh2892
| Speed File        : -2L  PRODUCTION 1.30 05-01-2022
| Design State      : Routed
| Temperature Grade : E
------------------------------------------------------------------------------------------------------------------------------------------------------------------------------------------------------------------------

Timing Report

Slack (VIOLATED) :        -0.628ns  (required time - arrival time)
  Source:                 bd_0_i/hls_inst/inst/grp_MultMod_fu_2227/r_stg2_reg_428_pp0_iter18_reg_reg[43]/C
                            (rising edge-triggered cell FDRE clocked by ap_clk  {rise@0.000ns fall@3.000ns period=6.000ns})
  Destination:            bd_0_i/hls_inst/inst/p_ZL13poly_buffer_1_5_7_U/ram_reg_bram_1/DINBDIN[17]
                            (rising edge-triggered cell RAMB36E2 clocked by ap_clk  {rise@0.000ns fall@3.000ns period=6.000ns})
  Path Group:             ap_clk
  Path Type:              Setup (Max at Slow Process Corner)
  Requirement:            6.000ns  (ap_clk rise@6.000ns - ap_clk rise@0.000ns)
  Data Path Delay:        5.622ns  (logic 1.649ns (29.333%)  route 3.973ns (70.667%))
  Logic Levels:           17  (CARRY8=11 LUT2=1 LUT3=1 LUT4=2 LUT5=2)
  Clock Path Skew:        0.010ns (DCD - SCD + CPR)
    Destination Clock Delay (DCD):    0.040ns = ( 6.040 - 6.000 ) 
    Source Clock Delay      (SCD):    0.030ns
    Clock Pessimism Removal (CPR):    0.000ns
  Clock Uncertainty:      0.785ns  ((TSJ^2 + TIJ^2)^1/2 + DJ) / 2 + PE + UU
    Total System Jitter     (TSJ):    0.071ns
    Total Input Jitter      (TIJ):    0.000ns
    Discrete Jitter          (DJ):    0.000ns
    Phase Error              (PE):    0.000ns
    User Uncertainty         (UU):    0.750ns

    Location             Delay type                Incr(ns)  Path(ns)    Netlist Resource(s)
  -------------------------------------------------------------------    -------------------
                         (clock ap_clk rise edge)     0.000     0.000 r  
                                                      0.000     0.000 r  ap_clk (IN)
                         net (fo=75771, unset)        0.030     0.030    bd_0_i/hls_inst/inst/grp_MultMod_fu_2227/ap_clk
    SLICE_X53Y119        FDRE                                         r  bd_0_i/hls_inst/inst/grp_MultMod_fu_2227/r_stg2_reg_428_pp0_iter18_reg_reg[43]/C
  -------------------------------------------------------------------    -------------------
    SLICE_X53Y119        FDRE (Prop_AFF2_SLICEM_C_Q)
                                                      0.080     0.110 r  bd_0_i/hls_inst/inst/grp_MultMod_fu_2227/r_stg2_reg_428_pp0_iter18_reg_reg[43]/Q
                         net (fo=5, routed)           0.304     0.414    bd_0_i/hls_inst/inst/grp_MultMod_fu_2227/sub_64ns_64s_64_3_1_U258/u3/sub_64ns_64s_64_3_1_U258/u3/ram_reg_bram_1_i_229__1
    SLICE_X53Y119        LUT2 (Prop_A6LUT_SLICEM_I0_O)
                                                      0.150     0.564 r  bd_0_i/hls_inst/inst/grp_MultMod_fu_2227/sub_64ns_64s_64_3_1_U258/u3/ram_reg_bram_1_i_266/O
                         net (fo=1, routed)           0.013     0.577    bd_0_i/hls_inst/inst/grp_MultMod_fu_2227_n_1663
    SLICE_X53Y119        CARRY8 (Prop_CARRY8_SLICEM_S[0]_O[3])
                                                      0.139     0.716 r  bd_0_i/hls_inst/inst/sub_64ns_64s_64_3_1_U258/u3/ram_reg_bram_1_i_229__1/O[3]
                         net (fo=3, routed)           0.388     1.104    bd_0_i/hls_inst/inst/grp_MultMod_fu_2227/ram_reg_bram_1_i_115__0[3]
    SLICE_X54Y121        LUT4 (Prop_F6LUT_SLICEL_I0_O)
                                                      0.148     1.252 r  bd_0_i/hls_inst/inst/grp_MultMod_fu_2227/ram_reg_bram_1_i_195/O
                         net (fo=2, routed)           0.243     1.494    bd_0_i/hls_inst/inst/grp_MultMod_fu_2227/sub_64ns_64s_64_3_1_U258/ram_reg_bram_0_i_461__2[3]
    SLICE_X55Y118        CARRY8 (Prop_CARRY8_SLICEL_DI[6]_CO[7])
                                                      0.055     1.549 r  bd_0_i/hls_inst/inst/grp_MultMod_fu_2227/sub_64ns_64s_64_3_1_U258/ram_reg_bram_1_i_210/CO[7]
                         net (fo=1, routed)           0.026     1.575    bd_0_i/hls_inst/inst/grp_MultMod_fu_2227/sub_64ns_64s_64_3_1_U258/ram_reg_bram_1_i_210_n_6
    SLICE_X55Y119        CARRY8 (Prop_CARRY8_SLICEL_CI_O[6])
                                                      0.103     1.678 r  bd_0_i/hls_inst/inst/grp_MultMod_fu_2227/sub_64ns_64s_64_3_1_U258/ram_reg_bram_1_i_185__1/O[6]
                         net (fo=4, routed)           0.396     2.074    bd_0_i/hls_inst/inst/grp_Execute_Transform_Operation_fu_696/grp_Compute_BConv_Systolic_24_25_fu_842/grp_Compute_BConv_Systolic_24_25_Pipeline_Load_Mod_fu_591/sum_out_69_fu_2830_p2[54]
    SLICE_X55Y124        LUT4 (Prop_D6LUT_SLICEL_I1_O)
                                                      0.122     2.196 r  bd_0_i/hls_inst/inst/grp_Execute_Transform_Operation_fu_696/grp_Compute_BConv_Systolic_24_25_fu_842/grp_Compute_BConv_Systolic_24_25_Pipeline_Load_Mod_fu_591/ram_reg_bram_0_i_470__1/O
                         net (fo=1, routed)           0.009     2.205    bd_0_i/hls_inst/inst/grp_Execute_Transform_Operation_fu_696/grp_Compute_BConv_Systolic_24_25_fu_842/grp_Compute_BConv_Systolic_24_25_Pipeline_Load_Mod_fu_591/ram_reg_bram_0_i_470__1_n_6
    SLICE_X55Y124        CARRY8 (Prop_CARRY8_SLICEL_S[3]_CO[7])
                                                      0.154     2.359 r  bd_0_i/hls_inst/inst/grp_Execute_Transform_Operation_fu_696/grp_Compute_BConv_Systolic_24_25_fu_842/grp_Compute_BConv_Systolic_24_25_Pipeline_Load_Mod_fu_591/ram_reg_bram_0_i_423__2/CO[7]
                         net (fo=1, routed)           0.026     2.385    bd_0_i/hls_inst/inst/grp_Execute_Transform_Operation_fu_696/grp_Compute_BConv_Systolic_24_25_fu_842/grp_Compute_BConv_Systolic_24_25_Pipeline_Load_Mod_fu_591/grp_Compute_BConv_Systolic_24_25_Pipeline_Systolic_Loop_fu_640/icmp_ln111_26_fu_2836_p2
    SLICE_X55Y125        CARRY8 (Prop_CARRY8_SLICEL_CI_O[0])
                                                      0.056     2.441 r  bd_0_i/hls_inst/inst/grp_Execute_Transform_Operation_fu_696/grp_Compute_BConv_Systolic_24_25_fu_842/grp_Compute_BConv_Systolic_24_25_Pipeline_Load_Mod_fu_591/ram_reg_bram_0_i_345__3/O[0]
                         net (fo=65, routed)          0.355     2.796    bd_0_i/hls_inst/inst/grp_Execute_Transform_Operation_fu_696/grp_Compute_BConv_Systolic_24_25_fu_842/grp_Compute_BConv_Systolic_24_25_Pipeline_Load_Mod_fu_591/ram_reg_bram_0_i_345__3_n_21
    SLICE_X56Y120        LUT3 (Prop_A6LUT_SLICEM_I2_O)
                                                      0.150     2.946 r  bd_0_i/hls_inst/inst/grp_Execute_Transform_Operation_fu_696/grp_Compute_BConv_Systolic_24_25_fu_842/grp_Compute_BConv_Systolic_24_25_Pipeline_Load_Mod_fu_591/ram_reg_bram_0_i_327__1/O
                         net (fo=1, routed)           0.013     2.959    bd_0_i/hls_inst/inst/grp_Execute_Transform_Operation_fu_696/grp_Compute_BConv_Systolic_24_25_fu_842/grp_Compute_BConv_Systolic_24_25_Pipeline_Load_Mod_fu_591/ram_reg_bram_0_i_327__1_n_6
    SLICE_X56Y120        CARRY8 (Prop_CARRY8_SLICEM_S[0]_CO[7])
                                                      0.192     3.151 r  bd_0_i/hls_inst/inst/grp_Execute_Transform_Operation_fu_696/grp_Compute_BConv_Systolic_24_25_fu_842/grp_Compute_BConv_Systolic_24_25_Pipeline_Load_Mod_fu_591/ram_reg_bram_0_i_217__8/CO[7]
                         net (fo=1, routed)           0.026     3.177    bd_0_i/hls_inst/inst/grp_Execute_Transform_Operation_fu_696/grp_Compute_BConv_Systolic_24_25_fu_842/grp_Compute_BConv_Systolic_24_25_Pipeline_Load_Mod_fu_591/ram_reg_bram_0_i_217__8_n_6
    SLICE_X56Y121        CARRY8 (Prop_CARRY8_SLICEM_CI_CO[7])
                                                      0.015     3.192 r  bd_0_i/hls_inst/inst/grp_Execute_Transform_Operation_fu_696/grp_Compute_BConv_Systolic_24_25_fu_842/grp_Compute_BConv_Systolic_24_25_Pipeline_Load_Mod_fu_591/ram_reg_bram_0_i_207__10/CO[7]
                         net (fo=1, routed)           0.026     3.218    bd_0_i/hls_inst/inst/grp_Execute_Transform_Operation_fu_696/grp_Compute_BConv_Systolic_24_25_fu_842/grp_Compute_BConv_Systolic_24_25_Pipeline_Load_Mod_fu_591/ram_reg_bram_0_i_207__10_n_6
    SLICE_X56Y122        CARRY8 (Prop_CARRY8_SLICEM_CI_CO[7])
                                                      0.015     3.233 r  bd_0_i/hls_inst/inst/grp_Execute_Transform_Operation_fu_696/grp_Compute_BConv_Systolic_24_25_fu_842/grp_Compute_BConv_Systolic_24_25_Pipeline_Load_Mod_fu_591/ram_reg_bram_0_i_197__6/CO[7]
                         net (fo=1, routed)           0.026     3.259    bd_0_i/hls_inst/inst/grp_Execute_Transform_Operation_fu_696/grp_Compute_BConv_Systolic_24_25_fu_842/grp_Compute_BConv_Systolic_24_25_Pipeline_Load_Mod_fu_591/ram_reg_bram_0_i_197__6_n_6
    SLICE_X56Y123        CARRY8 (Prop_CARRY8_SLICEM_CI_CO[7])
                                                      0.015     3.274 r  bd_0_i/hls_inst/inst/grp_Execute_Transform_Operation_fu_696/grp_Compute_BConv_Systolic_24_25_fu_842/grp_Compute_BConv_Systolic_24_25_Pipeline_Load_Mod_fu_591/ram_reg_bram_0_i_246__7/CO[7]
                         net (fo=1, routed)           0.026     3.300    bd_0_i/hls_inst/inst/grp_Execute_Transform_Operation_fu_696/grp_Compute_BConv_Systolic_24_25_fu_842/grp_Compute_BConv_Systolic_24_25_Pipeline_Load_Mod_fu_591/ram_reg_bram_0_i_246__7_n_6
    SLICE_X56Y124        CARRY8 (Prop_CARRY8_SLICEM_CI_CO[7])
                                                      0.015     3.315 r  bd_0_i/hls_inst/inst/grp_Execute_Transform_Operation_fu_696/grp_Compute_BConv_Systolic_24_25_fu_842/grp_Compute_BConv_Systolic_24_25_Pipeline_Load_Mod_fu_591/ram_reg_bram_1_i_144__2/CO[7]
                         net (fo=1, routed)           0.026     3.341    bd_0_i/hls_inst/inst/grp_Execute_Transform_Operation_fu_696/grp_Compute_BConv_Systolic_24_25_fu_842/grp_Compute_BConv_Systolic_24_25_Pipeline_Load_Mod_fu_591/ram_reg_bram_1_i_144__2_n_6
    SLICE_X56Y125        CARRY8 (Prop_CARRY8_SLICEM_CI_O[5])
                                                      0.116     3.457 r  bd_0_i/hls_inst/inst/grp_Execute_Transform_Operation_fu_696/grp_Compute_BConv_Systolic_24_25_fu_842/grp_Compute_BConv_Systolic_24_25_Pipeline_Load_Mod_fu_591/ram_reg_bram_1_i_134__1/O[5]
                         net (fo=7, routed)           1.344     4.802    bd_0_i/hls_inst/inst/grp_Execute_Transform_Operation_fu_696/grp_Execute_Transform_fu_1152/grp_CG_Transform_Work_fu_459/grp_CG_Transform_Work_Pipeline_WORK_BUTTERFLY_LOOP3_fu_948/grp_Compute_BConv_Systolic_24_25_fu_842_p_ZL13poly_buffer_1_5_0_d0[53]
    SLICE_X84Y184        LUT5 (Prop_E6LUT_SLICEL_I2_O)
                                                      0.035     4.837 r  bd_0_i/hls_inst/inst/grp_Execute_Transform_Operation_fu_696/grp_Execute_Transform_fu_1152/grp_CG_Transform_Work_fu_459/grp_CG_Transform_Work_Pipeline_WORK_BUTTERFLY_LOOP3_fu_948/ram_reg_bram_1_i_72__15/O
                         net (fo=1, routed)           0.087     4.924    bd_0_i/hls_inst/inst/grp_Compute_BConv_Systolic_fu_1051/grp_Compute_BConv_Systolic_Pipeline_Load_Mod_fu_321/grp_Execute_Transform_Operation_fu_696_p_ZL13poly_buffer_1_5_7_d0[53]
    SLICE_X84Y184        LUT5 (Prop_G6LUT_SLICEL_I2_O)
                                                      0.089     5.013 r  bd_0_i/hls_inst/inst/grp_Compute_BConv_Systolic_fu_1051/grp_Compute_BConv_Systolic_Pipeline_Load_Mod_fu_321/ram_reg_bram_1_i_39__6/O
                         net (fo=1, routed)           0.639     5.652    bd_0_i/hls_inst/inst/p_ZL13poly_buffer_1_5_7_U/d0[53]
    RAMB36_X6Y43         RAMB36E2                                     r  bd_0_i/hls_inst/inst/p_ZL13poly_buffer_1_5_7_U/ram_reg_bram_1/DINBDIN[17]
  -------------------------------------------------------------------    -------------------

                         (clock ap_clk rise edge)     6.000     6.000 r  
                                                      0.000     6.000 r  ap_clk (IN)
                         net (fo=75771, unset)        0.040     6.040    bd_0_i/hls_inst/inst/p_ZL13poly_buffer_1_5_7_U/ap_clk
    RAMB36_X6Y43         RAMB36E2                                     r  bd_0_i/hls_inst/inst/p_ZL13poly_buffer_1_5_7_U/ram_reg_bram_1/CLKBWRCLK
                         clock pessimism              0.000     6.040    
                         clock uncertainty           -0.785     5.255    
    RAMB36_X6Y43         RAMB36E2 (Setup_RAMB36E2_RAMB36_CLKBWRCLK_DINBDIN[17])
                                                     -0.231     5.024    bd_0_i/hls_inst/inst/p_ZL13poly_buffer_1_5_7_U/ram_reg_bram_1
  -------------------------------------------------------------------
                         required time                          5.024    
                         arrival time                          -5.652    
  -------------------------------------------------------------------
                         slack                                 -0.628    

Slack (VIOLATED) :        -0.606ns  (required time - arrival time)
  Source:                 bd_0_i/hls_inst/inst/grp_MultMod_fu_2235/sub_64ns_64s_64_3_1_U258/sum_s2_reg[23]/C
                            (rising edge-triggered cell FDRE clocked by ap_clk  {rise@0.000ns fall@3.000ns period=6.000ns})
  Destination:            bd_0_i/hls_inst/inst/p_ZL13poly_buffer_1_6_5_U/ram_reg_bram_1/DINBDIN[14]
                            (rising edge-triggered cell RAMB36E2 clocked by ap_clk  {rise@0.000ns fall@3.000ns period=6.000ns})
  Path Group:             ap_clk
  Path Type:              Setup (Max at Slow Process Corner)
  Requirement:            6.000ns  (ap_clk rise@6.000ns - ap_clk rise@0.000ns)
  Data Path Delay:        5.563ns  (logic 1.468ns (26.388%)  route 4.095ns (73.612%))
  Logic Levels:           18  (CARRY8=13 LUT3=1 LUT4=2 LUT5=2)
  Clock Path Skew:        0.012ns (DCD - SCD + CPR)
    Destination Clock Delay (DCD):    0.040ns = ( 6.040 - 6.000 ) 
    Source Clock Delay      (SCD):    0.028ns
    Clock Pessimism Removal (CPR):    0.000ns
  Clock Uncertainty:      0.785ns  ((TSJ^2 + TIJ^2)^1/2 + DJ) / 2 + PE + UU
    Total System Jitter     (TSJ):    0.071ns
    Total Input Jitter      (TIJ):    0.000ns
    Discrete Jitter          (DJ):    0.000ns
    Phase Error              (PE):    0.000ns
    User Uncertainty         (UU):    0.750ns

    Location             Delay type                Incr(ns)  Path(ns)    Netlist Resource(s)
  -------------------------------------------------------------------    -------------------
                         (clock ap_clk rise edge)     0.000     0.000 r  
                                                      0.000     0.000 r  ap_clk (IN)
                         net (fo=75771, unset)        0.028     0.028    bd_0_i/hls_inst/inst/grp_MultMod_fu_2235/sub_64ns_64s_64_3_1_U258/ap_clk
    SLICE_X86Y97         FDRE                                         r  bd_0_i/hls_inst/inst/grp_MultMod_fu_2235/sub_64ns_64s_64_3_1_U258/sum_s2_reg[23]/C
  -------------------------------------------------------------------    -------------------
    SLICE_X86Y97         FDRE (Prop_CFF_SLICEL_C_Q)
                                                      0.079     0.107 r  bd_0_i/hls_inst/inst/grp_MultMod_fu_2235/sub_64ns_64s_64_3_1_U258/sum_s2_reg[23]/Q
                         net (fo=3, routed)           0.518     0.625    bd_0_i/hls_inst/inst/grp_MultMod_fu_2235/sub_64ns_64s_64_3_1_U258/grp_fu_317_p2[23]
    SLICE_X81Y104        LUT4 (Prop_G6LUT_SLICEM_I0_O)
                                                      0.150     0.775 r  bd_0_i/hls_inst/inst/grp_MultMod_fu_2235/sub_64ns_64s_64_3_1_U258/ram_reg_bram_0_i_257__4/O
                         net (fo=2, routed)           0.430     1.206    bd_0_i/hls_inst/inst/grp_MultMod_fu_2235/sub_64ns_64s_64_3_1_U258/grp_MultMod_fu_2235_ap_return[23]
    SLICE_X82Y107        CARRY8 (Prop_CARRY8_SLICEL_DI[7]_CO[7])
                                                      0.051     1.257 r  bd_0_i/hls_inst/inst/grp_MultMod_fu_2235/sub_64ns_64s_64_3_1_U258/ram_reg_bram_0_i_273__8/CO[7]
                         net (fo=1, routed)           0.026     1.283    bd_0_i/hls_inst/inst/grp_MultMod_fu_2235/sub_64ns_64s_64_3_1_U258/ram_reg_bram_0_i_273__8_n_6
    SLICE_X82Y108        CARRY8 (Prop_CARRY8_SLICEL_CI_CO[7])
                                                      0.015     1.298 r  bd_0_i/hls_inst/inst/grp_MultMod_fu_2235/sub_64ns_64s_64_3_1_U258/ram_reg_bram_0_i_248__8/CO[7]
                         net (fo=1, routed)           0.026     1.324    bd_0_i/hls_inst/inst/grp_MultMod_fu_2235/sub_64ns_64s_64_3_1_U258/ram_reg_bram_0_i_248__8_n_6
    SLICE_X82Y109        CARRY8 (Prop_CARRY8_SLICEL_CI_CO[7])
                                                      0.015     1.339 r  bd_0_i/hls_inst/inst/grp_MultMod_fu_2235/sub_64ns_64s_64_3_1_U258/ram_reg_bram_0_i_350__2/CO[7]
                         net (fo=1, routed)           0.026     1.365    bd_0_i/hls_inst/inst/grp_MultMod_fu_2235/sub_64ns_64s_64_3_1_U258/ram_reg_bram_0_i_350__2_n_6
    SLICE_X82Y110        CARRY8 (Prop_CARRY8_SLICEL_CI_CO[7])
                                                      0.015     1.380 r  bd_0_i/hls_inst/inst/grp_MultMod_fu_2235/sub_64ns_64s_64_3_1_U258/ram_reg_bram_1_i_183__1/CO[7]
                         net (fo=1, routed)           0.026     1.406    bd_0_i/hls_inst/inst/grp_MultMod_fu_2235/sub_64ns_64s_64_3_1_U258/ram_reg_bram_1_i_183__1_n_6
    SLICE_X82Y111        CARRY8 (Prop_CARRY8_SLICEL_CI_O[2])
                                                      0.067     1.473 r  bd_0_i/hls_inst/inst/grp_MultMod_fu_2235/sub_64ns_64s_64_3_1_U258/ram_reg_bram_1_i_158__1/O[2]
                         net (fo=4, routed)           0.350     1.822    bd_0_i/hls_inst/inst/grp_Execute_Transform_Operation_fu_696/grp_Compute_BConv_Systolic_24_25_fu_842/grp_Compute_BConv_Systolic_24_25_Pipeline_Load_Mod_fu_591/sum_out_72_fu_2868_p2[50]
    SLICE_X79Y110        LUT4 (Prop_B6LUT_SLICEL_I1_O)
                                                      0.148     1.970 r  bd_0_i/hls_inst/inst/grp_Execute_Transform_Operation_fu_696/grp_Compute_BConv_Systolic_24_25_fu_842/grp_Compute_BConv_Systolic_24_25_Pipeline_Load_Mod_fu_591/ram_reg_bram_0_i_450__3/O
                         net (fo=1, routed)           0.009     1.979    bd_0_i/hls_inst/inst/grp_Execute_Transform_Operation_fu_696/grp_Compute_BConv_Systolic_24_25_fu_842/grp_Compute_BConv_Systolic_24_25_Pipeline_Load_Mod_fu_591/ram_reg_bram_0_i_450__3_n_6
    SLICE_X79Y110        CARRY8 (Prop_CARRY8_SLICEL_S[1]_CO[7])
                                                      0.186     2.165 r  bd_0_i/hls_inst/inst/grp_Execute_Transform_Operation_fu_696/grp_Compute_BConv_Systolic_24_25_fu_842/grp_Compute_BConv_Systolic_24_25_Pipeline_Load_Mod_fu_591/ram_reg_bram_0_i_401__1/CO[7]
                         net (fo=1, routed)           0.026     2.191    bd_0_i/hls_inst/inst/grp_Execute_Transform_Operation_fu_696/grp_Compute_BConv_Systolic_24_25_fu_842/grp_Compute_BConv_Systolic_24_25_Pipeline_Load_Mod_fu_591/grp_Compute_BConv_Systolic_24_25_Pipeline_Systolic_Loop_fu_640/icmp_ln111_27_fu_2874_p2
    SLICE_X79Y111        CARRY8 (Prop_CARRY8_SLICEL_CI_O[0])
                                                      0.056     2.247 r  bd_0_i/hls_inst/inst/grp_Execute_Transform_Operation_fu_696/grp_Compute_BConv_Systolic_24_25_fu_842/grp_Compute_BConv_Systolic_24_25_Pipeline_Load_Mod_fu_591/ram_reg_bram_0_i_324__2/O[0]
                         net (fo=65, routed)          0.377     2.624    bd_0_i/hls_inst/inst/grp_Execute_Transform_Operation_fu_696/grp_Compute_BConv_Systolic_24_25_fu_842/grp_Compute_BConv_Systolic_24_25_Pipeline_Load_Mod_fu_591/ram_reg_bram_0_i_324__2_n_21
    SLICE_X80Y106        LUT3 (Prop_A6LUT_SLICEL_I2_O)
                                                      0.149     2.773 r  bd_0_i/hls_inst/inst/grp_Execute_Transform_Operation_fu_696/grp_Compute_BConv_Systolic_24_25_fu_842/grp_Compute_BConv_Systolic_24_25_Pipeline_Load_Mod_fu_591/ram_reg_bram_0_i_306__5/O
                         net (fo=1, routed)           0.009     2.782    bd_0_i/hls_inst/inst/grp_Execute_Transform_Operation_fu_696/grp_Compute_BConv_Systolic_24_25_fu_842/grp_Compute_BConv_Systolic_24_25_Pipeline_Load_Mod_fu_591/ram_reg_bram_0_i_306__5_n_6
    SLICE_X80Y106        CARRY8 (Prop_CARRY8_SLICEL_S[0]_CO[7])
                                                      0.190     2.972 r  bd_0_i/hls_inst/inst/grp_Execute_Transform_Operation_fu_696/grp_Compute_BConv_Systolic_24_25_fu_842/grp_Compute_BConv_Systolic_24_25_Pipeline_Load_Mod_fu_591/ram_reg_bram_0_i_177__13/CO[7]
                         net (fo=1, routed)           0.026     2.998    bd_0_i/hls_inst/inst/grp_Execute_Transform_Operation_fu_696/grp_Compute_BConv_Systolic_24_25_fu_842/grp_Compute_BConv_Systolic_24_25_Pipeline_Load_Mod_fu_591/ram_reg_bram_0_i_177__13_n_6
    SLICE_X80Y107        CARRY8 (Prop_CARRY8_SLICEL_CI_CO[7])
                                                      0.015     3.013 r  bd_0_i/hls_inst/inst/grp_Execute_Transform_Operation_fu_696/grp_Compute_BConv_Systolic_24_25_fu_842/grp_Compute_BConv_Systolic_24_25_Pipeline_Load_Mod_fu_591/ram_reg_bram_0_i_159__20/CO[7]
                         net (fo=1, routed)           0.026     3.039    bd_0_i/hls_inst/inst/grp_Execute_Transform_Operation_fu_696/grp_Compute_BConv_Systolic_24_25_fu_842/grp_Compute_BConv_Systolic_24_25_Pipeline_Load_Mod_fu_591/ram_reg_bram_0_i_159__20_n_6
    SLICE_X80Y108        CARRY8 (Prop_CARRY8_SLICEL_CI_CO[7])
                                                      0.015     3.054 r  bd_0_i/hls_inst/inst/grp_Execute_Transform_Operation_fu_696/grp_Compute_BConv_Systolic_24_25_fu_842/grp_Compute_BConv_Systolic_24_25_Pipeline_Load_Mod_fu_591/ram_reg_bram_0_i_141__22/CO[7]
                         net (fo=1, routed)           0.026     3.080    bd_0_i/hls_inst/inst/grp_Execute_Transform_Operation_fu_696/grp_Compute_BConv_Systolic_24_25_fu_842/grp_Compute_BConv_Systolic_24_25_Pipeline_Load_Mod_fu_591/ram_reg_bram_0_i_141__22_n_6
    SLICE_X80Y109        CARRY8 (Prop_CARRY8_SLICEL_CI_CO[7])
                                                      0.015     3.095 r  bd_0_i/hls_inst/inst/grp_Execute_Transform_Operation_fu_696/grp_Compute_BConv_Systolic_24_25_fu_842/grp_Compute_BConv_Systolic_24_25_Pipeline_Load_Mod_fu_591/ram_reg_bram_0_i_214__7/CO[7]
                         net (fo=1, routed)           0.026     3.121    bd_0_i/hls_inst/inst/grp_Execute_Transform_Operation_fu_696/grp_Compute_BConv_Systolic_24_25_fu_842/grp_Compute_BConv_Systolic_24_25_Pipeline_Load_Mod_fu_591/ram_reg_bram_0_i_214__7_n_6
    SLICE_X80Y110        CARRY8 (Prop_CARRY8_SLICEL_CI_CO[7])
                                                      0.015     3.136 r  bd_0_i/hls_inst/inst/grp_Execute_Transform_Operation_fu_696/grp_Compute_BConv_Systolic_24_25_fu_842/grp_Compute_BConv_Systolic_24_25_Pipeline_Load_Mod_fu_591/ram_reg_bram_1_i_106__2/CO[7]
                         net (fo=1, routed)           0.026     3.162    bd_0_i/hls_inst/inst/grp_Execute_Transform_Operation_fu_696/grp_Compute_BConv_Systolic_24_25_fu_842/grp_Compute_BConv_Systolic_24_25_Pipeline_Load_Mod_fu_591/ram_reg_bram_1_i_106__2_n_6
    SLICE_X80Y111        CARRY8 (Prop_CARRY8_SLICEL_CI_O[2])
                                                      0.067     3.229 r  bd_0_i/hls_inst/inst/grp_Execute_Transform_Operation_fu_696/grp_Compute_BConv_Systolic_24_25_fu_842/grp_Compute_BConv_Systolic_24_25_Pipeline_Load_Mod_fu_591/ram_reg_bram_1_i_88__2/O[2]
                         net (fo=7, routed)           1.126     4.355    bd_0_i/hls_inst/inst/grp_Execute_Transform_Operation_fu_696/grp_Execute_Transform_fu_1152/grp_CG_Transform_Work_fu_459/grp_CG_Transform_Work_Pipeline_WORK_BUTTERFLY_LOOP3_fu_948/grp_Compute_BConv_Systolic_24_25_fu_842_p_ZL13poly_buffer_1_6_0_d0[50]
    SLICE_X59Y171        LUT5 (Prop_E6LUT_SLICEL_I2_O)
                                                      0.123     4.478 r  bd_0_i/hls_inst/inst/grp_Execute_Transform_Operation_fu_696/grp_Execute_Transform_fu_1152/grp_CG_Transform_Work_fu_459/grp_CG_Transform_Work_Pipeline_WORK_BUTTERFLY_LOOP3_fu_948/ram_reg_bram_1_i_74__25/O
                         net (fo=1, routed)           0.091     4.569    bd_0_i/hls_inst/inst/grp_Compute_BConv_Systolic_fu_1051/grp_Compute_BConv_Systolic_Pipeline_Load_Mod_fu_321/grp_Execute_Transform_Operation_fu_696_p_ZL13poly_buffer_1_6_5_d0[50]
    SLICE_X59Y171        LUT5 (Prop_G6LUT_SLICEL_I2_O)
                                                      0.097     4.666 r  bd_0_i/hls_inst/inst/grp_Compute_BConv_Systolic_fu_1051/grp_Compute_BConv_Systolic_Pipeline_Load_Mod_fu_321/ram_reg_bram_1_i_42__48/O
                         net (fo=2, routed)           0.925     5.591    bd_0_i/hls_inst/inst/p_ZL13poly_buffer_1_6_5_U/d0[50]
    RAMB36_X2Y38         RAMB36E2                                     r  bd_0_i/hls_inst/inst/p_ZL13poly_buffer_1_6_5_U/ram_reg_bram_1/DINBDIN[14]
  -------------------------------------------------------------------    -------------------

                         (clock ap_clk rise edge)     6.000     6.000 r  
                                                      0.000     6.000 r  ap_clk (IN)
                         net (fo=75771, unset)        0.040     6.040    bd_0_i/hls_inst/inst/p_ZL13poly_buffer_1_6_5_U/ap_clk
    RAMB36_X2Y38         RAMB36E2                                     r  bd_0_i/hls_inst/inst/p_ZL13poly_buffer_1_6_5_U/ram_reg_bram_1/CLKBWRCLK
                         clock pessimism              0.000     6.040    
                         clock uncertainty           -0.785     5.255    
    RAMB36_X2Y38         RAMB36E2 (Setup_RAMB36E2_RAMB36_CLKBWRCLK_DINBDIN[14])
                                                     -0.270     4.985    bd_0_i/hls_inst/inst/p_ZL13poly_buffer_1_6_5_U/ram_reg_bram_1
  -------------------------------------------------------------------
                         required time                          4.985    
                         arrival time                          -5.591    
  -------------------------------------------------------------------
                         slack                                 -0.606    

Slack (VIOLATED) :        -0.577ns  (required time - arrival time)
  Source:                 bd_0_i/hls_inst/inst/grp_MultMod_fu_2227/r_stg2_reg_428_pp0_iter18_reg_reg[43]/C
                            (rising edge-triggered cell FDRE clocked by ap_clk  {rise@0.000ns fall@3.000ns period=6.000ns})
  Destination:            bd_0_i/hls_inst/inst/p_ZL13poly_buffer_1_5_7_U/ram_reg_bram_1/DINBDIN[0]
                            (rising edge-triggered cell RAMB36E2 clocked by ap_clk  {rise@0.000ns fall@3.000ns period=6.000ns})
  Path Group:             ap_clk
  Path Type:              Setup (Max at Slow Process Corner)
  Requirement:            6.000ns  (ap_clk rise@6.000ns - ap_clk rise@0.000ns)
  Data Path Delay:        5.524ns  (logic 1.726ns (31.244%)  route 3.798ns (68.756%))
  Logic Levels:           15  (CARRY8=10 LUT2=1 LUT3=1 LUT4=2 LUT5=1)
  Clock Path Skew:        0.010ns (DCD - SCD + CPR)
    Destination Clock Delay (DCD):    0.040ns = ( 6.040 - 6.000 ) 
    Source Clock Delay      (SCD):    0.030ns
    Clock Pessimism Removal (CPR):    0.000ns
  Clock Uncertainty:      0.785ns  ((TSJ^2 + TIJ^2)^1/2 + DJ) / 2 + PE + UU
    Total System Jitter     (TSJ):    0.071ns
    Total Input Jitter      (TIJ):    0.000ns
    Discrete Jitter          (DJ):    0.000ns
    Phase Error              (PE):    0.000ns
    User Uncertainty         (UU):    0.750ns

    Location             Delay type                Incr(ns)  Path(ns)    Netlist Resource(s)
  -------------------------------------------------------------------    -------------------
                         (clock ap_clk rise edge)     0.000     0.000 r  
                                                      0.000     0.000 r  ap_clk (IN)
                         net (fo=75771, unset)        0.030     0.030    bd_0_i/hls_inst/inst/grp_MultMod_fu_2227/ap_clk
    SLICE_X53Y119        FDRE                                         r  bd_0_i/hls_inst/inst/grp_MultMod_fu_2227/r_stg2_reg_428_pp0_iter18_reg_reg[43]/C
  -------------------------------------------------------------------    -------------------
    SLICE_X53Y119        FDRE (Prop_AFF2_SLICEM_C_Q)
                                                      0.080     0.110 r  bd_0_i/hls_inst/inst/grp_MultMod_fu_2227/r_stg2_reg_428_pp0_iter18_reg_reg[43]/Q
                         net (fo=5, routed)           0.304     0.414    bd_0_i/hls_inst/inst/grp_MultMod_fu_2227/sub_64ns_64s_64_3_1_U258/u3/sub_64ns_64s_64_3_1_U258/u3/ram_reg_bram_1_i_229__1
    SLICE_X53Y119        LUT2 (Prop_A6LUT_SLICEM_I0_O)
                                                      0.150     0.564 r  bd_0_i/hls_inst/inst/grp_MultMod_fu_2227/sub_64ns_64s_64_3_1_U258/u3/ram_reg_bram_1_i_266/O
                         net (fo=1, routed)           0.013     0.577    bd_0_i/hls_inst/inst/grp_MultMod_fu_2227_n_1663
    SLICE_X53Y119        CARRY8 (Prop_CARRY8_SLICEM_S[0]_CO[7])
                                                      0.192     0.769 r  bd_0_i/hls_inst/inst/sub_64ns_64s_64_3_1_U258/u3/ram_reg_bram_1_i_229__1/CO[7]
                         net (fo=1, routed)           0.026     0.795    bd_0_i/hls_inst/inst/sub_64ns_64s_64_3_1_U258/u3/ram_reg_bram_1_i_229__1_n_6
    SLICE_X53Y120        CARRY8 (Prop_CARRY8_SLICEM_CI_O[6])
                                                      0.103     0.898 r  bd_0_i/hls_inst/inst/sub_64ns_64s_64_3_1_U258/u3/ram_reg_bram_1_i_220__1/O[6]
                         net (fo=3, routed)           0.189     1.087    bd_0_i/hls_inst/inst/grp_MultMod_fu_2227/ram_reg_bram_1_i_115__0[14]
    SLICE_X54Y121        LUT4 (Prop_C6LUT_SLICEL_I0_O)
                                                      0.146     1.233 r  bd_0_i/hls_inst/inst/grp_MultMod_fu_2227/ram_reg_bram_1_i_150/O
                         net (fo=2, routed)           0.312     1.545    bd_0_i/hls_inst/inst/grp_MultMod_fu_2227/sub_64ns_64s_64_3_1_U258/ram_reg_bram_0_i_461__2[14]
    SLICE_X54Y120        CARRY8 (Prop_CARRY8_SLICEL_DI[1]_O[7])
                                                      0.195     1.740 r  bd_0_i/hls_inst/inst/grp_MultMod_fu_2227/sub_64ns_64s_64_3_1_U258/ram_reg_bram_1_i_115__0/O[7]
                         net (fo=3, routed)           0.338     2.077    bd_0_i/hls_inst/inst/grp_Compute_BConv_Systolic_fu_1051/grp_Compute_BConv_Systolic_Pipeline_Load_Mod_fu_321/sum_out_31_fu_2782_p2[63]
    SLICE_X53Y117        LUT4 (Prop_H6LUT_SLICEM_I3_O)
                                                      0.090     2.167 r  bd_0_i/hls_inst/inst/grp_Compute_BConv_Systolic_fu_1051/grp_Compute_BConv_Systolic_Pipeline_Load_Mod_fu_321/ram_reg_bram_0_i_415__0/O
                         net (fo=1, routed)           0.015     2.182    bd_0_i/hls_inst/inst/grp_Compute_BConv_Systolic_fu_1051/grp_Compute_BConv_Systolic_Pipeline_Load_Mod_fu_321/ram_reg_bram_0_i_415__0_n_6
    SLICE_X53Y117        CARRY8 (Prop_CARRY8_SLICEM_S[7]_CO[7])
                                                      0.117     2.299 r  bd_0_i/hls_inst/inst/grp_Compute_BConv_Systolic_fu_1051/grp_Compute_BConv_Systolic_Pipeline_Load_Mod_fu_321/ram_reg_bram_0_i_328__2/CO[7]
                         net (fo=1, routed)           0.026     2.325    bd_0_i/hls_inst/inst/grp_Compute_BConv_Systolic_fu_1051/grp_Compute_BConv_Systolic_Pipeline_Load_Mod_fu_321/grp_Compute_BConv_Systolic_Pipeline_Systolic_Loop_fu_346/icmp_ln111_12_fu_2788_p2
    SLICE_X53Y118        CARRY8 (Prop_CARRY8_SLICEM_CI_O[0])
                                                      0.056     2.381 r  bd_0_i/hls_inst/inst/grp_Compute_BConv_Systolic_fu_1051/grp_Compute_BConv_Systolic_Pipeline_Load_Mod_fu_321/ram_reg_bram_0_i_218__1/O[0]
                         net (fo=65, routed)          0.371     2.753    bd_0_i/hls_inst/inst/grp_Compute_BConv_Systolic_fu_1051/grp_Compute_BConv_Systolic_Pipeline_Load_Mod_fu_321/ram_reg_bram_0_i_218__1_n_21
    SLICE_X52Y113        LUT3 (Prop_A6LUT_SLICEM_I2_O)
                                                      0.125     2.878 r  bd_0_i/hls_inst/inst/grp_Compute_BConv_Systolic_fu_1051/grp_Compute_BConv_Systolic_Pipeline_Load_Mod_fu_321/ram_reg_bram_0_i_227__4/O
                         net (fo=1, routed)           0.013     2.891    bd_0_i/hls_inst/inst/grp_Compute_BConv_Systolic_fu_1051/grp_Compute_BConv_Systolic_Pipeline_Load_Mod_fu_321/ram_reg_bram_0_i_227__4_n_6
    SLICE_X52Y113        CARRY8 (Prop_CARRY8_SLICEM_S[0]_CO[7])
                                                      0.192     3.083 r  bd_0_i/hls_inst/inst/grp_Compute_BConv_Systolic_fu_1051/grp_Compute_BConv_Systolic_Pipeline_Load_Mod_fu_321/ram_reg_bram_0_i_154__8/CO[7]
                         net (fo=1, routed)           0.026     3.109    bd_0_i/hls_inst/inst/grp_Compute_BConv_Systolic_fu_1051/grp_Compute_BConv_Systolic_Pipeline_Load_Mod_fu_321/ram_reg_bram_0_i_154__8_n_6
    SLICE_X52Y114        CARRY8 (Prop_CARRY8_SLICEM_CI_CO[7])
                                                      0.015     3.124 r  bd_0_i/hls_inst/inst/grp_Compute_BConv_Systolic_fu_1051/grp_Compute_BConv_Systolic_Pipeline_Load_Mod_fu_321/ram_reg_bram_0_i_145__9/CO[7]
                         net (fo=1, routed)           0.026     3.150    bd_0_i/hls_inst/inst/grp_Compute_BConv_Systolic_fu_1051/grp_Compute_BConv_Systolic_Pipeline_Load_Mod_fu_321/ram_reg_bram_0_i_145__9_n_6
    SLICE_X52Y115        CARRY8 (Prop_CARRY8_SLICEM_CI_CO[7])
                                                      0.015     3.165 r  bd_0_i/hls_inst/inst/grp_Compute_BConv_Systolic_fu_1051/grp_Compute_BConv_Systolic_Pipeline_Load_Mod_fu_321/ram_reg_bram_0_i_135__6/CO[7]
                         net (fo=1, routed)           0.026     3.191    bd_0_i/hls_inst/inst/grp_Compute_BConv_Systolic_fu_1051/grp_Compute_BConv_Systolic_Pipeline_Load_Mod_fu_321/ram_reg_bram_0_i_135__6_n_6
    SLICE_X52Y116        CARRY8 (Prop_CARRY8_SLICEM_CI_CO[7])
                                                      0.015     3.206 r  bd_0_i/hls_inst/inst/grp_Compute_BConv_Systolic_fu_1051/grp_Compute_BConv_Systolic_Pipeline_Load_Mod_fu_321/ram_reg_bram_0_i_126__5/CO[7]
                         net (fo=1, routed)           0.026     3.232    bd_0_i/hls_inst/inst/grp_Compute_BConv_Systolic_fu_1051/grp_Compute_BConv_Systolic_Pipeline_Load_Mod_fu_321/ram_reg_bram_0_i_126__5_n_6
    SLICE_X52Y117        CARRY8 (Prop_CARRY8_SLICEM_CI_O[4])
                                                      0.086     3.318 r  bd_0_i/hls_inst/inst/grp_Compute_BConv_Systolic_fu_1051/grp_Compute_BConv_Systolic_Pipeline_Load_Mod_fu_321/ram_reg_bram_0_i_164__4/O[4]
                         net (fo=7, routed)           1.388     4.705    bd_0_i/hls_inst/inst/grp_Compute_BConv_Systolic_fu_1051/grp_Compute_BConv_Systolic_Pipeline_Load_Mod_fu_321/grp_Compute_BConv_Systolic_fu_1051_p_ZL13poly_buffer_1_5_0_d0[36]
    SLICE_X84Y176        LUT5 (Prop_G6LUT_SLICEL_I0_O)
                                                      0.149     4.854 r  bd_0_i/hls_inst/inst/grp_Compute_BConv_Systolic_fu_1051/grp_Compute_BConv_Systolic_Pipeline_Load_Mod_fu_321/ram_reg_bram_1_i_56__6/O
                         net (fo=1, routed)           0.700     5.554    bd_0_i/hls_inst/inst/p_ZL13poly_buffer_1_5_7_U/d0[36]
    RAMB36_X6Y43         RAMB36E2                                     r  bd_0_i/hls_inst/inst/p_ZL13poly_buffer_1_5_7_U/ram_reg_bram_1/DINBDIN[0]
  -------------------------------------------------------------------    -------------------

                         (clock ap_clk rise edge)     6.000     6.000 r  
                                                      0.000     6.000 r  ap_clk (IN)
                         net (fo=75771, unset)        0.040     6.040    bd_0_i/hls_inst/inst/p_ZL13poly_buffer_1_5_7_U/ap_clk
    RAMB36_X6Y43         RAMB36E2                                     r  bd_0_i/hls_inst/inst/p_ZL13poly_buffer_1_5_7_U/ram_reg_bram_1/CLKBWRCLK
                         clock pessimism              0.000     6.040    
                         clock uncertainty           -0.785     5.255    
    RAMB36_X6Y43         RAMB36E2 (Setup_RAMB36E2_RAMB36_CLKBWRCLK_DINBDIN[0])
                                                     -0.277     4.978    bd_0_i/hls_inst/inst/p_ZL13poly_buffer_1_5_7_U/ram_reg_bram_1
  -------------------------------------------------------------------
                         required time                          4.978    
                         arrival time                          -5.554    
  -------------------------------------------------------------------
                         slack                                 -0.577    

Slack (VIOLATED) :        -0.570ns  (required time - arrival time)
  Source:                 bd_0_i/hls_inst/inst/grp_MultMod_fu_2227/r_stg2_reg_428_pp0_iter18_reg_reg[43]/C
                            (rising edge-triggered cell FDRE clocked by ap_clk  {rise@0.000ns fall@3.000ns period=6.000ns})
  Destination:            bd_0_i/hls_inst/inst/p_ZL13poly_buffer_1_5_3_U/ram_reg_bram_1/DINBDIN[17]
                            (rising edge-triggered cell RAMB36E2 clocked by ap_clk  {rise@0.000ns fall@3.000ns period=6.000ns})
  Path Group:             ap_clk
  Path Type:              Setup (Max at Slow Process Corner)
  Requirement:            6.000ns  (ap_clk rise@6.000ns - ap_clk rise@0.000ns)
  Data Path Delay:        5.564ns  (logic 1.709ns (30.717%)  route 3.855ns (69.283%))
  Logic Levels:           17  (CARRY8=11 LUT2=1 LUT3=1 LUT4=2 LUT5=2)
  Clock Path Skew:        0.010ns (DCD - SCD + CPR)
    Destination Clock Delay (DCD):    0.040ns = ( 6.040 - 6.000 ) 
    Source Clock Delay      (SCD):    0.030ns
    Clock Pessimism Removal (CPR):    0.000ns
  Clock Uncertainty:      0.785ns  ((TSJ^2 + TIJ^2)^1/2 + DJ) / 2 + PE + UU
    Total System Jitter     (TSJ):    0.071ns
    Total Input Jitter      (TIJ):    0.000ns
    Discrete Jitter          (DJ):    0.000ns
    Phase Error              (PE):    0.000ns
    User Uncertainty         (UU):    0.750ns

    Location             Delay type                Incr(ns)  Path(ns)    Netlist Resource(s)
  -------------------------------------------------------------------    -------------------
                         (clock ap_clk rise edge)     0.000     0.000 r  
                                                      0.000     0.000 r  ap_clk (IN)
                         net (fo=75771, unset)        0.030     0.030    bd_0_i/hls_inst/inst/grp_MultMod_fu_2227/ap_clk
    SLICE_X53Y119        FDRE                                         r  bd_0_i/hls_inst/inst/grp_MultMod_fu_2227/r_stg2_reg_428_pp0_iter18_reg_reg[43]/C
  -------------------------------------------------------------------    -------------------
    SLICE_X53Y119        FDRE (Prop_AFF2_SLICEM_C_Q)
                                                      0.080     0.110 r  bd_0_i/hls_inst/inst/grp_MultMod_fu_2227/r_stg2_reg_428_pp0_iter18_reg_reg[43]/Q
                         net (fo=5, routed)           0.304     0.414    bd_0_i/hls_inst/inst/grp_MultMod_fu_2227/sub_64ns_64s_64_3_1_U258/u3/sub_64ns_64s_64_3_1_U258/u3/ram_reg_bram_1_i_229__1
    SLICE_X53Y119        LUT2 (Prop_A6LUT_SLICEM_I0_O)
                                                      0.150     0.564 r  bd_0_i/hls_inst/inst/grp_MultMod_fu_2227/sub_64ns_64s_64_3_1_U258/u3/ram_reg_bram_1_i_266/O
                         net (fo=1, routed)           0.013     0.577    bd_0_i/hls_inst/inst/grp_MultMod_fu_2227_n_1663
    SLICE_X53Y119        CARRY8 (Prop_CARRY8_SLICEM_S[0]_O[3])
                                                      0.139     0.716 r  bd_0_i/hls_inst/inst/sub_64ns_64s_64_3_1_U258/u3/ram_reg_bram_1_i_229__1/O[3]
                         net (fo=3, routed)           0.388     1.104    bd_0_i/hls_inst/inst/grp_MultMod_fu_2227/ram_reg_bram_1_i_115__0[3]
    SLICE_X54Y121        LUT4 (Prop_F6LUT_SLICEL_I0_O)
                                                      0.148     1.252 r  bd_0_i/hls_inst/inst/grp_MultMod_fu_2227/ram_reg_bram_1_i_195/O
                         net (fo=2, routed)           0.243     1.494    bd_0_i/hls_inst/inst/grp_MultMod_fu_2227/sub_64ns_64s_64_3_1_U258/ram_reg_bram_0_i_461__2[3]
    SLICE_X55Y118        CARRY8 (Prop_CARRY8_SLICEL_DI[6]_CO[7])
                                                      0.055     1.549 r  bd_0_i/hls_inst/inst/grp_MultMod_fu_2227/sub_64ns_64s_64_3_1_U258/ram_reg_bram_1_i_210/CO[7]
                         net (fo=1, routed)           0.026     1.575    bd_0_i/hls_inst/inst/grp_MultMod_fu_2227/sub_64ns_64s_64_3_1_U258/ram_reg_bram_1_i_210_n_6
    SLICE_X55Y119        CARRY8 (Prop_CARRY8_SLICEL_CI_O[6])
                                                      0.103     1.678 r  bd_0_i/hls_inst/inst/grp_MultMod_fu_2227/sub_64ns_64s_64_3_1_U258/ram_reg_bram_1_i_185__1/O[6]
                         net (fo=4, routed)           0.396     2.074    bd_0_i/hls_inst/inst/grp_Execute_Transform_Operation_fu_696/grp_Compute_BConv_Systolic_24_25_fu_842/grp_Compute_BConv_Systolic_24_25_Pipeline_Load_Mod_fu_591/sum_out_69_fu_2830_p2[54]
    SLICE_X55Y124        LUT4 (Prop_D6LUT_SLICEL_I1_O)
                                                      0.122     2.196 r  bd_0_i/hls_inst/inst/grp_Execute_Transform_Operation_fu_696/grp_Compute_BConv_Systolic_24_25_fu_842/grp_Compute_BConv_Systolic_24_25_Pipeline_Load_Mod_fu_591/ram_reg_bram_0_i_470__1/O
                         net (fo=1, routed)           0.009     2.205    bd_0_i/hls_inst/inst/grp_Execute_Transform_Operation_fu_696/grp_Compute_BConv_Systolic_24_25_fu_842/grp_Compute_BConv_Systolic_24_25_Pipeline_Load_Mod_fu_591/ram_reg_bram_0_i_470__1_n_6
    SLICE_X55Y124        CARRY8 (Prop_CARRY8_SLICEL_S[3]_CO[7])
                                                      0.154     2.359 r  bd_0_i/hls_inst/inst/grp_Execute_Transform_Operation_fu_696/grp_Compute_BConv_Systolic_24_25_fu_842/grp_Compute_BConv_Systolic_24_25_Pipeline_Load_Mod_fu_591/ram_reg_bram_0_i_423__2/CO[7]
                         net (fo=1, routed)           0.026     2.385    bd_0_i/hls_inst/inst/grp_Execute_Transform_Operation_fu_696/grp_Compute_BConv_Systolic_24_25_fu_842/grp_Compute_BConv_Systolic_24_25_Pipeline_Load_Mod_fu_591/grp_Compute_BConv_Systolic_24_25_Pipeline_Systolic_Loop_fu_640/icmp_ln111_26_fu_2836_p2
    SLICE_X55Y125        CARRY8 (Prop_CARRY8_SLICEL_CI_O[0])
                                                      0.056     2.441 r  bd_0_i/hls_inst/inst/grp_Execute_Transform_Operation_fu_696/grp_Compute_BConv_Systolic_24_25_fu_842/grp_Compute_BConv_Systolic_24_25_Pipeline_Load_Mod_fu_591/ram_reg_bram_0_i_345__3/O[0]
                         net (fo=65, routed)          0.355     2.796    bd_0_i/hls_inst/inst/grp_Execute_Transform_Operation_fu_696/grp_Compute_BConv_Systolic_24_25_fu_842/grp_Compute_BConv_Systolic_24_25_Pipeline_Load_Mod_fu_591/ram_reg_bram_0_i_345__3_n_21
    SLICE_X56Y120        LUT3 (Prop_A6LUT_SLICEM_I2_O)
                                                      0.150     2.946 r  bd_0_i/hls_inst/inst/grp_Execute_Transform_Operation_fu_696/grp_Compute_BConv_Systolic_24_25_fu_842/grp_Compute_BConv_Systolic_24_25_Pipeline_Load_Mod_fu_591/ram_reg_bram_0_i_327__1/O
                         net (fo=1, routed)           0.013     2.959    bd_0_i/hls_inst/inst/grp_Execute_Transform_Operation_fu_696/grp_Compute_BConv_Systolic_24_25_fu_842/grp_Compute_BConv_Systolic_24_25_Pipeline_Load_Mod_fu_591/ram_reg_bram_0_i_327__1_n_6
    SLICE_X56Y120        CARRY8 (Prop_CARRY8_SLICEM_S[0]_CO[7])
                                                      0.192     3.151 r  bd_0_i/hls_inst/inst/grp_Execute_Transform_Operation_fu_696/grp_Compute_BConv_Systolic_24_25_fu_842/grp_Compute_BConv_Systolic_24_25_Pipeline_Load_Mod_fu_591/ram_reg_bram_0_i_217__8/CO[7]
                         net (fo=1, routed)           0.026     3.177    bd_0_i/hls_inst/inst/grp_Execute_Transform_Operation_fu_696/grp_Compute_BConv_Systolic_24_25_fu_842/grp_Compute_BConv_Systolic_24_25_Pipeline_Load_Mod_fu_591/ram_reg_bram_0_i_217__8_n_6
    SLICE_X56Y121        CARRY8 (Prop_CARRY8_SLICEM_CI_CO[7])
                                                      0.015     3.192 r  bd_0_i/hls_inst/inst/grp_Execute_Transform_Operation_fu_696/grp_Compute_BConv_Systolic_24_25_fu_842/grp_Compute_BConv_Systolic_24_25_Pipeline_Load_Mod_fu_591/ram_reg_bram_0_i_207__10/CO[7]
                         net (fo=1, routed)           0.026     3.218    bd_0_i/hls_inst/inst/grp_Execute_Transform_Operation_fu_696/grp_Compute_BConv_Systolic_24_25_fu_842/grp_Compute_BConv_Systolic_24_25_Pipeline_Load_Mod_fu_591/ram_reg_bram_0_i_207__10_n_6
    SLICE_X56Y122        CARRY8 (Prop_CARRY8_SLICEM_CI_CO[7])
                                                      0.015     3.233 r  bd_0_i/hls_inst/inst/grp_Execute_Transform_Operation_fu_696/grp_Compute_BConv_Systolic_24_25_fu_842/grp_Compute_BConv_Systolic_24_25_Pipeline_Load_Mod_fu_591/ram_reg_bram_0_i_197__6/CO[7]
                         net (fo=1, routed)           0.026     3.259    bd_0_i/hls_inst/inst/grp_Execute_Transform_Operation_fu_696/grp_Compute_BConv_Systolic_24_25_fu_842/grp_Compute_BConv_Systolic_24_25_Pipeline_Load_Mod_fu_591/ram_reg_bram_0_i_197__6_n_6
    SLICE_X56Y123        CARRY8 (Prop_CARRY8_SLICEM_CI_CO[7])
                                                      0.015     3.274 r  bd_0_i/hls_inst/inst/grp_Execute_Transform_Operation_fu_696/grp_Compute_BConv_Systolic_24_25_fu_842/grp_Compute_BConv_Systolic_24_25_Pipeline_Load_Mod_fu_591/ram_reg_bram_0_i_246__7/CO[7]
                         net (fo=1, routed)           0.026     3.300    bd_0_i/hls_inst/inst/grp_Execute_Transform_Operation_fu_696/grp_Compute_BConv_Systolic_24_25_fu_842/grp_Compute_BConv_Systolic_24_25_Pipeline_Load_Mod_fu_591/ram_reg_bram_0_i_246__7_n_6
    SLICE_X56Y124        CARRY8 (Prop_CARRY8_SLICEM_CI_CO[7])
                                                      0.015     3.315 r  bd_0_i/hls_inst/inst/grp_Execute_Transform_Operation_fu_696/grp_Compute_BConv_Systolic_24_25_fu_842/grp_Compute_BConv_Systolic_24_25_Pipeline_Load_Mod_fu_591/ram_reg_bram_1_i_144__2/CO[7]
                         net (fo=1, routed)           0.026     3.341    bd_0_i/hls_inst/inst/grp_Execute_Transform_Operation_fu_696/grp_Compute_BConv_Systolic_24_25_fu_842/grp_Compute_BConv_Systolic_24_25_Pipeline_Load_Mod_fu_591/ram_reg_bram_1_i_144__2_n_6
    SLICE_X56Y125        CARRY8 (Prop_CARRY8_SLICEM_CI_O[5])
                                                      0.116     3.457 r  bd_0_i/hls_inst/inst/grp_Execute_Transform_Operation_fu_696/grp_Compute_BConv_Systolic_24_25_fu_842/grp_Compute_BConv_Systolic_24_25_Pipeline_Load_Mod_fu_591/ram_reg_bram_1_i_134__1/O[5]
                         net (fo=7, routed)           1.310     4.768    bd_0_i/hls_inst/inst/grp_Execute_Transform_Operation_fu_696/grp_Execute_Transform_fu_1152/grp_CG_Transform_Work_fu_459/grp_CG_Transform_Work_Pipeline_WORK_BUTTERFLY_LOOP3_fu_948/grp_Compute_BConv_Systolic_24_25_fu_842_p_ZL13poly_buffer_1_5_0_d0[53]
    SLICE_X84Y184        LUT5 (Prop_F6LUT_SLICEL_I2_O)
                                                      0.148     4.916 r  bd_0_i/hls_inst/inst/grp_Execute_Transform_Operation_fu_696/grp_Execute_Transform_fu_1152/grp_CG_Transform_Work_fu_459/grp_CG_Transform_Work_Pipeline_WORK_BUTTERFLY_LOOP3_fu_948/ram_reg_bram_1_i_67__24/O
                         net (fo=1, routed)           0.039     4.955    bd_0_i/hls_inst/inst/grp_Compute_BConv_Systolic_fu_1051/grp_Compute_BConv_Systolic_Pipeline_Load_Mod_fu_321/grp_Execute_Transform_Operation_fu_696_p_ZL13poly_buffer_1_5_3_d0[53]
    SLICE_X84Y184        LUT5 (Prop_H6LUT_SLICEL_I2_O)
                                                      0.036     4.991 r  bd_0_i/hls_inst/inst/grp_Compute_BConv_Systolic_fu_1051/grp_Compute_BConv_Systolic_Pipeline_Load_Mod_fu_321/ram_reg_bram_1_i_39__5/O
                         net (fo=1, routed)           0.603     5.594    bd_0_i/hls_inst/inst/p_ZL13poly_buffer_1_5_3_U/d0[53]
    RAMB36_X6Y39         RAMB36E2                                     r  bd_0_i/hls_inst/inst/p_ZL13poly_buffer_1_5_3_U/ram_reg_bram_1/DINBDIN[17]
  -------------------------------------------------------------------    -------------------

                         (clock ap_clk rise edge)     6.000     6.000 r  
                                                      0.000     6.000 r  ap_clk (IN)
                         net (fo=75771, unset)        0.040     6.040    bd_0_i/hls_inst/inst/p_ZL13poly_buffer_1_5_3_U/ap_clk
    RAMB36_X6Y39         RAMB36E2                                     r  bd_0_i/hls_inst/inst/p_ZL13poly_buffer_1_5_3_U/ram_reg_bram_1/CLKBWRCLK
                         clock pessimism              0.000     6.040    
                         clock uncertainty           -0.785     5.255    
    RAMB36_X6Y39         RAMB36E2 (Setup_RAMB36E2_RAMB36_CLKBWRCLK_DINBDIN[17])
                                                     -0.231     5.024    bd_0_i/hls_inst/inst/p_ZL13poly_buffer_1_5_3_U/ram_reg_bram_1
  -------------------------------------------------------------------
                         required time                          5.024    
                         arrival time                          -5.594    
  -------------------------------------------------------------------
                         slack                                 -0.570    

Slack (VIOLATED) :        -0.568ns  (required time - arrival time)
  Source:                 bd_0_i/hls_inst/inst/grp_MultMod_fu_2227/r_stg2_reg_428_pp0_iter18_reg_reg[43]/C
                            (rising edge-triggered cell FDRE clocked by ap_clk  {rise@0.000ns fall@3.000ns period=6.000ns})
  Destination:            bd_0_i/hls_inst/inst/p_ZL13poly_buffer_1_5_7_U/ram_reg_bram_1/DINBDIN[19]
                            (rising edge-triggered cell RAMB36E2 clocked by ap_clk  {rise@0.000ns fall@3.000ns period=6.000ns})
  Path Group:             ap_clk
  Path Type:              Setup (Max at Slow Process Corner)
  Requirement:            6.000ns  (ap_clk rise@6.000ns - ap_clk rise@0.000ns)
  Data Path Delay:        5.564ns  (logic 1.725ns (31.005%)  route 3.839ns (68.995%))
  Logic Levels:           17  (CARRY8=12 LUT2=1 LUT3=1 LUT4=2 LUT5=1)
  Clock Path Skew:        0.010ns (DCD - SCD + CPR)
    Destination Clock Delay (DCD):    0.040ns = ( 6.040 - 6.000 ) 
    Source Clock Delay      (SCD):    0.030ns
    Clock Pessimism Removal (CPR):    0.000ns
  Clock Uncertainty:      0.785ns  ((TSJ^2 + TIJ^2)^1/2 + DJ) / 2 + PE + UU
    Total System Jitter     (TSJ):    0.071ns
    Total Input Jitter      (TIJ):    0.000ns
    Discrete Jitter          (DJ):    0.000ns
    Phase Error              (PE):    0.000ns
    User Uncertainty         (UU):    0.750ns

    Location             Delay type                Incr(ns)  Path(ns)    Netlist Resource(s)
  -------------------------------------------------------------------    -------------------
                         (clock ap_clk rise edge)     0.000     0.000 r  
                                                      0.000     0.000 r  ap_clk (IN)
                         net (fo=75771, unset)        0.030     0.030    bd_0_i/hls_inst/inst/grp_MultMod_fu_2227/ap_clk
    SLICE_X53Y119        FDRE                                         r  bd_0_i/hls_inst/inst/grp_MultMod_fu_2227/r_stg2_reg_428_pp0_iter18_reg_reg[43]/C
  -------------------------------------------------------------------    -------------------
    SLICE_X53Y119        FDRE (Prop_AFF2_SLICEM_C_Q)
                                                      0.080     0.110 r  bd_0_i/hls_inst/inst/grp_MultMod_fu_2227/r_stg2_reg_428_pp0_iter18_reg_reg[43]/Q
                         net (fo=5, routed)           0.304     0.414    bd_0_i/hls_inst/inst/grp_MultMod_fu_2227/sub_64ns_64s_64_3_1_U258/u3/sub_64ns_64s_64_3_1_U258/u3/ram_reg_bram_1_i_229__1
    SLICE_X53Y119        LUT2 (Prop_A6LUT_SLICEM_I0_O)
                                                      0.150     0.564 r  bd_0_i/hls_inst/inst/grp_MultMod_fu_2227/sub_64ns_64s_64_3_1_U258/u3/ram_reg_bram_1_i_266/O
                         net (fo=1, routed)           0.013     0.577    bd_0_i/hls_inst/inst/grp_MultMod_fu_2227_n_1663
    SLICE_X53Y119        CARRY8 (Prop_CARRY8_SLICEM_S[0]_CO[7])
                                                      0.192     0.769 r  bd_0_i/hls_inst/inst/sub_64ns_64s_64_3_1_U258/u3/ram_reg_bram_1_i_229__1/CO[7]
                         net (fo=1, routed)           0.026     0.795    bd_0_i/hls_inst/inst/sub_64ns_64s_64_3_1_U258/u3/ram_reg_bram_1_i_229__1_n_6
    SLICE_X53Y120        CARRY8 (Prop_CARRY8_SLICEM_CI_O[6])
                                                      0.103     0.898 r  bd_0_i/hls_inst/inst/sub_64ns_64s_64_3_1_U258/u3/ram_reg_bram_1_i_220__1/O[6]
                         net (fo=3, routed)           0.189     1.087    bd_0_i/hls_inst/inst/grp_MultMod_fu_2227/ram_reg_bram_1_i_115__0[14]
    SLICE_X54Y121        LUT4 (Prop_C6LUT_SLICEL_I0_O)
                                                      0.146     1.233 r  bd_0_i/hls_inst/inst/grp_MultMod_fu_2227/ram_reg_bram_1_i_150/O
                         net (fo=2, routed)           0.312     1.545    bd_0_i/hls_inst/inst/grp_MultMod_fu_2227/sub_64ns_64s_64_3_1_U258/ram_reg_bram_0_i_461__2[14]
    SLICE_X54Y120        CARRY8 (Prop_CARRY8_SLICEL_DI[1]_O[7])
                                                      0.195     1.740 r  bd_0_i/hls_inst/inst/grp_MultMod_fu_2227/sub_64ns_64s_64_3_1_U258/ram_reg_bram_1_i_115__0/O[7]
                         net (fo=3, routed)           0.338     2.077    bd_0_i/hls_inst/inst/grp_Compute_BConv_Systolic_fu_1051/grp_Compute_BConv_Systolic_Pipeline_Load_Mod_fu_321/sum_out_31_fu_2782_p2[63]
    SLICE_X53Y117        LUT4 (Prop_H6LUT_SLICEM_I3_O)
                                                      0.090     2.167 r  bd_0_i/hls_inst/inst/grp_Compute_BConv_Systolic_fu_1051/grp_Compute_BConv_Systolic_Pipeline_Load_Mod_fu_321/ram_reg_bram_0_i_415__0/O
                         net (fo=1, routed)           0.015     2.182    bd_0_i/hls_inst/inst/grp_Compute_BConv_Systolic_fu_1051/grp_Compute_BConv_Systolic_Pipeline_Load_Mod_fu_321/ram_reg_bram_0_i_415__0_n_6
    SLICE_X53Y117        CARRY8 (Prop_CARRY8_SLICEM_S[7]_CO[7])
                                                      0.117     2.299 r  bd_0_i/hls_inst/inst/grp_Compute_BConv_Systolic_fu_1051/grp_Compute_BConv_Systolic_Pipeline_Load_Mod_fu_321/ram_reg_bram_0_i_328__2/CO[7]
                         net (fo=1, routed)           0.026     2.325    bd_0_i/hls_inst/inst/grp_Compute_BConv_Systolic_fu_1051/grp_Compute_BConv_Systolic_Pipeline_Load_Mod_fu_321/grp_Compute_BConv_Systolic_Pipeline_Systolic_Loop_fu_346/icmp_ln111_12_fu_2788_p2
    SLICE_X53Y118        CARRY8 (Prop_CARRY8_SLICEM_CI_O[0])
                                                      0.056     2.381 r  bd_0_i/hls_inst/inst/grp_Compute_BConv_Systolic_fu_1051/grp_Compute_BConv_Systolic_Pipeline_Load_Mod_fu_321/ram_reg_bram_0_i_218__1/O[0]
                         net (fo=65, routed)          0.371     2.753    bd_0_i/hls_inst/inst/grp_Compute_BConv_Systolic_fu_1051/grp_Compute_BConv_Systolic_Pipeline_Load_Mod_fu_321/ram_reg_bram_0_i_218__1_n_21
    SLICE_X52Y113        LUT3 (Prop_A6LUT_SLICEM_I2_O)
                                                      0.125     2.878 r  bd_0_i/hls_inst/inst/grp_Compute_BConv_Systolic_fu_1051/grp_Compute_BConv_Systolic_Pipeline_Load_Mod_fu_321/ram_reg_bram_0_i_227__4/O
                         net (fo=1, routed)           0.013     2.891    bd_0_i/hls_inst/inst/grp_Compute_BConv_Systolic_fu_1051/grp_Compute_BConv_Systolic_Pipeline_Load_Mod_fu_321/ram_reg_bram_0_i_227__4_n_6
    SLICE_X52Y113        CARRY8 (Prop_CARRY8_SLICEM_S[0]_CO[7])
                                                      0.192     3.083 r  bd_0_i/hls_inst/inst/grp_Compute_BConv_Systolic_fu_1051/grp_Compute_BConv_Systolic_Pipeline_Load_Mod_fu_321/ram_reg_bram_0_i_154__8/CO[7]
                         net (fo=1, routed)           0.026     3.109    bd_0_i/hls_inst/inst/grp_Compute_BConv_Systolic_fu_1051/grp_Compute_BConv_Systolic_Pipeline_Load_Mod_fu_321/ram_reg_bram_0_i_154__8_n_6
    SLICE_X52Y114        CARRY8 (Prop_CARRY8_SLICEM_CI_CO[7])
                                                      0.015     3.124 r  bd_0_i/hls_inst/inst/grp_Compute_BConv_Systolic_fu_1051/grp_Compute_BConv_Systolic_Pipeline_Load_Mod_fu_321/ram_reg_bram_0_i_145__9/CO[7]
                         net (fo=1, routed)           0.026     3.150    bd_0_i/hls_inst/inst/grp_Compute_BConv_Systolic_fu_1051/grp_Compute_BConv_Systolic_Pipeline_Load_Mod_fu_321/ram_reg_bram_0_i_145__9_n_6
    SLICE_X52Y115        CARRY8 (Prop_CARRY8_SLICEM_CI_CO[7])
                                                      0.015     3.165 r  bd_0_i/hls_inst/inst/grp_Compute_BConv_Systolic_fu_1051/grp_Compute_BConv_Systolic_Pipeline_Load_Mod_fu_321/ram_reg_bram_0_i_135__6/CO[7]
                         net (fo=1, routed)           0.026     3.191    bd_0_i/hls_inst/inst/grp_Compute_BConv_Systolic_fu_1051/grp_Compute_BConv_Systolic_Pipeline_Load_Mod_fu_321/ram_reg_bram_0_i_135__6_n_6
    SLICE_X52Y116        CARRY8 (Prop_CARRY8_SLICEM_CI_CO[7])
                                                      0.015     3.206 r  bd_0_i/hls_inst/inst/grp_Compute_BConv_Systolic_fu_1051/grp_Compute_BConv_Systolic_Pipeline_Load_Mod_fu_321/ram_reg_bram_0_i_126__5/CO[7]
                         net (fo=1, routed)           0.026     3.232    bd_0_i/hls_inst/inst/grp_Compute_BConv_Systolic_fu_1051/grp_Compute_BConv_Systolic_Pipeline_Load_Mod_fu_321/ram_reg_bram_0_i_126__5_n_6
    SLICE_X52Y117        CARRY8 (Prop_CARRY8_SLICEM_CI_CO[7])
                                                      0.015     3.247 r  bd_0_i/hls_inst/inst/grp_Compute_BConv_Systolic_fu_1051/grp_Compute_BConv_Systolic_Pipeline_Load_Mod_fu_321/ram_reg_bram_0_i_164__4/CO[7]
                         net (fo=1, routed)           0.026     3.273    bd_0_i/hls_inst/inst/grp_Compute_BConv_Systolic_fu_1051/grp_Compute_BConv_Systolic_Pipeline_Load_Mod_fu_321/ram_reg_bram_0_i_164__4_n_6
    SLICE_X52Y118        CARRY8 (Prop_CARRY8_SLICEM_CI_CO[7])
                                                      0.015     3.288 r  bd_0_i/hls_inst/inst/grp_Compute_BConv_Systolic_fu_1051/grp_Compute_BConv_Systolic_Pipeline_Load_Mod_fu_321/ram_reg_bram_1_i_78__0/CO[7]
                         net (fo=1, routed)           0.026     3.314    bd_0_i/hls_inst/inst/grp_Compute_BConv_Systolic_fu_1051/grp_Compute_BConv_Systolic_Pipeline_Load_Mod_fu_321/ram_reg_bram_1_i_78__0_n_6
    SLICE_X52Y119        CARRY8 (Prop_CARRY8_SLICEM_CI_O[7])
                                                      0.116     3.430 r  bd_0_i/hls_inst/inst/grp_Compute_BConv_Systolic_fu_1051/grp_Compute_BConv_Systolic_Pipeline_Load_Mod_fu_321/ram_reg_bram_1_i_69__3/O[7]
                         net (fo=7, routed)           1.358     4.788    bd_0_i/hls_inst/inst/grp_Compute_BConv_Systolic_fu_1051/grp_Compute_BConv_Systolic_Pipeline_Load_Mod_fu_321/grp_Compute_BConv_Systolic_fu_1051_p_ZL13poly_buffer_1_5_0_d0[55]
    SLICE_X83Y181        LUT5 (Prop_C6LUT_SLICEL_I0_O)
                                                      0.088     4.876 r  bd_0_i/hls_inst/inst/grp_Compute_BConv_Systolic_fu_1051/grp_Compute_BConv_Systolic_Pipeline_Load_Mod_fu_321/ram_reg_bram_1_i_37__6/O
                         net (fo=1, routed)           0.718     5.594    bd_0_i/hls_inst/inst/p_ZL13poly_buffer_1_5_7_U/d0[55]
    RAMB36_X6Y43         RAMB36E2                                     r  bd_0_i/hls_inst/inst/p_ZL13poly_buffer_1_5_7_U/ram_reg_bram_1/DINBDIN[19]
  -------------------------------------------------------------------    -------------------

                         (clock ap_clk rise edge)     6.000     6.000 r  
                                                      0.000     6.000 r  ap_clk (IN)
                         net (fo=75771, unset)        0.040     6.040    bd_0_i/hls_inst/inst/p_ZL13poly_buffer_1_5_7_U/ap_clk
    RAMB36_X6Y43         RAMB36E2                                     r  bd_0_i/hls_inst/inst/p_ZL13poly_buffer_1_5_7_U/ram_reg_bram_1/CLKBWRCLK
                         clock pessimism              0.000     6.040    
                         clock uncertainty           -0.785     5.255    
    RAMB36_X6Y43         RAMB36E2 (Setup_RAMB36E2_RAMB36_CLKBWRCLK_DINBDIN[19])
                                                     -0.229     5.026    bd_0_i/hls_inst/inst/p_ZL13poly_buffer_1_5_7_U/ram_reg_bram_1
  -------------------------------------------------------------------
                         required time                          5.026    
                         arrival time                          -5.594    
  -------------------------------------------------------------------
                         slack                                 -0.568    

Slack (VIOLATED) :        -0.566ns  (required time - arrival time)
  Source:                 bd_0_i/hls_inst/inst/grp_Load_Init_Params_fu_1805/grp_Load_Init_Params_Pipeline_init_NTTTwiddle_Loop_VITIS_LOOP_92_1_VITIS_LOOP_93_2_fu_371/lshr_ln4_reg_1583_pp0_iter10_reg_reg[7]__0/C
                            (rising edge-triggered cell FDRE clocked by ap_clk  {rise@0.000ns fall@3.000ns period=6.000ns})
  Destination:            bd_0_i/hls_inst/inst/p_ZL16NTTTwiddleFactor_8_1_U/ram_reg_uram_0/ADDR_B[7]
                            (rising edge-triggered cell URAM288 clocked by ap_clk  {rise@0.000ns fall@3.000ns period=6.000ns})
  Path Group:             ap_clk
  Path Type:              Setup (Max at Slow Process Corner)
  Requirement:            6.000ns  (ap_clk rise@6.000ns - ap_clk rise@0.000ns)
  Data Path Delay:        5.497ns  (logic 0.079ns (1.437%)  route 5.418ns (98.563%))
  Logic Levels:           0  
  Clock Path Skew:        0.034ns (DCD - SCD + CPR)
    Destination Clock Delay (DCD):    0.064ns = ( 6.064 - 6.000 ) 
    Source Clock Delay      (SCD):    0.030ns
    Clock Pessimism Removal (CPR):    0.000ns
  Clock Uncertainty:      0.785ns  ((TSJ^2 + TIJ^2)^1/2 + DJ) / 2 + PE + UU
    Total System Jitter     (TSJ):    0.071ns
    Total Input Jitter      (TIJ):    0.000ns
    Discrete Jitter          (DJ):    0.000ns
    Phase Error              (PE):    0.000ns
    User Uncertainty         (UU):    0.750ns

    Location             Delay type                Incr(ns)  Path(ns)    Netlist Resource(s)
  -------------------------------------------------------------------    -------------------
                         (clock ap_clk rise edge)     0.000     0.000 r  
                                                      0.000     0.000 r  ap_clk (IN)
                         net (fo=75771, unset)        0.030     0.030    bd_0_i/hls_inst/inst/grp_Load_Init_Params_fu_1805/grp_Load_Init_Params_Pipeline_init_NTTTwiddle_Loop_VITIS_LOOP_92_1_VITIS_LOOP_93_2_fu_371/ap_clk
    SLICE_X97Y144        FDRE                                         r  bd_0_i/hls_inst/inst/grp_Load_Init_Params_fu_1805/grp_Load_Init_Params_Pipeline_init_NTTTwiddle_Loop_VITIS_LOOP_92_1_VITIS_LOOP_93_2_fu_371/lshr_ln4_reg_1583_pp0_iter10_reg_reg[7]__0/C
  -------------------------------------------------------------------    -------------------
    SLICE_X97Y144        FDRE (Prop_HFF_SLICEM_C_Q)
                                                      0.079     0.109 r  bd_0_i/hls_inst/inst/grp_Load_Init_Params_fu_1805/grp_Load_Init_Params_Pipeline_init_NTTTwiddle_Loop_VITIS_LOOP_92_1_VITIS_LOOP_93_2_fu_371/lshr_ln4_reg_1583_pp0_iter10_reg_reg[7]__0/Q
                         net (fo=48, routed)          5.418     5.527    bd_0_i/hls_inst/inst/p_ZL16NTTTwiddleFactor_8_1_U/ADDR_B[7]
    URAM288_X0Y42        URAM288                                      r  bd_0_i/hls_inst/inst/p_ZL16NTTTwiddleFactor_8_1_U/ram_reg_uram_0/ADDR_B[7]
  -------------------------------------------------------------------    -------------------

                         (clock ap_clk rise edge)     6.000     6.000 r  
                                                      0.000     6.000 r  ap_clk (IN)
                         net (fo=75771, unset)        0.064     6.064    bd_0_i/hls_inst/inst/p_ZL16NTTTwiddleFactor_8_1_U/ap_clk
    URAM288_X0Y42        URAM288                                      r  bd_0_i/hls_inst/inst/p_ZL16NTTTwiddleFactor_8_1_U/ram_reg_uram_0/CLK
                         clock pessimism              0.000     6.064    
                         clock uncertainty           -0.785     5.279    
    URAM288_X0Y42        URAM288 (Setup_URAM_288K_INST_URAM288_CLK_ADDR_B[7])
                                                     -0.318     4.961    bd_0_i/hls_inst/inst/p_ZL16NTTTwiddleFactor_8_1_U/ram_reg_uram_0
  -------------------------------------------------------------------
                         required time                          4.961    
                         arrival time                          -5.527    
  -------------------------------------------------------------------
                         slack                                 -0.566    

Slack (VIOLATED) :        -0.563ns  (required time - arrival time)
  Source:                 bd_0_i/hls_inst/inst/p_ZL13poly_buffer_2_3_U/ram_reg_bram_0/CLKBWRCLK
                            (rising edge-triggered cell RAMB36E2 clocked by ap_clk  {rise@0.000ns fall@3.000ns period=6.000ns})
  Destination:            bd_0_i/hls_inst/inst/grp_Top_Pipeline_Limb_Loop_Row_Loop_Col_Loop_fu_1500/add_64ns_64ns_64_2_1_U953/sum_s1_reg[31]/D
                            (rising edge-triggered cell FDRE clocked by ap_clk  {rise@0.000ns fall@3.000ns period=6.000ns})
  Path Group:             ap_clk
  Path Type:              Setup (Max at Slow Process Corner)
  Requirement:            6.000ns  (ap_clk rise@6.000ns - ap_clk rise@0.000ns)
  Data Path Delay:        5.746ns  (logic 2.842ns (49.458%)  route 2.904ns (50.542%))
  Logic Levels:           12  (CARRY8=4 LUT6=1 RAMB36E2=7)
  Clock Path Skew:        -0.056ns (DCD - SCD + CPR)
    Destination Clock Delay (DCD):    0.020ns = ( 6.020 - 6.000 ) 
    Source Clock Delay      (SCD):    0.076ns
    Clock Pessimism Removal (CPR):    0.000ns
  Clock Uncertainty:      0.785ns  ((TSJ^2 + TIJ^2)^1/2 + DJ) / 2 + PE + UU
    Total System Jitter     (TSJ):    0.071ns
    Total Input Jitter      (TIJ):    0.000ns
    Discrete Jitter          (DJ):    0.000ns
    Phase Error              (PE):    0.000ns
    User Uncertainty         (UU):    0.750ns

    Location             Delay type                Incr(ns)  Path(ns)    Netlist Resource(s)
  -------------------------------------------------------------------    -------------------
                         (clock ap_clk rise edge)     0.000     0.000 r  
                                                      0.000     0.000 r  ap_clk (IN)
                         net (fo=75771, unset)        0.076     0.076    bd_0_i/hls_inst/inst/p_ZL13poly_buffer_2_3_U/ap_clk
    RAMB36_X11Y28        RAMB36E2                                     r  bd_0_i/hls_inst/inst/p_ZL13poly_buffer_2_3_U/ram_reg_bram_0/CLKBWRCLK
  -------------------------------------------------------------------    -------------------
    RAMB36_X11Y28        RAMB36E2 (Prop_RAMB36E2_RAMB36_CLKBWRCLK_CASDOUTB[1])
                                                      1.082     1.158 r  bd_0_i/hls_inst/inst/p_ZL13poly_buffer_2_3_U/ram_reg_bram_0/CASDOUTB[1]
                         net (fo=1, routed)           0.026     1.184    bd_0_i/hls_inst/inst/p_ZL13poly_buffer_2_3_U/ram_reg_bram_0_n_72
    RAMB36_X11Y29        RAMB36E2 (Prop_RAMB36E2_RAMB36_CASDINB[1]_CASDOUTB[1])
                                                      0.210     1.394 r  bd_0_i/hls_inst/inst/p_ZL13poly_buffer_2_3_U/ram_reg_bram_1/CASDOUTB[1]
                         net (fo=1, routed)           0.026     1.420    bd_0_i/hls_inst/inst/p_ZL13poly_buffer_2_3_U/ram_reg_bram_1_n_72
    RAMB36_X11Y30        RAMB36E2 (Prop_RAMB36E2_RAMB36_CASDINB[1]_CASDOUTB[1])
                                                      0.210     1.630 r  bd_0_i/hls_inst/inst/p_ZL13poly_buffer_2_3_U/ram_reg_bram_2/CASDOUTB[1]
                         net (fo=1, routed)           0.026     1.656    bd_0_i/hls_inst/inst/p_ZL13poly_buffer_2_3_U/ram_reg_bram_2_n_72
    RAMB36_X11Y31        RAMB36E2 (Prop_RAMB36E2_RAMB36_CASDINB[1]_CASDOUTB[1])
                                                      0.210     1.866 r  bd_0_i/hls_inst/inst/p_ZL13poly_buffer_2_3_U/ram_reg_bram_3/CASDOUTB[1]
                         net (fo=1, routed)           0.026     1.892    bd_0_i/hls_inst/inst/p_ZL13poly_buffer_2_3_U/ram_reg_bram_3_n_72
    RAMB36_X11Y32        RAMB36E2 (Prop_RAMB36E2_RAMB36_CASDINB[1]_CASDOUTB[1])
                                                      0.210     2.102 r  bd_0_i/hls_inst/inst/p_ZL13poly_buffer_2_3_U/ram_reg_bram_4/CASDOUTB[1]
                         net (fo=1, routed)           0.026     2.128    bd_0_i/hls_inst/inst/p_ZL13poly_buffer_2_3_U/ram_reg_bram_4_n_72
    RAMB36_X11Y33        RAMB36E2 (Prop_RAMB36E2_RAMB36_CASDINB[1]_CASDOUTB[1])
                                                      0.210     2.338 r  bd_0_i/hls_inst/inst/p_ZL13poly_buffer_2_3_U/ram_reg_bram_5/CASDOUTB[1]
                         net (fo=1, routed)           0.026     2.364    bd_0_i/hls_inst/inst/p_ZL13poly_buffer_2_3_U/ram_reg_bram_5_n_72
    RAMB36_X11Y34        RAMB36E2 (Prop_RAMB36E2_RAMB36_CASDINB[1]_CASDOUTB[1])
                                                      0.210     2.574 r  bd_0_i/hls_inst/inst/p_ZL13poly_buffer_2_3_U/ram_reg_bram_6/CASDOUTB[1]
                         net (fo=1, routed)           0.026     2.600    bd_0_i/hls_inst/inst/p_ZL13poly_buffer_2_3_U/ram_reg_bram_6_n_72
    RAMB36_X11Y35        RAMB36E2 (Prop_RAMB36E2_RAMB36_CASDINB[1]_DOUTBDOUT[1])
                                                      0.117     2.717 r  bd_0_i/hls_inst/inst/p_ZL13poly_buffer_2_3_U/ram_reg_bram_7/DOUTBDOUT[1]
                         net (fo=4, routed)           2.609     5.326    bd_0_i/hls_inst/inst/grp_Top_Pipeline_Limb_Loop_Row_Loop_Col_Loop_fu_1500/add_64ns_64ns_64_2_1_U953/u1/din0[1]
    SLICE_X73Y175        LUT6 (Prop_B6LUT_SLICEL_I0_O)
                                                      0.051     5.377 r  bd_0_i/hls_inst/inst/grp_Top_Pipeline_Limb_Loop_Row_Loop_Col_Loop_fu_1500/add_64ns_64ns_64_2_1_U953/u1/sum_s1[7]_i_8/O
                         net (fo=1, routed)           0.009     5.386    bd_0_i/hls_inst/inst/grp_Top_Pipeline_Limb_Loop_Row_Loop_Col_Loop_fu_1500/add_64ns_64ns_64_2_1_U953/u1/sum_s1[7]_i_8_n_6
    SLICE_X73Y175        CARRY8 (Prop_CARRY8_SLICEL_S[1]_CO[7])
                                                      0.186     5.572 r  bd_0_i/hls_inst/inst/grp_Top_Pipeline_Limb_Loop_Row_Loop_Col_Loop_fu_1500/add_64ns_64ns_64_2_1_U953/u1/sum_s1_reg[7]_i_1/CO[7]
                         net (fo=1, routed)           0.026     5.598    bd_0_i/hls_inst/inst/grp_Top_Pipeline_Limb_Loop_Row_Loop_Col_Loop_fu_1500/add_64ns_64ns_64_2_1_U953/u1/sum_s1_reg[7]_i_1_n_6
    SLICE_X73Y176        CARRY8 (Prop_CARRY8_SLICEL_CI_CO[7])
                                                      0.015     5.613 r  bd_0_i/hls_inst/inst/grp_Top_Pipeline_Limb_Loop_Row_Loop_Col_Loop_fu_1500/add_64ns_64ns_64_2_1_U953/u1/sum_s1_reg[15]_i_1/CO[7]
                         net (fo=1, routed)           0.026     5.639    bd_0_i/hls_inst/inst/grp_Top_Pipeline_Limb_Loop_Row_Loop_Col_Loop_fu_1500/add_64ns_64ns_64_2_1_U953/u1/sum_s1_reg[15]_i_1_n_6
    SLICE_X73Y177        CARRY8 (Prop_CARRY8_SLICEL_CI_CO[7])
                                                      0.015     5.654 r  bd_0_i/hls_inst/inst/grp_Top_Pipeline_Limb_Loop_Row_Loop_Col_Loop_fu_1500/add_64ns_64ns_64_2_1_U953/u1/sum_s1_reg[23]_i_1/CO[7]
                         net (fo=1, routed)           0.026     5.680    bd_0_i/hls_inst/inst/grp_Top_Pipeline_Limb_Loop_Row_Loop_Col_Loop_fu_1500/add_64ns_64ns_64_2_1_U953/u1/sum_s1_reg[23]_i_1_n_6
    SLICE_X73Y178        CARRY8 (Prop_CARRY8_SLICEL_CI_O[7])
                                                      0.116     5.796 r  bd_0_i/hls_inst/inst/grp_Top_Pipeline_Limb_Loop_Row_Loop_Col_Loop_fu_1500/add_64ns_64ns_64_2_1_U953/u1/sum_s1_reg[31]_i_1/O[7]
                         net (fo=1, routed)           0.026     5.822    bd_0_i/hls_inst/inst/grp_Top_Pipeline_Limb_Loop_Row_Loop_Col_Loop_fu_1500/add_64ns_64ns_64_2_1_U953/u1_n_7
    SLICE_X73Y178        FDRE                                         r  bd_0_i/hls_inst/inst/grp_Top_Pipeline_Limb_Loop_Row_Loop_Col_Loop_fu_1500/add_64ns_64ns_64_2_1_U953/sum_s1_reg[31]/D
  -------------------------------------------------------------------    -------------------

                         (clock ap_clk rise edge)     6.000     6.000 r  
                                                      0.000     6.000 r  ap_clk (IN)
                         net (fo=75771, unset)        0.020     6.020    bd_0_i/hls_inst/inst/grp_Top_Pipeline_Limb_Loop_Row_Loop_Col_Loop_fu_1500/add_64ns_64ns_64_2_1_U953/ap_clk
    SLICE_X73Y178        FDRE                                         r  bd_0_i/hls_inst/inst/grp_Top_Pipeline_Limb_Loop_Row_Loop_Col_Loop_fu_1500/add_64ns_64ns_64_2_1_U953/sum_s1_reg[31]/C
                         clock pessimism              0.000     6.020    
                         clock uncertainty           -0.785     5.235    
    SLICE_X73Y178        FDRE (Setup_HFF_SLICEL_C_D)
                                                      0.025     5.260    bd_0_i/hls_inst/inst/grp_Top_Pipeline_Limb_Loop_Row_Loop_Col_Loop_fu_1500/add_64ns_64ns_64_2_1_U953/sum_s1_reg[31]
  -------------------------------------------------------------------
                         required time                          5.260    
                         arrival time                          -5.822    
  -------------------------------------------------------------------
                         slack                                 -0.563    

Slack (VIOLATED) :        -0.562ns  (required time - arrival time)
  Source:                 bd_0_i/hls_inst/inst/p_ZL13poly_buffer_2_3_U/ram_reg_bram_0/CLKBWRCLK
                            (rising edge-triggered cell RAMB36E2 clocked by ap_clk  {rise@0.000ns fall@3.000ns period=6.000ns})
  Destination:            bd_0_i/hls_inst/inst/grp_Top_Pipeline_Limb_Loop_Row_Loop_Col_Loop_fu_1500/add_64ns_64ns_64_2_1_U953/sum_s1_reg[29]/D
                            (rising edge-triggered cell FDRE clocked by ap_clk  {rise@0.000ns fall@3.000ns period=6.000ns})
  Path Group:             ap_clk
  Path Type:              Setup (Max at Slow Process Corner)
  Requirement:            6.000ns  (ap_clk rise@6.000ns - ap_clk rise@0.000ns)
  Data Path Delay:        5.745ns  (logic 2.842ns (49.467%)  route 2.903ns (50.533%))
  Logic Levels:           12  (CARRY8=4 LUT6=1 RAMB36E2=7)
  Clock Path Skew:        -0.056ns (DCD - SCD + CPR)
    Destination Clock Delay (DCD):    0.020ns = ( 6.020 - 6.000 ) 
    Source Clock Delay      (SCD):    0.076ns
    Clock Pessimism Removal (CPR):    0.000ns
  Clock Uncertainty:      0.785ns  ((TSJ^2 + TIJ^2)^1/2 + DJ) / 2 + PE + UU
    Total System Jitter     (TSJ):    0.071ns
    Total Input Jitter      (TIJ):    0.000ns
    Discrete Jitter          (DJ):    0.000ns
    Phase Error              (PE):    0.000ns
    User Uncertainty         (UU):    0.750ns

    Location             Delay type                Incr(ns)  Path(ns)    Netlist Resource(s)
  -------------------------------------------------------------------    -------------------
                         (clock ap_clk rise edge)     0.000     0.000 r  
                                                      0.000     0.000 r  ap_clk (IN)
                         net (fo=75771, unset)        0.076     0.076    bd_0_i/hls_inst/inst/p_ZL13poly_buffer_2_3_U/ap_clk
    RAMB36_X11Y28        RAMB36E2                                     r  bd_0_i/hls_inst/inst/p_ZL13poly_buffer_2_3_U/ram_reg_bram_0/CLKBWRCLK
  -------------------------------------------------------------------    -------------------
    RAMB36_X11Y28        RAMB36E2 (Prop_RAMB36E2_RAMB36_CLKBWRCLK_CASDOUTB[1])
                                                      1.082     1.158 r  bd_0_i/hls_inst/inst/p_ZL13poly_buffer_2_3_U/ram_reg_bram_0/CASDOUTB[1]
                         net (fo=1, routed)           0.026     1.184    bd_0_i/hls_inst/inst/p_ZL13poly_buffer_2_3_U/ram_reg_bram_0_n_72
    RAMB36_X11Y29        RAMB36E2 (Prop_RAMB36E2_RAMB36_CASDINB[1]_CASDOUTB[1])
                                                      0.210     1.394 r  bd_0_i/hls_inst/inst/p_ZL13poly_buffer_2_3_U/ram_reg_bram_1/CASDOUTB[1]
                         net (fo=1, routed)           0.026     1.420    bd_0_i/hls_inst/inst/p_ZL13poly_buffer_2_3_U/ram_reg_bram_1_n_72
    RAMB36_X11Y30        RAMB36E2 (Prop_RAMB36E2_RAMB36_CASDINB[1]_CASDOUTB[1])
                                                      0.210     1.630 r  bd_0_i/hls_inst/inst/p_ZL13poly_buffer_2_3_U/ram_reg_bram_2/CASDOUTB[1]
                         net (fo=1, routed)           0.026     1.656    bd_0_i/hls_inst/inst/p_ZL13poly_buffer_2_3_U/ram_reg_bram_2_n_72
    RAMB36_X11Y31        RAMB36E2 (Prop_RAMB36E2_RAMB36_CASDINB[1]_CASDOUTB[1])
                                                      0.210     1.866 r  bd_0_i/hls_inst/inst/p_ZL13poly_buffer_2_3_U/ram_reg_bram_3/CASDOUTB[1]
                         net (fo=1, routed)           0.026     1.892    bd_0_i/hls_inst/inst/p_ZL13poly_buffer_2_3_U/ram_reg_bram_3_n_72
    RAMB36_X11Y32        RAMB36E2 (Prop_RAMB36E2_RAMB36_CASDINB[1]_CASDOUTB[1])
                                                      0.210     2.102 r  bd_0_i/hls_inst/inst/p_ZL13poly_buffer_2_3_U/ram_reg_bram_4/CASDOUTB[1]
                         net (fo=1, routed)           0.026     2.128    bd_0_i/hls_inst/inst/p_ZL13poly_buffer_2_3_U/ram_reg_bram_4_n_72
    RAMB36_X11Y33        RAMB36E2 (Prop_RAMB36E2_RAMB36_CASDINB[1]_CASDOUTB[1])
                                                      0.210     2.338 r  bd_0_i/hls_inst/inst/p_ZL13poly_buffer_2_3_U/ram_reg_bram_5/CASDOUTB[1]
                         net (fo=1, routed)           0.026     2.364    bd_0_i/hls_inst/inst/p_ZL13poly_buffer_2_3_U/ram_reg_bram_5_n_72
    RAMB36_X11Y34        RAMB36E2 (Prop_RAMB36E2_RAMB36_CASDINB[1]_CASDOUTB[1])
                                                      0.210     2.574 r  bd_0_i/hls_inst/inst/p_ZL13poly_buffer_2_3_U/ram_reg_bram_6/CASDOUTB[1]
                         net (fo=1, routed)           0.026     2.600    bd_0_i/hls_inst/inst/p_ZL13poly_buffer_2_3_U/ram_reg_bram_6_n_72
    RAMB36_X11Y35        RAMB36E2 (Prop_RAMB36E2_RAMB36_CASDINB[1]_DOUTBDOUT[1])
                                                      0.117     2.717 r  bd_0_i/hls_inst/inst/p_ZL13poly_buffer_2_3_U/ram_reg_bram_7/DOUTBDOUT[1]
                         net (fo=4, routed)           2.609     5.326    bd_0_i/hls_inst/inst/grp_Top_Pipeline_Limb_Loop_Row_Loop_Col_Loop_fu_1500/add_64ns_64ns_64_2_1_U953/u1/din0[1]
    SLICE_X73Y175        LUT6 (Prop_B6LUT_SLICEL_I0_O)
                                                      0.051     5.377 r  bd_0_i/hls_inst/inst/grp_Top_Pipeline_Limb_Loop_Row_Loop_Col_Loop_fu_1500/add_64ns_64ns_64_2_1_U953/u1/sum_s1[7]_i_8/O
                         net (fo=1, routed)           0.009     5.386    bd_0_i/hls_inst/inst/grp_Top_Pipeline_Limb_Loop_Row_Loop_Col_Loop_fu_1500/add_64ns_64ns_64_2_1_U953/u1/sum_s1[7]_i_8_n_6
    SLICE_X73Y175        CARRY8 (Prop_CARRY8_SLICEL_S[1]_CO[7])
                                                      0.186     5.572 r  bd_0_i/hls_inst/inst/grp_Top_Pipeline_Limb_Loop_Row_Loop_Col_Loop_fu_1500/add_64ns_64ns_64_2_1_U953/u1/sum_s1_reg[7]_i_1/CO[7]
                         net (fo=1, routed)           0.026     5.598    bd_0_i/hls_inst/inst/grp_Top_Pipeline_Limb_Loop_Row_Loop_Col_Loop_fu_1500/add_64ns_64ns_64_2_1_U953/u1/sum_s1_reg[7]_i_1_n_6
    SLICE_X73Y176        CARRY8 (Prop_CARRY8_SLICEL_CI_CO[7])
                                                      0.015     5.613 r  bd_0_i/hls_inst/inst/grp_Top_Pipeline_Limb_Loop_Row_Loop_Col_Loop_fu_1500/add_64ns_64ns_64_2_1_U953/u1/sum_s1_reg[15]_i_1/CO[7]
                         net (fo=1, routed)           0.026     5.639    bd_0_i/hls_inst/inst/grp_Top_Pipeline_Limb_Loop_Row_Loop_Col_Loop_fu_1500/add_64ns_64ns_64_2_1_U953/u1/sum_s1_reg[15]_i_1_n_6
    SLICE_X73Y177        CARRY8 (Prop_CARRY8_SLICEL_CI_CO[7])
                                                      0.015     5.654 r  bd_0_i/hls_inst/inst/grp_Top_Pipeline_Limb_Loop_Row_Loop_Col_Loop_fu_1500/add_64ns_64ns_64_2_1_U953/u1/sum_s1_reg[23]_i_1/CO[7]
                         net (fo=1, routed)           0.026     5.680    bd_0_i/hls_inst/inst/grp_Top_Pipeline_Limb_Loop_Row_Loop_Col_Loop_fu_1500/add_64ns_64ns_64_2_1_U953/u1/sum_s1_reg[23]_i_1_n_6
    SLICE_X73Y178        CARRY8 (Prop_CARRY8_SLICEL_CI_O[5])
                                                      0.116     5.796 r  bd_0_i/hls_inst/inst/grp_Top_Pipeline_Limb_Loop_Row_Loop_Col_Loop_fu_1500/add_64ns_64ns_64_2_1_U953/u1/sum_s1_reg[31]_i_1/O[5]
                         net (fo=1, routed)           0.025     5.821    bd_0_i/hls_inst/inst/grp_Top_Pipeline_Limb_Loop_Row_Loop_Col_Loop_fu_1500/add_64ns_64ns_64_2_1_U953/u1_n_9
    SLICE_X73Y178        FDRE                                         r  bd_0_i/hls_inst/inst/grp_Top_Pipeline_Limb_Loop_Row_Loop_Col_Loop_fu_1500/add_64ns_64ns_64_2_1_U953/sum_s1_reg[29]/D
  -------------------------------------------------------------------    -------------------

                         (clock ap_clk rise edge)     6.000     6.000 r  
                                                      0.000     6.000 r  ap_clk (IN)
                         net (fo=75771, unset)        0.020     6.020    bd_0_i/hls_inst/inst/grp_Top_Pipeline_Limb_Loop_Row_Loop_Col_Loop_fu_1500/add_64ns_64ns_64_2_1_U953/ap_clk
    SLICE_X73Y178        FDRE                                         r  bd_0_i/hls_inst/inst/grp_Top_Pipeline_Limb_Loop_Row_Loop_Col_Loop_fu_1500/add_64ns_64ns_64_2_1_U953/sum_s1_reg[29]/C
                         clock pessimism              0.000     6.020    
                         clock uncertainty           -0.785     5.235    
    SLICE_X73Y178        FDRE (Setup_FFF_SLICEL_C_D)
                                                      0.025     5.260    bd_0_i/hls_inst/inst/grp_Top_Pipeline_Limb_Loop_Row_Loop_Col_Loop_fu_1500/add_64ns_64ns_64_2_1_U953/sum_s1_reg[29]
  -------------------------------------------------------------------
                         required time                          5.260    
                         arrival time                          -5.821    
  -------------------------------------------------------------------
                         slack                                 -0.562    

Slack (VIOLATED) :        -0.558ns  (required time - arrival time)
  Source:                 bd_0_i/hls_inst/inst/grp_MultMod_fu_2235/sub_64ns_64s_64_3_1_U258/sum_s2_reg[23]/C
                            (rising edge-triggered cell FDRE clocked by ap_clk  {rise@0.000ns fall@3.000ns period=6.000ns})
  Destination:            bd_0_i/hls_inst/inst/p_ZL13poly_buffer_1_6_1_U/ram_reg_bram_1/DINBDIN[14]
                            (rising edge-triggered cell RAMB36E2 clocked by ap_clk  {rise@0.000ns fall@3.000ns period=6.000ns})
  Path Group:             ap_clk
  Path Type:              Setup (Max at Slow Process Corner)
  Requirement:            6.000ns  (ap_clk rise@6.000ns - ap_clk rise@0.000ns)
  Data Path Delay:        5.515ns  (logic 1.468ns (26.618%)  route 4.047ns (73.382%))
  Logic Levels:           18  (CARRY8=13 LUT3=1 LUT4=2 LUT5=2)
  Clock Path Skew:        0.012ns (DCD - SCD + CPR)
    Destination Clock Delay (DCD):    0.040ns = ( 6.040 - 6.000 ) 
    Source Clock Delay      (SCD):    0.028ns
    Clock Pessimism Removal (CPR):    0.000ns
  Clock Uncertainty:      0.785ns  ((TSJ^2 + TIJ^2)^1/2 + DJ) / 2 + PE + UU
    Total System Jitter     (TSJ):    0.071ns
    Total Input Jitter      (TIJ):    0.000ns
    Discrete Jitter          (DJ):    0.000ns
    Phase Error              (PE):    0.000ns
    User Uncertainty         (UU):    0.750ns

    Location             Delay type                Incr(ns)  Path(ns)    Netlist Resource(s)
  -------------------------------------------------------------------    -------------------
                         (clock ap_clk rise edge)     0.000     0.000 r  
                                                      0.000     0.000 r  ap_clk (IN)
                         net (fo=75771, unset)        0.028     0.028    bd_0_i/hls_inst/inst/grp_MultMod_fu_2235/sub_64ns_64s_64_3_1_U258/ap_clk
    SLICE_X86Y97         FDRE                                         r  bd_0_i/hls_inst/inst/grp_MultMod_fu_2235/sub_64ns_64s_64_3_1_U258/sum_s2_reg[23]/C
  -------------------------------------------------------------------    -------------------
    SLICE_X86Y97         FDRE (Prop_CFF_SLICEL_C_Q)
                                                      0.079     0.107 r  bd_0_i/hls_inst/inst/grp_MultMod_fu_2235/sub_64ns_64s_64_3_1_U258/sum_s2_reg[23]/Q
                         net (fo=3, routed)           0.518     0.625    bd_0_i/hls_inst/inst/grp_MultMod_fu_2235/sub_64ns_64s_64_3_1_U258/grp_fu_317_p2[23]
    SLICE_X81Y104        LUT4 (Prop_G6LUT_SLICEM_I0_O)
                                                      0.150     0.775 r  bd_0_i/hls_inst/inst/grp_MultMod_fu_2235/sub_64ns_64s_64_3_1_U258/ram_reg_bram_0_i_257__4/O
                         net (fo=2, routed)           0.430     1.206    bd_0_i/hls_inst/inst/grp_MultMod_fu_2235/sub_64ns_64s_64_3_1_U258/grp_MultMod_fu_2235_ap_return[23]
    SLICE_X82Y107        CARRY8 (Prop_CARRY8_SLICEL_DI[7]_CO[7])
                                                      0.051     1.257 r  bd_0_i/hls_inst/inst/grp_MultMod_fu_2235/sub_64ns_64s_64_3_1_U258/ram_reg_bram_0_i_273__8/CO[7]
                         net (fo=1, routed)           0.026     1.283    bd_0_i/hls_inst/inst/grp_MultMod_fu_2235/sub_64ns_64s_64_3_1_U258/ram_reg_bram_0_i_273__8_n_6
    SLICE_X82Y108        CARRY8 (Prop_CARRY8_SLICEL_CI_CO[7])
                                                      0.015     1.298 r  bd_0_i/hls_inst/inst/grp_MultMod_fu_2235/sub_64ns_64s_64_3_1_U258/ram_reg_bram_0_i_248__8/CO[7]
                         net (fo=1, routed)           0.026     1.324    bd_0_i/hls_inst/inst/grp_MultMod_fu_2235/sub_64ns_64s_64_3_1_U258/ram_reg_bram_0_i_248__8_n_6
    SLICE_X82Y109        CARRY8 (Prop_CARRY8_SLICEL_CI_CO[7])
                                                      0.015     1.339 r  bd_0_i/hls_inst/inst/grp_MultMod_fu_2235/sub_64ns_64s_64_3_1_U258/ram_reg_bram_0_i_350__2/CO[7]
                         net (fo=1, routed)           0.026     1.365    bd_0_i/hls_inst/inst/grp_MultMod_fu_2235/sub_64ns_64s_64_3_1_U258/ram_reg_bram_0_i_350__2_n_6
    SLICE_X82Y110        CARRY8 (Prop_CARRY8_SLICEL_CI_CO[7])
                                                      0.015     1.380 r  bd_0_i/hls_inst/inst/grp_MultMod_fu_2235/sub_64ns_64s_64_3_1_U258/ram_reg_bram_1_i_183__1/CO[7]
                         net (fo=1, routed)           0.026     1.406    bd_0_i/hls_inst/inst/grp_MultMod_fu_2235/sub_64ns_64s_64_3_1_U258/ram_reg_bram_1_i_183__1_n_6
    SLICE_X82Y111        CARRY8 (Prop_CARRY8_SLICEL_CI_O[2])
                                                      0.067     1.473 r  bd_0_i/hls_inst/inst/grp_MultMod_fu_2235/sub_64ns_64s_64_3_1_U258/ram_reg_bram_1_i_158__1/O[2]
                         net (fo=4, routed)           0.350     1.822    bd_0_i/hls_inst/inst/grp_Execute_Transform_Operation_fu_696/grp_Compute_BConv_Systolic_24_25_fu_842/grp_Compute_BConv_Systolic_24_25_Pipeline_Load_Mod_fu_591/sum_out_72_fu_2868_p2[50]
    SLICE_X79Y110        LUT4 (Prop_B6LUT_SLICEL_I1_O)
                                                      0.148     1.970 r  bd_0_i/hls_inst/inst/grp_Execute_Transform_Operation_fu_696/grp_Compute_BConv_Systolic_24_25_fu_842/grp_Compute_BConv_Systolic_24_25_Pipeline_Load_Mod_fu_591/ram_reg_bram_0_i_450__3/O
                         net (fo=1, routed)           0.009     1.979    bd_0_i/hls_inst/inst/grp_Execute_Transform_Operation_fu_696/grp_Compute_BConv_Systolic_24_25_fu_842/grp_Compute_BConv_Systolic_24_25_Pipeline_Load_Mod_fu_591/ram_reg_bram_0_i_450__3_n_6
    SLICE_X79Y110        CARRY8 (Prop_CARRY8_SLICEL_S[1]_CO[7])
                                                      0.186     2.165 r  bd_0_i/hls_inst/inst/grp_Execute_Transform_Operation_fu_696/grp_Compute_BConv_Systolic_24_25_fu_842/grp_Compute_BConv_Systolic_24_25_Pipeline_Load_Mod_fu_591/ram_reg_bram_0_i_401__1/CO[7]
                         net (fo=1, routed)           0.026     2.191    bd_0_i/hls_inst/inst/grp_Execute_Transform_Operation_fu_696/grp_Compute_BConv_Systolic_24_25_fu_842/grp_Compute_BConv_Systolic_24_25_Pipeline_Load_Mod_fu_591/grp_Compute_BConv_Systolic_24_25_Pipeline_Systolic_Loop_fu_640/icmp_ln111_27_fu_2874_p2
    SLICE_X79Y111        CARRY8 (Prop_CARRY8_SLICEL_CI_O[0])
                                                      0.056     2.247 r  bd_0_i/hls_inst/inst/grp_Execute_Transform_Operation_fu_696/grp_Compute_BConv_Systolic_24_25_fu_842/grp_Compute_BConv_Systolic_24_25_Pipeline_Load_Mod_fu_591/ram_reg_bram_0_i_324__2/O[0]
                         net (fo=65, routed)          0.377     2.624    bd_0_i/hls_inst/inst/grp_Execute_Transform_Operation_fu_696/grp_Compute_BConv_Systolic_24_25_fu_842/grp_Compute_BConv_Systolic_24_25_Pipeline_Load_Mod_fu_591/ram_reg_bram_0_i_324__2_n_21
    SLICE_X80Y106        LUT3 (Prop_A6LUT_SLICEL_I2_O)
                                                      0.149     2.773 r  bd_0_i/hls_inst/inst/grp_Execute_Transform_Operation_fu_696/grp_Compute_BConv_Systolic_24_25_fu_842/grp_Compute_BConv_Systolic_24_25_Pipeline_Load_Mod_fu_591/ram_reg_bram_0_i_306__5/O
                         net (fo=1, routed)           0.009     2.782    bd_0_i/hls_inst/inst/grp_Execute_Transform_Operation_fu_696/grp_Compute_BConv_Systolic_24_25_fu_842/grp_Compute_BConv_Systolic_24_25_Pipeline_Load_Mod_fu_591/ram_reg_bram_0_i_306__5_n_6
    SLICE_X80Y106        CARRY8 (Prop_CARRY8_SLICEL_S[0]_CO[7])
                                                      0.190     2.972 r  bd_0_i/hls_inst/inst/grp_Execute_Transform_Operation_fu_696/grp_Compute_BConv_Systolic_24_25_fu_842/grp_Compute_BConv_Systolic_24_25_Pipeline_Load_Mod_fu_591/ram_reg_bram_0_i_177__13/CO[7]
                         net (fo=1, routed)           0.026     2.998    bd_0_i/hls_inst/inst/grp_Execute_Transform_Operation_fu_696/grp_Compute_BConv_Systolic_24_25_fu_842/grp_Compute_BConv_Systolic_24_25_Pipeline_Load_Mod_fu_591/ram_reg_bram_0_i_177__13_n_6
    SLICE_X80Y107        CARRY8 (Prop_CARRY8_SLICEL_CI_CO[7])
                                                      0.015     3.013 r  bd_0_i/hls_inst/inst/grp_Execute_Transform_Operation_fu_696/grp_Compute_BConv_Systolic_24_25_fu_842/grp_Compute_BConv_Systolic_24_25_Pipeline_Load_Mod_fu_591/ram_reg_bram_0_i_159__20/CO[7]
                         net (fo=1, routed)           0.026     3.039    bd_0_i/hls_inst/inst/grp_Execute_Transform_Operation_fu_696/grp_Compute_BConv_Systolic_24_25_fu_842/grp_Compute_BConv_Systolic_24_25_Pipeline_Load_Mod_fu_591/ram_reg_bram_0_i_159__20_n_6
    SLICE_X80Y108        CARRY8 (Prop_CARRY8_SLICEL_CI_CO[7])
                                                      0.015     3.054 r  bd_0_i/hls_inst/inst/grp_Execute_Transform_Operation_fu_696/grp_Compute_BConv_Systolic_24_25_fu_842/grp_Compute_BConv_Systolic_24_25_Pipeline_Load_Mod_fu_591/ram_reg_bram_0_i_141__22/CO[7]
                         net (fo=1, routed)           0.026     3.080    bd_0_i/hls_inst/inst/grp_Execute_Transform_Operation_fu_696/grp_Compute_BConv_Systolic_24_25_fu_842/grp_Compute_BConv_Systolic_24_25_Pipeline_Load_Mod_fu_591/ram_reg_bram_0_i_141__22_n_6
    SLICE_X80Y109        CARRY8 (Prop_CARRY8_SLICEL_CI_CO[7])
                                                      0.015     3.095 r  bd_0_i/hls_inst/inst/grp_Execute_Transform_Operation_fu_696/grp_Compute_BConv_Systolic_24_25_fu_842/grp_Compute_BConv_Systolic_24_25_Pipeline_Load_Mod_fu_591/ram_reg_bram_0_i_214__7/CO[7]
                         net (fo=1, routed)           0.026     3.121    bd_0_i/hls_inst/inst/grp_Execute_Transform_Operation_fu_696/grp_Compute_BConv_Systolic_24_25_fu_842/grp_Compute_BConv_Systolic_24_25_Pipeline_Load_Mod_fu_591/ram_reg_bram_0_i_214__7_n_6
    SLICE_X80Y110        CARRY8 (Prop_CARRY8_SLICEL_CI_CO[7])
                                                      0.015     3.136 r  bd_0_i/hls_inst/inst/grp_Execute_Transform_Operation_fu_696/grp_Compute_BConv_Systolic_24_25_fu_842/grp_Compute_BConv_Systolic_24_25_Pipeline_Load_Mod_fu_591/ram_reg_bram_1_i_106__2/CO[7]
                         net (fo=1, routed)           0.026     3.162    bd_0_i/hls_inst/inst/grp_Execute_Transform_Operation_fu_696/grp_Compute_BConv_Systolic_24_25_fu_842/grp_Compute_BConv_Systolic_24_25_Pipeline_Load_Mod_fu_591/ram_reg_bram_1_i_106__2_n_6
    SLICE_X80Y111        CARRY8 (Prop_CARRY8_SLICEL_CI_O[2])
                                                      0.067     3.229 r  bd_0_i/hls_inst/inst/grp_Execute_Transform_Operation_fu_696/grp_Compute_BConv_Systolic_24_25_fu_842/grp_Compute_BConv_Systolic_24_25_Pipeline_Load_Mod_fu_591/ram_reg_bram_1_i_88__2/O[2]
                         net (fo=7, routed)           1.126     4.355    bd_0_i/hls_inst/inst/grp_Execute_Transform_Operation_fu_696/grp_Execute_Transform_fu_1152/grp_CG_Transform_Work_fu_459/grp_CG_Transform_Work_Pipeline_WORK_BUTTERFLY_LOOP3_fu_948/grp_Compute_BConv_Systolic_24_25_fu_842_p_ZL13poly_buffer_1_6_0_d0[50]
    SLICE_X59Y171        LUT5 (Prop_E6LUT_SLICEL_I2_O)
                                                      0.123     4.478 r  bd_0_i/hls_inst/inst/grp_Execute_Transform_Operation_fu_696/grp_Execute_Transform_fu_1152/grp_CG_Transform_Work_fu_459/grp_CG_Transform_Work_Pipeline_WORK_BUTTERFLY_LOOP3_fu_948/ram_reg_bram_1_i_74__25/O
                         net (fo=1, routed)           0.091     4.569    bd_0_i/hls_inst/inst/grp_Compute_BConv_Systolic_fu_1051/grp_Compute_BConv_Systolic_Pipeline_Load_Mod_fu_321/grp_Execute_Transform_Operation_fu_696_p_ZL13poly_buffer_1_6_5_d0[50]
    SLICE_X59Y171        LUT5 (Prop_G6LUT_SLICEL_I2_O)
                                                      0.097     4.666 r  bd_0_i/hls_inst/inst/grp_Compute_BConv_Systolic_fu_1051/grp_Compute_BConv_Systolic_Pipeline_Load_Mod_fu_321/ram_reg_bram_1_i_42__48/O
                         net (fo=2, routed)           0.877     5.543    bd_0_i/hls_inst/inst/p_ZL13poly_buffer_1_6_1_U/d0[50]
    RAMB36_X2Y39         RAMB36E2                                     r  bd_0_i/hls_inst/inst/p_ZL13poly_buffer_1_6_1_U/ram_reg_bram_1/DINBDIN[14]
  -------------------------------------------------------------------    -------------------

                         (clock ap_clk rise edge)     6.000     6.000 r  
                                                      0.000     6.000 r  ap_clk (IN)
                         net (fo=75771, unset)        0.040     6.040    bd_0_i/hls_inst/inst/p_ZL13poly_buffer_1_6_1_U/ap_clk
    RAMB36_X2Y39         RAMB36E2                                     r  bd_0_i/hls_inst/inst/p_ZL13poly_buffer_1_6_1_U/ram_reg_bram_1/CLKBWRCLK
                         clock pessimism              0.000     6.040    
                         clock uncertainty           -0.785     5.255    
    RAMB36_X2Y39         RAMB36E2 (Setup_RAMB36E2_RAMB36_CLKBWRCLK_DINBDIN[14])
                                                     -0.270     4.985    bd_0_i/hls_inst/inst/p_ZL13poly_buffer_1_6_1_U/ram_reg_bram_1
  -------------------------------------------------------------------
                         required time                          4.985    
                         arrival time                          -5.543    
  -------------------------------------------------------------------
                         slack                                 -0.558    

Slack (VIOLATED) :        -0.553ns  (required time - arrival time)
  Source:                 bd_0_i/hls_inst/inst/grp_MultMod_fu_2227/r_stg2_reg_428_pp0_iter18_reg_reg[43]/C
                            (rising edge-triggered cell FDRE clocked by ap_clk  {rise@0.000ns fall@3.000ns period=6.000ns})
  Destination:            bd_0_i/hls_inst/inst/p_ZL13poly_buffer_1_5_7_U/ram_reg_bram_1/DINBDIN[26]
                            (rising edge-triggered cell RAMB36E2 clocked by ap_clk  {rise@0.000ns fall@3.000ns period=6.000ns})
  Path Group:             ap_clk
  Path Type:              Setup (Max at Slow Process Corner)
  Requirement:            6.000ns  (ap_clk rise@6.000ns - ap_clk rise@0.000ns)
  Data Path Delay:        5.539ns  (logic 1.717ns (30.997%)  route 3.822ns (69.003%))
  Logic Levels:           18  (CARRY8=12 LUT2=1 LUT3=1 LUT4=2 LUT5=2)
  Clock Path Skew:        0.010ns (DCD - SCD + CPR)
    Destination Clock Delay (DCD):    0.040ns = ( 6.040 - 6.000 ) 
    Source Clock Delay      (SCD):    0.030ns
    Clock Pessimism Removal (CPR):    0.000ns
  Clock Uncertainty:      0.785ns  ((TSJ^2 + TIJ^2)^1/2 + DJ) / 2 + PE + UU
    Total System Jitter     (TSJ):    0.071ns
    Total Input Jitter      (TIJ):    0.000ns
    Discrete Jitter          (DJ):    0.000ns
    Phase Error              (PE):    0.000ns
    User Uncertainty         (UU):    0.750ns

    Location             Delay type                Incr(ns)  Path(ns)    Netlist Resource(s)
  -------------------------------------------------------------------    -------------------
                         (clock ap_clk rise edge)     0.000     0.000 r  
                                                      0.000     0.000 r  ap_clk (IN)
                         net (fo=75771, unset)        0.030     0.030    bd_0_i/hls_inst/inst/grp_MultMod_fu_2227/ap_clk
    SLICE_X53Y119        FDRE                                         r  bd_0_i/hls_inst/inst/grp_MultMod_fu_2227/r_stg2_reg_428_pp0_iter18_reg_reg[43]/C
  -------------------------------------------------------------------    -------------------
    SLICE_X53Y119        FDRE (Prop_AFF2_SLICEM_C_Q)
                                                      0.080     0.110 r  bd_0_i/hls_inst/inst/grp_MultMod_fu_2227/r_stg2_reg_428_pp0_iter18_reg_reg[43]/Q
                         net (fo=5, routed)           0.304     0.414    bd_0_i/hls_inst/inst/grp_MultMod_fu_2227/sub_64ns_64s_64_3_1_U258/u3/sub_64ns_64s_64_3_1_U258/u3/ram_reg_bram_1_i_229__1
    SLICE_X53Y119        LUT2 (Prop_A6LUT_SLICEM_I0_O)
                                                      0.150     0.564 r  bd_0_i/hls_inst/inst/grp_MultMod_fu_2227/sub_64ns_64s_64_3_1_U258/u3/ram_reg_bram_1_i_266/O
                         net (fo=1, routed)           0.013     0.577    bd_0_i/hls_inst/inst/grp_MultMod_fu_2227_n_1663
    SLICE_X53Y119        CARRY8 (Prop_CARRY8_SLICEM_S[0]_O[3])
                                                      0.139     0.716 r  bd_0_i/hls_inst/inst/sub_64ns_64s_64_3_1_U258/u3/ram_reg_bram_1_i_229__1/O[3]
                         net (fo=3, routed)           0.388     1.104    bd_0_i/hls_inst/inst/grp_MultMod_fu_2227/ram_reg_bram_1_i_115__0[3]
    SLICE_X54Y121        LUT4 (Prop_F6LUT_SLICEL_I0_O)
                                                      0.148     1.252 r  bd_0_i/hls_inst/inst/grp_MultMod_fu_2227/ram_reg_bram_1_i_195/O
                         net (fo=2, routed)           0.243     1.494    bd_0_i/hls_inst/inst/grp_MultMod_fu_2227/sub_64ns_64s_64_3_1_U258/ram_reg_bram_0_i_461__2[3]
    SLICE_X55Y118        CARRY8 (Prop_CARRY8_SLICEL_DI[6]_CO[7])
                                                      0.055     1.549 r  bd_0_i/hls_inst/inst/grp_MultMod_fu_2227/sub_64ns_64s_64_3_1_U258/ram_reg_bram_1_i_210/CO[7]
                         net (fo=1, routed)           0.026     1.575    bd_0_i/hls_inst/inst/grp_MultMod_fu_2227/sub_64ns_64s_64_3_1_U258/ram_reg_bram_1_i_210_n_6
    SLICE_X55Y119        CARRY8 (Prop_CARRY8_SLICEL_CI_O[6])
                                                      0.103     1.678 r  bd_0_i/hls_inst/inst/grp_MultMod_fu_2227/sub_64ns_64s_64_3_1_U258/ram_reg_bram_1_i_185__1/O[6]
                         net (fo=4, routed)           0.396     2.074    bd_0_i/hls_inst/inst/grp_Execute_Transform_Operation_fu_696/grp_Compute_BConv_Systolic_24_25_fu_842/grp_Compute_BConv_Systolic_24_25_Pipeline_Load_Mod_fu_591/sum_out_69_fu_2830_p2[54]
    SLICE_X55Y124        LUT4 (Prop_D6LUT_SLICEL_I1_O)
                                                      0.122     2.196 r  bd_0_i/hls_inst/inst/grp_Execute_Transform_Operation_fu_696/grp_Compute_BConv_Systolic_24_25_fu_842/grp_Compute_BConv_Systolic_24_25_Pipeline_Load_Mod_fu_591/ram_reg_bram_0_i_470__1/O
                         net (fo=1, routed)           0.009     2.205    bd_0_i/hls_inst/inst/grp_Execute_Transform_Operation_fu_696/grp_Compute_BConv_Systolic_24_25_fu_842/grp_Compute_BConv_Systolic_24_25_Pipeline_Load_Mod_fu_591/ram_reg_bram_0_i_470__1_n_6
    SLICE_X55Y124        CARRY8 (Prop_CARRY8_SLICEL_S[3]_CO[7])
                                                      0.154     2.359 r  bd_0_i/hls_inst/inst/grp_Execute_Transform_Operation_fu_696/grp_Compute_BConv_Systolic_24_25_fu_842/grp_Compute_BConv_Systolic_24_25_Pipeline_Load_Mod_fu_591/ram_reg_bram_0_i_423__2/CO[7]
                         net (fo=1, routed)           0.026     2.385    bd_0_i/hls_inst/inst/grp_Execute_Transform_Operation_fu_696/grp_Compute_BConv_Systolic_24_25_fu_842/grp_Compute_BConv_Systolic_24_25_Pipeline_Load_Mod_fu_591/grp_Compute_BConv_Systolic_24_25_Pipeline_Systolic_Loop_fu_640/icmp_ln111_26_fu_2836_p2
    SLICE_X55Y125        CARRY8 (Prop_CARRY8_SLICEL_CI_O[0])
                                                      0.056     2.441 r  bd_0_i/hls_inst/inst/grp_Execute_Transform_Operation_fu_696/grp_Compute_BConv_Systolic_24_25_fu_842/grp_Compute_BConv_Systolic_24_25_Pipeline_Load_Mod_fu_591/ram_reg_bram_0_i_345__3/O[0]
                         net (fo=65, routed)          0.355     2.796    bd_0_i/hls_inst/inst/grp_Execute_Transform_Operation_fu_696/grp_Compute_BConv_Systolic_24_25_fu_842/grp_Compute_BConv_Systolic_24_25_Pipeline_Load_Mod_fu_591/ram_reg_bram_0_i_345__3_n_21
    SLICE_X56Y120        LUT3 (Prop_A6LUT_SLICEM_I2_O)
                                                      0.150     2.946 r  bd_0_i/hls_inst/inst/grp_Execute_Transform_Operation_fu_696/grp_Compute_BConv_Systolic_24_25_fu_842/grp_Compute_BConv_Systolic_24_25_Pipeline_Load_Mod_fu_591/ram_reg_bram_0_i_327__1/O
                         net (fo=1, routed)           0.013     2.959    bd_0_i/hls_inst/inst/grp_Execute_Transform_Operation_fu_696/grp_Compute_BConv_Systolic_24_25_fu_842/grp_Compute_BConv_Systolic_24_25_Pipeline_Load_Mod_fu_591/ram_reg_bram_0_i_327__1_n_6
    SLICE_X56Y120        CARRY8 (Prop_CARRY8_SLICEM_S[0]_CO[7])
                                                      0.192     3.151 r  bd_0_i/hls_inst/inst/grp_Execute_Transform_Operation_fu_696/grp_Compute_BConv_Systolic_24_25_fu_842/grp_Compute_BConv_Systolic_24_25_Pipeline_Load_Mod_fu_591/ram_reg_bram_0_i_217__8/CO[7]
                         net (fo=1, routed)           0.026     3.177    bd_0_i/hls_inst/inst/grp_Execute_Transform_Operation_fu_696/grp_Compute_BConv_Systolic_24_25_fu_842/grp_Compute_BConv_Systolic_24_25_Pipeline_Load_Mod_fu_591/ram_reg_bram_0_i_217__8_n_6
    SLICE_X56Y121        CARRY8 (Prop_CARRY8_SLICEM_CI_CO[7])
                                                      0.015     3.192 r  bd_0_i/hls_inst/inst/grp_Execute_Transform_Operation_fu_696/grp_Compute_BConv_Systolic_24_25_fu_842/grp_Compute_BConv_Systolic_24_25_Pipeline_Load_Mod_fu_591/ram_reg_bram_0_i_207__10/CO[7]
                         net (fo=1, routed)           0.026     3.218    bd_0_i/hls_inst/inst/grp_Execute_Transform_Operation_fu_696/grp_Compute_BConv_Systolic_24_25_fu_842/grp_Compute_BConv_Systolic_24_25_Pipeline_Load_Mod_fu_591/ram_reg_bram_0_i_207__10_n_6
    SLICE_X56Y122        CARRY8 (Prop_CARRY8_SLICEM_CI_CO[7])
                                                      0.015     3.233 r  bd_0_i/hls_inst/inst/grp_Execute_Transform_Operation_fu_696/grp_Compute_BConv_Systolic_24_25_fu_842/grp_Compute_BConv_Systolic_24_25_Pipeline_Load_Mod_fu_591/ram_reg_bram_0_i_197__6/CO[7]
                         net (fo=1, routed)           0.026     3.259    bd_0_i/hls_inst/inst/grp_Execute_Transform_Operation_fu_696/grp_Compute_BConv_Systolic_24_25_fu_842/grp_Compute_BConv_Systolic_24_25_Pipeline_Load_Mod_fu_591/ram_reg_bram_0_i_197__6_n_6
    SLICE_X56Y123        CARRY8 (Prop_CARRY8_SLICEM_CI_CO[7])
                                                      0.015     3.274 r  bd_0_i/hls_inst/inst/grp_Execute_Transform_Operation_fu_696/grp_Compute_BConv_Systolic_24_25_fu_842/grp_Compute_BConv_Systolic_24_25_Pipeline_Load_Mod_fu_591/ram_reg_bram_0_i_246__7/CO[7]
                         net (fo=1, routed)           0.026     3.300    bd_0_i/hls_inst/inst/grp_Execute_Transform_Operation_fu_696/grp_Compute_BConv_Systolic_24_25_fu_842/grp_Compute_BConv_Systolic_24_25_Pipeline_Load_Mod_fu_591/ram_reg_bram_0_i_246__7_n_6
    SLICE_X56Y124        CARRY8 (Prop_CARRY8_SLICEM_CI_CO[7])
                                                      0.015     3.315 r  bd_0_i/hls_inst/inst/grp_Execute_Transform_Operation_fu_696/grp_Compute_BConv_Systolic_24_25_fu_842/grp_Compute_BConv_Systolic_24_25_Pipeline_Load_Mod_fu_591/ram_reg_bram_1_i_144__2/CO[7]
                         net (fo=1, routed)           0.026     3.341    bd_0_i/hls_inst/inst/grp_Execute_Transform_Operation_fu_696/grp_Compute_BConv_Systolic_24_25_fu_842/grp_Compute_BConv_Systolic_24_25_Pipeline_Load_Mod_fu_591/ram_reg_bram_1_i_144__2_n_6
    SLICE_X56Y125        CARRY8 (Prop_CARRY8_SLICEM_CI_CO[7])
                                                      0.015     3.356 r  bd_0_i/hls_inst/inst/grp_Execute_Transform_Operation_fu_696/grp_Compute_BConv_Systolic_24_25_fu_842/grp_Compute_BConv_Systolic_24_25_Pipeline_Load_Mod_fu_591/ram_reg_bram_1_i_134__1/CO[7]
                         net (fo=1, routed)           0.026     3.382    bd_0_i/hls_inst/inst/grp_Execute_Transform_Operation_fu_696/grp_Compute_BConv_Systolic_24_25_fu_842/grp_Compute_BConv_Systolic_24_25_Pipeline_Load_Mod_fu_591/ram_reg_bram_1_i_134__1_n_6
    SLICE_X56Y126        CARRY8 (Prop_CARRY8_SLICEM_CI_O[6])
                                                      0.103     3.485 r  bd_0_i/hls_inst/inst/grp_Execute_Transform_Operation_fu_696/grp_Compute_BConv_Systolic_24_25_fu_842/grp_Compute_BConv_Systolic_24_25_Pipeline_Load_Mod_fu_591/ram_reg_bram_1_i_124__3/O[6]
                         net (fo=7, routed)           1.105     4.590    bd_0_i/hls_inst/inst/grp_Execute_Transform_Operation_fu_696/grp_Execute_Transform_fu_1152/grp_CG_Transform_Work_fu_459/grp_CG_Transform_Work_Pipeline_WORK_BUTTERFLY_LOOP3_fu_948/grp_Compute_BConv_Systolic_24_25_fu_842_p_ZL13poly_buffer_1_5_0_d0[62]
    SLICE_X87Y187        LUT5 (Prop_E6LUT_SLICEM_I2_O)
                                                      0.100     4.690 r  bd_0_i/hls_inst/inst/grp_Execute_Transform_Operation_fu_696/grp_Execute_Transform_fu_1152/grp_CG_Transform_Work_fu_459/grp_CG_Transform_Work_Pipeline_WORK_BUTTERFLY_LOOP3_fu_948/ram_reg_bram_1_i_62__14/O
                         net (fo=1, routed)           0.191     4.881    bd_0_i/hls_inst/inst/grp_Compute_BConv_Systolic_fu_1051/grp_Compute_BConv_Systolic_Pipeline_Load_Mod_fu_321/grp_Execute_Transform_Operation_fu_696_p_ZL13poly_buffer_1_5_7_d0[62]
    SLICE_X87Y187        LUT5 (Prop_G6LUT_SLICEM_I2_O)
                                                      0.090     4.971 r  bd_0_i/hls_inst/inst/grp_Compute_BConv_Systolic_fu_1051/grp_Compute_BConv_Systolic_Pipeline_Load_Mod_fu_321/ram_reg_bram_1_i_30__6/O
                         net (fo=1, routed)           0.598     5.569    bd_0_i/hls_inst/inst/p_ZL13poly_buffer_1_5_7_U/d0[62]
    RAMB36_X6Y43         RAMB36E2                                     r  bd_0_i/hls_inst/inst/p_ZL13poly_buffer_1_5_7_U/ram_reg_bram_1/DINBDIN[26]
  -------------------------------------------------------------------    -------------------

                         (clock ap_clk rise edge)     6.000     6.000 r  
                                                      0.000     6.000 r  ap_clk (IN)
                         net (fo=75771, unset)        0.040     6.040    bd_0_i/hls_inst/inst/p_ZL13poly_buffer_1_5_7_U/ap_clk
    RAMB36_X6Y43         RAMB36E2                                     r  bd_0_i/hls_inst/inst/p_ZL13poly_buffer_1_5_7_U/ram_reg_bram_1/CLKBWRCLK
                         clock pessimism              0.000     6.040    
                         clock uncertainty           -0.785     5.255    
    RAMB36_X6Y43         RAMB36E2 (Setup_RAMB36E2_RAMB36_CLKBWRCLK_DINBDIN[26])
                                                     -0.238     5.017    bd_0_i/hls_inst/inst/p_ZL13poly_buffer_1_5_7_U/ram_reg_bram_1
  -------------------------------------------------------------------
                         required time                          5.017    
                         arrival time                          -5.569    
  -------------------------------------------------------------------
                         slack                                 -0.553    




