

================================================================
== Vitis HLS Report for 'Execute_Transform_Operation'
================================================================
* Date:           Fri Sep  4 07:49:22 2026

* Version:        2023.2 (Build 4023990 on Oct 11 2023)
* Project:        hks_digit_csynth_shared_v1
* Solution:       solution1 (Vivado IP Flow Target)
* Product family: virtexuplusHBM
* Target device:  xcu55c-fsvh2892-2L-e


================================================================
== Performance Estimates
================================================================
+ Timing: 
    * Summary: 
    +--------+---------+----------+------------+
    |  Clock |  Target | Estimated| Uncertainty|
    +--------+---------+----------+------------+
    |ap_clk  |  6.00 ns|  5.250 ns|     0.75 ns|
    +--------+---------+----------+------------+

+ Latency: 
    * Summary: 
    +---------+---------+----------+----------+-----+-----+---------+
    |  Latency (cycles) |  Latency (absolute) |  Interval | Pipeline|
    |   min   |   max   |    min   |    max   | min | max |   Type  |
    +---------+---------+----------+----------+-----+-----+---------+
    |        ?|        ?|         ?|         ?|    ?|    ?|       no|
    +---------+---------+----------+----------+-----+-----+---------+

    + Detail: 
        * Instance: 
        +---------------------------------------------------------------------+----------------------------------------------------------+---------+---------+-----------+-----------+-------+-------+---------+
        |                                                                     |                                                          |  Latency (cycles) |   Latency (absolute)  |    Interval   | Pipeline|
        |                               Instance                              |                          Module                          |   min   |   max   |    min    |    max    |  min  |  max  |   Type  |
        +---------------------------------------------------------------------+----------------------------------------------------------+---------+---------+-----------+-----------+-------+-------+---------+
        |grp_Execute_Transform_Operation_Pipeline_HKS_VALIDATE_MODULI_fu_711  |Execute_Transform_Operation_Pipeline_HKS_VALIDATE_MODULI  |        2|        7|  12.000 ns|  42.000 ns|      2|      7|       no|
        |grp_Load_25_26_1_fu_720                                              |Load_25_26_1                                              |        ?|        ?|          ?|          ?|      ?|      ?|       no|
        |grp_Load_HKS_Params_fu_737                                           |Load_HKS_Params                                           |       43|       43|   0.258 us|   0.258 us|     43|     43|       no|
        |grp_Copy_HKS_Tower_1_fu_793                                          |Copy_HKS_Tower_1                                          |     4098|     4098|  24.588 us|  24.588 us|   4098|   4098|       no|
        |grp_Execute_Transform_fu_871                                         |Execute_Transform                                         |    10068|    10068|  60.408 us|  60.408 us|  10068|  10068|       no|
        |grp_Prepare_HKS_BConv_Input_fu_1091                                  |Prepare_HKS_BConv_Input                                   |    12312|    12312|  73.872 us|  73.872 us|  12312|  12312|       no|
        |grp_Compute_BConv_Systolic_33_34_fu_1170                             |Compute_BConv_Systolic_33_34                              |     6182|     8230|  37.092 us|  49.380 us|   6182|   8230|       no|
        |grp_Copy_HKS_Tower_fu_1333                                           |Copy_HKS_Tower                                            |     4099|     4099|  24.594 us|  24.594 us|   4099|   4099|       no|
        |grp_Store_29_30_1_fu_1475                                            |Store_29_30_1                                             |        ?|        ?|          ?|          ?|      ?|      ?|       no|
        |grp_Store_29_30_44_45_1_fu_1492                                      |Store_29_30_44_45_1                                       |        ?|        ?|          ?|          ?|      ?|      ?|       no|
        +---------------------------------------------------------------------+----------------------------------------------------------+---------+---------+-----------+-----------+-------+-------+---------+

        * Loop: 
        +-------------------+---------+---------+---------------+-----------+-----------+-------+----------+
        |                   |  Latency (cycles) |   Iteration   |  Initiation Interval  |  Trip |          |
        |     Loop Name     |   min   |   max   |    Latency    |  achieved |   target  | Count | Pipelined|
        +-------------------+---------+---------+---------------+-----------+-----------+-------+----------+
        |- HKS_BYPASS       |     4100|    12300|           4100|          -|          -|  1 ~ 3|        no|
        |- TRANSFORM_STEPS  |    10071|   310536|  10071 ~ 38817|          -|          -|  1 ~ 8|        no|
        +-------------------+---------+---------+---------------+-----------+-----------+-------+----------+



================================================================
== Utilization Estimates
================================================================
* Summary: 
+---------------------+---------+------+---------+---------+-----+
|         Name        | BRAM_18K|  DSP |    FF   |   LUT   | URAM|
+---------------------+---------+------+---------+---------+-----+
|DSP                  |        -|     -|        -|        -|    -|
|Expression           |        -|     -|        0|      704|    -|
|FIFO                 |        -|     -|        -|        -|    -|
|Instance             |      192|   290|    30682|    57626|    0|
|Memory               |        -|     -|        -|        -|    -|
|Multiplexer          |        -|     -|        -|     4998|    -|
|Register             |        -|     -|     2422|        -|    -|
+---------------------+---------+------+---------+---------+-----+
|Total                |      192|   290|    33104|    63328|    0|
+---------------------+---------+------+---------+---------+-----+
|Available SLR        |     1344|  3008|   869120|   434560|  320|
+---------------------+---------+------+---------+---------+-----+
|Utilization SLR (%)  |       14|     9|        3|       14|    0|
+---------------------+---------+------+---------+---------+-----+
|Available            |     4032|  9024|  2607360|  1303680|  960|
+---------------------+---------+------+---------+---------+-----+
|Utilization (%)      |        4|     3|        1|        4|    0|
+---------------------+---------+------+---------+---------+-----+

+ Detail: 
    * Instance: 
    +---------------------------------------------------------------------+----------------------------------------------------------+---------+-----+-------+-------+-----+
    |                               Instance                              |                          Module                          | BRAM_18K| DSP |   FF  |  LUT  | URAM|
    +---------------------------------------------------------------------+----------------------------------------------------------+---------+-----+-------+-------+-----+
    |grp_Compute_BConv_Systolic_33_34_fu_1170                             |Compute_BConv_Systolic_33_34                              |      128|    0|   4076|   7976|    0|
    |grp_Copy_HKS_Tower_fu_1333                                           |Copy_HKS_Tower                                            |        0|    0|    129|    575|    0|
    |grp_Copy_HKS_Tower_1_fu_793                                          |Copy_HKS_Tower_1                                          |        0|    0|     42|    208|    0|
    |grp_Execute_Transform_fu_871                                         |Execute_Transform                                         |       64|  232|  19419|  39505|    0|
    |grp_Execute_Transform_Operation_Pipeline_HKS_VALIDATE_MODULI_fu_711  |Execute_Transform_Operation_Pipeline_HKS_VALIDATE_MODULI  |        0|    0|      6|    181|    0|
    |grp_Load_25_26_1_fu_720                                              |Load_25_26_1                                              |        0|    0|    478|    980|    0|
    |grp_Load_HKS_Params_fu_737                                           |Load_HKS_Params                                           |        0|    0|   1466|   1774|    0|
    |grp_Prepare_HKS_BConv_Input_fu_1091                                  |Prepare_HKS_BConv_Input                                   |        0|   58|   4114|   4212|    0|
    |grp_Store_29_30_1_fu_1475                                            |Store_29_30_1                                             |        0|    0|    479|   1010|    0|
    |grp_Store_29_30_44_45_1_fu_1492                                      |Store_29_30_44_45_1                                       |        0|    0|    473|   1205|    0|
    +---------------------------------------------------------------------+----------------------------------------------------------+---------+-----+-------+-------+-----+
    |Total                                                                |                                                          |      192|  290|  30682|  57626|    0|
    +---------------------------------------------------------------------+----------------------------------------------------------+---------+-----+-------+-------+-----+

    * DSP: 
    N/A

    * Memory: 
    N/A

    * FIFO: 
    N/A

    * Expression: 
    +----------------------------------+----------+----+---+----+------------+------------+
    |           Variable Name          | Operation| DSP| FF| LUT| Bitwidth P0| Bitwidth P1|
    +----------------------------------+----------+----+---+----+------------+------------+
    |add_ln247_fu_1593_p2              |         +|   0|  0|  39|          32|           2|
    |add_ln273_fu_1721_p2              |         +|   0|  0|  10|           3|           3|
    |add_ln294_fu_1924_p2              |         +|   0|  0|  10|           3|           2|
    |limb_fu_1893_p2                   |         +|   0|  0|  10|           3|           3|
    |q_3_fu_1711_p2                    |         +|   0|  0|  38|          31|           1|
    |step_2_fu_1860_p2                 |         +|   0|  0|  38|          31|           1|
    |p_fu_1904_p2                      |         -|   0|  0|  39|          32|          32|
    |sub67_fu_1738_p2                  |         -|   0|  0|  39|           3|          32|
    |sub_ln248_fu_1645_p2              |         -|   0|  0|  39|           2|          32|
    |sub_ln254_fu_1615_p2              |         -|   0|  0|  39|           4|          32|
    |ap_block_state12_on_subcall_done  |       and|   0|  0|   2|           1|           1|
    |ap_block_state18_on_subcall_done  |       and|   0|  0|   2|           1|           1|
    |ap_block_state2_on_subcall_done   |       and|   0|  0|   2|           1|           1|
    |ap_predicate_op196_call_state20   |       and|   0|  0|   2|           1|           1|
    |ap_predicate_op198_call_state20   |       and|   0|  0|   2|           1|           1|
    |complement_fu_1881_p2             |       and|   0|  0|   2|           1|           1|
    |cmp55_fu_1733_p2                  |      icmp|   0|  0|  12|           4|           3|
    |fused_fu_1579_p2                  |      icmp|   0|  0|  12|           4|           5|
    |icmp_ln247_fu_1639_p2             |      icmp|   0|  0|  39|          32|           2|
    |icmp_ln248_fu_1651_p2             |      icmp|   0|  0|  39|          32|          32|
    |icmp_ln253_fu_1609_p2             |      icmp|   0|  0|  36|          29|           1|
    |icmp_ln254_fu_1621_p2             |      icmp|   0|  0|  39|          32|          32|
    |icmp_ln271_fu_1706_p2             |      icmp|   0|  0|  39|          32|          32|
    |icmp_ln280_fu_1854_p2             |      icmp|   0|  0|  39|          32|          32|
    |icmp_ln283_fu_1870_p2             |      icmp|   0|  0|  39|          32|          32|
    |icmp_ln287_fu_1899_p2             |      icmp|   0|  0|  39|          32|          32|
    |icmp_ln293_fu_1912_p2             |      icmp|   0|  0|  39|          32|          32|
    |ap_block_state20_on_subcall_done  |        or|   0|  0|   2|           1|           1|
    |ap_block_state5_on_subcall_done   |        or|   0|  0|   2|           1|           1|
    |or_ln247_1_fu_1663_p2             |        or|   0|  0|   2|           1|           1|
    |or_ln247_fu_1657_p2               |        or|   0|  0|   2|           1|           1|
    |or_ln253_1_fu_1633_p2             |        or|   0|  0|   2|           1|           1|
    |or_ln253_fu_1627_p2               |        or|   0|  0|   2|           1|           1|
    |is_ntt_fu_1886_p3                 |    select|   0|  0|   2|           1|           1|
    |limb_1_fu_1917_p3                 |    select|   0|  0|   3|           1|           3|
    |xor_ln283_fu_1875_p2              |       xor|   0|  0|   2|           1|           2|
    +----------------------------------+----------+----+---+----+------------+------------+
    |Total                             |          |   0|  0| 704|         452|         393|
    +----------------------------------+----------+----+---+----+------------+------------+

    * Multiplexer: 
    +--------------------------------------+-----+-----------+-----+-----------+
    |                 Name                 | LUT | Input Size| Bits| Total Bits|
    +--------------------------------------+-----+-----------+-----+-----------+
    |M_address0                            |   20|          4|    3|         12|
    |M_ce0                                 |   20|          4|    1|          4|
    |S_address0                            |   20|          4|    3|         12|
    |S_ce0                                 |   20|          4|    1|          4|
    |ap_NS_fsm                             |  107|         22|    1|         22|
    |grp_Copy_HKS_Tower_1_fu_793_dst_limb  |   14|          3|    3|          9|
    |grp_Copy_HKS_Tower_1_fu_793_src_limb  |   14|          3|    3|          9|
    |grp_Execute_Transform_fu_871_limb     |   14|          3|    3|          9|
    |m_axi_gmem0_ARVALID                   |    9|          2|    1|          2|
    |m_axi_gmem0_RREADY                    |    9|          2|    1|          2|
    |m_axi_gmem1_ARVALID                   |    9|          2|    1|          2|
    |m_axi_gmem1_RREADY                    |    9|          2|    1|          2|
    |m_axi_gmem2_AWADDR                    |   14|          3|   64|        192|
    |m_axi_gmem2_AWBURST                   |   14|          3|    2|          6|
    |m_axi_gmem2_AWCACHE                   |   14|          3|    4|         12|
    |m_axi_gmem2_AWID                      |   14|          3|    1|          3|
    |m_axi_gmem2_AWLEN                     |   14|          3|   32|         96|
    |m_axi_gmem2_AWLOCK                    |   14|          3|    2|          6|
    |m_axi_gmem2_AWPROT                    |   14|          3|    3|          9|
    |m_axi_gmem2_AWQOS                     |   14|          3|    4|         12|
    |m_axi_gmem2_AWREGION                  |   14|          3|    4|         12|
    |m_axi_gmem2_AWSIZE                    |   14|          3|    3|          9|
    |m_axi_gmem2_AWUSER                    |   14|          3|    1|          3|
    |m_axi_gmem2_AWVALID                   |   14|          3|    1|          3|
    |m_axi_gmem2_BREADY                    |   14|          3|    1|          3|
    |m_axi_gmem2_WDATA                     |   14|          3|   64|        192|
    |m_axi_gmem2_WID                       |   14|          3|    1|          3|
    |m_axi_gmem2_WLAST                     |   14|          3|    1|          3|
    |m_axi_gmem2_WSTRB                     |   14|          3|    8|         24|
    |m_axi_gmem2_WUSER                     |   14|          3|    1|          3|
    |m_axi_gmem2_WVALID                    |   14|          3|    1|          3|
    |p_ZL13poly_buffer_1_0_0_address0      |   14|          3|    9|         27|
    |p_ZL13poly_buffer_1_0_0_ce0           |   14|          3|    1|          3|
    |p_ZL13poly_buffer_1_0_0_ce1           |    9|          2|    1|          2|
    |p_ZL13poly_buffer_1_0_0_we1           |    9|          2|    1|          2|
    |p_ZL13poly_buffer_1_0_1_address0      |   14|          3|    9|         27|
    |p_ZL13poly_buffer_1_0_1_ce0           |   14|          3|    1|          3|
    |p_ZL13poly_buffer_1_0_1_ce1           |    9|          2|    1|          2|
    |p_ZL13poly_buffer_1_0_1_we1           |    9|          2|    1|          2|
    |p_ZL13poly_buffer_1_0_2_address0      |   14|          3|    9|         27|
    |p_ZL13poly_buffer_1_0_2_ce0           |   14|          3|    1|          3|
    |p_ZL13poly_buffer_1_0_2_ce1           |    9|          2|    1|          2|
    |p_ZL13poly_buffer_1_0_2_we1           |    9|          2|    1|          2|
    |p_ZL13poly_buffer_1_0_3_ce0           |    9|          2|    1|          2|
    |p_ZL13poly_buffer_1_0_3_ce1           |    9|          2|    1|          2|
    |p_ZL13poly_buffer_1_0_3_we1           |    9|          2|    1|          2|
    |p_ZL13poly_buffer_1_0_4_ce0           |    9|          2|    1|          2|
    |p_ZL13poly_buffer_1_0_4_ce1           |    9|          2|    1|          2|
    |p_ZL13poly_buffer_1_0_4_we1           |    9|          2|    1|          2|
    |p_ZL13poly_buffer_1_0_5_ce0           |    9|          2|    1|          2|
    |p_ZL13poly_buffer_1_0_5_ce1           |    9|          2|    1|          2|
    |p_ZL13poly_buffer_1_0_5_we1           |    9|          2|    1|          2|
    |p_ZL13poly_buffer_1_0_6_ce0           |    9|          2|    1|          2|
    |p_ZL13poly_buffer_1_0_6_ce1           |    9|          2|    1|          2|
    |p_ZL13poly_buffer_1_0_6_we1           |    9|          2|    1|          2|
    |p_ZL13poly_buffer_1_0_7_ce0           |    9|          2|    1|          2|
    |p_ZL13poly_buffer_1_0_7_ce1           |    9|          2|    1|          2|
    |p_ZL13poly_buffer_1_0_7_we1           |    9|          2|    1|          2|
    |p_ZL13poly_buffer_1_1_0_address0      |   14|          3|    9|         27|
    |p_ZL13poly_buffer_1_1_0_ce0           |   14|          3|    1|          3|
    |p_ZL13poly_buffer_1_1_0_ce1           |    9|          2|    1|          2|
    |p_ZL13poly_buffer_1_1_0_we1           |    9|          2|    1|          2|
    |p_ZL13poly_buffer_1_1_1_address0      |   14|          3|    9|         27|
    |p_ZL13poly_buffer_1_1_1_ce0           |   14|          3|    1|          3|
    |p_ZL13poly_buffer_1_1_1_ce1           |    9|          2|    1|          2|
    |p_ZL13poly_buffer_1_1_1_we1           |    9|          2|    1|          2|
    |p_ZL13poly_buffer_1_1_2_address0      |   14|          3|    9|         27|
    |p_ZL13poly_buffer_1_1_2_ce0           |   14|          3|    1|          3|
    |p_ZL13poly_buffer_1_1_2_ce1           |    9|          2|    1|          2|
    |p_ZL13poly_buffer_1_1_2_we1           |    9|          2|    1|          2|
    |p_ZL13poly_buffer_1_1_3_ce0           |    9|          2|    1|          2|
    |p_ZL13poly_buffer_1_1_3_ce1           |    9|          2|    1|          2|
    |p_ZL13poly_buffer_1_1_3_we1           |    9|          2|    1|          2|
    |p_ZL13poly_buffer_1_1_4_ce0           |    9|          2|    1|          2|
    |p_ZL13poly_buffer_1_1_4_ce1           |    9|          2|    1|          2|
    |p_ZL13poly_buffer_1_1_4_we1           |    9|          2|    1|          2|
    |p_ZL13poly_buffer_1_1_5_ce0           |    9|          2|    1|          2|
    |p_ZL13poly_buffer_1_1_5_ce1           |    9|          2|    1|          2|
    |p_ZL13poly_buffer_1_1_5_we1           |    9|          2|    1|          2|
    |p_ZL13poly_buffer_1_1_6_ce0           |    9|          2|    1|          2|
    |p_ZL13poly_buffer_1_1_6_ce1           |    9|          2|    1|          2|
    |p_ZL13poly_buffer_1_1_6_we1           |    9|          2|    1|          2|
    |p_ZL13poly_buffer_1_1_7_ce0           |    9|          2|    1|          2|
    |p_ZL13poly_buffer_1_1_7_ce1           |    9|          2|    1|          2|
    |p_ZL13poly_buffer_1_1_7_we1           |    9|          2|    1|          2|
    |p_ZL13poly_buffer_1_2_0_address0      |   14|          3|    9|         27|
    |p_ZL13poly_buffer_1_2_0_ce0           |   14|          3|    1|          3|
    |p_ZL13poly_buffer_1_2_0_ce1           |    9|          2|    1|          2|
    |p_ZL13poly_buffer_1_2_0_we1           |    9|          2|    1|          2|
    |p_ZL13poly_buffer_1_2_1_address0      |   14|          3|    9|         27|
    |p_ZL13poly_buffer_1_2_1_ce0           |   14|          3|    1|          3|
    |p_ZL13poly_buffer_1_2_1_ce1           |    9|          2|    1|          2|
    |p_ZL13poly_buffer_1_2_1_we1           |    9|          2|    1|          2|
    |p_ZL13poly_buffer_1_2_2_address0      |   14|          3|    9|         27|
    |p_ZL13poly_buffer_1_2_2_ce0           |   14|          3|    1|          3|
    |p_ZL13poly_buffer_1_2_2_ce1           |    9|          2|    1|          2|
    |p_ZL13poly_buffer_1_2_2_we1           |    9|          2|    1|          2|
    |p_ZL13poly_buffer_1_2_3_ce0           |    9|          2|    1|          2|
    |p_ZL13poly_buffer_1_2_3_ce1           |    9|          2|    1|          2|
    |p_ZL13poly_buffer_1_2_3_we1           |    9|          2|    1|          2|
    |p_ZL13poly_buffer_1_2_4_ce0           |    9|          2|    1|          2|
    |p_ZL13poly_buffer_1_2_4_ce1           |    9|          2|    1|          2|
    |p_ZL13poly_buffer_1_2_4_we1           |    9|          2|    1|          2|
    |p_ZL13poly_buffer_1_2_5_ce0           |    9|          2|    1|          2|
    |p_ZL13poly_buffer_1_2_5_ce1           |    9|          2|    1|          2|
    |p_ZL13poly_buffer_1_2_5_we1           |    9|          2|    1|          2|
    |p_ZL13poly_buffer_1_2_6_ce0           |    9|          2|    1|          2|
    |p_ZL13poly_buffer_1_2_6_ce1           |    9|          2|    1|          2|
    |p_ZL13poly_buffer_1_2_6_we1           |    9|          2|    1|          2|
    |p_ZL13poly_buffer_1_2_7_ce0           |    9|          2|    1|          2|
    |p_ZL13poly_buffer_1_2_7_ce1           |    9|          2|    1|          2|
    |p_ZL13poly_buffer_1_2_7_we1           |    9|          2|    1|          2|
    |p_ZL13poly_buffer_1_3_0_address0      |   14|          3|    9|         27|
    |p_ZL13poly_buffer_1_3_0_ce0           |   14|          3|    1|          3|
    |p_ZL13poly_buffer_1_3_0_ce1           |    9|          2|    1|          2|
    |p_ZL13poly_buffer_1_3_0_we1           |    9|          2|    1|          2|
    |p_ZL13poly_buffer_1_3_1_address0      |   14|          3|    9|         27|
    |p_ZL13poly_buffer_1_3_1_ce0           |   14|          3|    1|          3|
    |p_ZL13poly_buffer_1_3_1_ce1           |    9|          2|    1|          2|
    |p_ZL13poly_buffer_1_3_1_we1           |    9|          2|    1|          2|
    |p_ZL13poly_buffer_1_3_2_address0      |   14|          3|    9|         27|
    |p_ZL13poly_buffer_1_3_2_ce0           |   14|          3|    1|          3|
    |p_ZL13poly_buffer_1_3_2_ce1           |    9|          2|    1|          2|
    |p_ZL13poly_buffer_1_3_2_we1           |    9|          2|    1|          2|
    |p_ZL13poly_buffer_1_3_3_ce0           |    9|          2|    1|          2|
    |p_ZL13poly_buffer_1_3_3_ce1           |    9|          2|    1|          2|
    |p_ZL13poly_buffer_1_3_3_we1           |    9|          2|    1|          2|
    |p_ZL13poly_buffer_1_3_4_ce0           |    9|          2|    1|          2|
    |p_ZL13poly_buffer_1_3_4_ce1           |    9|          2|    1|          2|
    |p_ZL13poly_buffer_1_3_4_we1           |    9|          2|    1|          2|
    |p_ZL13poly_buffer_1_3_5_ce0           |    9|          2|    1|          2|
    |p_ZL13poly_buffer_1_3_5_ce1           |    9|          2|    1|          2|
    |p_ZL13poly_buffer_1_3_5_we1           |    9|          2|    1|          2|
    |p_ZL13poly_buffer_1_3_6_ce0           |    9|          2|    1|          2|
    |p_ZL13poly_buffer_1_3_6_ce1           |    9|          2|    1|          2|
    |p_ZL13poly_buffer_1_3_6_we1           |    9|          2|    1|          2|
    |p_ZL13poly_buffer_1_3_7_ce0           |    9|          2|    1|          2|
    |p_ZL13poly_buffer_1_3_7_ce1           |    9|          2|    1|          2|
    |p_ZL13poly_buffer_1_3_7_we1           |    9|          2|    1|          2|
    |p_ZL13poly_buffer_1_4_0_address0      |   14|          3|    9|         27|
    |p_ZL13poly_buffer_1_4_0_ce0           |   14|          3|    1|          3|
    |p_ZL13poly_buffer_1_4_0_ce1           |    9|          2|    1|          2|
    |p_ZL13poly_buffer_1_4_0_we1           |    9|          2|    1|          2|
    |p_ZL13poly_buffer_1_4_1_address0      |   14|          3|    9|         27|
    |p_ZL13poly_buffer_1_4_1_ce0           |   14|          3|    1|          3|
    |p_ZL13poly_buffer_1_4_1_ce1           |    9|          2|    1|          2|
    |p_ZL13poly_buffer_1_4_1_we1           |    9|          2|    1|          2|
    |p_ZL13poly_buffer_1_4_2_address0      |   14|          3|    9|         27|
    |p_ZL13poly_buffer_1_4_2_ce0           |   14|          3|    1|          3|
    |p_ZL13poly_buffer_1_4_2_ce1           |    9|          2|    1|          2|
    |p_ZL13poly_buffer_1_4_2_we1           |    9|          2|    1|          2|
    |p_ZL13poly_buffer_1_4_3_ce0           |    9|          2|    1|          2|
    |p_ZL13poly_buffer_1_4_3_ce1           |    9|          2|    1|          2|
    |p_ZL13poly_buffer_1_4_3_we1           |    9|          2|    1|          2|
    |p_ZL13poly_buffer_1_4_4_ce0           |    9|          2|    1|          2|
    |p_ZL13poly_buffer_1_4_4_ce1           |    9|          2|    1|          2|
    |p_ZL13poly_buffer_1_4_4_we1           |    9|          2|    1|          2|
    |p_ZL13poly_buffer_1_4_5_ce0           |    9|          2|    1|          2|
    |p_ZL13poly_buffer_1_4_5_ce1           |    9|          2|    1|          2|
    |p_ZL13poly_buffer_1_4_5_we1           |    9|          2|    1|          2|
    |p_ZL13poly_buffer_1_4_6_ce0           |    9|          2|    1|          2|
    |p_ZL13poly_buffer_1_4_6_ce1           |    9|          2|    1|          2|
    |p_ZL13poly_buffer_1_4_6_we1           |    9|          2|    1|          2|
    |p_ZL13poly_buffer_1_4_7_ce0           |    9|          2|    1|          2|
    |p_ZL13poly_buffer_1_4_7_ce1           |    9|          2|    1|          2|
    |p_ZL13poly_buffer_1_4_7_we1           |    9|          2|    1|          2|
    |p_ZL13poly_buffer_1_5_0_address0      |   14|          3|    9|         27|
    |p_ZL13poly_buffer_1_5_0_ce0           |   14|          3|    1|          3|
    |p_ZL13poly_buffer_1_5_0_ce1           |    9|          2|    1|          2|
    |p_ZL13poly_buffer_1_5_0_we1           |    9|          2|    1|          2|
    |p_ZL13poly_buffer_1_5_1_address0      |   14|          3|    9|         27|
    |p_ZL13poly_buffer_1_5_1_ce0           |   14|          3|    1|          3|
    |p_ZL13poly_buffer_1_5_1_ce1           |    9|          2|    1|          2|
    |p_ZL13poly_buffer_1_5_1_we1           |    9|          2|    1|          2|
    |p_ZL13poly_buffer_1_5_2_address0      |   14|          3|    9|         27|
    |p_ZL13poly_buffer_1_5_2_ce0           |   14|          3|    1|          3|
    |p_ZL13poly_buffer_1_5_2_ce1           |    9|          2|    1|          2|
    |p_ZL13poly_buffer_1_5_2_we1           |    9|          2|    1|          2|
    |p_ZL13poly_buffer_1_5_3_ce0           |    9|          2|    1|          2|
    |p_ZL13poly_buffer_1_5_3_ce1           |    9|          2|    1|          2|
    |p_ZL13poly_buffer_1_5_3_we1           |    9|          2|    1|          2|
    |p_ZL13poly_buffer_1_5_4_ce0           |    9|          2|    1|          2|
    |p_ZL13poly_buffer_1_5_4_ce1           |    9|          2|    1|          2|
    |p_ZL13poly_buffer_1_5_4_we1           |    9|          2|    1|          2|
    |p_ZL13poly_buffer_1_5_5_ce0           |    9|          2|    1|          2|
    |p_ZL13poly_buffer_1_5_5_ce1           |    9|          2|    1|          2|
    |p_ZL13poly_buffer_1_5_5_we1           |    9|          2|    1|          2|
    |p_ZL13poly_buffer_1_5_6_ce0           |    9|          2|    1|          2|
    |p_ZL13poly_buffer_1_5_6_ce1           |    9|          2|    1|          2|
    |p_ZL13poly_buffer_1_5_6_we1           |    9|          2|    1|          2|
    |p_ZL13poly_buffer_1_5_7_ce0           |    9|          2|    1|          2|
    |p_ZL13poly_buffer_1_5_7_ce1           |    9|          2|    1|          2|
    |p_ZL13poly_buffer_1_5_7_we1           |    9|          2|    1|          2|
    |p_ZL13poly_buffer_1_6_0_address0      |   14|          3|    9|         27|
    |p_ZL13poly_buffer_1_6_0_ce0           |   14|          3|    1|          3|
    |p_ZL13poly_buffer_1_6_0_ce1           |    9|          2|    1|          2|
    |p_ZL13poly_buffer_1_6_0_we1           |    9|          2|    1|          2|
    |p_ZL13poly_buffer_1_6_1_address0      |   14|          3|    9|         27|
    |p_ZL13poly_buffer_1_6_1_ce0           |   14|          3|    1|          3|
    |p_ZL13poly_buffer_1_6_1_ce1           |    9|          2|    1|          2|
    |p_ZL13poly_buffer_1_6_1_we1           |    9|          2|    1|          2|
    |p_ZL13poly_buffer_1_6_2_address0      |   14|          3|    9|         27|
    |p_ZL13poly_buffer_1_6_2_ce0           |   14|          3|    1|          3|
    |p_ZL13poly_buffer_1_6_2_ce1           |    9|          2|    1|          2|
    |p_ZL13poly_buffer_1_6_2_we1           |    9|          2|    1|          2|
    |p_ZL13poly_buffer_1_6_3_ce0           |    9|          2|    1|          2|
    |p_ZL13poly_buffer_1_6_3_ce1           |    9|          2|    1|          2|
    |p_ZL13poly_buffer_1_6_3_we1           |    9|          2|    1|          2|
    |p_ZL13poly_buffer_1_6_4_ce0           |    9|          2|    1|          2|
    |p_ZL13poly_buffer_1_6_4_ce1           |    9|          2|    1|          2|
    |p_ZL13poly_buffer_1_6_4_we1           |    9|          2|    1|          2|
    |p_ZL13poly_buffer_1_6_5_ce0           |    9|          2|    1|          2|
    |p_ZL13poly_buffer_1_6_5_ce1           |    9|          2|    1|          2|
    |p_ZL13poly_buffer_1_6_5_we1           |    9|          2|    1|          2|
    |p_ZL13poly_buffer_1_6_6_ce0           |    9|          2|    1|          2|
    |p_ZL13poly_buffer_1_6_6_ce1           |    9|          2|    1|          2|
    |p_ZL13poly_buffer_1_6_6_we1           |    9|          2|    1|          2|
    |p_ZL13poly_buffer_1_6_7_ce0           |    9|          2|    1|          2|
    |p_ZL13poly_buffer_1_6_7_ce1           |    9|          2|    1|          2|
    |p_ZL13poly_buffer_1_6_7_we1           |    9|          2|    1|          2|
    |p_ZL13poly_buffer_1_7_0_address0      |   14|          3|    9|         27|
    |p_ZL13poly_buffer_1_7_0_ce0           |   14|          3|    1|          3|
    |p_ZL13poly_buffer_1_7_0_ce1           |    9|          2|    1|          2|
    |p_ZL13poly_buffer_1_7_0_we1           |    9|          2|    1|          2|
    |p_ZL13poly_buffer_1_7_1_address0      |   14|          3|    9|         27|
    |p_ZL13poly_buffer_1_7_1_ce0           |   14|          3|    1|          3|
    |p_ZL13poly_buffer_1_7_1_ce1           |    9|          2|    1|          2|
    |p_ZL13poly_buffer_1_7_1_we1           |    9|          2|    1|          2|
    |p_ZL13poly_buffer_1_7_2_address0      |   14|          3|    9|         27|
    |p_ZL13poly_buffer_1_7_2_ce0           |   14|          3|    1|          3|
    |p_ZL13poly_buffer_1_7_2_ce1           |    9|          2|    1|          2|
    |p_ZL13poly_buffer_1_7_2_we1           |    9|          2|    1|          2|
    |p_ZL13poly_buffer_1_7_3_ce0           |    9|          2|    1|          2|
    |p_ZL13poly_buffer_1_7_3_ce1           |    9|          2|    1|          2|
    |p_ZL13poly_buffer_1_7_3_we1           |    9|          2|    1|          2|
    |p_ZL13poly_buffer_1_7_4_ce0           |    9|          2|    1|          2|
    |p_ZL13poly_buffer_1_7_4_ce1           |    9|          2|    1|          2|
    |p_ZL13poly_buffer_1_7_4_we1           |    9|          2|    1|          2|
    |p_ZL13poly_buffer_1_7_5_ce0           |    9|          2|    1|          2|
    |p_ZL13poly_buffer_1_7_5_ce1           |    9|          2|    1|          2|
    |p_ZL13poly_buffer_1_7_5_we1           |    9|          2|    1|          2|
    |p_ZL13poly_buffer_1_7_6_ce0           |    9|          2|    1|          2|
    |p_ZL13poly_buffer_1_7_6_ce1           |    9|          2|    1|          2|
    |p_ZL13poly_buffer_1_7_6_we1           |    9|          2|    1|          2|
    |p_ZL13poly_buffer_1_7_7_ce0           |    9|          2|    1|          2|
    |p_ZL13poly_buffer_1_7_7_ce1           |    9|          2|    1|          2|
    |p_ZL13poly_buffer_1_7_7_we1           |    9|          2|    1|          2|
    |p_ZL13poly_buffer_2_0_address0        |   26|          5|   13|         65|
    |p_ZL13poly_buffer_2_0_address1        |   20|          4|   13|         52|
    |p_ZL13poly_buffer_2_0_ce0             |   26|          5|    1|          5|
    |p_ZL13poly_buffer_2_0_ce1             |   20|          4|    1|          4|
    |p_ZL13poly_buffer_2_0_d1              |   20|          4|   64|        256|
    |p_ZL13poly_buffer_2_0_we1             |   20|          4|    1|          4|
    |p_ZL13poly_buffer_2_1_address0        |   26|          5|   13|         65|
    |p_ZL13poly_buffer_2_1_address1        |   20|          4|   13|         52|
    |p_ZL13poly_buffer_2_1_ce0             |   26|          5|    1|          5|
    |p_ZL13poly_buffer_2_1_ce1             |   20|          4|    1|          4|
    |p_ZL13poly_buffer_2_1_d1              |   20|          4|   64|        256|
    |p_ZL13poly_buffer_2_1_we1             |   20|          4|    1|          4|
    |p_ZL13poly_buffer_2_2_address0        |   26|          5|   13|         65|
    |p_ZL13poly_buffer_2_2_address1        |   20|          4|   13|         52|
    |p_ZL13poly_buffer_2_2_ce0             |   26|          5|    1|          5|
    |p_ZL13poly_buffer_2_2_ce1             |   20|          4|    1|          4|
    |p_ZL13poly_buffer_2_2_d1              |   20|          4|   64|        256|
    |p_ZL13poly_buffer_2_2_we1             |   20|          4|    1|          4|
    |p_ZL13poly_buffer_2_3_address0        |   26|          5|   13|         65|
    |p_ZL13poly_buffer_2_3_address1        |   20|          4|   13|         52|
    |p_ZL13poly_buffer_2_3_ce0             |   26|          5|    1|          5|
    |p_ZL13poly_buffer_2_3_ce1             |   20|          4|    1|          4|
    |p_ZL13poly_buffer_2_3_d1              |   20|          4|   64|        256|
    |p_ZL13poly_buffer_2_3_we1             |   20|          4|    1|          4|
    |p_ZL13result_buffer_0_0_ce0           |    9|          2|    1|          2|
    |p_ZL13result_buffer_0_0_ce1           |    9|          2|    1|          2|
    |p_ZL13result_buffer_0_0_we1           |    9|          2|    1|          2|
    |p_ZL13result_buffer_0_1_ce0           |    9|          2|    1|          2|
    |p_ZL13result_buffer_0_1_ce1           |    9|          2|    1|          2|
    |p_ZL13result_buffer_0_1_we1           |    9|          2|    1|          2|
    |p_ZL13result_buffer_0_2_ce0           |    9|          2|    1|          2|
    |p_ZL13result_buffer_0_2_ce1           |    9|          2|    1|          2|
    |p_ZL13result_buffer_0_2_we1           |    9|          2|    1|          2|
    |p_ZL13result_buffer_0_3_ce0           |    9|          2|    1|          2|
    |p_ZL13result_buffer_0_3_ce1           |    9|          2|    1|          2|
    |p_ZL13result_buffer_0_3_we1           |    9|          2|    1|          2|
    |p_ZL13result_buffer_0_4_ce0           |    9|          2|    1|          2|
    |p_ZL13result_buffer_0_4_ce1           |    9|          2|    1|          2|
    |p_ZL13result_buffer_0_4_we1           |    9|          2|    1|          2|
    |p_ZL13result_buffer_0_5_ce0           |    9|          2|    1|          2|
    |p_ZL13result_buffer_0_5_ce1           |    9|          2|    1|          2|
    |p_ZL13result_buffer_0_5_we1           |    9|          2|    1|          2|
    |p_ZL13result_buffer_0_6_ce0           |    9|          2|    1|          2|
    |p_ZL13result_buffer_0_6_ce1           |    9|          2|    1|          2|
    |p_ZL13result_buffer_0_6_we1           |    9|          2|    1|          2|
    |p_ZL13result_buffer_0_7_ce0           |    9|          2|    1|          2|
    |p_ZL13result_buffer_0_7_ce1           |    9|          2|    1|          2|
    |p_ZL13result_buffer_0_7_we1           |    9|          2|    1|          2|
    |p_ZL13result_buffer_1_0_ce0           |    9|          2|    1|          2|
    |p_ZL13result_buffer_1_0_ce1           |    9|          2|    1|          2|
    |p_ZL13result_buffer_1_0_we1           |    9|          2|    1|          2|
    |p_ZL13result_buffer_1_1_ce0           |    9|          2|    1|          2|
    |p_ZL13result_buffer_1_1_ce1           |    9|          2|    1|          2|
    |p_ZL13result_buffer_1_1_we1           |    9|          2|    1|          2|
    |p_ZL13result_buffer_1_2_ce0           |    9|          2|    1|          2|
    |p_ZL13result_buffer_1_2_ce1           |    9|          2|    1|          2|
    |p_ZL13result_buffer_1_2_we1           |    9|          2|    1|          2|
    |p_ZL13result_buffer_1_3_ce0           |    9|          2|    1|          2|
    |p_ZL13result_buffer_1_3_ce1           |    9|          2|    1|          2|
    |p_ZL13result_buffer_1_3_we1           |    9|          2|    1|          2|
    |p_ZL13result_buffer_1_4_ce0           |    9|          2|    1|          2|
    |p_ZL13result_buffer_1_4_ce1           |    9|          2|    1|          2|
    |p_ZL13result_buffer_1_4_we1           |    9|          2|    1|          2|
    |p_ZL13result_buffer_1_5_ce0           |    9|          2|    1|          2|
    |p_ZL13result_buffer_1_5_ce1           |    9|          2|    1|          2|
    |p_ZL13result_buffer_1_5_we1           |    9|          2|    1|          2|
    |p_ZL13result_buffer_1_6_ce0           |    9|          2|    1|          2|
    |p_ZL13result_buffer_1_6_ce1           |    9|          2|    1|          2|
    |p_ZL13result_buffer_1_6_we1           |    9|          2|    1|          2|
    |p_ZL13result_buffer_1_7_ce0           |    9|          2|    1|          2|
    |p_ZL13result_buffer_1_7_ce1           |    9|          2|    1|          2|
    |p_ZL13result_buffer_1_7_we1           |    9|          2|    1|          2|
    |p_ZL13result_buffer_2_0_ce0           |    9|          2|    1|          2|
    |p_ZL13result_buffer_2_0_ce1           |    9|          2|    1|          2|
    |p_ZL13result_buffer_2_0_we1           |    9|          2|    1|          2|
    |p_ZL13result_buffer_2_1_ce0           |    9|          2|    1|          2|
    |p_ZL13result_buffer_2_1_ce1           |    9|          2|    1|          2|
    |p_ZL13result_buffer_2_1_we1           |    9|          2|    1|          2|
    |p_ZL13result_buffer_2_2_ce0           |    9|          2|    1|          2|
    |p_ZL13result_buffer_2_2_ce1           |    9|          2|    1|          2|
    |p_ZL13result_buffer_2_2_we1           |    9|          2|    1|          2|
    |p_ZL13result_buffer_2_3_ce0           |    9|          2|    1|          2|
    |p_ZL13result_buffer_2_3_ce1           |    9|          2|    1|          2|
    |p_ZL13result_buffer_2_3_we1           |    9|          2|    1|          2|
    |p_ZL13result_buffer_2_4_ce0           |    9|          2|    1|          2|
    |p_ZL13result_buffer_2_4_ce1           |    9|          2|    1|          2|
    |p_ZL13result_buffer_2_4_we1           |    9|          2|    1|          2|
    |p_ZL13result_buffer_2_5_ce0           |    9|          2|    1|          2|
    |p_ZL13result_buffer_2_5_ce1           |    9|          2|    1|          2|
    |p_ZL13result_buffer_2_5_we1           |    9|          2|    1|          2|
    |p_ZL13result_buffer_2_6_ce0           |    9|          2|    1|          2|
    |p_ZL13result_buffer_2_6_ce1           |    9|          2|    1|          2|
    |p_ZL13result_buffer_2_6_we1           |    9|          2|    1|          2|
    |p_ZL13result_buffer_2_7_ce0           |    9|          2|    1|          2|
    |p_ZL13result_buffer_2_7_ce1           |    9|          2|    1|          2|
    |p_ZL13result_buffer_2_7_we1           |    9|          2|    1|          2|
    |p_ZL13result_buffer_3_0_ce0           |    9|          2|    1|          2|
    |p_ZL13result_buffer_3_0_ce1           |    9|          2|    1|          2|
    |p_ZL13result_buffer_3_0_we1           |    9|          2|    1|          2|
    |p_ZL13result_buffer_3_1_ce0           |    9|          2|    1|          2|
    |p_ZL13result_buffer_3_1_ce1           |    9|          2|    1|          2|
    |p_ZL13result_buffer_3_1_we1           |    9|          2|    1|          2|
    |p_ZL13result_buffer_3_2_ce0           |    9|          2|    1|          2|
    |p_ZL13result_buffer_3_2_ce1           |    9|          2|    1|          2|
    |p_ZL13result_buffer_3_2_we1           |    9|          2|    1|          2|
    |p_ZL13result_buffer_3_3_ce0           |    9|          2|    1|          2|
    |p_ZL13result_buffer_3_3_ce1           |    9|          2|    1|          2|
    |p_ZL13result_buffer_3_3_we1           |    9|          2|    1|          2|
    |p_ZL13result_buffer_3_4_ce0           |    9|          2|    1|          2|
    |p_ZL13result_buffer_3_4_ce1           |    9|          2|    1|          2|
    |p_ZL13result_buffer_3_4_we1           |    9|          2|    1|          2|
    |p_ZL13result_buffer_3_5_ce0           |    9|          2|    1|          2|
    |p_ZL13result_buffer_3_5_ce1           |    9|          2|    1|          2|
    |p_ZL13result_buffer_3_5_we1           |    9|          2|    1|          2|
    |p_ZL13result_buffer_3_6_ce0           |    9|          2|    1|          2|
    |p_ZL13result_buffer_3_6_ce1           |    9|          2|    1|          2|
    |p_ZL13result_buffer_3_6_we1           |    9|          2|    1|          2|
    |p_ZL13result_buffer_3_7_ce0           |    9|          2|    1|          2|
    |p_ZL13result_buffer_3_7_ce1           |    9|          2|    1|          2|
    |p_ZL13result_buffer_3_7_we1           |    9|          2|    1|          2|
    |p_ZL16NTTTwiddleFactor_0_0_ce0        |    9|          2|    1|          2|
    |p_ZL16NTTTwiddleFactor_0_1_ce0        |    9|          2|    1|          2|
    |p_ZL16NTTTwiddleFactor_0_2_ce0        |    9|          2|    1|          2|
    |p_ZL16NTTTwiddleFactor_0_3_ce0        |    9|          2|    1|          2|
    |p_ZL16NTTTwiddleFactor_10_0_ce0       |    9|          2|    1|          2|
    |p_ZL16NTTTwiddleFactor_10_1_ce0       |    9|          2|    1|          2|
    |p_ZL16NTTTwiddleFactor_10_2_ce0       |    9|          2|    1|          2|
    |p_ZL16NTTTwiddleFactor_10_3_ce0       |    9|          2|    1|          2|
    |p_ZL16NTTTwiddleFactor_11_0_ce0       |    9|          2|    1|          2|
    |p_ZL16NTTTwiddleFactor_11_1_ce0       |    9|          2|    1|          2|
    |p_ZL16NTTTwiddleFactor_11_2_ce0       |    9|          2|    1|          2|
    |p_ZL16NTTTwiddleFactor_11_3_ce0       |    9|          2|    1|          2|
    |p_ZL16NTTTwiddleFactor_1_0_ce0        |    9|          2|    1|          2|
    |p_ZL16NTTTwiddleFactor_1_1_ce0        |    9|          2|    1|          2|
    |p_ZL16NTTTwiddleFactor_1_2_ce0        |    9|          2|    1|          2|
    |p_ZL16NTTTwiddleFactor_1_3_ce0        |    9|          2|    1|          2|
    |p_ZL16NTTTwiddleFactor_2_0_ce0        |    9|          2|    1|          2|
    |p_ZL16NTTTwiddleFactor_2_1_ce0        |    9|          2|    1|          2|
    |p_ZL16NTTTwiddleFactor_2_2_ce0        |    9|          2|    1|          2|
    |p_ZL16NTTTwiddleFactor_2_3_ce0        |    9|          2|    1|          2|
    |p_ZL16NTTTwiddleFactor_3_0_ce0        |    9|          2|    1|          2|
    |p_ZL16NTTTwiddleFactor_3_1_ce0        |    9|          2|    1|          2|
    |p_ZL16NTTTwiddleFactor_3_2_ce0        |    9|          2|    1|          2|
    |p_ZL16NTTTwiddleFactor_3_3_ce0        |    9|          2|    1|          2|
    |p_ZL16NTTTwiddleFactor_4_0_ce0        |    9|          2|    1|          2|
    |p_ZL16NTTTwiddleFactor_4_1_ce0        |    9|          2|    1|          2|
    |p_ZL16NTTTwiddleFactor_4_2_ce0        |    9|          2|    1|          2|
    |p_ZL16NTTTwiddleFactor_4_3_ce0        |    9|          2|    1|          2|
    |p_ZL16NTTTwiddleFactor_5_0_ce0        |    9|          2|    1|          2|
    |p_ZL16NTTTwiddleFactor_5_1_ce0        |    9|          2|    1|          2|
    |p_ZL16NTTTwiddleFactor_5_2_ce0        |    9|          2|    1|          2|
    |p_ZL16NTTTwiddleFactor_5_3_ce0        |    9|          2|    1|          2|
    |p_ZL16NTTTwiddleFactor_6_0_ce0        |    9|          2|    1|          2|
    |p_ZL16NTTTwiddleFactor_6_1_ce0        |    9|          2|    1|          2|
    |p_ZL16NTTTwiddleFactor_6_2_ce0        |    9|          2|    1|          2|
    |p_ZL16NTTTwiddleFactor_6_3_ce0        |    9|          2|    1|          2|
    |p_ZL16NTTTwiddleFactor_7_0_ce0        |    9|          2|    1|          2|
    |p_ZL16NTTTwiddleFactor_7_1_ce0        |    9|          2|    1|          2|
    |p_ZL16NTTTwiddleFactor_7_2_ce0        |    9|          2|    1|          2|
    |p_ZL16NTTTwiddleFactor_7_3_ce0        |    9|          2|    1|          2|
    |p_ZL16NTTTwiddleFactor_8_0_ce0        |    9|          2|    1|          2|
    |p_ZL16NTTTwiddleFactor_8_1_ce0        |    9|          2|    1|          2|
    |p_ZL16NTTTwiddleFactor_8_2_ce0        |    9|          2|    1|          2|
    |p_ZL16NTTTwiddleFactor_8_3_ce0        |    9|          2|    1|          2|
    |p_ZL16NTTTwiddleFactor_9_0_ce0        |    9|          2|    1|          2|
    |p_ZL16NTTTwiddleFactor_9_1_ce0        |    9|          2|    1|          2|
    |p_ZL16NTTTwiddleFactor_9_2_ce0        |    9|          2|    1|          2|
    |p_ZL16NTTTwiddleFactor_9_3_ce0        |    9|          2|    1|          2|
    |p_ZL17INTTTwiddleFactor_0_0_ce0       |    9|          2|    1|          2|
    |p_ZL17INTTTwiddleFactor_0_1_ce0       |    9|          2|    1|          2|
    |p_ZL17INTTTwiddleFactor_0_2_ce0       |    9|          2|    1|          2|
    |p_ZL17INTTTwiddleFactor_0_3_ce0       |    9|          2|    1|          2|
    |p_ZL17INTTTwiddleFactor_10_0_ce0      |    9|          2|    1|          2|
    |p_ZL17INTTTwiddleFactor_10_1_ce0      |    9|          2|    1|          2|
    |p_ZL17INTTTwiddleFactor_10_2_ce0      |    9|          2|    1|          2|
    |p_ZL17INTTTwiddleFactor_10_3_ce0      |    9|          2|    1|          2|
    |p_ZL17INTTTwiddleFactor_11_0_ce0      |    9|          2|    1|          2|
    |p_ZL17INTTTwiddleFactor_11_1_ce0      |    9|          2|    1|          2|
    |p_ZL17INTTTwiddleFactor_11_2_ce0      |    9|          2|    1|          2|
    |p_ZL17INTTTwiddleFactor_11_3_ce0      |    9|          2|    1|          2|
    |p_ZL17INTTTwiddleFactor_1_0_ce0       |    9|          2|    1|          2|
    |p_ZL17INTTTwiddleFactor_1_1_ce0       |    9|          2|    1|          2|
    |p_ZL17INTTTwiddleFactor_1_2_ce0       |    9|          2|    1|          2|
    |p_ZL17INTTTwiddleFactor_1_3_ce0       |    9|          2|    1|          2|
    |p_ZL17INTTTwiddleFactor_2_0_ce0       |    9|          2|    1|          2|
    |p_ZL17INTTTwiddleFactor_2_1_ce0       |    9|          2|    1|          2|
    |p_ZL17INTTTwiddleFactor_2_2_ce0       |    9|          2|    1|          2|
    |p_ZL17INTTTwiddleFactor_2_3_ce0       |    9|          2|    1|          2|
    |p_ZL17INTTTwiddleFactor_3_0_ce0       |    9|          2|    1|          2|
    |p_ZL17INTTTwiddleFactor_3_1_ce0       |    9|          2|    1|          2|
    |p_ZL17INTTTwiddleFactor_3_2_ce0       |    9|          2|    1|          2|
    |p_ZL17INTTTwiddleFactor_3_3_ce0       |    9|          2|    1|          2|
    |p_ZL17INTTTwiddleFactor_4_0_ce0       |    9|          2|    1|          2|
    |p_ZL17INTTTwiddleFactor_4_1_ce0       |    9|          2|    1|          2|
    |p_ZL17INTTTwiddleFactor_4_2_ce0       |    9|          2|    1|          2|
    |p_ZL17INTTTwiddleFactor_4_3_ce0       |    9|          2|    1|          2|
    |p_ZL17INTTTwiddleFactor_5_0_ce0       |    9|          2|    1|          2|
    |p_ZL17INTTTwiddleFactor_5_1_ce0       |    9|          2|    1|          2|
    |p_ZL17INTTTwiddleFactor_5_2_ce0       |    9|          2|    1|          2|
    |p_ZL17INTTTwiddleFactor_5_3_ce0       |    9|          2|    1|          2|
    |p_ZL17INTTTwiddleFactor_6_0_ce0       |    9|          2|    1|          2|
    |p_ZL17INTTTwiddleFactor_6_1_ce0       |    9|          2|    1|          2|
    |p_ZL17INTTTwiddleFactor_6_2_ce0       |    9|          2|    1|          2|
    |p_ZL17INTTTwiddleFactor_6_3_ce0       |    9|          2|    1|          2|
    |p_ZL17INTTTwiddleFactor_7_0_ce0       |    9|          2|    1|          2|
    |p_ZL17INTTTwiddleFactor_7_1_ce0       |    9|          2|    1|          2|
    |p_ZL17INTTTwiddleFactor_7_2_ce0       |    9|          2|    1|          2|
    |p_ZL17INTTTwiddleFactor_7_3_ce0       |    9|          2|    1|          2|
    |p_ZL17INTTTwiddleFactor_8_0_ce0       |    9|          2|    1|          2|
    |p_ZL17INTTTwiddleFactor_8_1_ce0       |    9|          2|    1|          2|
    |p_ZL17INTTTwiddleFactor_8_2_ce0       |    9|          2|    1|          2|
    |p_ZL17INTTTwiddleFactor_8_3_ce0       |    9|          2|    1|          2|
    |p_ZL17INTTTwiddleFactor_9_0_ce0       |    9|          2|    1|          2|
    |p_ZL17INTTTwiddleFactor_9_1_ce0       |    9|          2|    1|          2|
    |p_ZL17INTTTwiddleFactor_9_2_ce0       |    9|          2|    1|          2|
    |p_ZL17INTTTwiddleFactor_9_3_ce0       |    9|          2|    1|          2|
    |q_fu_656                              |    9|          2|   31|         62|
    |step_fu_660                           |    9|          2|   31|         62|
    |steps_reg_700                         |    9|          2|   32|         64|
    +--------------------------------------+-----+-----------+-----+-----------+
    |Total                                 | 4998|       1086| 1286|       3855|
    +--------------------------------------+-----+-----------+-----+-----------+

    * Register: 
    +----------------------------------------------------------------------------------+----+----+-----+-----------+
    |                                       Name                                       | FF | LUT| Bits| Const Bits|
    +----------------------------------------------------------------------------------+----+----+-----+-----------+
    |add_ln273_reg_2233                                                                |   3|   0|    3|          0|
    |add_ln294_reg_2404                                                                |   3|   0|    3|          0|
    |ap_CS_fsm                                                                         |  21|   0|   21|          0|
    |cmp55_reg_2246                                                                    |   1|   0|    1|          0|
    |complement_reg_2373                                                               |   1|   0|    1|          0|
    |empty_242_reg_1980                                                                |  31|   0|   31|          0|
    |empty_243_reg_1985                                                                |   3|   0|    3|          0|
    |empty_reg_1973                                                                    |  31|   0|   31|          0|
    |fused_reg_2190                                                                    |   1|   0|    1|          0|
    |grp_Compute_BConv_Systolic_33_34_fu_1170_ap_start_reg                             |   1|   0|    1|          0|
    |grp_Copy_HKS_Tower_1_fu_793_ap_start_reg                                          |   1|   0|    1|          0|
    |grp_Copy_HKS_Tower_fu_1333_ap_start_reg                                           |   1|   0|    1|          0|
    |grp_Execute_Transform_Operation_Pipeline_HKS_VALIDATE_MODULI_fu_711_ap_start_reg  |   1|   0|    1|          0|
    |grp_Execute_Transform_fu_871_ap_start_reg                                         |   1|   0|    1|          0|
    |grp_Load_25_26_1_fu_720_ap_start_reg                                              |   1|   0|    1|          0|
    |grp_Load_HKS_Params_fu_737_ap_start_reg                                           |   1|   0|    1|          0|
    |grp_Prepare_HKS_BConv_Input_fu_1091_ap_start_reg                                  |   1|   0|    1|          0|
    |grp_Store_29_30_1_fu_1475_ap_start_reg                                            |   1|   0|    1|          0|
    |grp_Store_29_30_44_45_1_fu_1492_ap_start_reg                                      |   1|   0|    1|          0|
    |icmp_ln287_reg_2387                                                               |   1|   0|    1|          0|
    |inv_1_fu_588                                                                      |  64|   0|   64|          0|
    |inv_2_fu_592                                                                      |  64|   0|   64|          0|
    |inv_fu_584                                                                        |  64|   0|   64|          0|
    |is_ntt_reg_2377                                                                   |   1|   0|    1|          0|
    |limb_1_reg_2396                                                                   |   3|   0|    3|          0|
    |limb_reg_2382                                                                     |   3|   0|    3|          0|
    |or_ln247_1_reg_2200                                                               |   1|   0|    1|          0|
    |or_ln253_1_reg_2196                                                               |   1|   0|    1|          0|
    |out_m_1_fu_640                                                                    |  64|   0|   64|          0|
    |out_m_2_fu_644                                                                    |  64|   0|   64|          0|
    |out_m_3_fu_648                                                                    |  64|   0|   64|          0|
    |out_m_4_fu_652                                                                    |  64|   0|   64|          0|
    |out_m_fu_636                                                                      |  64|   0|   64|          0|
    |out_mod_1_1_fu_596                                                                |  64|   0|   64|          0|
    |out_mod_1_fu_600                                                                  |  64|   0|   64|          0|
    |out_mod_2_fu_604                                                                  |  64|   0|   64|          0|
    |out_mod_3_fu_608                                                                  |  64|   0|   64|          0|
    |out_mod_4_fu_612                                                                  |  64|   0|   64|          0|
    |out_s_1_fu_620                                                                    |  64|   0|   64|          0|
    |out_s_2_fu_624                                                                    |  64|   0|   64|          0|
    |out_s_3_fu_628                                                                    |  64|   0|   64|          0|
    |out_s_4_fu_632                                                                    |  64|   0|   64|          0|
    |out_s_fu_616                                                                      |  64|   0|   64|          0|
    |q_fu_656                                                                          |  31|   0|   31|          0|
    |step_2_reg_2363                                                                   |  31|   0|   31|          0|
    |step_fu_660                                                                       |  31|   0|   31|          0|
    |steps_reg_700                                                                     |  32|   0|   32|          0|
    |sub67_reg_2251                                                                    |  32|   0|   32|          0|
    |targetBlock_reg_2219                                                              |   1|   0|    1|          0|
    |trunc_ln280_reg_2368                                                              |   3|   0|    3|          0|
    |trunc_ln292_reg_2391                                                              |   3|   0|    3|          0|
    |weights_10_fu_564                                                                 |  64|   0|   64|          0|
    |weights_11_fu_568                                                                 |  64|   0|   64|          0|
    |weights_12_fu_572                                                                 |  64|   0|   64|          0|
    |weights_13_fu_576                                                                 |  64|   0|   64|          0|
    |weights_14_fu_580                                                                 |  64|   0|   64|          0|
    |weights_1_fu_528                                                                  |  64|   0|   64|          0|
    |weights_2_fu_532                                                                  |  64|   0|   64|          0|
    |weights_3_fu_536                                                                  |  64|   0|   64|          0|
    |weights_4_fu_540                                                                  |  64|   0|   64|          0|
    |weights_5_fu_544                                                                  |  64|   0|   64|          0|
    |weights_6_fu_548                                                                  |  64|   0|   64|          0|
    |weights_7_fu_552                                                                  |  64|   0|   64|          0|
    |weights_8_fu_556                                                                  |  64|   0|   64|          0|
    |weights_9_fu_560                                                                  |  64|   0|   64|          0|
    |weights_fu_524                                                                    |  64|   0|   64|          0|
    |zext_ln280_reg_2355                                                               |  31|   0|   32|          1|
    +----------------------------------------------------------------------------------+----+----+-----+-----------+
    |Total                                                                             |2422|   0| 2423|          1|
    +----------------------------------------------------------------------------------+----+----+-----+-----------+



================================================================
== Interface
================================================================
* Summary: 
+---------------------------------------+-----+-----+------------+------------------------------+--------------+
|               RTL Ports               | Dir | Bits|  Protocol  |         Source Object        |    C Type    |
+---------------------------------------+-----+-----+------------+------------------------------+--------------+
|ap_clk                                 |   in|    1|  ap_ctrl_hs|   Execute_Transform_Operation|  return value|
|ap_rst                                 |   in|    1|  ap_ctrl_hs|   Execute_Transform_Operation|  return value|
|ap_start                               |   in|    1|  ap_ctrl_hs|   Execute_Transform_Operation|  return value|
|ap_done                                |  out|    1|  ap_ctrl_hs|   Execute_Transform_Operation|  return value|
|ap_idle                                |  out|    1|  ap_ctrl_hs|   Execute_Transform_Operation|  return value|
|ap_ready                               |  out|    1|  ap_ctrl_hs|   Execute_Transform_Operation|  return value|
|grp_MultMod_fu_2812_p_din1             |  out|   64|  ap_ctrl_hs|   Execute_Transform_Operation|  return value|
|grp_MultMod_fu_2812_p_din2             |  out|   64|  ap_ctrl_hs|   Execute_Transform_Operation|  return value|
|grp_MultMod_fu_2812_p_din3             |  out|   64|  ap_ctrl_hs|   Execute_Transform_Operation|  return value|
|grp_MultMod_fu_2812_p_din4             |  out|   64|  ap_ctrl_hs|   Execute_Transform_Operation|  return value|
|grp_MultMod_fu_2812_p_din5             |  out|   64|  ap_ctrl_hs|   Execute_Transform_Operation|  return value|
|grp_MultMod_fu_2812_p_dout0            |   in|   64|  ap_ctrl_hs|   Execute_Transform_Operation|  return value|
|grp_MultMod_fu_2820_p_din1             |  out|   64|  ap_ctrl_hs|   Execute_Transform_Operation|  return value|
|grp_MultMod_fu_2820_p_din2             |  out|   64|  ap_ctrl_hs|   Execute_Transform_Operation|  return value|
|grp_MultMod_fu_2820_p_din3             |  out|   64|  ap_ctrl_hs|   Execute_Transform_Operation|  return value|
|grp_MultMod_fu_2820_p_din4             |  out|   64|  ap_ctrl_hs|   Execute_Transform_Operation|  return value|
|grp_MultMod_fu_2820_p_din5             |  out|   64|  ap_ctrl_hs|   Execute_Transform_Operation|  return value|
|grp_MultMod_fu_2820_p_dout0            |   in|   64|  ap_ctrl_hs|   Execute_Transform_Operation|  return value|
|grp_MultMod_fu_2828_p_din1             |  out|   64|  ap_ctrl_hs|   Execute_Transform_Operation|  return value|
|grp_MultMod_fu_2828_p_din2             |  out|   64|  ap_ctrl_hs|   Execute_Transform_Operation|  return value|
|grp_MultMod_fu_2828_p_din3             |  out|   64|  ap_ctrl_hs|   Execute_Transform_Operation|  return value|
|grp_MultMod_fu_2828_p_din4             |  out|   64|  ap_ctrl_hs|   Execute_Transform_Operation|  return value|
|grp_MultMod_fu_2828_p_din5             |  out|   64|  ap_ctrl_hs|   Execute_Transform_Operation|  return value|
|grp_MultMod_fu_2828_p_dout0            |   in|   64|  ap_ctrl_hs|   Execute_Transform_Operation|  return value|
|grp_MultMod_fu_2836_p_din1             |  out|   64|  ap_ctrl_hs|   Execute_Transform_Operation|  return value|
|grp_MultMod_fu_2836_p_din2             |  out|   64|  ap_ctrl_hs|   Execute_Transform_Operation|  return value|
|grp_MultMod_fu_2836_p_din3             |  out|   64|  ap_ctrl_hs|   Execute_Transform_Operation|  return value|
|grp_MultMod_fu_2836_p_din4             |  out|   64|  ap_ctrl_hs|   Execute_Transform_Operation|  return value|
|grp_MultMod_fu_2836_p_din5             |  out|   64|  ap_ctrl_hs|   Execute_Transform_Operation|  return value|
|grp_MultMod_fu_2836_p_dout0            |   in|   64|  ap_ctrl_hs|   Execute_Transform_Operation|  return value|
|grp_MultMod_fu_2844_p_din1             |  out|   64|  ap_ctrl_hs|   Execute_Transform_Operation|  return value|
|grp_MultMod_fu_2844_p_din2             |  out|   64|  ap_ctrl_hs|   Execute_Transform_Operation|  return value|
|grp_MultMod_fu_2844_p_din3             |  out|   64|  ap_ctrl_hs|   Execute_Transform_Operation|  return value|
|grp_MultMod_fu_2844_p_din4             |  out|   64|  ap_ctrl_hs|   Execute_Transform_Operation|  return value|
|grp_MultMod_fu_2844_p_din5             |  out|   64|  ap_ctrl_hs|   Execute_Transform_Operation|  return value|
|grp_MultMod_fu_2844_p_dout0            |   in|   64|  ap_ctrl_hs|   Execute_Transform_Operation|  return value|
|grp_MultMod_fu_2852_p_din1             |  out|   64|  ap_ctrl_hs|   Execute_Transform_Operation|  return value|
|grp_MultMod_fu_2852_p_din2             |  out|   64|  ap_ctrl_hs|   Execute_Transform_Operation|  return value|
|grp_MultMod_fu_2852_p_din3             |  out|   64|  ap_ctrl_hs|   Execute_Transform_Operation|  return value|
|grp_MultMod_fu_2852_p_din4             |  out|   64|  ap_ctrl_hs|   Execute_Transform_Operation|  return value|
|grp_MultMod_fu_2852_p_din5             |  out|   64|  ap_ctrl_hs|   Execute_Transform_Operation|  return value|
|grp_MultMod_fu_2852_p_dout0            |   in|   64|  ap_ctrl_hs|   Execute_Transform_Operation|  return value|
|grp_MultMod_fu_2860_p_din1             |  out|   64|  ap_ctrl_hs|   Execute_Transform_Operation|  return value|
|grp_MultMod_fu_2860_p_din2             |  out|   64|  ap_ctrl_hs|   Execute_Transform_Operation|  return value|
|grp_MultMod_fu_2860_p_din3             |  out|   64|  ap_ctrl_hs|   Execute_Transform_Operation|  return value|
|grp_MultMod_fu_2860_p_din4             |  out|   64|  ap_ctrl_hs|   Execute_Transform_Operation|  return value|
|grp_MultMod_fu_2860_p_din5             |  out|   64|  ap_ctrl_hs|   Execute_Transform_Operation|  return value|
|grp_MultMod_fu_2860_p_dout0            |   in|   64|  ap_ctrl_hs|   Execute_Transform_Operation|  return value|
|grp_MultMod_fu_2868_p_din1             |  out|   64|  ap_ctrl_hs|   Execute_Transform_Operation|  return value|
|grp_MultMod_fu_2868_p_din2             |  out|   64|  ap_ctrl_hs|   Execute_Transform_Operation|  return value|
|grp_MultMod_fu_2868_p_din3             |  out|   64|  ap_ctrl_hs|   Execute_Transform_Operation|  return value|
|grp_MultMod_fu_2868_p_din4             |  out|   64|  ap_ctrl_hs|   Execute_Transform_Operation|  return value|
|grp_MultMod_fu_2868_p_din5             |  out|   64|  ap_ctrl_hs|   Execute_Transform_Operation|  return value|
|grp_MultMod_fu_2868_p_dout0            |   in|   64|  ap_ctrl_hs|   Execute_Transform_Operation|  return value|
|grp_MultMod_fu_2876_p_din1             |  out|   64|  ap_ctrl_hs|   Execute_Transform_Operation|  return value|
|grp_MultMod_fu_2876_p_din2             |  out|   64|  ap_ctrl_hs|   Execute_Transform_Operation|  return value|
|grp_MultMod_fu_2876_p_din3             |  out|   64|  ap_ctrl_hs|   Execute_Transform_Operation|  return value|
|grp_MultMod_fu_2876_p_din4             |  out|   64|  ap_ctrl_hs|   Execute_Transform_Operation|  return value|
|grp_MultMod_fu_2876_p_din5             |  out|   64|  ap_ctrl_hs|   Execute_Transform_Operation|  return value|
|grp_MultMod_fu_2876_p_dout0            |   in|   64|  ap_ctrl_hs|   Execute_Transform_Operation|  return value|
|grp_MultMod_fu_2884_p_din1             |  out|   64|  ap_ctrl_hs|   Execute_Transform_Operation|  return value|
|grp_MultMod_fu_2884_p_din2             |  out|   64|  ap_ctrl_hs|   Execute_Transform_Operation|  return value|
|grp_MultMod_fu_2884_p_din3             |  out|   64|  ap_ctrl_hs|   Execute_Transform_Operation|  return value|
|grp_MultMod_fu_2884_p_din4             |  out|   64|  ap_ctrl_hs|   Execute_Transform_Operation|  return value|
|grp_MultMod_fu_2884_p_din5             |  out|   64|  ap_ctrl_hs|   Execute_Transform_Operation|  return value|
|grp_MultMod_fu_2884_p_dout0            |   in|   64|  ap_ctrl_hs|   Execute_Transform_Operation|  return value|
|grp_MultMod_fu_2892_p_din1             |  out|   64|  ap_ctrl_hs|   Execute_Transform_Operation|  return value|
|grp_MultMod_fu_2892_p_din2             |  out|   64|  ap_ctrl_hs|   Execute_Transform_Operation|  return value|
|grp_MultMod_fu_2892_p_din3             |  out|   64|  ap_ctrl_hs|   Execute_Transform_Operation|  return value|
|grp_MultMod_fu_2892_p_din4             |  out|   64|  ap_ctrl_hs|   Execute_Transform_Operation|  return value|
|grp_MultMod_fu_2892_p_din5             |  out|   64|  ap_ctrl_hs|   Execute_Transform_Operation|  return value|
|grp_MultMod_fu_2892_p_dout0            |   in|   64|  ap_ctrl_hs|   Execute_Transform_Operation|  return value|
|grp_MultMod_fu_2900_p_din1             |  out|   64|  ap_ctrl_hs|   Execute_Transform_Operation|  return value|
|grp_MultMod_fu_2900_p_din2             |  out|   64|  ap_ctrl_hs|   Execute_Transform_Operation|  return value|
|grp_MultMod_fu_2900_p_din3             |  out|   64|  ap_ctrl_hs|   Execute_Transform_Operation|  return value|
|grp_MultMod_fu_2900_p_din4             |  out|   64|  ap_ctrl_hs|   Execute_Transform_Operation|  return value|
|grp_MultMod_fu_2900_p_din5             |  out|   64|  ap_ctrl_hs|   Execute_Transform_Operation|  return value|
|grp_MultMod_fu_2900_p_dout0            |   in|   64|  ap_ctrl_hs|   Execute_Transform_Operation|  return value|
|grp_MultMod_fu_2908_p_din1             |  out|   64|  ap_ctrl_hs|   Execute_Transform_Operation|  return value|
|grp_MultMod_fu_2908_p_din2             |  out|   64|  ap_ctrl_hs|   Execute_Transform_Operation|  return value|
|grp_MultMod_fu_2908_p_din3             |  out|   64|  ap_ctrl_hs|   Execute_Transform_Operation|  return value|
|grp_MultMod_fu_2908_p_din4             |  out|   64|  ap_ctrl_hs|   Execute_Transform_Operation|  return value|
|grp_MultMod_fu_2908_p_din5             |  out|   64|  ap_ctrl_hs|   Execute_Transform_Operation|  return value|
|grp_MultMod_fu_2908_p_dout0            |   in|   64|  ap_ctrl_hs|   Execute_Transform_Operation|  return value|
|grp_MultMod_fu_2916_p_din1             |  out|   64|  ap_ctrl_hs|   Execute_Transform_Operation|  return value|
|grp_MultMod_fu_2916_p_din2             |  out|   64|  ap_ctrl_hs|   Execute_Transform_Operation|  return value|
|grp_MultMod_fu_2916_p_din3             |  out|   64|  ap_ctrl_hs|   Execute_Transform_Operation|  return value|
|grp_MultMod_fu_2916_p_din4             |  out|   64|  ap_ctrl_hs|   Execute_Transform_Operation|  return value|
|grp_MultMod_fu_2916_p_din5             |  out|   64|  ap_ctrl_hs|   Execute_Transform_Operation|  return value|
|grp_MultMod_fu_2916_p_dout0            |   in|   64|  ap_ctrl_hs|   Execute_Transform_Operation|  return value|
|grp_MultMod_fu_2924_p_din1             |  out|   64|  ap_ctrl_hs|   Execute_Transform_Operation|  return value|
|grp_MultMod_fu_2924_p_din2             |  out|   64|  ap_ctrl_hs|   Execute_Transform_Operation|  return value|
|grp_MultMod_fu_2924_p_din3             |  out|   64|  ap_ctrl_hs|   Execute_Transform_Operation|  return value|
|grp_MultMod_fu_2924_p_din4             |  out|   64|  ap_ctrl_hs|   Execute_Transform_Operation|  return value|
|grp_MultMod_fu_2924_p_din5             |  out|   64|  ap_ctrl_hs|   Execute_Transform_Operation|  return value|
|grp_MultMod_fu_2924_p_dout0            |   in|   64|  ap_ctrl_hs|   Execute_Transform_Operation|  return value|
|m_axi_gmem0_AWVALID                    |  out|    1|       m_axi|                         gmem0|       pointer|
|m_axi_gmem0_AWREADY                    |   in|    1|       m_axi|                         gmem0|       pointer|
|m_axi_gmem0_AWADDR                     |  out|   64|       m_axi|                         gmem0|       pointer|
|m_axi_gmem0_AWID                       |  out|    1|       m_axi|                         gmem0|       pointer|
|m_axi_gmem0_AWLEN                      |  out|   32|       m_axi|                         gmem0|       pointer|
|m_axi_gmem0_AWSIZE                     |  out|    3|       m_axi|                         gmem0|       pointer|
|m_axi_gmem0_AWBURST                    |  out|    2|       m_axi|                         gmem0|       pointer|
|m_axi_gmem0_AWLOCK                     |  out|    2|       m_axi|                         gmem0|       pointer|
|m_axi_gmem0_AWCACHE                    |  out|    4|       m_axi|                         gmem0|       pointer|
|m_axi_gmem0_AWPROT                     |  out|    3|       m_axi|                         gmem0|       pointer|
|m_axi_gmem0_AWQOS                      |  out|    4|       m_axi|                         gmem0|       pointer|
|m_axi_gmem0_AWREGION                   |  out|    4|       m_axi|                         gmem0|       pointer|
|m_axi_gmem0_AWUSER                     |  out|    1|       m_axi|                         gmem0|       pointer|
|m_axi_gmem0_WVALID                     |  out|    1|       m_axi|                         gmem0|       pointer|
|m_axi_gmem0_WREADY                     |   in|    1|       m_axi|                         gmem0|       pointer|
|m_axi_gmem0_WDATA                      |  out|   64|       m_axi|                         gmem0|       pointer|
|m_axi_gmem0_WSTRB                      |  out|    8|       m_axi|                         gmem0|       pointer|
|m_axi_gmem0_WLAST                      |  out|    1|       m_axi|                         gmem0|       pointer|
|m_axi_gmem0_WID                        |  out|    1|       m_axi|                         gmem0|       pointer|
|m_axi_gmem0_WUSER                      |  out|    1|       m_axi|                         gmem0|       pointer|
|m_axi_gmem0_ARVALID                    |  out|    1|       m_axi|                         gmem0|       pointer|
|m_axi_gmem0_ARREADY                    |   in|    1|       m_axi|                         gmem0|       pointer|
|m_axi_gmem0_ARADDR                     |  out|   64|       m_axi|                         gmem0|       pointer|
|m_axi_gmem0_ARID                       |  out|    1|       m_axi|                         gmem0|       pointer|
|m_axi_gmem0_ARLEN                      |  out|   32|       m_axi|                         gmem0|       pointer|
|m_axi_gmem0_ARSIZE                     |  out|    3|       m_axi|                         gmem0|       pointer|
|m_axi_gmem0_ARBURST                    |  out|    2|       m_axi|                         gmem0|       pointer|
|m_axi_gmem0_ARLOCK                     |  out|    2|       m_axi|                         gmem0|       pointer|
|m_axi_gmem0_ARCACHE                    |  out|    4|       m_axi|                         gmem0|       pointer|
|m_axi_gmem0_ARPROT                     |  out|    3|       m_axi|                         gmem0|       pointer|
|m_axi_gmem0_ARQOS                      |  out|    4|       m_axi|                         gmem0|       pointer|
|m_axi_gmem0_ARREGION                   |  out|    4|       m_axi|                         gmem0|       pointer|
|m_axi_gmem0_ARUSER                     |  out|    1|       m_axi|                         gmem0|       pointer|
|m_axi_gmem0_RVALID                     |   in|    1|       m_axi|                         gmem0|       pointer|
|m_axi_gmem0_RREADY                     |  out|    1|       m_axi|                         gmem0|       pointer|
|m_axi_gmem0_RDATA                      |   in|   64|       m_axi|                         gmem0|       pointer|
|m_axi_gmem0_RLAST                      |   in|    1|       m_axi|                         gmem0|       pointer|
|m_axi_gmem0_RID                        |   in|    1|       m_axi|                         gmem0|       pointer|
|m_axi_gmem0_RFIFONUM                   |   in|    9|       m_axi|                         gmem0|       pointer|
|m_axi_gmem0_RUSER                      |   in|    1|       m_axi|                         gmem0|       pointer|
|m_axi_gmem0_RRESP                      |   in|    2|       m_axi|                         gmem0|       pointer|
|m_axi_gmem0_BVALID                     |   in|    1|       m_axi|                         gmem0|       pointer|
|m_axi_gmem0_BREADY                     |  out|    1|       m_axi|                         gmem0|       pointer|
|m_axi_gmem0_BRESP                      |   in|    2|       m_axi|                         gmem0|       pointer|
|m_axi_gmem0_BID                        |   in|    1|       m_axi|                         gmem0|       pointer|
|m_axi_gmem0_BUSER                      |   in|    1|       m_axi|                         gmem0|       pointer|
|mem_in1                                |   in|   64|     ap_none|                       mem_in1|        scalar|
|m_axi_gmem1_AWVALID                    |  out|    1|       m_axi|                         gmem1|       pointer|
|m_axi_gmem1_AWREADY                    |   in|    1|       m_axi|                         gmem1|       pointer|
|m_axi_gmem1_AWADDR                     |  out|   64|       m_axi|                         gmem1|       pointer|
|m_axi_gmem1_AWID                       |  out|    1|       m_axi|                         gmem1|       pointer|
|m_axi_gmem1_AWLEN                      |  out|   32|       m_axi|                         gmem1|       pointer|
|m_axi_gmem1_AWSIZE                     |  out|    3|       m_axi|                         gmem1|       pointer|
|m_axi_gmem1_AWBURST                    |  out|    2|       m_axi|                         gmem1|       pointer|
|m_axi_gmem1_AWLOCK                     |  out|    2|       m_axi|                         gmem1|       pointer|
|m_axi_gmem1_AWCACHE                    |  out|    4|       m_axi|                         gmem1|       pointer|
|m_axi_gmem1_AWPROT                     |  out|    3|       m_axi|                         gmem1|       pointer|
|m_axi_gmem1_AWQOS                      |  out|    4|       m_axi|                         gmem1|       pointer|
|m_axi_gmem1_AWREGION                   |  out|    4|       m_axi|                         gmem1|       pointer|
|m_axi_gmem1_AWUSER                     |  out|    1|       m_axi|                         gmem1|       pointer|
|m_axi_gmem1_WVALID                     |  out|    1|       m_axi|                         gmem1|       pointer|
|m_axi_gmem1_WREADY                     |   in|    1|       m_axi|                         gmem1|       pointer|
|m_axi_gmem1_WDATA                      |  out|   64|       m_axi|                         gmem1|       pointer|
|m_axi_gmem1_WSTRB                      |  out|    8|       m_axi|                         gmem1|       pointer|
|m_axi_gmem1_WLAST                      |  out|    1|       m_axi|                         gmem1|       pointer|
|m_axi_gmem1_WID                        |  out|    1|       m_axi|                         gmem1|       pointer|
|m_axi_gmem1_WUSER                      |  out|    1|       m_axi|                         gmem1|       pointer|
|m_axi_gmem1_ARVALID                    |  out|    1|       m_axi|                         gmem1|       pointer|
|m_axi_gmem1_ARREADY                    |   in|    1|       m_axi|                         gmem1|       pointer|
|m_axi_gmem1_ARADDR                     |  out|   64|       m_axi|                         gmem1|       pointer|
|m_axi_gmem1_ARID                       |  out|    1|       m_axi|                         gmem1|       pointer|
|m_axi_gmem1_ARLEN                      |  out|   32|       m_axi|                         gmem1|       pointer|
|m_axi_gmem1_ARSIZE                     |  out|    3|       m_axi|                         gmem1|       pointer|
|m_axi_gmem1_ARBURST                    |  out|    2|       m_axi|                         gmem1|       pointer|
|m_axi_gmem1_ARLOCK                     |  out|    2|       m_axi|                         gmem1|       pointer|
|m_axi_gmem1_ARCACHE                    |  out|    4|       m_axi|                         gmem1|       pointer|
|m_axi_gmem1_ARPROT                     |  out|    3|       m_axi|                         gmem1|       pointer|
|m_axi_gmem1_ARQOS                      |  out|    4|       m_axi|                         gmem1|       pointer|
|m_axi_gmem1_ARREGION                   |  out|    4|       m_axi|                         gmem1|       pointer|
|m_axi_gmem1_ARUSER                     |  out|    1|       m_axi|                         gmem1|       pointer|
|m_axi_gmem1_RVALID                     |   in|    1|       m_axi|                         gmem1|       pointer|
|m_axi_gmem1_RREADY                     |  out|    1|       m_axi|                         gmem1|       pointer|
|m_axi_gmem1_RDATA                      |   in|   64|       m_axi|                         gmem1|       pointer|
|m_axi_gmem1_RLAST                      |   in|    1|       m_axi|                         gmem1|       pointer|
|m_axi_gmem1_RID                        |   in|    1|       m_axi|                         gmem1|       pointer|
|m_axi_gmem1_RFIFONUM                   |   in|    9|       m_axi|                         gmem1|       pointer|
|m_axi_gmem1_RUSER                      |   in|    1|       m_axi|                         gmem1|       pointer|
|m_axi_gmem1_RRESP                      |   in|    2|       m_axi|                         gmem1|       pointer|
|m_axi_gmem1_BVALID                     |   in|    1|       m_axi|                         gmem1|       pointer|
|m_axi_gmem1_BREADY                     |  out|    1|       m_axi|                         gmem1|       pointer|
|m_axi_gmem1_BRESP                      |   in|    2|       m_axi|                         gmem1|       pointer|
|m_axi_gmem1_BID                        |   in|    1|       m_axi|                         gmem1|       pointer|
|m_axi_gmem1_BUSER                      |   in|    1|       m_axi|                         gmem1|       pointer|
|mem_in2                                |   in|   64|     ap_none|                       mem_in2|        scalar|
|m_axi_gmem2_AWVALID                    |  out|    1|       m_axi|                         gmem2|       pointer|
|m_axi_gmem2_AWREADY                    |   in|    1|       m_axi|                         gmem2|       pointer|
|m_axi_gmem2_AWADDR                     |  out|   64|       m_axi|                         gmem2|       pointer|
|m_axi_gmem2_AWID                       |  out|    1|       m_axi|                         gmem2|       pointer|
|m_axi_gmem2_AWLEN                      |  out|   32|       m_axi|                         gmem2|       pointer|
|m_axi_gmem2_AWSIZE                     |  out|    3|       m_axi|                         gmem2|       pointer|
|m_axi_gmem2_AWBURST                    |  out|    2|       m_axi|                         gmem2|       pointer|
|m_axi_gmem2_AWLOCK                     |  out|    2|       m_axi|                         gmem2|       pointer|
|m_axi_gmem2_AWCACHE                    |  out|    4|       m_axi|                         gmem2|       pointer|
|m_axi_gmem2_AWPROT                     |  out|    3|       m_axi|                         gmem2|       pointer|
|m_axi_gmem2_AWQOS                      |  out|    4|       m_axi|                         gmem2|       pointer|
|m_axi_gmem2_AWREGION                   |  out|    4|       m_axi|                         gmem2|       pointer|
|m_axi_gmem2_AWUSER                     |  out|    1|       m_axi|                         gmem2|       pointer|
|m_axi_gmem2_WVALID                     |  out|    1|       m_axi|                         gmem2|       pointer|
|m_axi_gmem2_WREADY                     |   in|    1|       m_axi|                         gmem2|       pointer|
|m_axi_gmem2_WDATA                      |  out|   64|       m_axi|                         gmem2|       pointer|
|m_axi_gmem2_WSTRB                      |  out|    8|       m_axi|                         gmem2|       pointer|
|m_axi_gmem2_WLAST                      |  out|    1|       m_axi|                         gmem2|       pointer|
|m_axi_gmem2_WID                        |  out|    1|       m_axi|                         gmem2|       pointer|
|m_axi_gmem2_WUSER                      |  out|    1|       m_axi|                         gmem2|       pointer|
|m_axi_gmem2_ARVALID                    |  out|    1|       m_axi|                         gmem2|       pointer|
|m_axi_gmem2_ARREADY                    |   in|    1|       m_axi|                         gmem2|       pointer|
|m_axi_gmem2_ARADDR                     |  out|   64|       m_axi|                         gmem2|       pointer|
|m_axi_gmem2_ARID                       |  out|    1|       m_axi|                         gmem2|       pointer|
|m_axi_gmem2_ARLEN                      |  out|   32|       m_axi|                         gmem2|       pointer|
|m_axi_gmem2_ARSIZE                     |  out|    3|       m_axi|                         gmem2|       pointer|
|m_axi_gmem2_ARBURST                    |  out|    2|       m_axi|                         gmem2|       pointer|
|m_axi_gmem2_ARLOCK                     |  out|    2|       m_axi|                         gmem2|       pointer|
|m_axi_gmem2_ARCACHE                    |  out|    4|       m_axi|                         gmem2|       pointer|
|m_axi_gmem2_ARPROT                     |  out|    3|       m_axi|                         gmem2|       pointer|
|m_axi_gmem2_ARQOS                      |  out|    4|       m_axi|                         gmem2|       pointer|
|m_axi_gmem2_ARREGION                   |  out|    4|       m_axi|                         gmem2|       pointer|
|m_axi_gmem2_ARUSER                     |  out|    1|       m_axi|                         gmem2|       pointer|
|m_axi_gmem2_RVALID                     |   in|    1|       m_axi|                         gmem2|       pointer|
|m_axi_gmem2_RREADY                     |  out|    1|       m_axi|                         gmem2|       pointer|
|m_axi_gmem2_RDATA                      |   in|   64|       m_axi|                         gmem2|       pointer|
|m_axi_gmem2_RLAST                      |   in|    1|       m_axi|                         gmem2|       pointer|
|m_axi_gmem2_RID                        |   in|    1|       m_axi|                         gmem2|       pointer|
|m_axi_gmem2_RFIFONUM                   |   in|    9|       m_axi|                         gmem2|       pointer|
|m_axi_gmem2_RUSER                      |   in|    1|       m_axi|                         gmem2|       pointer|
|m_axi_gmem2_RRESP                      |   in|    2|       m_axi|                         gmem2|       pointer|
|m_axi_gmem2_BVALID                     |   in|    1|       m_axi|                         gmem2|       pointer|
|m_axi_gmem2_BREADY                     |  out|    1|       m_axi|                         gmem2|       pointer|
|m_axi_gmem2_BRESP                      |   in|    2|       m_axi|                         gmem2|       pointer|
|m_axi_gmem2_BID                        |   in|    1|       m_axi|                         gmem2|       pointer|
|m_axi_gmem2_BUSER                      |   in|    1|       m_axi|                         gmem2|       pointer|
|mem_out                                |   in|   64|     ap_none|                       mem_out|        scalar|
|opcode                                 |   in|    4|     ap_none|                        opcode|        scalar|
|alpha                                  |   in|   32|     ap_none|                         alpha|        scalar|
|digit_start                            |   in|   32|     ap_none|                   digit_start|        scalar|
|p_ZL7MODULUS_0                         |   in|   64|     ap_none|                p_ZL7MODULUS_0|       pointer|
|p_ZL7MODULUS_1                         |   in|   64|     ap_none|                p_ZL7MODULUS_1|       pointer|
|p_ZL7MODULUS_2                         |   in|   64|     ap_none|                p_ZL7MODULUS_2|       pointer|
|p_ZL7MODULUS_3                         |   in|   64|     ap_none|                p_ZL7MODULUS_3|       pointer|
|p_ZL7MODULUS_4                         |   in|   64|     ap_none|                p_ZL7MODULUS_4|       pointer|
|p_ZL13poly_buffer_2_0_address0         |  out|   13|   ap_memory|         p_ZL13poly_buffer_2_0|         array|
|p_ZL13poly_buffer_2_0_ce0              |  out|    1|   ap_memory|         p_ZL13poly_buffer_2_0|         array|
|p_ZL13poly_buffer_2_0_q0               |   in|   64|   ap_memory|         p_ZL13poly_buffer_2_0|         array|
|p_ZL13poly_buffer_2_0_address1         |  out|   13|   ap_memory|         p_ZL13poly_buffer_2_0|         array|
|p_ZL13poly_buffer_2_0_ce1              |  out|    1|   ap_memory|         p_ZL13poly_buffer_2_0|         array|
|p_ZL13poly_buffer_2_0_we1              |  out|    1|   ap_memory|         p_ZL13poly_buffer_2_0|         array|
|p_ZL13poly_buffer_2_0_d1               |  out|   64|   ap_memory|         p_ZL13poly_buffer_2_0|         array|
|p_ZL13poly_buffer_2_0_q1               |   in|   64|   ap_memory|         p_ZL13poly_buffer_2_0|         array|
|p_ZL13poly_buffer_2_1_address0         |  out|   13|   ap_memory|         p_ZL13poly_buffer_2_1|         array|
|p_ZL13poly_buffer_2_1_ce0              |  out|    1|   ap_memory|         p_ZL13poly_buffer_2_1|         array|
|p_ZL13poly_buffer_2_1_q0               |   in|   64|   ap_memory|         p_ZL13poly_buffer_2_1|         array|
|p_ZL13poly_buffer_2_1_address1         |  out|   13|   ap_memory|         p_ZL13poly_buffer_2_1|         array|
|p_ZL13poly_buffer_2_1_ce1              |  out|    1|   ap_memory|         p_ZL13poly_buffer_2_1|         array|
|p_ZL13poly_buffer_2_1_we1              |  out|    1|   ap_memory|         p_ZL13poly_buffer_2_1|         array|
|p_ZL13poly_buffer_2_1_d1               |  out|   64|   ap_memory|         p_ZL13poly_buffer_2_1|         array|
|p_ZL13poly_buffer_2_1_q1               |   in|   64|   ap_memory|         p_ZL13poly_buffer_2_1|         array|
|p_ZL13poly_buffer_2_2_address0         |  out|   13|   ap_memory|         p_ZL13poly_buffer_2_2|         array|
|p_ZL13poly_buffer_2_2_ce0              |  out|    1|   ap_memory|         p_ZL13poly_buffer_2_2|         array|
|p_ZL13poly_buffer_2_2_q0               |   in|   64|   ap_memory|         p_ZL13poly_buffer_2_2|         array|
|p_ZL13poly_buffer_2_2_address1         |  out|   13|   ap_memory|         p_ZL13poly_buffer_2_2|         array|
|p_ZL13poly_buffer_2_2_ce1              |  out|    1|   ap_memory|         p_ZL13poly_buffer_2_2|         array|
|p_ZL13poly_buffer_2_2_we1              |  out|    1|   ap_memory|         p_ZL13poly_buffer_2_2|         array|
|p_ZL13poly_buffer_2_2_d1               |  out|   64|   ap_memory|         p_ZL13poly_buffer_2_2|         array|
|p_ZL13poly_buffer_2_2_q1               |   in|   64|   ap_memory|         p_ZL13poly_buffer_2_2|         array|
|p_ZL13poly_buffer_2_3_address0         |  out|   13|   ap_memory|         p_ZL13poly_buffer_2_3|         array|
|p_ZL13poly_buffer_2_3_ce0              |  out|    1|   ap_memory|         p_ZL13poly_buffer_2_3|         array|
|p_ZL13poly_buffer_2_3_q0               |   in|   64|   ap_memory|         p_ZL13poly_buffer_2_3|         array|
|p_ZL13poly_buffer_2_3_address1         |  out|   13|   ap_memory|         p_ZL13poly_buffer_2_3|         array|
|p_ZL13poly_buffer_2_3_ce1              |  out|    1|   ap_memory|         p_ZL13poly_buffer_2_3|         array|
|p_ZL13poly_buffer_2_3_we1              |  out|    1|   ap_memory|         p_ZL13poly_buffer_2_3|         array|
|p_ZL13poly_buffer_2_3_d1               |  out|   64|   ap_memory|         p_ZL13poly_buffer_2_3|         array|
|p_ZL13poly_buffer_2_3_q1               |   in|   64|   ap_memory|         p_ZL13poly_buffer_2_3|         array|
|S_address0                             |  out|    3|   ap_memory|                             S|         array|
|S_ce0                                  |  out|    1|   ap_memory|                             S|         array|
|S_q0                                   |   in|   64|   ap_memory|                             S|         array|
|M_address0                             |  out|    3|   ap_memory|                             M|         array|
|M_ce0                                  |  out|    1|   ap_memory|                             M|         array|
|M_q0                                   |   in|   64|   ap_memory|                             M|         array|
|p_ZL13result_buffer_0_0_address0       |  out|   10|   ap_memory|       p_ZL13result_buffer_0_0|         array|
|p_ZL13result_buffer_0_0_ce0            |  out|    1|   ap_memory|       p_ZL13result_buffer_0_0|         array|
|p_ZL13result_buffer_0_0_q0             |   in|   64|   ap_memory|       p_ZL13result_buffer_0_0|         array|
|p_ZL13result_buffer_0_0_address1       |  out|   10|   ap_memory|       p_ZL13result_buffer_0_0|         array|
|p_ZL13result_buffer_0_0_ce1            |  out|    1|   ap_memory|       p_ZL13result_buffer_0_0|         array|
|p_ZL13result_buffer_0_0_we1            |  out|    1|   ap_memory|       p_ZL13result_buffer_0_0|         array|
|p_ZL13result_buffer_0_0_d1             |  out|   64|   ap_memory|       p_ZL13result_buffer_0_0|         array|
|p_ZL13result_buffer_0_1_address0       |  out|   10|   ap_memory|       p_ZL13result_buffer_0_1|         array|
|p_ZL13result_buffer_0_1_ce0            |  out|    1|   ap_memory|       p_ZL13result_buffer_0_1|         array|
|p_ZL13result_buffer_0_1_q0             |   in|   64|   ap_memory|       p_ZL13result_buffer_0_1|         array|
|p_ZL13result_buffer_0_1_address1       |  out|   10|   ap_memory|       p_ZL13result_buffer_0_1|         array|
|p_ZL13result_buffer_0_1_ce1            |  out|    1|   ap_memory|       p_ZL13result_buffer_0_1|         array|
|p_ZL13result_buffer_0_1_we1            |  out|    1|   ap_memory|       p_ZL13result_buffer_0_1|         array|
|p_ZL13result_buffer_0_1_d1             |  out|   64|   ap_memory|       p_ZL13result_buffer_0_1|         array|
|p_ZL13result_buffer_0_2_address0       |  out|   10|   ap_memory|       p_ZL13result_buffer_0_2|         array|
|p_ZL13result_buffer_0_2_ce0            |  out|    1|   ap_memory|       p_ZL13result_buffer_0_2|         array|
|p_ZL13result_buffer_0_2_q0             |   in|   64|   ap_memory|       p_ZL13result_buffer_0_2|         array|
|p_ZL13result_buffer_0_2_address1       |  out|   10|   ap_memory|       p_ZL13result_buffer_0_2|         array|
|p_ZL13result_buffer_0_2_ce1            |  out|    1|   ap_memory|       p_ZL13result_buffer_0_2|         array|
|p_ZL13result_buffer_0_2_we1            |  out|    1|   ap_memory|       p_ZL13result_buffer_0_2|         array|
|p_ZL13result_buffer_0_2_d1             |  out|   64|   ap_memory|       p_ZL13result_buffer_0_2|         array|
|p_ZL13result_buffer_0_3_address0       |  out|   10|   ap_memory|       p_ZL13result_buffer_0_3|         array|
|p_ZL13result_buffer_0_3_ce0            |  out|    1|   ap_memory|       p_ZL13result_buffer_0_3|         array|
|p_ZL13result_buffer_0_3_q0             |   in|   64|   ap_memory|       p_ZL13result_buffer_0_3|         array|
|p_ZL13result_buffer_0_3_address1       |  out|   10|   ap_memory|       p_ZL13result_buffer_0_3|         array|
|p_ZL13result_buffer_0_3_ce1            |  out|    1|   ap_memory|       p_ZL13result_buffer_0_3|         array|
|p_ZL13result_buffer_0_3_we1            |  out|    1|   ap_memory|       p_ZL13result_buffer_0_3|         array|
|p_ZL13result_buffer_0_3_d1             |  out|   64|   ap_memory|       p_ZL13result_buffer_0_3|         array|
|p_ZL13result_buffer_0_4_address0       |  out|   10|   ap_memory|       p_ZL13result_buffer_0_4|         array|
|p_ZL13result_buffer_0_4_ce0            |  out|    1|   ap_memory|       p_ZL13result_buffer_0_4|         array|
|p_ZL13result_buffer_0_4_q0             |   in|   64|   ap_memory|       p_ZL13result_buffer_0_4|         array|
|p_ZL13result_buffer_0_4_address1       |  out|   10|   ap_memory|       p_ZL13result_buffer_0_4|         array|
|p_ZL13result_buffer_0_4_ce1            |  out|    1|   ap_memory|       p_ZL13result_buffer_0_4|         array|
|p_ZL13result_buffer_0_4_we1            |  out|    1|   ap_memory|       p_ZL13result_buffer_0_4|         array|
|p_ZL13result_buffer_0_4_d1             |  out|   64|   ap_memory|       p_ZL13result_buffer_0_4|         array|
|p_ZL13result_buffer_0_5_address0       |  out|   10|   ap_memory|       p_ZL13result_buffer_0_5|         array|
|p_ZL13result_buffer_0_5_ce0            |  out|    1|   ap_memory|       p_ZL13result_buffer_0_5|         array|
|p_ZL13result_buffer_0_5_q0             |   in|   64|   ap_memory|       p_ZL13result_buffer_0_5|         array|
|p_ZL13result_buffer_0_5_address1       |  out|   10|   ap_memory|       p_ZL13result_buffer_0_5|         array|
|p_ZL13result_buffer_0_5_ce1            |  out|    1|   ap_memory|       p_ZL13result_buffer_0_5|         array|
|p_ZL13result_buffer_0_5_we1            |  out|    1|   ap_memory|       p_ZL13result_buffer_0_5|         array|
|p_ZL13result_buffer_0_5_d1             |  out|   64|   ap_memory|       p_ZL13result_buffer_0_5|         array|
|p_ZL13result_buffer_0_6_address0       |  out|   10|   ap_memory|       p_ZL13result_buffer_0_6|         array|
|p_ZL13result_buffer_0_6_ce0            |  out|    1|   ap_memory|       p_ZL13result_buffer_0_6|         array|
|p_ZL13result_buffer_0_6_q0             |   in|   64|   ap_memory|       p_ZL13result_buffer_0_6|         array|
|p_ZL13result_buffer_0_6_address1       |  out|   10|   ap_memory|       p_ZL13result_buffer_0_6|         array|
|p_ZL13result_buffer_0_6_ce1            |  out|    1|   ap_memory|       p_ZL13result_buffer_0_6|         array|
|p_ZL13result_buffer_0_6_we1            |  out|    1|   ap_memory|       p_ZL13result_buffer_0_6|         array|
|p_ZL13result_buffer_0_6_d1             |  out|   64|   ap_memory|       p_ZL13result_buffer_0_6|         array|
|p_ZL13result_buffer_0_7_address0       |  out|   10|   ap_memory|       p_ZL13result_buffer_0_7|         array|
|p_ZL13result_buffer_0_7_ce0            |  out|    1|   ap_memory|       p_ZL13result_buffer_0_7|         array|
|p_ZL13result_buffer_0_7_q0             |   in|   64|   ap_memory|       p_ZL13result_buffer_0_7|         array|
|p_ZL13result_buffer_0_7_address1       |  out|   10|   ap_memory|       p_ZL13result_buffer_0_7|         array|
|p_ZL13result_buffer_0_7_ce1            |  out|    1|   ap_memory|       p_ZL13result_buffer_0_7|         array|
|p_ZL13result_buffer_0_7_we1            |  out|    1|   ap_memory|       p_ZL13result_buffer_0_7|         array|
|p_ZL13result_buffer_0_7_d1             |  out|   64|   ap_memory|       p_ZL13result_buffer_0_7|         array|
|p_ZL13result_buffer_1_0_address0       |  out|   10|   ap_memory|       p_ZL13result_buffer_1_0|         array|
|p_ZL13result_buffer_1_0_ce0            |  out|    1|   ap_memory|       p_ZL13result_buffer_1_0|         array|
|p_ZL13result_buffer_1_0_q0             |   in|   64|   ap_memory|       p_ZL13result_buffer_1_0|         array|
|p_ZL13result_buffer_1_0_address1       |  out|   10|   ap_memory|       p_ZL13result_buffer_1_0|         array|
|p_ZL13result_buffer_1_0_ce1            |  out|    1|   ap_memory|       p_ZL13result_buffer_1_0|         array|
|p_ZL13result_buffer_1_0_we1            |  out|    1|   ap_memory|       p_ZL13result_buffer_1_0|         array|
|p_ZL13result_buffer_1_0_d1             |  out|   64|   ap_memory|       p_ZL13result_buffer_1_0|         array|
|p_ZL13result_buffer_1_1_address0       |  out|   10|   ap_memory|       p_ZL13result_buffer_1_1|         array|
|p_ZL13result_buffer_1_1_ce0            |  out|    1|   ap_memory|       p_ZL13result_buffer_1_1|         array|
|p_ZL13result_buffer_1_1_q0             |   in|   64|   ap_memory|       p_ZL13result_buffer_1_1|         array|
|p_ZL13result_buffer_1_1_address1       |  out|   10|   ap_memory|       p_ZL13result_buffer_1_1|         array|
|p_ZL13result_buffer_1_1_ce1            |  out|    1|   ap_memory|       p_ZL13result_buffer_1_1|         array|
|p_ZL13result_buffer_1_1_we1            |  out|    1|   ap_memory|       p_ZL13result_buffer_1_1|         array|
|p_ZL13result_buffer_1_1_d1             |  out|   64|   ap_memory|       p_ZL13result_buffer_1_1|         array|
|p_ZL13result_buffer_1_2_address0       |  out|   10|   ap_memory|       p_ZL13result_buffer_1_2|         array|
|p_ZL13result_buffer_1_2_ce0            |  out|    1|   ap_memory|       p_ZL13result_buffer_1_2|         array|
|p_ZL13result_buffer_1_2_q0             |   in|   64|   ap_memory|       p_ZL13result_buffer_1_2|         array|
|p_ZL13result_buffer_1_2_address1       |  out|   10|   ap_memory|       p_ZL13result_buffer_1_2|         array|
|p_ZL13result_buffer_1_2_ce1            |  out|    1|   ap_memory|       p_ZL13result_buffer_1_2|         array|
|p_ZL13result_buffer_1_2_we1            |  out|    1|   ap_memory|       p_ZL13result_buffer_1_2|         array|
|p_ZL13result_buffer_1_2_d1             |  out|   64|   ap_memory|       p_ZL13result_buffer_1_2|         array|
|p_ZL13result_buffer_1_3_address0       |  out|   10|   ap_memory|       p_ZL13result_buffer_1_3|         array|
|p_ZL13result_buffer_1_3_ce0            |  out|    1|   ap_memory|       p_ZL13result_buffer_1_3|         array|
|p_ZL13result_buffer_1_3_q0             |   in|   64|   ap_memory|       p_ZL13result_buffer_1_3|         array|
|p_ZL13result_buffer_1_3_address1       |  out|   10|   ap_memory|       p_ZL13result_buffer_1_3|         array|
|p_ZL13result_buffer_1_3_ce1            |  out|    1|   ap_memory|       p_ZL13result_buffer_1_3|         array|
|p_ZL13result_buffer_1_3_we1            |  out|    1|   ap_memory|       p_ZL13result_buffer_1_3|         array|
|p_ZL13result_buffer_1_3_d1             |  out|   64|   ap_memory|       p_ZL13result_buffer_1_3|         array|
|p_ZL13result_buffer_1_4_address0       |  out|   10|   ap_memory|       p_ZL13result_buffer_1_4|         array|
|p_ZL13result_buffer_1_4_ce0            |  out|    1|   ap_memory|       p_ZL13result_buffer_1_4|         array|
|p_ZL13result_buffer_1_4_q0             |   in|   64|   ap_memory|       p_ZL13result_buffer_1_4|         array|
|p_ZL13result_buffer_1_4_address1       |  out|   10|   ap_memory|       p_ZL13result_buffer_1_4|         array|
|p_ZL13result_buffer_1_4_ce1            |  out|    1|   ap_memory|       p_ZL13result_buffer_1_4|         array|
|p_ZL13result_buffer_1_4_we1            |  out|    1|   ap_memory|       p_ZL13result_buffer_1_4|         array|
|p_ZL13result_buffer_1_4_d1             |  out|   64|   ap_memory|       p_ZL13result_buffer_1_4|         array|
|p_ZL13result_buffer_1_5_address0       |  out|   10|   ap_memory|       p_ZL13result_buffer_1_5|         array|
|p_ZL13result_buffer_1_5_ce0            |  out|    1|   ap_memory|       p_ZL13result_buffer_1_5|         array|
|p_ZL13result_buffer_1_5_q0             |   in|   64|   ap_memory|       p_ZL13result_buffer_1_5|         array|
|p_ZL13result_buffer_1_5_address1       |  out|   10|   ap_memory|       p_ZL13result_buffer_1_5|         array|
|p_ZL13result_buffer_1_5_ce1            |  out|    1|   ap_memory|       p_ZL13result_buffer_1_5|         array|
|p_ZL13result_buffer_1_5_we1            |  out|    1|   ap_memory|       p_ZL13result_buffer_1_5|         array|
|p_ZL13result_buffer_1_5_d1             |  out|   64|   ap_memory|       p_ZL13result_buffer_1_5|         array|
|p_ZL13result_buffer_1_6_address0       |  out|   10|   ap_memory|       p_ZL13result_buffer_1_6|         array|
|p_ZL13result_buffer_1_6_ce0            |  out|    1|   ap_memory|       p_ZL13result_buffer_1_6|         array|
|p_ZL13result_buffer_1_6_q0             |   in|   64|   ap_memory|       p_ZL13result_buffer_1_6|         array|
|p_ZL13result_buffer_1_6_address1       |  out|   10|   ap_memory|       p_ZL13result_buffer_1_6|         array|
|p_ZL13result_buffer_1_6_ce1            |  out|    1|   ap_memory|       p_ZL13result_buffer_1_6|         array|
|p_ZL13result_buffer_1_6_we1            |  out|    1|   ap_memory|       p_ZL13result_buffer_1_6|         array|
|p_ZL13result_buffer_1_6_d1             |  out|   64|   ap_memory|       p_ZL13result_buffer_1_6|         array|
|p_ZL13result_buffer_1_7_address0       |  out|   10|   ap_memory|       p_ZL13result_buffer_1_7|         array|
|p_ZL13result_buffer_1_7_ce0            |  out|    1|   ap_memory|       p_ZL13result_buffer_1_7|         array|
|p_ZL13result_buffer_1_7_q0             |   in|   64|   ap_memory|       p_ZL13result_buffer_1_7|         array|
|p_ZL13result_buffer_1_7_address1       |  out|   10|   ap_memory|       p_ZL13result_buffer_1_7|         array|
|p_ZL13result_buffer_1_7_ce1            |  out|    1|   ap_memory|       p_ZL13result_buffer_1_7|         array|
|p_ZL13result_buffer_1_7_we1            |  out|    1|   ap_memory|       p_ZL13result_buffer_1_7|         array|
|p_ZL13result_buffer_1_7_d1             |  out|   64|   ap_memory|       p_ZL13result_buffer_1_7|         array|
|p_ZL13result_buffer_2_0_address0       |  out|   10|   ap_memory|       p_ZL13result_buffer_2_0|         array|
|p_ZL13result_buffer_2_0_ce0            |  out|    1|   ap_memory|       p_ZL13result_buffer_2_0|         array|
|p_ZL13result_buffer_2_0_q0             |   in|   64|   ap_memory|       p_ZL13result_buffer_2_0|         array|
|p_ZL13result_buffer_2_0_address1       |  out|   10|   ap_memory|       p_ZL13result_buffer_2_0|         array|
|p_ZL13result_buffer_2_0_ce1            |  out|    1|   ap_memory|       p_ZL13result_buffer_2_0|         array|
|p_ZL13result_buffer_2_0_we1            |  out|    1|   ap_memory|       p_ZL13result_buffer_2_0|         array|
|p_ZL13result_buffer_2_0_d1             |  out|   64|   ap_memory|       p_ZL13result_buffer_2_0|         array|
|p_ZL13result_buffer_2_1_address0       |  out|   10|   ap_memory|       p_ZL13result_buffer_2_1|         array|
|p_ZL13result_buffer_2_1_ce0            |  out|    1|   ap_memory|       p_ZL13result_buffer_2_1|         array|
|p_ZL13result_buffer_2_1_q0             |   in|   64|   ap_memory|       p_ZL13result_buffer_2_1|         array|
|p_ZL13result_buffer_2_1_address1       |  out|   10|   ap_memory|       p_ZL13result_buffer_2_1|         array|
|p_ZL13result_buffer_2_1_ce1            |  out|    1|   ap_memory|       p_ZL13result_buffer_2_1|         array|
|p_ZL13result_buffer_2_1_we1            |  out|    1|   ap_memory|       p_ZL13result_buffer_2_1|         array|
|p_ZL13result_buffer_2_1_d1             |  out|   64|   ap_memory|       p_ZL13result_buffer_2_1|         array|
|p_ZL13result_buffer_2_2_address0       |  out|   10|   ap_memory|       p_ZL13result_buffer_2_2|         array|
|p_ZL13result_buffer_2_2_ce0            |  out|    1|   ap_memory|       p_ZL13result_buffer_2_2|         array|
|p_ZL13result_buffer_2_2_q0             |   in|   64|   ap_memory|       p_ZL13result_buffer_2_2|         array|
|p_ZL13result_buffer_2_2_address1       |  out|   10|   ap_memory|       p_ZL13result_buffer_2_2|         array|
|p_ZL13result_buffer_2_2_ce1            |  out|    1|   ap_memory|       p_ZL13result_buffer_2_2|         array|
|p_ZL13result_buffer_2_2_we1            |  out|    1|   ap_memory|       p_ZL13result_buffer_2_2|         array|
|p_ZL13result_buffer_2_2_d1             |  out|   64|   ap_memory|       p_ZL13result_buffer_2_2|         array|
|p_ZL13result_buffer_2_3_address0       |  out|   10|   ap_memory|       p_ZL13result_buffer_2_3|         array|
|p_ZL13result_buffer_2_3_ce0            |  out|    1|   ap_memory|       p_ZL13result_buffer_2_3|         array|
|p_ZL13result_buffer_2_3_q0             |   in|   64|   ap_memory|       p_ZL13result_buffer_2_3|         array|
|p_ZL13result_buffer_2_3_address1       |  out|   10|   ap_memory|       p_ZL13result_buffer_2_3|         array|
|p_ZL13result_buffer_2_3_ce1            |  out|    1|   ap_memory|       p_ZL13result_buffer_2_3|         array|
|p_ZL13result_buffer_2_3_we1            |  out|    1|   ap_memory|       p_ZL13result_buffer_2_3|         array|
|p_ZL13result_buffer_2_3_d1             |  out|   64|   ap_memory|       p_ZL13result_buffer_2_3|         array|
|p_ZL13result_buffer_2_4_address0       |  out|   10|   ap_memory|       p_ZL13result_buffer_2_4|         array|
|p_ZL13result_buffer_2_4_ce0            |  out|    1|   ap_memory|       p_ZL13result_buffer_2_4|         array|
|p_ZL13result_buffer_2_4_q0             |   in|   64|   ap_memory|       p_ZL13result_buffer_2_4|         array|
|p_ZL13result_buffer_2_4_address1       |  out|   10|   ap_memory|       p_ZL13result_buffer_2_4|         array|
|p_ZL13result_buffer_2_4_ce1            |  out|    1|   ap_memory|       p_ZL13result_buffer_2_4|         array|
|p_ZL13result_buffer_2_4_we1            |  out|    1|   ap_memory|       p_ZL13result_buffer_2_4|         array|
|p_ZL13result_buffer_2_4_d1             |  out|   64|   ap_memory|       p_ZL13result_buffer_2_4|         array|
|p_ZL13result_buffer_2_5_address0       |  out|   10|   ap_memory|       p_ZL13result_buffer_2_5|         array|
|p_ZL13result_buffer_2_5_ce0            |  out|    1|   ap_memory|       p_ZL13result_buffer_2_5|         array|
|p_ZL13result_buffer_2_5_q0             |   in|   64|   ap_memory|       p_ZL13result_buffer_2_5|         array|
|p_ZL13result_buffer_2_5_address1       |  out|   10|   ap_memory|       p_ZL13result_buffer_2_5|         array|
|p_ZL13result_buffer_2_5_ce1            |  out|    1|   ap_memory|       p_ZL13result_buffer_2_5|         array|
|p_ZL13result_buffer_2_5_we1            |  out|    1|   ap_memory|       p_ZL13result_buffer_2_5|         array|
|p_ZL13result_buffer_2_5_d1             |  out|   64|   ap_memory|       p_ZL13result_buffer_2_5|         array|
|p_ZL13result_buffer_2_6_address0       |  out|   10|   ap_memory|       p_ZL13result_buffer_2_6|         array|
|p_ZL13result_buffer_2_6_ce0            |  out|    1|   ap_memory|       p_ZL13result_buffer_2_6|         array|
|p_ZL13result_buffer_2_6_q0             |   in|   64|   ap_memory|       p_ZL13result_buffer_2_6|         array|
|p_ZL13result_buffer_2_6_address1       |  out|   10|   ap_memory|       p_ZL13result_buffer_2_6|         array|
|p_ZL13result_buffer_2_6_ce1            |  out|    1|   ap_memory|       p_ZL13result_buffer_2_6|         array|
|p_ZL13result_buffer_2_6_we1            |  out|    1|   ap_memory|       p_ZL13result_buffer_2_6|         array|
|p_ZL13result_buffer_2_6_d1             |  out|   64|   ap_memory|       p_ZL13result_buffer_2_6|         array|
|p_ZL13result_buffer_2_7_address0       |  out|   10|   ap_memory|       p_ZL13result_buffer_2_7|         array|
|p_ZL13result_buffer_2_7_ce0            |  out|    1|   ap_memory|       p_ZL13result_buffer_2_7|         array|
|p_ZL13result_buffer_2_7_q0             |   in|   64|   ap_memory|       p_ZL13result_buffer_2_7|         array|
|p_ZL13result_buffer_2_7_address1       |  out|   10|   ap_memory|       p_ZL13result_buffer_2_7|         array|
|p_ZL13result_buffer_2_7_ce1            |  out|    1|   ap_memory|       p_ZL13result_buffer_2_7|         array|
|p_ZL13result_buffer_2_7_we1            |  out|    1|   ap_memory|       p_ZL13result_buffer_2_7|         array|
|p_ZL13result_buffer_2_7_d1             |  out|   64|   ap_memory|       p_ZL13result_buffer_2_7|         array|
|p_ZL13result_buffer_3_0_address0       |  out|   10|   ap_memory|       p_ZL13result_buffer_3_0|         array|
|p_ZL13result_buffer_3_0_ce0            |  out|    1|   ap_memory|       p_ZL13result_buffer_3_0|         array|
|p_ZL13result_buffer_3_0_q0             |   in|   64|   ap_memory|       p_ZL13result_buffer_3_0|         array|
|p_ZL13result_buffer_3_0_address1       |  out|   10|   ap_memory|       p_ZL13result_buffer_3_0|         array|
|p_ZL13result_buffer_3_0_ce1            |  out|    1|   ap_memory|       p_ZL13result_buffer_3_0|         array|
|p_ZL13result_buffer_3_0_we1            |  out|    1|   ap_memory|       p_ZL13result_buffer_3_0|         array|
|p_ZL13result_buffer_3_0_d1             |  out|   64|   ap_memory|       p_ZL13result_buffer_3_0|         array|
|p_ZL13result_buffer_3_1_address0       |  out|   10|   ap_memory|       p_ZL13result_buffer_3_1|         array|
|p_ZL13result_buffer_3_1_ce0            |  out|    1|   ap_memory|       p_ZL13result_buffer_3_1|         array|
|p_ZL13result_buffer_3_1_q0             |   in|   64|   ap_memory|       p_ZL13result_buffer_3_1|         array|
|p_ZL13result_buffer_3_1_address1       |  out|   10|   ap_memory|       p_ZL13result_buffer_3_1|         array|
|p_ZL13result_buffer_3_1_ce1            |  out|    1|   ap_memory|       p_ZL13result_buffer_3_1|         array|
|p_ZL13result_buffer_3_1_we1            |  out|    1|   ap_memory|       p_ZL13result_buffer_3_1|         array|
|p_ZL13result_buffer_3_1_d1             |  out|   64|   ap_memory|       p_ZL13result_buffer_3_1|         array|
|p_ZL13result_buffer_3_2_address0       |  out|   10|   ap_memory|       p_ZL13result_buffer_3_2|         array|
|p_ZL13result_buffer_3_2_ce0            |  out|    1|   ap_memory|       p_ZL13result_buffer_3_2|         array|
|p_ZL13result_buffer_3_2_q0             |   in|   64|   ap_memory|       p_ZL13result_buffer_3_2|         array|
|p_ZL13result_buffer_3_2_address1       |  out|   10|   ap_memory|       p_ZL13result_buffer_3_2|         array|
|p_ZL13result_buffer_3_2_ce1            |  out|    1|   ap_memory|       p_ZL13result_buffer_3_2|         array|
|p_ZL13result_buffer_3_2_we1            |  out|    1|   ap_memory|       p_ZL13result_buffer_3_2|         array|
|p_ZL13result_buffer_3_2_d1             |  out|   64|   ap_memory|       p_ZL13result_buffer_3_2|         array|
|p_ZL13result_buffer_3_3_address0       |  out|   10|   ap_memory|       p_ZL13result_buffer_3_3|         array|
|p_ZL13result_buffer_3_3_ce0            |  out|    1|   ap_memory|       p_ZL13result_buffer_3_3|         array|
|p_ZL13result_buffer_3_3_q0             |   in|   64|   ap_memory|       p_ZL13result_buffer_3_3|         array|
|p_ZL13result_buffer_3_3_address1       |  out|   10|   ap_memory|       p_ZL13result_buffer_3_3|         array|
|p_ZL13result_buffer_3_3_ce1            |  out|    1|   ap_memory|       p_ZL13result_buffer_3_3|         array|
|p_ZL13result_buffer_3_3_we1            |  out|    1|   ap_memory|       p_ZL13result_buffer_3_3|         array|
|p_ZL13result_buffer_3_3_d1             |  out|   64|   ap_memory|       p_ZL13result_buffer_3_3|         array|
|p_ZL13result_buffer_3_4_address0       |  out|   10|   ap_memory|       p_ZL13result_buffer_3_4|         array|
|p_ZL13result_buffer_3_4_ce0            |  out|    1|   ap_memory|       p_ZL13result_buffer_3_4|         array|
|p_ZL13result_buffer_3_4_q0             |   in|   64|   ap_memory|       p_ZL13result_buffer_3_4|         array|
|p_ZL13result_buffer_3_4_address1       |  out|   10|   ap_memory|       p_ZL13result_buffer_3_4|         array|
|p_ZL13result_buffer_3_4_ce1            |  out|    1|   ap_memory|       p_ZL13result_buffer_3_4|         array|
|p_ZL13result_buffer_3_4_we1            |  out|    1|   ap_memory|       p_ZL13result_buffer_3_4|         array|
|p_ZL13result_buffer_3_4_d1             |  out|   64|   ap_memory|       p_ZL13result_buffer_3_4|         array|
|p_ZL13result_buffer_3_5_address0       |  out|   10|   ap_memory|       p_ZL13result_buffer_3_5|         array|
|p_ZL13result_buffer_3_5_ce0            |  out|    1|   ap_memory|       p_ZL13result_buffer_3_5|         array|
|p_ZL13result_buffer_3_5_q0             |   in|   64|   ap_memory|       p_ZL13result_buffer_3_5|         array|
|p_ZL13result_buffer_3_5_address1       |  out|   10|   ap_memory|       p_ZL13result_buffer_3_5|         array|
|p_ZL13result_buffer_3_5_ce1            |  out|    1|   ap_memory|       p_ZL13result_buffer_3_5|         array|
|p_ZL13result_buffer_3_5_we1            |  out|    1|   ap_memory|       p_ZL13result_buffer_3_5|         array|
|p_ZL13result_buffer_3_5_d1             |  out|   64|   ap_memory|       p_ZL13result_buffer_3_5|         array|
|p_ZL13result_buffer_3_6_address0       |  out|   10|   ap_memory|       p_ZL13result_buffer_3_6|         array|
|p_ZL13result_buffer_3_6_ce0            |  out|    1|   ap_memory|       p_ZL13result_buffer_3_6|         array|
|p_ZL13result_buffer_3_6_q0             |   in|   64|   ap_memory|       p_ZL13result_buffer_3_6|         array|
|p_ZL13result_buffer_3_6_address1       |  out|   10|   ap_memory|       p_ZL13result_buffer_3_6|         array|
|p_ZL13result_buffer_3_6_ce1            |  out|    1|   ap_memory|       p_ZL13result_buffer_3_6|         array|
|p_ZL13result_buffer_3_6_we1            |  out|    1|   ap_memory|       p_ZL13result_buffer_3_6|         array|
|p_ZL13result_buffer_3_6_d1             |  out|   64|   ap_memory|       p_ZL13result_buffer_3_6|         array|
|p_ZL13result_buffer_3_7_address0       |  out|   10|   ap_memory|       p_ZL13result_buffer_3_7|         array|
|p_ZL13result_buffer_3_7_ce0            |  out|    1|   ap_memory|       p_ZL13result_buffer_3_7|         array|
|p_ZL13result_buffer_3_7_q0             |   in|   64|   ap_memory|       p_ZL13result_buffer_3_7|         array|
|p_ZL13result_buffer_3_7_address1       |  out|   10|   ap_memory|       p_ZL13result_buffer_3_7|         array|
|p_ZL13result_buffer_3_7_ce1            |  out|    1|   ap_memory|       p_ZL13result_buffer_3_7|         array|
|p_ZL13result_buffer_3_7_we1            |  out|    1|   ap_memory|       p_ZL13result_buffer_3_7|         array|
|p_ZL13result_buffer_3_7_d1             |  out|   64|   ap_memory|       p_ZL13result_buffer_3_7|         array|
|p_ZL13poly_buffer_1_0_0_address0       |  out|    9|   ap_memory|       p_ZL13poly_buffer_1_0_0|         array|
|p_ZL13poly_buffer_1_0_0_ce0            |  out|    1|   ap_memory|       p_ZL13poly_buffer_1_0_0|         array|
|p_ZL13poly_buffer_1_0_0_q0             |   in|   64|   ap_memory|       p_ZL13poly_buffer_1_0_0|         array|
|p_ZL13poly_buffer_1_0_0_address1       |  out|    9|   ap_memory|       p_ZL13poly_buffer_1_0_0|         array|
|p_ZL13poly_buffer_1_0_0_ce1            |  out|    1|   ap_memory|       p_ZL13poly_buffer_1_0_0|         array|
|p_ZL13poly_buffer_1_0_0_we1            |  out|    1|   ap_memory|       p_ZL13poly_buffer_1_0_0|         array|
|p_ZL13poly_buffer_1_0_0_d1             |  out|   64|   ap_memory|       p_ZL13poly_buffer_1_0_0|         array|
|p_ZL13poly_buffer_1_0_1_address0       |  out|    9|   ap_memory|       p_ZL13poly_buffer_1_0_1|         array|
|p_ZL13poly_buffer_1_0_1_ce0            |  out|    1|   ap_memory|       p_ZL13poly_buffer_1_0_1|         array|
|p_ZL13poly_buffer_1_0_1_q0             |   in|   64|   ap_memory|       p_ZL13poly_buffer_1_0_1|         array|
|p_ZL13poly_buffer_1_0_1_address1       |  out|    9|   ap_memory|       p_ZL13poly_buffer_1_0_1|         array|
|p_ZL13poly_buffer_1_0_1_ce1            |  out|    1|   ap_memory|       p_ZL13poly_buffer_1_0_1|         array|
|p_ZL13poly_buffer_1_0_1_we1            |  out|    1|   ap_memory|       p_ZL13poly_buffer_1_0_1|         array|
|p_ZL13poly_buffer_1_0_1_d1             |  out|   64|   ap_memory|       p_ZL13poly_buffer_1_0_1|         array|
|p_ZL13poly_buffer_1_0_2_address0       |  out|    9|   ap_memory|       p_ZL13poly_buffer_1_0_2|         array|
|p_ZL13poly_buffer_1_0_2_ce0            |  out|    1|   ap_memory|       p_ZL13poly_buffer_1_0_2|         array|
|p_ZL13poly_buffer_1_0_2_q0             |   in|   64|   ap_memory|       p_ZL13poly_buffer_1_0_2|         array|
|p_ZL13poly_buffer_1_0_2_address1       |  out|    9|   ap_memory|       p_ZL13poly_buffer_1_0_2|         array|
|p_ZL13poly_buffer_1_0_2_ce1            |  out|    1|   ap_memory|       p_ZL13poly_buffer_1_0_2|         array|
|p_ZL13poly_buffer_1_0_2_we1            |  out|    1|   ap_memory|       p_ZL13poly_buffer_1_0_2|         array|
|p_ZL13poly_buffer_1_0_2_d1             |  out|   64|   ap_memory|       p_ZL13poly_buffer_1_0_2|         array|
|p_ZL13poly_buffer_1_1_0_address0       |  out|    9|   ap_memory|       p_ZL13poly_buffer_1_1_0|         array|
|p_ZL13poly_buffer_1_1_0_ce0            |  out|    1|   ap_memory|       p_ZL13poly_buffer_1_1_0|         array|
|p_ZL13poly_buffer_1_1_0_q0             |   in|   64|   ap_memory|       p_ZL13poly_buffer_1_1_0|         array|
|p_ZL13poly_buffer_1_1_0_address1       |  out|    9|   ap_memory|       p_ZL13poly_buffer_1_1_0|         array|
|p_ZL13poly_buffer_1_1_0_ce1            |  out|    1|   ap_memory|       p_ZL13poly_buffer_1_1_0|         array|
|p_ZL13poly_buffer_1_1_0_we1            |  out|    1|   ap_memory|       p_ZL13poly_buffer_1_1_0|         array|
|p_ZL13poly_buffer_1_1_0_d1             |  out|   64|   ap_memory|       p_ZL13poly_buffer_1_1_0|         array|
|p_ZL13poly_buffer_1_1_1_address0       |  out|    9|   ap_memory|       p_ZL13poly_buffer_1_1_1|         array|
|p_ZL13poly_buffer_1_1_1_ce0            |  out|    1|   ap_memory|       p_ZL13poly_buffer_1_1_1|         array|
|p_ZL13poly_buffer_1_1_1_q0             |   in|   64|   ap_memory|       p_ZL13poly_buffer_1_1_1|         array|
|p_ZL13poly_buffer_1_1_1_address1       |  out|    9|   ap_memory|       p_ZL13poly_buffer_1_1_1|         array|
|p_ZL13poly_buffer_1_1_1_ce1            |  out|    1|   ap_memory|       p_ZL13poly_buffer_1_1_1|         array|
|p_ZL13poly_buffer_1_1_1_we1            |  out|    1|   ap_memory|       p_ZL13poly_buffer_1_1_1|         array|
|p_ZL13poly_buffer_1_1_1_d1             |  out|   64|   ap_memory|       p_ZL13poly_buffer_1_1_1|         array|
|p_ZL13poly_buffer_1_1_2_address0       |  out|    9|   ap_memory|       p_ZL13poly_buffer_1_1_2|         array|
|p_ZL13poly_buffer_1_1_2_ce0            |  out|    1|   ap_memory|       p_ZL13poly_buffer_1_1_2|         array|
|p_ZL13poly_buffer_1_1_2_q0             |   in|   64|   ap_memory|       p_ZL13poly_buffer_1_1_2|         array|
|p_ZL13poly_buffer_1_1_2_address1       |  out|    9|   ap_memory|       p_ZL13poly_buffer_1_1_2|         array|
|p_ZL13poly_buffer_1_1_2_ce1            |  out|    1|   ap_memory|       p_ZL13poly_buffer_1_1_2|         array|
|p_ZL13poly_buffer_1_1_2_we1            |  out|    1|   ap_memory|       p_ZL13poly_buffer_1_1_2|         array|
|p_ZL13poly_buffer_1_1_2_d1             |  out|   64|   ap_memory|       p_ZL13poly_buffer_1_1_2|         array|
|p_ZL13poly_buffer_1_2_0_address0       |  out|    9|   ap_memory|       p_ZL13poly_buffer_1_2_0|         array|
|p_ZL13poly_buffer_1_2_0_ce0            |  out|    1|   ap_memory|       p_ZL13poly_buffer_1_2_0|         array|
|p_ZL13poly_buffer_1_2_0_q0             |   in|   64|   ap_memory|       p_ZL13poly_buffer_1_2_0|         array|
|p_ZL13poly_buffer_1_2_0_address1       |  out|    9|   ap_memory|       p_ZL13poly_buffer_1_2_0|         array|
|p_ZL13poly_buffer_1_2_0_ce1            |  out|    1|   ap_memory|       p_ZL13poly_buffer_1_2_0|         array|
|p_ZL13poly_buffer_1_2_0_we1            |  out|    1|   ap_memory|       p_ZL13poly_buffer_1_2_0|         array|
|p_ZL13poly_buffer_1_2_0_d1             |  out|   64|   ap_memory|       p_ZL13poly_buffer_1_2_0|         array|
|p_ZL13poly_buffer_1_2_1_address0       |  out|    9|   ap_memory|       p_ZL13poly_buffer_1_2_1|         array|
|p_ZL13poly_buffer_1_2_1_ce0            |  out|    1|   ap_memory|       p_ZL13poly_buffer_1_2_1|         array|
|p_ZL13poly_buffer_1_2_1_q0             |   in|   64|   ap_memory|       p_ZL13poly_buffer_1_2_1|         array|
|p_ZL13poly_buffer_1_2_1_address1       |  out|    9|   ap_memory|       p_ZL13poly_buffer_1_2_1|         array|
|p_ZL13poly_buffer_1_2_1_ce1            |  out|    1|   ap_memory|       p_ZL13poly_buffer_1_2_1|         array|
|p_ZL13poly_buffer_1_2_1_we1            |  out|    1|   ap_memory|       p_ZL13poly_buffer_1_2_1|         array|
|p_ZL13poly_buffer_1_2_1_d1             |  out|   64|   ap_memory|       p_ZL13poly_buffer_1_2_1|         array|
|p_ZL13poly_buffer_1_2_2_address0       |  out|    9|   ap_memory|       p_ZL13poly_buffer_1_2_2|         array|
|p_ZL13poly_buffer_1_2_2_ce0            |  out|    1|   ap_memory|       p_ZL13poly_buffer_1_2_2|         array|
|p_ZL13poly_buffer_1_2_2_q0             |   in|   64|   ap_memory|       p_ZL13poly_buffer_1_2_2|         array|
|p_ZL13poly_buffer_1_2_2_address1       |  out|    9|   ap_memory|       p_ZL13poly_buffer_1_2_2|         array|
|p_ZL13poly_buffer_1_2_2_ce1            |  out|    1|   ap_memory|       p_ZL13poly_buffer_1_2_2|         array|
|p_ZL13poly_buffer_1_2_2_we1            |  out|    1|   ap_memory|       p_ZL13poly_buffer_1_2_2|         array|
|p_ZL13poly_buffer_1_2_2_d1             |  out|   64|   ap_memory|       p_ZL13poly_buffer_1_2_2|         array|
|p_ZL13poly_buffer_1_3_0_address0       |  out|    9|   ap_memory|       p_ZL13poly_buffer_1_3_0|         array|
|p_ZL13poly_buffer_1_3_0_ce0            |  out|    1|   ap_memory|       p_ZL13poly_buffer_1_3_0|         array|
|p_ZL13poly_buffer_1_3_0_q0             |   in|   64|   ap_memory|       p_ZL13poly_buffer_1_3_0|         array|
|p_ZL13poly_buffer_1_3_0_address1       |  out|    9|   ap_memory|       p_ZL13poly_buffer_1_3_0|         array|
|p_ZL13poly_buffer_1_3_0_ce1            |  out|    1|   ap_memory|       p_ZL13poly_buffer_1_3_0|         array|
|p_ZL13poly_buffer_1_3_0_we1            |  out|    1|   ap_memory|       p_ZL13poly_buffer_1_3_0|         array|
|p_ZL13poly_buffer_1_3_0_d1             |  out|   64|   ap_memory|       p_ZL13poly_buffer_1_3_0|         array|
|p_ZL13poly_buffer_1_3_1_address0       |  out|    9|   ap_memory|       p_ZL13poly_buffer_1_3_1|         array|
|p_ZL13poly_buffer_1_3_1_ce0            |  out|    1|   ap_memory|       p_ZL13poly_buffer_1_3_1|         array|
|p_ZL13poly_buffer_1_3_1_q0             |   in|   64|   ap_memory|       p_ZL13poly_buffer_1_3_1|         array|
|p_ZL13poly_buffer_1_3_1_address1       |  out|    9|   ap_memory|       p_ZL13poly_buffer_1_3_1|         array|
|p_ZL13poly_buffer_1_3_1_ce1            |  out|    1|   ap_memory|       p_ZL13poly_buffer_1_3_1|         array|
|p_ZL13poly_buffer_1_3_1_we1            |  out|    1|   ap_memory|       p_ZL13poly_buffer_1_3_1|         array|
|p_ZL13poly_buffer_1_3_1_d1             |  out|   64|   ap_memory|       p_ZL13poly_buffer_1_3_1|         array|
|p_ZL13poly_buffer_1_3_2_address0       |  out|    9|   ap_memory|       p_ZL13poly_buffer_1_3_2|         array|
|p_ZL13poly_buffer_1_3_2_ce0            |  out|    1|   ap_memory|       p_ZL13poly_buffer_1_3_2|         array|
|p_ZL13poly_buffer_1_3_2_q0             |   in|   64|   ap_memory|       p_ZL13poly_buffer_1_3_2|         array|
|p_ZL13poly_buffer_1_3_2_address1       |  out|    9|   ap_memory|       p_ZL13poly_buffer_1_3_2|         array|
|p_ZL13poly_buffer_1_3_2_ce1            |  out|    1|   ap_memory|       p_ZL13poly_buffer_1_3_2|         array|
|p_ZL13poly_buffer_1_3_2_we1            |  out|    1|   ap_memory|       p_ZL13poly_buffer_1_3_2|         array|
|p_ZL13poly_buffer_1_3_2_d1             |  out|   64|   ap_memory|       p_ZL13poly_buffer_1_3_2|         array|
|p_ZL13poly_buffer_1_4_0_address0       |  out|    9|   ap_memory|       p_ZL13poly_buffer_1_4_0|         array|
|p_ZL13poly_buffer_1_4_0_ce0            |  out|    1|   ap_memory|       p_ZL13poly_buffer_1_4_0|         array|
|p_ZL13poly_buffer_1_4_0_q0             |   in|   64|   ap_memory|       p_ZL13poly_buffer_1_4_0|         array|
|p_ZL13poly_buffer_1_4_0_address1       |  out|    9|   ap_memory|       p_ZL13poly_buffer_1_4_0|         array|
|p_ZL13poly_buffer_1_4_0_ce1            |  out|    1|   ap_memory|       p_ZL13poly_buffer_1_4_0|         array|
|p_ZL13poly_buffer_1_4_0_we1            |  out|    1|   ap_memory|       p_ZL13poly_buffer_1_4_0|         array|
|p_ZL13poly_buffer_1_4_0_d1             |  out|   64|   ap_memory|       p_ZL13poly_buffer_1_4_0|         array|
|p_ZL13poly_buffer_1_4_1_address0       |  out|    9|   ap_memory|       p_ZL13poly_buffer_1_4_1|         array|
|p_ZL13poly_buffer_1_4_1_ce0            |  out|    1|   ap_memory|       p_ZL13poly_buffer_1_4_1|         array|
|p_ZL13poly_buffer_1_4_1_q0             |   in|   64|   ap_memory|       p_ZL13poly_buffer_1_4_1|         array|
|p_ZL13poly_buffer_1_4_1_address1       |  out|    9|   ap_memory|       p_ZL13poly_buffer_1_4_1|         array|
|p_ZL13poly_buffer_1_4_1_ce1            |  out|    1|   ap_memory|       p_ZL13poly_buffer_1_4_1|         array|
|p_ZL13poly_buffer_1_4_1_we1            |  out|    1|   ap_memory|       p_ZL13poly_buffer_1_4_1|         array|
|p_ZL13poly_buffer_1_4_1_d1             |  out|   64|   ap_memory|       p_ZL13poly_buffer_1_4_1|         array|
|p_ZL13poly_buffer_1_4_2_address0       |  out|    9|   ap_memory|       p_ZL13poly_buffer_1_4_2|         array|
|p_ZL13poly_buffer_1_4_2_ce0            |  out|    1|   ap_memory|       p_ZL13poly_buffer_1_4_2|         array|
|p_ZL13poly_buffer_1_4_2_q0             |   in|   64|   ap_memory|       p_ZL13poly_buffer_1_4_2|         array|
|p_ZL13poly_buffer_1_4_2_address1       |  out|    9|   ap_memory|       p_ZL13poly_buffer_1_4_2|         array|
|p_ZL13poly_buffer_1_4_2_ce1            |  out|    1|   ap_memory|       p_ZL13poly_buffer_1_4_2|         array|
|p_ZL13poly_buffer_1_4_2_we1            |  out|    1|   ap_memory|       p_ZL13poly_buffer_1_4_2|         array|
|p_ZL13poly_buffer_1_4_2_d1             |  out|   64|   ap_memory|       p_ZL13poly_buffer_1_4_2|         array|
|p_ZL13poly_buffer_1_5_0_address0       |  out|    9|   ap_memory|       p_ZL13poly_buffer_1_5_0|         array|
|p_ZL13poly_buffer_1_5_0_ce0            |  out|    1|   ap_memory|       p_ZL13poly_buffer_1_5_0|         array|
|p_ZL13poly_buffer_1_5_0_q0             |   in|   64|   ap_memory|       p_ZL13poly_buffer_1_5_0|         array|
|p_ZL13poly_buffer_1_5_0_address1       |  out|    9|   ap_memory|       p_ZL13poly_buffer_1_5_0|         array|
|p_ZL13poly_buffer_1_5_0_ce1            |  out|    1|   ap_memory|       p_ZL13poly_buffer_1_5_0|         array|
|p_ZL13poly_buffer_1_5_0_we1            |  out|    1|   ap_memory|       p_ZL13poly_buffer_1_5_0|         array|
|p_ZL13poly_buffer_1_5_0_d1             |  out|   64|   ap_memory|       p_ZL13poly_buffer_1_5_0|         array|
|p_ZL13poly_buffer_1_5_1_address0       |  out|    9|   ap_memory|       p_ZL13poly_buffer_1_5_1|         array|
|p_ZL13poly_buffer_1_5_1_ce0            |  out|    1|   ap_memory|       p_ZL13poly_buffer_1_5_1|         array|
|p_ZL13poly_buffer_1_5_1_q0             |   in|   64|   ap_memory|       p_ZL13poly_buffer_1_5_1|         array|
|p_ZL13poly_buffer_1_5_1_address1       |  out|    9|   ap_memory|       p_ZL13poly_buffer_1_5_1|         array|
|p_ZL13poly_buffer_1_5_1_ce1            |  out|    1|   ap_memory|       p_ZL13poly_buffer_1_5_1|         array|
|p_ZL13poly_buffer_1_5_1_we1            |  out|    1|   ap_memory|       p_ZL13poly_buffer_1_5_1|         array|
|p_ZL13poly_buffer_1_5_1_d1             |  out|   64|   ap_memory|       p_ZL13poly_buffer_1_5_1|         array|
|p_ZL13poly_buffer_1_5_2_address0       |  out|    9|   ap_memory|       p_ZL13poly_buffer_1_5_2|         array|
|p_ZL13poly_buffer_1_5_2_ce0            |  out|    1|   ap_memory|       p_ZL13poly_buffer_1_5_2|         array|
|p_ZL13poly_buffer_1_5_2_q0             |   in|   64|   ap_memory|       p_ZL13poly_buffer_1_5_2|         array|
|p_ZL13poly_buffer_1_5_2_address1       |  out|    9|   ap_memory|       p_ZL13poly_buffer_1_5_2|         array|
|p_ZL13poly_buffer_1_5_2_ce1            |  out|    1|   ap_memory|       p_ZL13poly_buffer_1_5_2|         array|
|p_ZL13poly_buffer_1_5_2_we1            |  out|    1|   ap_memory|       p_ZL13poly_buffer_1_5_2|         array|
|p_ZL13poly_buffer_1_5_2_d1             |  out|   64|   ap_memory|       p_ZL13poly_buffer_1_5_2|         array|
|p_ZL13poly_buffer_1_6_0_address0       |  out|    9|   ap_memory|       p_ZL13poly_buffer_1_6_0|         array|
|p_ZL13poly_buffer_1_6_0_ce0            |  out|    1|   ap_memory|       p_ZL13poly_buffer_1_6_0|         array|
|p_ZL13poly_buffer_1_6_0_q0             |   in|   64|   ap_memory|       p_ZL13poly_buffer_1_6_0|         array|
|p_ZL13poly_buffer_1_6_0_address1       |  out|    9|   ap_memory|       p_ZL13poly_buffer_1_6_0|         array|
|p_ZL13poly_buffer_1_6_0_ce1            |  out|    1|   ap_memory|       p_ZL13poly_buffer_1_6_0|         array|
|p_ZL13poly_buffer_1_6_0_we1            |  out|    1|   ap_memory|       p_ZL13poly_buffer_1_6_0|         array|
|p_ZL13poly_buffer_1_6_0_d1             |  out|   64|   ap_memory|       p_ZL13poly_buffer_1_6_0|         array|
|p_ZL13poly_buffer_1_6_1_address0       |  out|    9|   ap_memory|       p_ZL13poly_buffer_1_6_1|         array|
|p_ZL13poly_buffer_1_6_1_ce0            |  out|    1|   ap_memory|       p_ZL13poly_buffer_1_6_1|         array|
|p_ZL13poly_buffer_1_6_1_q0             |   in|   64|   ap_memory|       p_ZL13poly_buffer_1_6_1|         array|
|p_ZL13poly_buffer_1_6_1_address1       |  out|    9|   ap_memory|       p_ZL13poly_buffer_1_6_1|         array|
|p_ZL13poly_buffer_1_6_1_ce1            |  out|    1|   ap_memory|       p_ZL13poly_buffer_1_6_1|         array|
|p_ZL13poly_buffer_1_6_1_we1            |  out|    1|   ap_memory|       p_ZL13poly_buffer_1_6_1|         array|
|p_ZL13poly_buffer_1_6_1_d1             |  out|   64|   ap_memory|       p_ZL13poly_buffer_1_6_1|         array|
|p_ZL13poly_buffer_1_6_2_address0       |  out|    9|   ap_memory|       p_ZL13poly_buffer_1_6_2|         array|
|p_ZL13poly_buffer_1_6_2_ce0            |  out|    1|   ap_memory|       p_ZL13poly_buffer_1_6_2|         array|
|p_ZL13poly_buffer_1_6_2_q0             |   in|   64|   ap_memory|       p_ZL13poly_buffer_1_6_2|         array|
|p_ZL13poly_buffer_1_6_2_address1       |  out|    9|   ap_memory|       p_ZL13poly_buffer_1_6_2|         array|
|p_ZL13poly_buffer_1_6_2_ce1            |  out|    1|   ap_memory|       p_ZL13poly_buffer_1_6_2|         array|
|p_ZL13poly_buffer_1_6_2_we1            |  out|    1|   ap_memory|       p_ZL13poly_buffer_1_6_2|         array|
|p_ZL13poly_buffer_1_6_2_d1             |  out|   64|   ap_memory|       p_ZL13poly_buffer_1_6_2|         array|
|p_ZL13poly_buffer_1_7_0_address0       |  out|    9|   ap_memory|       p_ZL13poly_buffer_1_7_0|         array|
|p_ZL13poly_buffer_1_7_0_ce0            |  out|    1|   ap_memory|       p_ZL13poly_buffer_1_7_0|         array|
|p_ZL13poly_buffer_1_7_0_q0             |   in|   64|   ap_memory|       p_ZL13poly_buffer_1_7_0|         array|
|p_ZL13poly_buffer_1_7_0_address1       |  out|    9|   ap_memory|       p_ZL13poly_buffer_1_7_0|         array|
|p_ZL13poly_buffer_1_7_0_ce1            |  out|    1|   ap_memory|       p_ZL13poly_buffer_1_7_0|         array|
|p_ZL13poly_buffer_1_7_0_we1            |  out|    1|   ap_memory|       p_ZL13poly_buffer_1_7_0|         array|
|p_ZL13poly_buffer_1_7_0_d1             |  out|   64|   ap_memory|       p_ZL13poly_buffer_1_7_0|         array|
|p_ZL13poly_buffer_1_7_1_address0       |  out|    9|   ap_memory|       p_ZL13poly_buffer_1_7_1|         array|
|p_ZL13poly_buffer_1_7_1_ce0            |  out|    1|   ap_memory|       p_ZL13poly_buffer_1_7_1|         array|
|p_ZL13poly_buffer_1_7_1_q0             |   in|   64|   ap_memory|       p_ZL13poly_buffer_1_7_1|         array|
|p_ZL13poly_buffer_1_7_1_address1       |  out|    9|   ap_memory|       p_ZL13poly_buffer_1_7_1|         array|
|p_ZL13poly_buffer_1_7_1_ce1            |  out|    1|   ap_memory|       p_ZL13poly_buffer_1_7_1|         array|
|p_ZL13poly_buffer_1_7_1_we1            |  out|    1|   ap_memory|       p_ZL13poly_buffer_1_7_1|         array|
|p_ZL13poly_buffer_1_7_1_d1             |  out|   64|   ap_memory|       p_ZL13poly_buffer_1_7_1|         array|
|p_ZL13poly_buffer_1_7_2_address0       |  out|    9|   ap_memory|       p_ZL13poly_buffer_1_7_2|         array|
|p_ZL13poly_buffer_1_7_2_ce0            |  out|    1|   ap_memory|       p_ZL13poly_buffer_1_7_2|         array|
|p_ZL13poly_buffer_1_7_2_q0             |   in|   64|   ap_memory|       p_ZL13poly_buffer_1_7_2|         array|
|p_ZL13poly_buffer_1_7_2_address1       |  out|    9|   ap_memory|       p_ZL13poly_buffer_1_7_2|         array|
|p_ZL13poly_buffer_1_7_2_ce1            |  out|    1|   ap_memory|       p_ZL13poly_buffer_1_7_2|         array|
|p_ZL13poly_buffer_1_7_2_we1            |  out|    1|   ap_memory|       p_ZL13poly_buffer_1_7_2|         array|
|p_ZL13poly_buffer_1_7_2_d1             |  out|   64|   ap_memory|       p_ZL13poly_buffer_1_7_2|         array|
|p_ZL13poly_buffer_1_0_3_address0       |  out|    9|   ap_memory|       p_ZL13poly_buffer_1_0_3|         array|
|p_ZL13poly_buffer_1_0_3_ce0            |  out|    1|   ap_memory|       p_ZL13poly_buffer_1_0_3|         array|
|p_ZL13poly_buffer_1_0_3_q0             |   in|   64|   ap_memory|       p_ZL13poly_buffer_1_0_3|         array|
|p_ZL13poly_buffer_1_0_3_address1       |  out|    9|   ap_memory|       p_ZL13poly_buffer_1_0_3|         array|
|p_ZL13poly_buffer_1_0_3_ce1            |  out|    1|   ap_memory|       p_ZL13poly_buffer_1_0_3|         array|
|p_ZL13poly_buffer_1_0_3_we1            |  out|    1|   ap_memory|       p_ZL13poly_buffer_1_0_3|         array|
|p_ZL13poly_buffer_1_0_3_d1             |  out|   64|   ap_memory|       p_ZL13poly_buffer_1_0_3|         array|
|p_ZL13poly_buffer_1_1_3_address0       |  out|    9|   ap_memory|       p_ZL13poly_buffer_1_1_3|         array|
|p_ZL13poly_buffer_1_1_3_ce0            |  out|    1|   ap_memory|       p_ZL13poly_buffer_1_1_3|         array|
|p_ZL13poly_buffer_1_1_3_q0             |   in|   64|   ap_memory|       p_ZL13poly_buffer_1_1_3|         array|
|p_ZL13poly_buffer_1_1_3_address1       |  out|    9|   ap_memory|       p_ZL13poly_buffer_1_1_3|         array|
|p_ZL13poly_buffer_1_1_3_ce1            |  out|    1|   ap_memory|       p_ZL13poly_buffer_1_1_3|         array|
|p_ZL13poly_buffer_1_1_3_we1            |  out|    1|   ap_memory|       p_ZL13poly_buffer_1_1_3|         array|
|p_ZL13poly_buffer_1_1_3_d1             |  out|   64|   ap_memory|       p_ZL13poly_buffer_1_1_3|         array|
|p_ZL13poly_buffer_1_2_3_address0       |  out|    9|   ap_memory|       p_ZL13poly_buffer_1_2_3|         array|
|p_ZL13poly_buffer_1_2_3_ce0            |  out|    1|   ap_memory|       p_ZL13poly_buffer_1_2_3|         array|
|p_ZL13poly_buffer_1_2_3_q0             |   in|   64|   ap_memory|       p_ZL13poly_buffer_1_2_3|         array|
|p_ZL13poly_buffer_1_2_3_address1       |  out|    9|   ap_memory|       p_ZL13poly_buffer_1_2_3|         array|
|p_ZL13poly_buffer_1_2_3_ce1            |  out|    1|   ap_memory|       p_ZL13poly_buffer_1_2_3|         array|
|p_ZL13poly_buffer_1_2_3_we1            |  out|    1|   ap_memory|       p_ZL13poly_buffer_1_2_3|         array|
|p_ZL13poly_buffer_1_2_3_d1             |  out|   64|   ap_memory|       p_ZL13poly_buffer_1_2_3|         array|
|p_ZL13poly_buffer_1_3_3_address0       |  out|    9|   ap_memory|       p_ZL13poly_buffer_1_3_3|         array|
|p_ZL13poly_buffer_1_3_3_ce0            |  out|    1|   ap_memory|       p_ZL13poly_buffer_1_3_3|         array|
|p_ZL13poly_buffer_1_3_3_q0             |   in|   64|   ap_memory|       p_ZL13poly_buffer_1_3_3|         array|
|p_ZL13poly_buffer_1_3_3_address1       |  out|    9|   ap_memory|       p_ZL13poly_buffer_1_3_3|         array|
|p_ZL13poly_buffer_1_3_3_ce1            |  out|    1|   ap_memory|       p_ZL13poly_buffer_1_3_3|         array|
|p_ZL13poly_buffer_1_3_3_we1            |  out|    1|   ap_memory|       p_ZL13poly_buffer_1_3_3|         array|
|p_ZL13poly_buffer_1_3_3_d1             |  out|   64|   ap_memory|       p_ZL13poly_buffer_1_3_3|         array|
|p_ZL13poly_buffer_1_4_3_address0       |  out|    9|   ap_memory|       p_ZL13poly_buffer_1_4_3|         array|
|p_ZL13poly_buffer_1_4_3_ce0            |  out|    1|   ap_memory|       p_ZL13poly_buffer_1_4_3|         array|
|p_ZL13poly_buffer_1_4_3_q0             |   in|   64|   ap_memory|       p_ZL13poly_buffer_1_4_3|         array|
|p_ZL13poly_buffer_1_4_3_address1       |  out|    9|   ap_memory|       p_ZL13poly_buffer_1_4_3|         array|
|p_ZL13poly_buffer_1_4_3_ce1            |  out|    1|   ap_memory|       p_ZL13poly_buffer_1_4_3|         array|
|p_ZL13poly_buffer_1_4_3_we1            |  out|    1|   ap_memory|       p_ZL13poly_buffer_1_4_3|         array|
|p_ZL13poly_buffer_1_4_3_d1             |  out|   64|   ap_memory|       p_ZL13poly_buffer_1_4_3|         array|
|p_ZL13poly_buffer_1_5_3_address0       |  out|    9|   ap_memory|       p_ZL13poly_buffer_1_5_3|         array|
|p_ZL13poly_buffer_1_5_3_ce0            |  out|    1|   ap_memory|       p_ZL13poly_buffer_1_5_3|         array|
|p_ZL13poly_buffer_1_5_3_q0             |   in|   64|   ap_memory|       p_ZL13poly_buffer_1_5_3|         array|
|p_ZL13poly_buffer_1_5_3_address1       |  out|    9|   ap_memory|       p_ZL13poly_buffer_1_5_3|         array|
|p_ZL13poly_buffer_1_5_3_ce1            |  out|    1|   ap_memory|       p_ZL13poly_buffer_1_5_3|         array|
|p_ZL13poly_buffer_1_5_3_we1            |  out|    1|   ap_memory|       p_ZL13poly_buffer_1_5_3|         array|
|p_ZL13poly_buffer_1_5_3_d1             |  out|   64|   ap_memory|       p_ZL13poly_buffer_1_5_3|         array|
|p_ZL13poly_buffer_1_6_3_address0       |  out|    9|   ap_memory|       p_ZL13poly_buffer_1_6_3|         array|
|p_ZL13poly_buffer_1_6_3_ce0            |  out|    1|   ap_memory|       p_ZL13poly_buffer_1_6_3|         array|
|p_ZL13poly_buffer_1_6_3_q0             |   in|   64|   ap_memory|       p_ZL13poly_buffer_1_6_3|         array|
|p_ZL13poly_buffer_1_6_3_address1       |  out|    9|   ap_memory|       p_ZL13poly_buffer_1_6_3|         array|
|p_ZL13poly_buffer_1_6_3_ce1            |  out|    1|   ap_memory|       p_ZL13poly_buffer_1_6_3|         array|
|p_ZL13poly_buffer_1_6_3_we1            |  out|    1|   ap_memory|       p_ZL13poly_buffer_1_6_3|         array|
|p_ZL13poly_buffer_1_6_3_d1             |  out|   64|   ap_memory|       p_ZL13poly_buffer_1_6_3|         array|
|p_ZL13poly_buffer_1_7_3_address0       |  out|    9|   ap_memory|       p_ZL13poly_buffer_1_7_3|         array|
|p_ZL13poly_buffer_1_7_3_ce0            |  out|    1|   ap_memory|       p_ZL13poly_buffer_1_7_3|         array|
|p_ZL13poly_buffer_1_7_3_q0             |   in|   64|   ap_memory|       p_ZL13poly_buffer_1_7_3|         array|
|p_ZL13poly_buffer_1_7_3_address1       |  out|    9|   ap_memory|       p_ZL13poly_buffer_1_7_3|         array|
|p_ZL13poly_buffer_1_7_3_ce1            |  out|    1|   ap_memory|       p_ZL13poly_buffer_1_7_3|         array|
|p_ZL13poly_buffer_1_7_3_we1            |  out|    1|   ap_memory|       p_ZL13poly_buffer_1_7_3|         array|
|p_ZL13poly_buffer_1_7_3_d1             |  out|   64|   ap_memory|       p_ZL13poly_buffer_1_7_3|         array|
|p_ZL13poly_buffer_1_0_4_address0       |  out|    9|   ap_memory|       p_ZL13poly_buffer_1_0_4|         array|
|p_ZL13poly_buffer_1_0_4_ce0            |  out|    1|   ap_memory|       p_ZL13poly_buffer_1_0_4|         array|
|p_ZL13poly_buffer_1_0_4_q0             |   in|   64|   ap_memory|       p_ZL13poly_buffer_1_0_4|         array|
|p_ZL13poly_buffer_1_0_4_address1       |  out|    9|   ap_memory|       p_ZL13poly_buffer_1_0_4|         array|
|p_ZL13poly_buffer_1_0_4_ce1            |  out|    1|   ap_memory|       p_ZL13poly_buffer_1_0_4|         array|
|p_ZL13poly_buffer_1_0_4_we1            |  out|    1|   ap_memory|       p_ZL13poly_buffer_1_0_4|         array|
|p_ZL13poly_buffer_1_0_4_d1             |  out|   64|   ap_memory|       p_ZL13poly_buffer_1_0_4|         array|
|p_ZL13poly_buffer_1_1_4_address0       |  out|    9|   ap_memory|       p_ZL13poly_buffer_1_1_4|         array|
|p_ZL13poly_buffer_1_1_4_ce0            |  out|    1|   ap_memory|       p_ZL13poly_buffer_1_1_4|         array|
|p_ZL13poly_buffer_1_1_4_q0             |   in|   64|   ap_memory|       p_ZL13poly_buffer_1_1_4|         array|
|p_ZL13poly_buffer_1_1_4_address1       |  out|    9|   ap_memory|       p_ZL13poly_buffer_1_1_4|         array|
|p_ZL13poly_buffer_1_1_4_ce1            |  out|    1|   ap_memory|       p_ZL13poly_buffer_1_1_4|         array|
|p_ZL13poly_buffer_1_1_4_we1            |  out|    1|   ap_memory|       p_ZL13poly_buffer_1_1_4|         array|
|p_ZL13poly_buffer_1_1_4_d1             |  out|   64|   ap_memory|       p_ZL13poly_buffer_1_1_4|         array|
|p_ZL13poly_buffer_1_2_4_address0       |  out|    9|   ap_memory|       p_ZL13poly_buffer_1_2_4|         array|
|p_ZL13poly_buffer_1_2_4_ce0            |  out|    1|   ap_memory|       p_ZL13poly_buffer_1_2_4|         array|
|p_ZL13poly_buffer_1_2_4_q0             |   in|   64|   ap_memory|       p_ZL13poly_buffer_1_2_4|         array|
|p_ZL13poly_buffer_1_2_4_address1       |  out|    9|   ap_memory|       p_ZL13poly_buffer_1_2_4|         array|
|p_ZL13poly_buffer_1_2_4_ce1            |  out|    1|   ap_memory|       p_ZL13poly_buffer_1_2_4|         array|
|p_ZL13poly_buffer_1_2_4_we1            |  out|    1|   ap_memory|       p_ZL13poly_buffer_1_2_4|         array|
|p_ZL13poly_buffer_1_2_4_d1             |  out|   64|   ap_memory|       p_ZL13poly_buffer_1_2_4|         array|
|p_ZL13poly_buffer_1_3_4_address0       |  out|    9|   ap_memory|       p_ZL13poly_buffer_1_3_4|         array|
|p_ZL13poly_buffer_1_3_4_ce0            |  out|    1|   ap_memory|       p_ZL13poly_buffer_1_3_4|         array|
|p_ZL13poly_buffer_1_3_4_q0             |   in|   64|   ap_memory|       p_ZL13poly_buffer_1_3_4|         array|
|p_ZL13poly_buffer_1_3_4_address1       |  out|    9|   ap_memory|       p_ZL13poly_buffer_1_3_4|         array|
|p_ZL13poly_buffer_1_3_4_ce1            |  out|    1|   ap_memory|       p_ZL13poly_buffer_1_3_4|         array|
|p_ZL13poly_buffer_1_3_4_we1            |  out|    1|   ap_memory|       p_ZL13poly_buffer_1_3_4|         array|
|p_ZL13poly_buffer_1_3_4_d1             |  out|   64|   ap_memory|       p_ZL13poly_buffer_1_3_4|         array|
|p_ZL13poly_buffer_1_4_4_address0       |  out|    9|   ap_memory|       p_ZL13poly_buffer_1_4_4|         array|
|p_ZL13poly_buffer_1_4_4_ce0            |  out|    1|   ap_memory|       p_ZL13poly_buffer_1_4_4|         array|
|p_ZL13poly_buffer_1_4_4_q0             |   in|   64|   ap_memory|       p_ZL13poly_buffer_1_4_4|         array|
|p_ZL13poly_buffer_1_4_4_address1       |  out|    9|   ap_memory|       p_ZL13poly_buffer_1_4_4|         array|
|p_ZL13poly_buffer_1_4_4_ce1            |  out|    1|   ap_memory|       p_ZL13poly_buffer_1_4_4|         array|
|p_ZL13poly_buffer_1_4_4_we1            |  out|    1|   ap_memory|       p_ZL13poly_buffer_1_4_4|         array|
|p_ZL13poly_buffer_1_4_4_d1             |  out|   64|   ap_memory|       p_ZL13poly_buffer_1_4_4|         array|
|p_ZL13poly_buffer_1_5_4_address0       |  out|    9|   ap_memory|       p_ZL13poly_buffer_1_5_4|         array|
|p_ZL13poly_buffer_1_5_4_ce0            |  out|    1|   ap_memory|       p_ZL13poly_buffer_1_5_4|         array|
|p_ZL13poly_buffer_1_5_4_q0             |   in|   64|   ap_memory|       p_ZL13poly_buffer_1_5_4|         array|
|p_ZL13poly_buffer_1_5_4_address1       |  out|    9|   ap_memory|       p_ZL13poly_buffer_1_5_4|         array|
|p_ZL13poly_buffer_1_5_4_ce1            |  out|    1|   ap_memory|       p_ZL13poly_buffer_1_5_4|         array|
|p_ZL13poly_buffer_1_5_4_we1            |  out|    1|   ap_memory|       p_ZL13poly_buffer_1_5_4|         array|
|p_ZL13poly_buffer_1_5_4_d1             |  out|   64|   ap_memory|       p_ZL13poly_buffer_1_5_4|         array|
|p_ZL13poly_buffer_1_6_4_address0       |  out|    9|   ap_memory|       p_ZL13poly_buffer_1_6_4|         array|
|p_ZL13poly_buffer_1_6_4_ce0            |  out|    1|   ap_memory|       p_ZL13poly_buffer_1_6_4|         array|
|p_ZL13poly_buffer_1_6_4_q0             |   in|   64|   ap_memory|       p_ZL13poly_buffer_1_6_4|         array|
|p_ZL13poly_buffer_1_6_4_address1       |  out|    9|   ap_memory|       p_ZL13poly_buffer_1_6_4|         array|
|p_ZL13poly_buffer_1_6_4_ce1            |  out|    1|   ap_memory|       p_ZL13poly_buffer_1_6_4|         array|
|p_ZL13poly_buffer_1_6_4_we1            |  out|    1|   ap_memory|       p_ZL13poly_buffer_1_6_4|         array|
|p_ZL13poly_buffer_1_6_4_d1             |  out|   64|   ap_memory|       p_ZL13poly_buffer_1_6_4|         array|
|p_ZL13poly_buffer_1_7_4_address0       |  out|    9|   ap_memory|       p_ZL13poly_buffer_1_7_4|         array|
|p_ZL13poly_buffer_1_7_4_ce0            |  out|    1|   ap_memory|       p_ZL13poly_buffer_1_7_4|         array|
|p_ZL13poly_buffer_1_7_4_q0             |   in|   64|   ap_memory|       p_ZL13poly_buffer_1_7_4|         array|
|p_ZL13poly_buffer_1_7_4_address1       |  out|    9|   ap_memory|       p_ZL13poly_buffer_1_7_4|         array|
|p_ZL13poly_buffer_1_7_4_ce1            |  out|    1|   ap_memory|       p_ZL13poly_buffer_1_7_4|         array|
|p_ZL13poly_buffer_1_7_4_we1            |  out|    1|   ap_memory|       p_ZL13poly_buffer_1_7_4|         array|
|p_ZL13poly_buffer_1_7_4_d1             |  out|   64|   ap_memory|       p_ZL13poly_buffer_1_7_4|         array|
|p_ZL13poly_buffer_1_0_5_address0       |  out|    9|   ap_memory|       p_ZL13poly_buffer_1_0_5|         array|
|p_ZL13poly_buffer_1_0_5_ce0            |  out|    1|   ap_memory|       p_ZL13poly_buffer_1_0_5|         array|
|p_ZL13poly_buffer_1_0_5_q0             |   in|   64|   ap_memory|       p_ZL13poly_buffer_1_0_5|         array|
|p_ZL13poly_buffer_1_0_5_address1       |  out|    9|   ap_memory|       p_ZL13poly_buffer_1_0_5|         array|
|p_ZL13poly_buffer_1_0_5_ce1            |  out|    1|   ap_memory|       p_ZL13poly_buffer_1_0_5|         array|
|p_ZL13poly_buffer_1_0_5_we1            |  out|    1|   ap_memory|       p_ZL13poly_buffer_1_0_5|         array|
|p_ZL13poly_buffer_1_0_5_d1             |  out|   64|   ap_memory|       p_ZL13poly_buffer_1_0_5|         array|
|p_ZL13poly_buffer_1_1_5_address0       |  out|    9|   ap_memory|       p_ZL13poly_buffer_1_1_5|         array|
|p_ZL13poly_buffer_1_1_5_ce0            |  out|    1|   ap_memory|       p_ZL13poly_buffer_1_1_5|         array|
|p_ZL13poly_buffer_1_1_5_q0             |   in|   64|   ap_memory|       p_ZL13poly_buffer_1_1_5|         array|
|p_ZL13poly_buffer_1_1_5_address1       |  out|    9|   ap_memory|       p_ZL13poly_buffer_1_1_5|         array|
|p_ZL13poly_buffer_1_1_5_ce1            |  out|    1|   ap_memory|       p_ZL13poly_buffer_1_1_5|         array|
|p_ZL13poly_buffer_1_1_5_we1            |  out|    1|   ap_memory|       p_ZL13poly_buffer_1_1_5|         array|
|p_ZL13poly_buffer_1_1_5_d1             |  out|   64|   ap_memory|       p_ZL13poly_buffer_1_1_5|         array|
|p_ZL13poly_buffer_1_2_5_address0       |  out|    9|   ap_memory|       p_ZL13poly_buffer_1_2_5|         array|
|p_ZL13poly_buffer_1_2_5_ce0            |  out|    1|   ap_memory|       p_ZL13poly_buffer_1_2_5|         array|
|p_ZL13poly_buffer_1_2_5_q0             |   in|   64|   ap_memory|       p_ZL13poly_buffer_1_2_5|         array|
|p_ZL13poly_buffer_1_2_5_address1       |  out|    9|   ap_memory|       p_ZL13poly_buffer_1_2_5|         array|
|p_ZL13poly_buffer_1_2_5_ce1            |  out|    1|   ap_memory|       p_ZL13poly_buffer_1_2_5|         array|
|p_ZL13poly_buffer_1_2_5_we1            |  out|    1|   ap_memory|       p_ZL13poly_buffer_1_2_5|         array|
|p_ZL13poly_buffer_1_2_5_d1             |  out|   64|   ap_memory|       p_ZL13poly_buffer_1_2_5|         array|
|p_ZL13poly_buffer_1_3_5_address0       |  out|    9|   ap_memory|       p_ZL13poly_buffer_1_3_5|         array|
|p_ZL13poly_buffer_1_3_5_ce0            |  out|    1|   ap_memory|       p_ZL13poly_buffer_1_3_5|         array|
|p_ZL13poly_buffer_1_3_5_q0             |   in|   64|   ap_memory|       p_ZL13poly_buffer_1_3_5|         array|
|p_ZL13poly_buffer_1_3_5_address1       |  out|    9|   ap_memory|       p_ZL13poly_buffer_1_3_5|         array|
|p_ZL13poly_buffer_1_3_5_ce1            |  out|    1|   ap_memory|       p_ZL13poly_buffer_1_3_5|         array|
|p_ZL13poly_buffer_1_3_5_we1            |  out|    1|   ap_memory|       p_ZL13poly_buffer_1_3_5|         array|
|p_ZL13poly_buffer_1_3_5_d1             |  out|   64|   ap_memory|       p_ZL13poly_buffer_1_3_5|         array|
|p_ZL13poly_buffer_1_4_5_address0       |  out|    9|   ap_memory|       p_ZL13poly_buffer_1_4_5|         array|
|p_ZL13poly_buffer_1_4_5_ce0            |  out|    1|   ap_memory|       p_ZL13poly_buffer_1_4_5|         array|
|p_ZL13poly_buffer_1_4_5_q0             |   in|   64|   ap_memory|       p_ZL13poly_buffer_1_4_5|         array|
|p_ZL13poly_buffer_1_4_5_address1       |  out|    9|   ap_memory|       p_ZL13poly_buffer_1_4_5|         array|
|p_ZL13poly_buffer_1_4_5_ce1            |  out|    1|   ap_memory|       p_ZL13poly_buffer_1_4_5|         array|
|p_ZL13poly_buffer_1_4_5_we1            |  out|    1|   ap_memory|       p_ZL13poly_buffer_1_4_5|         array|
|p_ZL13poly_buffer_1_4_5_d1             |  out|   64|   ap_memory|       p_ZL13poly_buffer_1_4_5|         array|
|p_ZL13poly_buffer_1_5_5_address0       |  out|    9|   ap_memory|       p_ZL13poly_buffer_1_5_5|         array|
|p_ZL13poly_buffer_1_5_5_ce0            |  out|    1|   ap_memory|       p_ZL13poly_buffer_1_5_5|         array|
|p_ZL13poly_buffer_1_5_5_q0             |   in|   64|   ap_memory|       p_ZL13poly_buffer_1_5_5|         array|
|p_ZL13poly_buffer_1_5_5_address1       |  out|    9|   ap_memory|       p_ZL13poly_buffer_1_5_5|         array|
|p_ZL13poly_buffer_1_5_5_ce1            |  out|    1|   ap_memory|       p_ZL13poly_buffer_1_5_5|         array|
|p_ZL13poly_buffer_1_5_5_we1            |  out|    1|   ap_memory|       p_ZL13poly_buffer_1_5_5|         array|
|p_ZL13poly_buffer_1_5_5_d1             |  out|   64|   ap_memory|       p_ZL13poly_buffer_1_5_5|         array|
|p_ZL13poly_buffer_1_6_5_address0       |  out|    9|   ap_memory|       p_ZL13poly_buffer_1_6_5|         array|
|p_ZL13poly_buffer_1_6_5_ce0            |  out|    1|   ap_memory|       p_ZL13poly_buffer_1_6_5|         array|
|p_ZL13poly_buffer_1_6_5_q0             |   in|   64|   ap_memory|       p_ZL13poly_buffer_1_6_5|         array|
|p_ZL13poly_buffer_1_6_5_address1       |  out|    9|   ap_memory|       p_ZL13poly_buffer_1_6_5|         array|
|p_ZL13poly_buffer_1_6_5_ce1            |  out|    1|   ap_memory|       p_ZL13poly_buffer_1_6_5|         array|
|p_ZL13poly_buffer_1_6_5_we1            |  out|    1|   ap_memory|       p_ZL13poly_buffer_1_6_5|         array|
|p_ZL13poly_buffer_1_6_5_d1             |  out|   64|   ap_memory|       p_ZL13poly_buffer_1_6_5|         array|
|p_ZL13poly_buffer_1_7_5_address0       |  out|    9|   ap_memory|       p_ZL13poly_buffer_1_7_5|         array|
|p_ZL13poly_buffer_1_7_5_ce0            |  out|    1|   ap_memory|       p_ZL13poly_buffer_1_7_5|         array|
|p_ZL13poly_buffer_1_7_5_q0             |   in|   64|   ap_memory|       p_ZL13poly_buffer_1_7_5|         array|
|p_ZL13poly_buffer_1_7_5_address1       |  out|    9|   ap_memory|       p_ZL13poly_buffer_1_7_5|         array|
|p_ZL13poly_buffer_1_7_5_ce1            |  out|    1|   ap_memory|       p_ZL13poly_buffer_1_7_5|         array|
|p_ZL13poly_buffer_1_7_5_we1            |  out|    1|   ap_memory|       p_ZL13poly_buffer_1_7_5|         array|
|p_ZL13poly_buffer_1_7_5_d1             |  out|   64|   ap_memory|       p_ZL13poly_buffer_1_7_5|         array|
|p_ZL13poly_buffer_1_0_6_address0       |  out|    9|   ap_memory|       p_ZL13poly_buffer_1_0_6|         array|
|p_ZL13poly_buffer_1_0_6_ce0            |  out|    1|   ap_memory|       p_ZL13poly_buffer_1_0_6|         array|
|p_ZL13poly_buffer_1_0_6_q0             |   in|   64|   ap_memory|       p_ZL13poly_buffer_1_0_6|         array|
|p_ZL13poly_buffer_1_0_6_address1       |  out|    9|   ap_memory|       p_ZL13poly_buffer_1_0_6|         array|
|p_ZL13poly_buffer_1_0_6_ce1            |  out|    1|   ap_memory|       p_ZL13poly_buffer_1_0_6|         array|
|p_ZL13poly_buffer_1_0_6_we1            |  out|    1|   ap_memory|       p_ZL13poly_buffer_1_0_6|         array|
|p_ZL13poly_buffer_1_0_6_d1             |  out|   64|   ap_memory|       p_ZL13poly_buffer_1_0_6|         array|
|p_ZL13poly_buffer_1_1_6_address0       |  out|    9|   ap_memory|       p_ZL13poly_buffer_1_1_6|         array|
|p_ZL13poly_buffer_1_1_6_ce0            |  out|    1|   ap_memory|       p_ZL13poly_buffer_1_1_6|         array|
|p_ZL13poly_buffer_1_1_6_q0             |   in|   64|   ap_memory|       p_ZL13poly_buffer_1_1_6|         array|
|p_ZL13poly_buffer_1_1_6_address1       |  out|    9|   ap_memory|       p_ZL13poly_buffer_1_1_6|         array|
|p_ZL13poly_buffer_1_1_6_ce1            |  out|    1|   ap_memory|       p_ZL13poly_buffer_1_1_6|         array|
|p_ZL13poly_buffer_1_1_6_we1            |  out|    1|   ap_memory|       p_ZL13poly_buffer_1_1_6|         array|
|p_ZL13poly_buffer_1_1_6_d1             |  out|   64|   ap_memory|       p_ZL13poly_buffer_1_1_6|         array|
|p_ZL13poly_buffer_1_2_6_address0       |  out|    9|   ap_memory|       p_ZL13poly_buffer_1_2_6|         array|
|p_ZL13poly_buffer_1_2_6_ce0            |  out|    1|   ap_memory|       p_ZL13poly_buffer_1_2_6|         array|
|p_ZL13poly_buffer_1_2_6_q0             |   in|   64|   ap_memory|       p_ZL13poly_buffer_1_2_6|         array|
|p_ZL13poly_buffer_1_2_6_address1       |  out|    9|   ap_memory|       p_ZL13poly_buffer_1_2_6|         array|
|p_ZL13poly_buffer_1_2_6_ce1            |  out|    1|   ap_memory|       p_ZL13poly_buffer_1_2_6|         array|
|p_ZL13poly_buffer_1_2_6_we1            |  out|    1|   ap_memory|       p_ZL13poly_buffer_1_2_6|         array|
|p_ZL13poly_buffer_1_2_6_d1             |  out|   64|   ap_memory|       p_ZL13poly_buffer_1_2_6|         array|
|p_ZL13poly_buffer_1_3_6_address0       |  out|    9|   ap_memory|       p_ZL13poly_buffer_1_3_6|         array|
|p_ZL13poly_buffer_1_3_6_ce0            |  out|    1|   ap_memory|       p_ZL13poly_buffer_1_3_6|         array|
|p_ZL13poly_buffer_1_3_6_q0             |   in|   64|   ap_memory|       p_ZL13poly_buffer_1_3_6|         array|
|p_ZL13poly_buffer_1_3_6_address1       |  out|    9|   ap_memory|       p_ZL13poly_buffer_1_3_6|         array|
|p_ZL13poly_buffer_1_3_6_ce1            |  out|    1|   ap_memory|       p_ZL13poly_buffer_1_3_6|         array|
|p_ZL13poly_buffer_1_3_6_we1            |  out|    1|   ap_memory|       p_ZL13poly_buffer_1_3_6|         array|
|p_ZL13poly_buffer_1_3_6_d1             |  out|   64|   ap_memory|       p_ZL13poly_buffer_1_3_6|         array|
|p_ZL13poly_buffer_1_4_6_address0       |  out|    9|   ap_memory|       p_ZL13poly_buffer_1_4_6|         array|
|p_ZL13poly_buffer_1_4_6_ce0            |  out|    1|   ap_memory|       p_ZL13poly_buffer_1_4_6|         array|
|p_ZL13poly_buffer_1_4_6_q0             |   in|   64|   ap_memory|       p_ZL13poly_buffer_1_4_6|         array|
|p_ZL13poly_buffer_1_4_6_address1       |  out|    9|   ap_memory|       p_ZL13poly_buffer_1_4_6|         array|
|p_ZL13poly_buffer_1_4_6_ce1            |  out|    1|   ap_memory|       p_ZL13poly_buffer_1_4_6|         array|
|p_ZL13poly_buffer_1_4_6_we1            |  out|    1|   ap_memory|       p_ZL13poly_buffer_1_4_6|         array|
|p_ZL13poly_buffer_1_4_6_d1             |  out|   64|   ap_memory|       p_ZL13poly_buffer_1_4_6|         array|
|p_ZL13poly_buffer_1_5_6_address0       |  out|    9|   ap_memory|       p_ZL13poly_buffer_1_5_6|         array|
|p_ZL13poly_buffer_1_5_6_ce0            |  out|    1|   ap_memory|       p_ZL13poly_buffer_1_5_6|         array|
|p_ZL13poly_buffer_1_5_6_q0             |   in|   64|   ap_memory|       p_ZL13poly_buffer_1_5_6|         array|
|p_ZL13poly_buffer_1_5_6_address1       |  out|    9|   ap_memory|       p_ZL13poly_buffer_1_5_6|         array|
|p_ZL13poly_buffer_1_5_6_ce1            |  out|    1|   ap_memory|       p_ZL13poly_buffer_1_5_6|         array|
|p_ZL13poly_buffer_1_5_6_we1            |  out|    1|   ap_memory|       p_ZL13poly_buffer_1_5_6|         array|
|p_ZL13poly_buffer_1_5_6_d1             |  out|   64|   ap_memory|       p_ZL13poly_buffer_1_5_6|         array|
|p_ZL13poly_buffer_1_6_6_address0       |  out|    9|   ap_memory|       p_ZL13poly_buffer_1_6_6|         array|
|p_ZL13poly_buffer_1_6_6_ce0            |  out|    1|   ap_memory|       p_ZL13poly_buffer_1_6_6|         array|
|p_ZL13poly_buffer_1_6_6_q0             |   in|   64|   ap_memory|       p_ZL13poly_buffer_1_6_6|         array|
|p_ZL13poly_buffer_1_6_6_address1       |  out|    9|   ap_memory|       p_ZL13poly_buffer_1_6_6|         array|
|p_ZL13poly_buffer_1_6_6_ce1            |  out|    1|   ap_memory|       p_ZL13poly_buffer_1_6_6|         array|
|p_ZL13poly_buffer_1_6_6_we1            |  out|    1|   ap_memory|       p_ZL13poly_buffer_1_6_6|         array|
|p_ZL13poly_buffer_1_6_6_d1             |  out|   64|   ap_memory|       p_ZL13poly_buffer_1_6_6|         array|
|p_ZL13poly_buffer_1_7_6_address0       |  out|    9|   ap_memory|       p_ZL13poly_buffer_1_7_6|         array|
|p_ZL13poly_buffer_1_7_6_ce0            |  out|    1|   ap_memory|       p_ZL13poly_buffer_1_7_6|         array|
|p_ZL13poly_buffer_1_7_6_q0             |   in|   64|   ap_memory|       p_ZL13poly_buffer_1_7_6|         array|
|p_ZL13poly_buffer_1_7_6_address1       |  out|    9|   ap_memory|       p_ZL13poly_buffer_1_7_6|         array|
|p_ZL13poly_buffer_1_7_6_ce1            |  out|    1|   ap_memory|       p_ZL13poly_buffer_1_7_6|         array|
|p_ZL13poly_buffer_1_7_6_we1            |  out|    1|   ap_memory|       p_ZL13poly_buffer_1_7_6|         array|
|p_ZL13poly_buffer_1_7_6_d1             |  out|   64|   ap_memory|       p_ZL13poly_buffer_1_7_6|         array|
|p_ZL13poly_buffer_1_0_7_address0       |  out|    9|   ap_memory|       p_ZL13poly_buffer_1_0_7|         array|
|p_ZL13poly_buffer_1_0_7_ce0            |  out|    1|   ap_memory|       p_ZL13poly_buffer_1_0_7|         array|
|p_ZL13poly_buffer_1_0_7_q0             |   in|   64|   ap_memory|       p_ZL13poly_buffer_1_0_7|         array|
|p_ZL13poly_buffer_1_0_7_address1       |  out|    9|   ap_memory|       p_ZL13poly_buffer_1_0_7|         array|
|p_ZL13poly_buffer_1_0_7_ce1            |  out|    1|   ap_memory|       p_ZL13poly_buffer_1_0_7|         array|
|p_ZL13poly_buffer_1_0_7_we1            |  out|    1|   ap_memory|       p_ZL13poly_buffer_1_0_7|         array|
|p_ZL13poly_buffer_1_0_7_d1             |  out|   64|   ap_memory|       p_ZL13poly_buffer_1_0_7|         array|
|p_ZL13poly_buffer_1_1_7_address0       |  out|    9|   ap_memory|       p_ZL13poly_buffer_1_1_7|         array|
|p_ZL13poly_buffer_1_1_7_ce0            |  out|    1|   ap_memory|       p_ZL13poly_buffer_1_1_7|         array|
|p_ZL13poly_buffer_1_1_7_q0             |   in|   64|   ap_memory|       p_ZL13poly_buffer_1_1_7|         array|
|p_ZL13poly_buffer_1_1_7_address1       |  out|    9|   ap_memory|       p_ZL13poly_buffer_1_1_7|         array|
|p_ZL13poly_buffer_1_1_7_ce1            |  out|    1|   ap_memory|       p_ZL13poly_buffer_1_1_7|         array|
|p_ZL13poly_buffer_1_1_7_we1            |  out|    1|   ap_memory|       p_ZL13poly_buffer_1_1_7|         array|
|p_ZL13poly_buffer_1_1_7_d1             |  out|   64|   ap_memory|       p_ZL13poly_buffer_1_1_7|         array|
|p_ZL13poly_buffer_1_2_7_address0       |  out|    9|   ap_memory|       p_ZL13poly_buffer_1_2_7|         array|
|p_ZL13poly_buffer_1_2_7_ce0            |  out|    1|   ap_memory|       p_ZL13poly_buffer_1_2_7|         array|
|p_ZL13poly_buffer_1_2_7_q0             |   in|   64|   ap_memory|       p_ZL13poly_buffer_1_2_7|         array|
|p_ZL13poly_buffer_1_2_7_address1       |  out|    9|   ap_memory|       p_ZL13poly_buffer_1_2_7|         array|
|p_ZL13poly_buffer_1_2_7_ce1            |  out|    1|   ap_memory|       p_ZL13poly_buffer_1_2_7|         array|
|p_ZL13poly_buffer_1_2_7_we1            |  out|    1|   ap_memory|       p_ZL13poly_buffer_1_2_7|         array|
|p_ZL13poly_buffer_1_2_7_d1             |  out|   64|   ap_memory|       p_ZL13poly_buffer_1_2_7|         array|
|p_ZL13poly_buffer_1_3_7_address0       |  out|    9|   ap_memory|       p_ZL13poly_buffer_1_3_7|         array|
|p_ZL13poly_buffer_1_3_7_ce0            |  out|    1|   ap_memory|       p_ZL13poly_buffer_1_3_7|         array|
|p_ZL13poly_buffer_1_3_7_q0             |   in|   64|   ap_memory|       p_ZL13poly_buffer_1_3_7|         array|
|p_ZL13poly_buffer_1_3_7_address1       |  out|    9|   ap_memory|       p_ZL13poly_buffer_1_3_7|         array|
|p_ZL13poly_buffer_1_3_7_ce1            |  out|    1|   ap_memory|       p_ZL13poly_buffer_1_3_7|         array|
|p_ZL13poly_buffer_1_3_7_we1            |  out|    1|   ap_memory|       p_ZL13poly_buffer_1_3_7|         array|
|p_ZL13poly_buffer_1_3_7_d1             |  out|   64|   ap_memory|       p_ZL13poly_buffer_1_3_7|         array|
|p_ZL13poly_buffer_1_4_7_address0       |  out|    9|   ap_memory|       p_ZL13poly_buffer_1_4_7|         array|
|p_ZL13poly_buffer_1_4_7_ce0            |  out|    1|   ap_memory|       p_ZL13poly_buffer_1_4_7|         array|
|p_ZL13poly_buffer_1_4_7_q0             |   in|   64|   ap_memory|       p_ZL13poly_buffer_1_4_7|         array|
|p_ZL13poly_buffer_1_4_7_address1       |  out|    9|   ap_memory|       p_ZL13poly_buffer_1_4_7|         array|
|p_ZL13poly_buffer_1_4_7_ce1            |  out|    1|   ap_memory|       p_ZL13poly_buffer_1_4_7|         array|
|p_ZL13poly_buffer_1_4_7_we1            |  out|    1|   ap_memory|       p_ZL13poly_buffer_1_4_7|         array|
|p_ZL13poly_buffer_1_4_7_d1             |  out|   64|   ap_memory|       p_ZL13poly_buffer_1_4_7|         array|
|p_ZL13poly_buffer_1_5_7_address0       |  out|    9|   ap_memory|       p_ZL13poly_buffer_1_5_7|         array|
|p_ZL13poly_buffer_1_5_7_ce0            |  out|    1|   ap_memory|       p_ZL13poly_buffer_1_5_7|         array|
|p_ZL13poly_buffer_1_5_7_q0             |   in|   64|   ap_memory|       p_ZL13poly_buffer_1_5_7|         array|
|p_ZL13poly_buffer_1_5_7_address1       |  out|    9|   ap_memory|       p_ZL13poly_buffer_1_5_7|         array|
|p_ZL13poly_buffer_1_5_7_ce1            |  out|    1|   ap_memory|       p_ZL13poly_buffer_1_5_7|         array|
|p_ZL13poly_buffer_1_5_7_we1            |  out|    1|   ap_memory|       p_ZL13poly_buffer_1_5_7|         array|
|p_ZL13poly_buffer_1_5_7_d1             |  out|   64|   ap_memory|       p_ZL13poly_buffer_1_5_7|         array|
|p_ZL13poly_buffer_1_6_7_address0       |  out|    9|   ap_memory|       p_ZL13poly_buffer_1_6_7|         array|
|p_ZL13poly_buffer_1_6_7_ce0            |  out|    1|   ap_memory|       p_ZL13poly_buffer_1_6_7|         array|
|p_ZL13poly_buffer_1_6_7_q0             |   in|   64|   ap_memory|       p_ZL13poly_buffer_1_6_7|         array|
|p_ZL13poly_buffer_1_6_7_address1       |  out|    9|   ap_memory|       p_ZL13poly_buffer_1_6_7|         array|
|p_ZL13poly_buffer_1_6_7_ce1            |  out|    1|   ap_memory|       p_ZL13poly_buffer_1_6_7|         array|
|p_ZL13poly_buffer_1_6_7_we1            |  out|    1|   ap_memory|       p_ZL13poly_buffer_1_6_7|         array|
|p_ZL13poly_buffer_1_6_7_d1             |  out|   64|   ap_memory|       p_ZL13poly_buffer_1_6_7|         array|
|p_ZL13poly_buffer_1_7_7_address0       |  out|    9|   ap_memory|       p_ZL13poly_buffer_1_7_7|         array|
|p_ZL13poly_buffer_1_7_7_ce0            |  out|    1|   ap_memory|       p_ZL13poly_buffer_1_7_7|         array|
|p_ZL13poly_buffer_1_7_7_q0             |   in|   64|   ap_memory|       p_ZL13poly_buffer_1_7_7|         array|
|p_ZL13poly_buffer_1_7_7_address1       |  out|    9|   ap_memory|       p_ZL13poly_buffer_1_7_7|         array|
|p_ZL13poly_buffer_1_7_7_ce1            |  out|    1|   ap_memory|       p_ZL13poly_buffer_1_7_7|         array|
|p_ZL13poly_buffer_1_7_7_we1            |  out|    1|   ap_memory|       p_ZL13poly_buffer_1_7_7|         array|
|p_ZL13poly_buffer_1_7_7_d1             |  out|   64|   ap_memory|       p_ZL13poly_buffer_1_7_7|         array|
|p_ZL16NTTTwiddleFactor_0_0_address0    |  out|   12|   ap_memory|    p_ZL16NTTTwiddleFactor_0_0|         array|
|p_ZL16NTTTwiddleFactor_0_0_ce0         |  out|    1|   ap_memory|    p_ZL16NTTTwiddleFactor_0_0|         array|
|p_ZL16NTTTwiddleFactor_0_0_q0          |   in|   64|   ap_memory|    p_ZL16NTTTwiddleFactor_0_0|         array|
|p_ZL16NTTTwiddleFactor_0_1_address0    |  out|   12|   ap_memory|    p_ZL16NTTTwiddleFactor_0_1|         array|
|p_ZL16NTTTwiddleFactor_0_1_ce0         |  out|    1|   ap_memory|    p_ZL16NTTTwiddleFactor_0_1|         array|
|p_ZL16NTTTwiddleFactor_0_1_q0          |   in|   64|   ap_memory|    p_ZL16NTTTwiddleFactor_0_1|         array|
|p_ZL16NTTTwiddleFactor_0_2_address0    |  out|   12|   ap_memory|    p_ZL16NTTTwiddleFactor_0_2|         array|
|p_ZL16NTTTwiddleFactor_0_2_ce0         |  out|    1|   ap_memory|    p_ZL16NTTTwiddleFactor_0_2|         array|
|p_ZL16NTTTwiddleFactor_0_2_q0          |   in|   64|   ap_memory|    p_ZL16NTTTwiddleFactor_0_2|         array|
|p_ZL16NTTTwiddleFactor_0_3_address0    |  out|   12|   ap_memory|    p_ZL16NTTTwiddleFactor_0_3|         array|
|p_ZL16NTTTwiddleFactor_0_3_ce0         |  out|    1|   ap_memory|    p_ZL16NTTTwiddleFactor_0_3|         array|
|p_ZL16NTTTwiddleFactor_0_3_q0          |   in|   64|   ap_memory|    p_ZL16NTTTwiddleFactor_0_3|         array|
|p_ZL16NTTTwiddleFactor_1_0_address0    |  out|   12|   ap_memory|    p_ZL16NTTTwiddleFactor_1_0|         array|
|p_ZL16NTTTwiddleFactor_1_0_ce0         |  out|    1|   ap_memory|    p_ZL16NTTTwiddleFactor_1_0|         array|
|p_ZL16NTTTwiddleFactor_1_0_q0          |   in|   64|   ap_memory|    p_ZL16NTTTwiddleFactor_1_0|         array|
|p_ZL16NTTTwiddleFactor_1_1_address0    |  out|   12|   ap_memory|    p_ZL16NTTTwiddleFactor_1_1|         array|
|p_ZL16NTTTwiddleFactor_1_1_ce0         |  out|    1|   ap_memory|    p_ZL16NTTTwiddleFactor_1_1|         array|
|p_ZL16NTTTwiddleFactor_1_1_q0          |   in|   64|   ap_memory|    p_ZL16NTTTwiddleFactor_1_1|         array|
|p_ZL16NTTTwiddleFactor_1_2_address0    |  out|   12|   ap_memory|    p_ZL16NTTTwiddleFactor_1_2|         array|
|p_ZL16NTTTwiddleFactor_1_2_ce0         |  out|    1|   ap_memory|    p_ZL16NTTTwiddleFactor_1_2|         array|
|p_ZL16NTTTwiddleFactor_1_2_q0          |   in|   64|   ap_memory|    p_ZL16NTTTwiddleFactor_1_2|         array|
|p_ZL16NTTTwiddleFactor_1_3_address0    |  out|   12|   ap_memory|    p_ZL16NTTTwiddleFactor_1_3|         array|
|p_ZL16NTTTwiddleFactor_1_3_ce0         |  out|    1|   ap_memory|    p_ZL16NTTTwiddleFactor_1_3|         array|
|p_ZL16NTTTwiddleFactor_1_3_q0          |   in|   64|   ap_memory|    p_ZL16NTTTwiddleFactor_1_3|         array|
|p_ZL16NTTTwiddleFactor_2_0_address0    |  out|   12|   ap_memory|    p_ZL16NTTTwiddleFactor_2_0|         array|
|p_ZL16NTTTwiddleFactor_2_0_ce0         |  out|    1|   ap_memory|    p_ZL16NTTTwiddleFactor_2_0|         array|
|p_ZL16NTTTwiddleFactor_2_0_q0          |   in|   64|   ap_memory|    p_ZL16NTTTwiddleFactor_2_0|         array|
|p_ZL16NTTTwiddleFactor_2_1_address0    |  out|   12|   ap_memory|    p_ZL16NTTTwiddleFactor_2_1|         array|
|p_ZL16NTTTwiddleFactor_2_1_ce0         |  out|    1|   ap_memory|    p_ZL16NTTTwiddleFactor_2_1|         array|
|p_ZL16NTTTwiddleFactor_2_1_q0          |   in|   64|   ap_memory|    p_ZL16NTTTwiddleFactor_2_1|         array|
|p_ZL16NTTTwiddleFactor_2_2_address0    |  out|   12|   ap_memory|    p_ZL16NTTTwiddleFactor_2_2|         array|
|p_ZL16NTTTwiddleFactor_2_2_ce0         |  out|    1|   ap_memory|    p_ZL16NTTTwiddleFactor_2_2|         array|
|p_ZL16NTTTwiddleFactor_2_2_q0          |   in|   64|   ap_memory|    p_ZL16NTTTwiddleFactor_2_2|         array|
|p_ZL16NTTTwiddleFactor_2_3_address0    |  out|   12|   ap_memory|    p_ZL16NTTTwiddleFactor_2_3|         array|
|p_ZL16NTTTwiddleFactor_2_3_ce0         |  out|    1|   ap_memory|    p_ZL16NTTTwiddleFactor_2_3|         array|
|p_ZL16NTTTwiddleFactor_2_3_q0          |   in|   64|   ap_memory|    p_ZL16NTTTwiddleFactor_2_3|         array|
|p_ZL16NTTTwiddleFactor_3_0_address0    |  out|   12|   ap_memory|    p_ZL16NTTTwiddleFactor_3_0|         array|
|p_ZL16NTTTwiddleFactor_3_0_ce0         |  out|    1|   ap_memory|    p_ZL16NTTTwiddleFactor_3_0|         array|
|p_ZL16NTTTwiddleFactor_3_0_q0          |   in|   64|   ap_memory|    p_ZL16NTTTwiddleFactor_3_0|         array|
|p_ZL16NTTTwiddleFactor_3_1_address0    |  out|   12|   ap_memory|    p_ZL16NTTTwiddleFactor_3_1|         array|
|p_ZL16NTTTwiddleFactor_3_1_ce0         |  out|    1|   ap_memory|    p_ZL16NTTTwiddleFactor_3_1|         array|
|p_ZL16NTTTwiddleFactor_3_1_q0          |   in|   64|   ap_memory|    p_ZL16NTTTwiddleFactor_3_1|         array|
|p_ZL16NTTTwiddleFactor_3_2_address0    |  out|   12|   ap_memory|    p_ZL16NTTTwiddleFactor_3_2|         array|
|p_ZL16NTTTwiddleFactor_3_2_ce0         |  out|    1|   ap_memory|    p_ZL16NTTTwiddleFactor_3_2|         array|
|p_ZL16NTTTwiddleFactor_3_2_q0          |   in|   64|   ap_memory|    p_ZL16NTTTwiddleFactor_3_2|         array|
|p_ZL16NTTTwiddleFactor_3_3_address0    |  out|   12|   ap_memory|    p_ZL16NTTTwiddleFactor_3_3|         array|
|p_ZL16NTTTwiddleFactor_3_3_ce0         |  out|    1|   ap_memory|    p_ZL16NTTTwiddleFactor_3_3|         array|
|p_ZL16NTTTwiddleFactor_3_3_q0          |   in|   64|   ap_memory|    p_ZL16NTTTwiddleFactor_3_3|         array|
|p_ZL16NTTTwiddleFactor_4_0_address0    |  out|   12|   ap_memory|    p_ZL16NTTTwiddleFactor_4_0|         array|
|p_ZL16NTTTwiddleFactor_4_0_ce0         |  out|    1|   ap_memory|    p_ZL16NTTTwiddleFactor_4_0|         array|
|p_ZL16NTTTwiddleFactor_4_0_q0          |   in|   64|   ap_memory|    p_ZL16NTTTwiddleFactor_4_0|         array|
|p_ZL16NTTTwiddleFactor_4_1_address0    |  out|   12|   ap_memory|    p_ZL16NTTTwiddleFactor_4_1|         array|
|p_ZL16NTTTwiddleFactor_4_1_ce0         |  out|    1|   ap_memory|    p_ZL16NTTTwiddleFactor_4_1|         array|
|p_ZL16NTTTwiddleFactor_4_1_q0          |   in|   64|   ap_memory|    p_ZL16NTTTwiddleFactor_4_1|         array|
|p_ZL16NTTTwiddleFactor_4_2_address0    |  out|   12|   ap_memory|    p_ZL16NTTTwiddleFactor_4_2|         array|
|p_ZL16NTTTwiddleFactor_4_2_ce0         |  out|    1|   ap_memory|    p_ZL16NTTTwiddleFactor_4_2|         array|
|p_ZL16NTTTwiddleFactor_4_2_q0          |   in|   64|   ap_memory|    p_ZL16NTTTwiddleFactor_4_2|         array|
|p_ZL16NTTTwiddleFactor_4_3_address0    |  out|   12|   ap_memory|    p_ZL16NTTTwiddleFactor_4_3|         array|
|p_ZL16NTTTwiddleFactor_4_3_ce0         |  out|    1|   ap_memory|    p_ZL16NTTTwiddleFactor_4_3|         array|
|p_ZL16NTTTwiddleFactor_4_3_q0          |   in|   64|   ap_memory|    p_ZL16NTTTwiddleFactor_4_3|         array|
|p_ZL16NTTTwiddleFactor_5_0_address0    |  out|   12|   ap_memory|    p_ZL16NTTTwiddleFactor_5_0|         array|
|p_ZL16NTTTwiddleFactor_5_0_ce0         |  out|    1|   ap_memory|    p_ZL16NTTTwiddleFactor_5_0|         array|
|p_ZL16NTTTwiddleFactor_5_0_q0          |   in|   64|   ap_memory|    p_ZL16NTTTwiddleFactor_5_0|         array|
|p_ZL16NTTTwiddleFactor_5_1_address0    |  out|   12|   ap_memory|    p_ZL16NTTTwiddleFactor_5_1|         array|
|p_ZL16NTTTwiddleFactor_5_1_ce0         |  out|    1|   ap_memory|    p_ZL16NTTTwiddleFactor_5_1|         array|
|p_ZL16NTTTwiddleFactor_5_1_q0          |   in|   64|   ap_memory|    p_ZL16NTTTwiddleFactor_5_1|         array|
|p_ZL16NTTTwiddleFactor_5_2_address0    |  out|   12|   ap_memory|    p_ZL16NTTTwiddleFactor_5_2|         array|
|p_ZL16NTTTwiddleFactor_5_2_ce0         |  out|    1|   ap_memory|    p_ZL16NTTTwiddleFactor_5_2|         array|
|p_ZL16NTTTwiddleFactor_5_2_q0          |   in|   64|   ap_memory|    p_ZL16NTTTwiddleFactor_5_2|         array|
|p_ZL16NTTTwiddleFactor_5_3_address0    |  out|   12|   ap_memory|    p_ZL16NTTTwiddleFactor_5_3|         array|
|p_ZL16NTTTwiddleFactor_5_3_ce0         |  out|    1|   ap_memory|    p_ZL16NTTTwiddleFactor_5_3|         array|
|p_ZL16NTTTwiddleFactor_5_3_q0          |   in|   64|   ap_memory|    p_ZL16NTTTwiddleFactor_5_3|         array|
|p_ZL16NTTTwiddleFactor_6_0_address0    |  out|   12|   ap_memory|    p_ZL16NTTTwiddleFactor_6_0|         array|
|p_ZL16NTTTwiddleFactor_6_0_ce0         |  out|    1|   ap_memory|    p_ZL16NTTTwiddleFactor_6_0|         array|
|p_ZL16NTTTwiddleFactor_6_0_q0          |   in|   64|   ap_memory|    p_ZL16NTTTwiddleFactor_6_0|         array|
|p_ZL16NTTTwiddleFactor_6_1_address0    |  out|   12|   ap_memory|    p_ZL16NTTTwiddleFactor_6_1|         array|
|p_ZL16NTTTwiddleFactor_6_1_ce0         |  out|    1|   ap_memory|    p_ZL16NTTTwiddleFactor_6_1|         array|
|p_ZL16NTTTwiddleFactor_6_1_q0          |   in|   64|   ap_memory|    p_ZL16NTTTwiddleFactor_6_1|         array|
|p_ZL16NTTTwiddleFactor_6_2_address0    |  out|   12|   ap_memory|    p_ZL16NTTTwiddleFactor_6_2|         array|
|p_ZL16NTTTwiddleFactor_6_2_ce0         |  out|    1|   ap_memory|    p_ZL16NTTTwiddleFactor_6_2|         array|
|p_ZL16NTTTwiddleFactor_6_2_q0          |   in|   64|   ap_memory|    p_ZL16NTTTwiddleFactor_6_2|         array|
|p_ZL16NTTTwiddleFactor_6_3_address0    |  out|   12|   ap_memory|    p_ZL16NTTTwiddleFactor_6_3|         array|
|p_ZL16NTTTwiddleFactor_6_3_ce0         |  out|    1|   ap_memory|    p_ZL16NTTTwiddleFactor_6_3|         array|
|p_ZL16NTTTwiddleFactor_6_3_q0          |   in|   64|   ap_memory|    p_ZL16NTTTwiddleFactor_6_3|         array|
|p_ZL16NTTTwiddleFactor_7_0_address0    |  out|   12|   ap_memory|    p_ZL16NTTTwiddleFactor_7_0|         array|
|p_ZL16NTTTwiddleFactor_7_0_ce0         |  out|    1|   ap_memory|    p_ZL16NTTTwiddleFactor_7_0|         array|
|p_ZL16NTTTwiddleFactor_7_0_q0          |   in|   64|   ap_memory|    p_ZL16NTTTwiddleFactor_7_0|         array|
|p_ZL16NTTTwiddleFactor_7_1_address0    |  out|   12|   ap_memory|    p_ZL16NTTTwiddleFactor_7_1|         array|
|p_ZL16NTTTwiddleFactor_7_1_ce0         |  out|    1|   ap_memory|    p_ZL16NTTTwiddleFactor_7_1|         array|
|p_ZL16NTTTwiddleFactor_7_1_q0          |   in|   64|   ap_memory|    p_ZL16NTTTwiddleFactor_7_1|         array|
|p_ZL16NTTTwiddleFactor_7_2_address0    |  out|   12|   ap_memory|    p_ZL16NTTTwiddleFactor_7_2|         array|
|p_ZL16NTTTwiddleFactor_7_2_ce0         |  out|    1|   ap_memory|    p_ZL16NTTTwiddleFactor_7_2|         array|
|p_ZL16NTTTwiddleFactor_7_2_q0          |   in|   64|   ap_memory|    p_ZL16NTTTwiddleFactor_7_2|         array|
|p_ZL16NTTTwiddleFactor_7_3_address0    |  out|   12|   ap_memory|    p_ZL16NTTTwiddleFactor_7_3|         array|
|p_ZL16NTTTwiddleFactor_7_3_ce0         |  out|    1|   ap_memory|    p_ZL16NTTTwiddleFactor_7_3|         array|
|p_ZL16NTTTwiddleFactor_7_3_q0          |   in|   64|   ap_memory|    p_ZL16NTTTwiddleFactor_7_3|         array|
|p_ZL16NTTTwiddleFactor_8_0_address0    |  out|   12|   ap_memory|    p_ZL16NTTTwiddleFactor_8_0|         array|
|p_ZL16NTTTwiddleFactor_8_0_ce0         |  out|    1|   ap_memory|    p_ZL16NTTTwiddleFactor_8_0|         array|
|p_ZL16NTTTwiddleFactor_8_0_q0          |   in|   64|   ap_memory|    p_ZL16NTTTwiddleFactor_8_0|         array|
|p_ZL16NTTTwiddleFactor_8_1_address0    |  out|   12|   ap_memory|    p_ZL16NTTTwiddleFactor_8_1|         array|
|p_ZL16NTTTwiddleFactor_8_1_ce0         |  out|    1|   ap_memory|    p_ZL16NTTTwiddleFactor_8_1|         array|
|p_ZL16NTTTwiddleFactor_8_1_q0          |   in|   64|   ap_memory|    p_ZL16NTTTwiddleFactor_8_1|         array|
|p_ZL16NTTTwiddleFactor_8_2_address0    |  out|   12|   ap_memory|    p_ZL16NTTTwiddleFactor_8_2|         array|
|p_ZL16NTTTwiddleFactor_8_2_ce0         |  out|    1|   ap_memory|    p_ZL16NTTTwiddleFactor_8_2|         array|
|p_ZL16NTTTwiddleFactor_8_2_q0          |   in|   64|   ap_memory|    p_ZL16NTTTwiddleFactor_8_2|         array|
|p_ZL16NTTTwiddleFactor_8_3_address0    |  out|   12|   ap_memory|    p_ZL16NTTTwiddleFactor_8_3|         array|
|p_ZL16NTTTwiddleFactor_8_3_ce0         |  out|    1|   ap_memory|    p_ZL16NTTTwiddleFactor_8_3|         array|
|p_ZL16NTTTwiddleFactor_8_3_q0          |   in|   64|   ap_memory|    p_ZL16NTTTwiddleFactor_8_3|         array|
|p_ZL16NTTTwiddleFactor_9_0_address0    |  out|   12|   ap_memory|    p_ZL16NTTTwiddleFactor_9_0|         array|
|p_ZL16NTTTwiddleFactor_9_0_ce0         |  out|    1|   ap_memory|    p_ZL16NTTTwiddleFactor_9_0|         array|
|p_ZL16NTTTwiddleFactor_9_0_q0          |   in|   64|   ap_memory|    p_ZL16NTTTwiddleFactor_9_0|         array|
|p_ZL16NTTTwiddleFactor_9_1_address0    |  out|   12|   ap_memory|    p_ZL16NTTTwiddleFactor_9_1|         array|
|p_ZL16NTTTwiddleFactor_9_1_ce0         |  out|    1|   ap_memory|    p_ZL16NTTTwiddleFactor_9_1|         array|
|p_ZL16NTTTwiddleFactor_9_1_q0          |   in|   64|   ap_memory|    p_ZL16NTTTwiddleFactor_9_1|         array|
|p_ZL16NTTTwiddleFactor_9_2_address0    |  out|   12|   ap_memory|    p_ZL16NTTTwiddleFactor_9_2|         array|
|p_ZL16NTTTwiddleFactor_9_2_ce0         |  out|    1|   ap_memory|    p_ZL16NTTTwiddleFactor_9_2|         array|
|p_ZL16NTTTwiddleFactor_9_2_q0          |   in|   64|   ap_memory|    p_ZL16NTTTwiddleFactor_9_2|         array|
|p_ZL16NTTTwiddleFactor_9_3_address0    |  out|   12|   ap_memory|    p_ZL16NTTTwiddleFactor_9_3|         array|
|p_ZL16NTTTwiddleFactor_9_3_ce0         |  out|    1|   ap_memory|    p_ZL16NTTTwiddleFactor_9_3|         array|
|p_ZL16NTTTwiddleFactor_9_3_q0          |   in|   64|   ap_memory|    p_ZL16NTTTwiddleFactor_9_3|         array|
|p_ZL16NTTTwiddleFactor_10_0_address0   |  out|   12|   ap_memory|   p_ZL16NTTTwiddleFactor_10_0|         array|
|p_ZL16NTTTwiddleFactor_10_0_ce0        |  out|    1|   ap_memory|   p_ZL16NTTTwiddleFactor_10_0|         array|
|p_ZL16NTTTwiddleFactor_10_0_q0         |   in|   64|   ap_memory|   p_ZL16NTTTwiddleFactor_10_0|         array|
|p_ZL16NTTTwiddleFactor_10_1_address0   |  out|   12|   ap_memory|   p_ZL16NTTTwiddleFactor_10_1|         array|
|p_ZL16NTTTwiddleFactor_10_1_ce0        |  out|    1|   ap_memory|   p_ZL16NTTTwiddleFactor_10_1|         array|
|p_ZL16NTTTwiddleFactor_10_1_q0         |   in|   64|   ap_memory|   p_ZL16NTTTwiddleFactor_10_1|         array|
|p_ZL16NTTTwiddleFactor_10_2_address0   |  out|   12|   ap_memory|   p_ZL16NTTTwiddleFactor_10_2|         array|
|p_ZL16NTTTwiddleFactor_10_2_ce0        |  out|    1|   ap_memory|   p_ZL16NTTTwiddleFactor_10_2|         array|
|p_ZL16NTTTwiddleFactor_10_2_q0         |   in|   64|   ap_memory|   p_ZL16NTTTwiddleFactor_10_2|         array|
|p_ZL16NTTTwiddleFactor_10_3_address0   |  out|   12|   ap_memory|   p_ZL16NTTTwiddleFactor_10_3|         array|
|p_ZL16NTTTwiddleFactor_10_3_ce0        |  out|    1|   ap_memory|   p_ZL16NTTTwiddleFactor_10_3|         array|
|p_ZL16NTTTwiddleFactor_10_3_q0         |   in|   64|   ap_memory|   p_ZL16NTTTwiddleFactor_10_3|         array|
|p_ZL16NTTTwiddleFactor_11_0_address0   |  out|   12|   ap_memory|   p_ZL16NTTTwiddleFactor_11_0|         array|
|p_ZL16NTTTwiddleFactor_11_0_ce0        |  out|    1|   ap_memory|   p_ZL16NTTTwiddleFactor_11_0|         array|
|p_ZL16NTTTwiddleFactor_11_0_q0         |   in|   64|   ap_memory|   p_ZL16NTTTwiddleFactor_11_0|         array|
|p_ZL16NTTTwiddleFactor_11_1_address0   |  out|   12|   ap_memory|   p_ZL16NTTTwiddleFactor_11_1|         array|
|p_ZL16NTTTwiddleFactor_11_1_ce0        |  out|    1|   ap_memory|   p_ZL16NTTTwiddleFactor_11_1|         array|
|p_ZL16NTTTwiddleFactor_11_1_q0         |   in|   64|   ap_memory|   p_ZL16NTTTwiddleFactor_11_1|         array|
|p_ZL16NTTTwiddleFactor_11_2_address0   |  out|   12|   ap_memory|   p_ZL16NTTTwiddleFactor_11_2|         array|
|p_ZL16NTTTwiddleFactor_11_2_ce0        |  out|    1|   ap_memory|   p_ZL16NTTTwiddleFactor_11_2|         array|
|p_ZL16NTTTwiddleFactor_11_2_q0         |   in|   64|   ap_memory|   p_ZL16NTTTwiddleFactor_11_2|         array|
|p_ZL16NTTTwiddleFactor_11_3_address0   |  out|   12|   ap_memory|   p_ZL16NTTTwiddleFactor_11_3|         array|
|p_ZL16NTTTwiddleFactor_11_3_ce0        |  out|    1|   ap_memory|   p_ZL16NTTTwiddleFactor_11_3|         array|
|p_ZL16NTTTwiddleFactor_11_3_q0         |   in|   64|   ap_memory|   p_ZL16NTTTwiddleFactor_11_3|         array|
|p_ZL17INTTTwiddleFactor_0_0_address0   |  out|   12|   ap_memory|   p_ZL17INTTTwiddleFactor_0_0|         array|
|p_ZL17INTTTwiddleFactor_0_0_ce0        |  out|    1|   ap_memory|   p_ZL17INTTTwiddleFactor_0_0|         array|
|p_ZL17INTTTwiddleFactor_0_0_q0         |   in|   64|   ap_memory|   p_ZL17INTTTwiddleFactor_0_0|         array|
|p_ZL17INTTTwiddleFactor_0_1_address0   |  out|   12|   ap_memory|   p_ZL17INTTTwiddleFactor_0_1|         array|
|p_ZL17INTTTwiddleFactor_0_1_ce0        |  out|    1|   ap_memory|   p_ZL17INTTTwiddleFactor_0_1|         array|
|p_ZL17INTTTwiddleFactor_0_1_q0         |   in|   64|   ap_memory|   p_ZL17INTTTwiddleFactor_0_1|         array|
|p_ZL17INTTTwiddleFactor_0_2_address0   |  out|   12|   ap_memory|   p_ZL17INTTTwiddleFactor_0_2|         array|
|p_ZL17INTTTwiddleFactor_0_2_ce0        |  out|    1|   ap_memory|   p_ZL17INTTTwiddleFactor_0_2|         array|
|p_ZL17INTTTwiddleFactor_0_2_q0         |   in|   64|   ap_memory|   p_ZL17INTTTwiddleFactor_0_2|         array|
|p_ZL17INTTTwiddleFactor_0_3_address0   |  out|   12|   ap_memory|   p_ZL17INTTTwiddleFactor_0_3|         array|
|p_ZL17INTTTwiddleFactor_0_3_ce0        |  out|    1|   ap_memory|   p_ZL17INTTTwiddleFactor_0_3|         array|
|p_ZL17INTTTwiddleFactor_0_3_q0         |   in|   64|   ap_memory|   p_ZL17INTTTwiddleFactor_0_3|         array|
|p_ZL17INTTTwiddleFactor_1_0_address0   |  out|   12|   ap_memory|   p_ZL17INTTTwiddleFactor_1_0|         array|
|p_ZL17INTTTwiddleFactor_1_0_ce0        |  out|    1|   ap_memory|   p_ZL17INTTTwiddleFactor_1_0|         array|
|p_ZL17INTTTwiddleFactor_1_0_q0         |   in|   64|   ap_memory|   p_ZL17INTTTwiddleFactor_1_0|         array|
|p_ZL17INTTTwiddleFactor_1_1_address0   |  out|   12|   ap_memory|   p_ZL17INTTTwiddleFactor_1_1|         array|
|p_ZL17INTTTwiddleFactor_1_1_ce0        |  out|    1|   ap_memory|   p_ZL17INTTTwiddleFactor_1_1|         array|
|p_ZL17INTTTwiddleFactor_1_1_q0         |   in|   64|   ap_memory|   p_ZL17INTTTwiddleFactor_1_1|         array|
|p_ZL17INTTTwiddleFactor_1_2_address0   |  out|   12|   ap_memory|   p_ZL17INTTTwiddleFactor_1_2|         array|
|p_ZL17INTTTwiddleFactor_1_2_ce0        |  out|    1|   ap_memory|   p_ZL17INTTTwiddleFactor_1_2|         array|
|p_ZL17INTTTwiddleFactor_1_2_q0         |   in|   64|   ap_memory|   p_ZL17INTTTwiddleFactor_1_2|         array|
|p_ZL17INTTTwiddleFactor_1_3_address0   |  out|   12|   ap_memory|   p_ZL17INTTTwiddleFactor_1_3|         array|
|p_ZL17INTTTwiddleFactor_1_3_ce0        |  out|    1|   ap_memory|   p_ZL17INTTTwiddleFactor_1_3|         array|
|p_ZL17INTTTwiddleFactor_1_3_q0         |   in|   64|   ap_memory|   p_ZL17INTTTwiddleFactor_1_3|         array|
|p_ZL17INTTTwiddleFactor_2_0_address0   |  out|   12|   ap_memory|   p_ZL17INTTTwiddleFactor_2_0|         array|
|p_ZL17INTTTwiddleFactor_2_0_ce0        |  out|    1|   ap_memory|   p_ZL17INTTTwiddleFactor_2_0|         array|
|p_ZL17INTTTwiddleFactor_2_0_q0         |   in|   64|   ap_memory|   p_ZL17INTTTwiddleFactor_2_0|         array|
|p_ZL17INTTTwiddleFactor_2_1_address0   |  out|   12|   ap_memory|   p_ZL17INTTTwiddleFactor_2_1|         array|
|p_ZL17INTTTwiddleFactor_2_1_ce0        |  out|    1|   ap_memory|   p_ZL17INTTTwiddleFactor_2_1|         array|
|p_ZL17INTTTwiddleFactor_2_1_q0         |   in|   64|   ap_memory|   p_ZL17INTTTwiddleFactor_2_1|         array|
|p_ZL17INTTTwiddleFactor_2_2_address0   |  out|   12|   ap_memory|   p_ZL17INTTTwiddleFactor_2_2|         array|
|p_ZL17INTTTwiddleFactor_2_2_ce0        |  out|    1|   ap_memory|   p_ZL17INTTTwiddleFactor_2_2|         array|
|p_ZL17INTTTwiddleFactor_2_2_q0         |   in|   64|   ap_memory|   p_ZL17INTTTwiddleFactor_2_2|         array|
|p_ZL17INTTTwiddleFactor_2_3_address0   |  out|   12|   ap_memory|   p_ZL17INTTTwiddleFactor_2_3|         array|
|p_ZL17INTTTwiddleFactor_2_3_ce0        |  out|    1|   ap_memory|   p_ZL17INTTTwiddleFactor_2_3|         array|
|p_ZL17INTTTwiddleFactor_2_3_q0         |   in|   64|   ap_memory|   p_ZL17INTTTwiddleFactor_2_3|         array|
|p_ZL17INTTTwiddleFactor_3_0_address0   |  out|   12|   ap_memory|   p_ZL17INTTTwiddleFactor_3_0|         array|
|p_ZL17INTTTwiddleFactor_3_0_ce0        |  out|    1|   ap_memory|   p_ZL17INTTTwiddleFactor_3_0|         array|
|p_ZL17INTTTwiddleFactor_3_0_q0         |   in|   64|   ap_memory|   p_ZL17INTTTwiddleFactor_3_0|         array|
|p_ZL17INTTTwiddleFactor_3_1_address0   |  out|   12|   ap_memory|   p_ZL17INTTTwiddleFactor_3_1|         array|
|p_ZL17INTTTwiddleFactor_3_1_ce0        |  out|    1|   ap_memory|   p_ZL17INTTTwiddleFactor_3_1|         array|
|p_ZL17INTTTwiddleFactor_3_1_q0         |   in|   64|   ap_memory|   p_ZL17INTTTwiddleFactor_3_1|         array|
|p_ZL17INTTTwiddleFactor_3_2_address0   |  out|   12|   ap_memory|   p_ZL17INTTTwiddleFactor_3_2|         array|
|p_ZL17INTTTwiddleFactor_3_2_ce0        |  out|    1|   ap_memory|   p_ZL17INTTTwiddleFactor_3_2|         array|
|p_ZL17INTTTwiddleFactor_3_2_q0         |   in|   64|   ap_memory|   p_ZL17INTTTwiddleFactor_3_2|         array|
|p_ZL17INTTTwiddleFactor_3_3_address0   |  out|   12|   ap_memory|   p_ZL17INTTTwiddleFactor_3_3|         array|
|p_ZL17INTTTwiddleFactor_3_3_ce0        |  out|    1|   ap_memory|   p_ZL17INTTTwiddleFactor_3_3|         array|
|p_ZL17INTTTwiddleFactor_3_3_q0         |   in|   64|   ap_memory|   p_ZL17INTTTwiddleFactor_3_3|         array|
|p_ZL17INTTTwiddleFactor_4_0_address0   |  out|   12|   ap_memory|   p_ZL17INTTTwiddleFactor_4_0|         array|
|p_ZL17INTTTwiddleFactor_4_0_ce0        |  out|    1|   ap_memory|   p_ZL17INTTTwiddleFactor_4_0|         array|
|p_ZL17INTTTwiddleFactor_4_0_q0         |   in|   64|   ap_memory|   p_ZL17INTTTwiddleFactor_4_0|         array|
|p_ZL17INTTTwiddleFactor_4_1_address0   |  out|   12|   ap_memory|   p_ZL17INTTTwiddleFactor_4_1|         array|
|p_ZL17INTTTwiddleFactor_4_1_ce0        |  out|    1|   ap_memory|   p_ZL17INTTTwiddleFactor_4_1|         array|
|p_ZL17INTTTwiddleFactor_4_1_q0         |   in|   64|   ap_memory|   p_ZL17INTTTwiddleFactor_4_1|         array|
|p_ZL17INTTTwiddleFactor_4_2_address0   |  out|   12|   ap_memory|   p_ZL17INTTTwiddleFactor_4_2|         array|
|p_ZL17INTTTwiddleFactor_4_2_ce0        |  out|    1|   ap_memory|   p_ZL17INTTTwiddleFactor_4_2|         array|
|p_ZL17INTTTwiddleFactor_4_2_q0         |   in|   64|   ap_memory|   p_ZL17INTTTwiddleFactor_4_2|         array|
|p_ZL17INTTTwiddleFactor_4_3_address0   |  out|   12|   ap_memory|   p_ZL17INTTTwiddleFactor_4_3|         array|
|p_ZL17INTTTwiddleFactor_4_3_ce0        |  out|    1|   ap_memory|   p_ZL17INTTTwiddleFactor_4_3|         array|
|p_ZL17INTTTwiddleFactor_4_3_q0         |   in|   64|   ap_memory|   p_ZL17INTTTwiddleFactor_4_3|         array|
|p_ZL17INTTTwiddleFactor_5_0_address0   |  out|   12|   ap_memory|   p_ZL17INTTTwiddleFactor_5_0|         array|
|p_ZL17INTTTwiddleFactor_5_0_ce0        |  out|    1|   ap_memory|   p_ZL17INTTTwiddleFactor_5_0|         array|
|p_ZL17INTTTwiddleFactor_5_0_q0         |   in|   64|   ap_memory|   p_ZL17INTTTwiddleFactor_5_0|         array|
|p_ZL17INTTTwiddleFactor_5_1_address0   |  out|   12|   ap_memory|   p_ZL17INTTTwiddleFactor_5_1|         array|
|p_ZL17INTTTwiddleFactor_5_1_ce0        |  out|    1|   ap_memory|   p_ZL17INTTTwiddleFactor_5_1|         array|
|p_ZL17INTTTwiddleFactor_5_1_q0         |   in|   64|   ap_memory|   p_ZL17INTTTwiddleFactor_5_1|         array|
|p_ZL17INTTTwiddleFactor_5_2_address0   |  out|   12|   ap_memory|   p_ZL17INTTTwiddleFactor_5_2|         array|
|p_ZL17INTTTwiddleFactor_5_2_ce0        |  out|    1|   ap_memory|   p_ZL17INTTTwiddleFactor_5_2|         array|
|p_ZL17INTTTwiddleFactor_5_2_q0         |   in|   64|   ap_memory|   p_ZL17INTTTwiddleFactor_5_2|         array|
|p_ZL17INTTTwiddleFactor_5_3_address0   |  out|   12|   ap_memory|   p_ZL17INTTTwiddleFactor_5_3|         array|
|p_ZL17INTTTwiddleFactor_5_3_ce0        |  out|    1|   ap_memory|   p_ZL17INTTTwiddleFactor_5_3|         array|
|p_ZL17INTTTwiddleFactor_5_3_q0         |   in|   64|   ap_memory|   p_ZL17INTTTwiddleFactor_5_3|         array|
|p_ZL17INTTTwiddleFactor_6_0_address0   |  out|   12|   ap_memory|   p_ZL17INTTTwiddleFactor_6_0|         array|
|p_ZL17INTTTwiddleFactor_6_0_ce0        |  out|    1|   ap_memory|   p_ZL17INTTTwiddleFactor_6_0|         array|
|p_ZL17INTTTwiddleFactor_6_0_q0         |   in|   64|   ap_memory|   p_ZL17INTTTwiddleFactor_6_0|         array|
|p_ZL17INTTTwiddleFactor_6_1_address0   |  out|   12|   ap_memory|   p_ZL17INTTTwiddleFactor_6_1|         array|
|p_ZL17INTTTwiddleFactor_6_1_ce0        |  out|    1|   ap_memory|   p_ZL17INTTTwiddleFactor_6_1|         array|
|p_ZL17INTTTwiddleFactor_6_1_q0         |   in|   64|   ap_memory|   p_ZL17INTTTwiddleFactor_6_1|         array|
|p_ZL17INTTTwiddleFactor_6_2_address0   |  out|   12|   ap_memory|   p_ZL17INTTTwiddleFactor_6_2|         array|
|p_ZL17INTTTwiddleFactor_6_2_ce0        |  out|    1|   ap_memory|   p_ZL17INTTTwiddleFactor_6_2|         array|
|p_ZL17INTTTwiddleFactor_6_2_q0         |   in|   64|   ap_memory|   p_ZL17INTTTwiddleFactor_6_2|         array|
|p_ZL17INTTTwiddleFactor_6_3_address0   |  out|   12|   ap_memory|   p_ZL17INTTTwiddleFactor_6_3|         array|
|p_ZL17INTTTwiddleFactor_6_3_ce0        |  out|    1|   ap_memory|   p_ZL17INTTTwiddleFactor_6_3|         array|
|p_ZL17INTTTwiddleFactor_6_3_q0         |   in|   64|   ap_memory|   p_ZL17INTTTwiddleFactor_6_3|         array|
|p_ZL17INTTTwiddleFactor_7_0_address0   |  out|   12|   ap_memory|   p_ZL17INTTTwiddleFactor_7_0|         array|
|p_ZL17INTTTwiddleFactor_7_0_ce0        |  out|    1|   ap_memory|   p_ZL17INTTTwiddleFactor_7_0|         array|
|p_ZL17INTTTwiddleFactor_7_0_q0         |   in|   64|   ap_memory|   p_ZL17INTTTwiddleFactor_7_0|         array|
|p_ZL17INTTTwiddleFactor_7_1_address0   |  out|   12|   ap_memory|   p_ZL17INTTTwiddleFactor_7_1|         array|
|p_ZL17INTTTwiddleFactor_7_1_ce0        |  out|    1|   ap_memory|   p_ZL17INTTTwiddleFactor_7_1|         array|
|p_ZL17INTTTwiddleFactor_7_1_q0         |   in|   64|   ap_memory|   p_ZL17INTTTwiddleFactor_7_1|         array|
|p_ZL17INTTTwiddleFactor_7_2_address0   |  out|   12|   ap_memory|   p_ZL17INTTTwiddleFactor_7_2|         array|
|p_ZL17INTTTwiddleFactor_7_2_ce0        |  out|    1|   ap_memory|   p_ZL17INTTTwiddleFactor_7_2|         array|
|p_ZL17INTTTwiddleFactor_7_2_q0         |   in|   64|   ap_memory|   p_ZL17INTTTwiddleFactor_7_2|         array|
|p_ZL17INTTTwiddleFactor_7_3_address0   |  out|   12|   ap_memory|   p_ZL17INTTTwiddleFactor_7_3|         array|
|p_ZL17INTTTwiddleFactor_7_3_ce0        |  out|    1|   ap_memory|   p_ZL17INTTTwiddleFactor_7_3|         array|
|p_ZL17INTTTwiddleFactor_7_3_q0         |   in|   64|   ap_memory|   p_ZL17INTTTwiddleFactor_7_3|         array|
|p_ZL17INTTTwiddleFactor_8_0_address0   |  out|   12|   ap_memory|   p_ZL17INTTTwiddleFactor_8_0|         array|
|p_ZL17INTTTwiddleFactor_8_0_ce0        |  out|    1|   ap_memory|   p_ZL17INTTTwiddleFactor_8_0|         array|
|p_ZL17INTTTwiddleFactor_8_0_q0         |   in|   64|   ap_memory|   p_ZL17INTTTwiddleFactor_8_0|         array|
|p_ZL17INTTTwiddleFactor_8_1_address0   |  out|   12|   ap_memory|   p_ZL17INTTTwiddleFactor_8_1|         array|
|p_ZL17INTTTwiddleFactor_8_1_ce0        |  out|    1|   ap_memory|   p_ZL17INTTTwiddleFactor_8_1|         array|
|p_ZL17INTTTwiddleFactor_8_1_q0         |   in|   64|   ap_memory|   p_ZL17INTTTwiddleFactor_8_1|         array|
|p_ZL17INTTTwiddleFactor_8_2_address0   |  out|   12|   ap_memory|   p_ZL17INTTTwiddleFactor_8_2|         array|
|p_ZL17INTTTwiddleFactor_8_2_ce0        |  out|    1|   ap_memory|   p_ZL17INTTTwiddleFactor_8_2|         array|
|p_ZL17INTTTwiddleFactor_8_2_q0         |   in|   64|   ap_memory|   p_ZL17INTTTwiddleFactor_8_2|         array|
|p_ZL17INTTTwiddleFactor_8_3_address0   |  out|   12|   ap_memory|   p_ZL17INTTTwiddleFactor_8_3|         array|
|p_ZL17INTTTwiddleFactor_8_3_ce0        |  out|    1|   ap_memory|   p_ZL17INTTTwiddleFactor_8_3|         array|
|p_ZL17INTTTwiddleFactor_8_3_q0         |   in|   64|   ap_memory|   p_ZL17INTTTwiddleFactor_8_3|         array|
|p_ZL17INTTTwiddleFactor_9_0_address0   |  out|   12|   ap_memory|   p_ZL17INTTTwiddleFactor_9_0|         array|
|p_ZL17INTTTwiddleFactor_9_0_ce0        |  out|    1|   ap_memory|   p_ZL17INTTTwiddleFactor_9_0|         array|
|p_ZL17INTTTwiddleFactor_9_0_q0         |   in|   64|   ap_memory|   p_ZL17INTTTwiddleFactor_9_0|         array|
|p_ZL17INTTTwiddleFactor_9_1_address0   |  out|   12|   ap_memory|   p_ZL17INTTTwiddleFactor_9_1|         array|
|p_ZL17INTTTwiddleFactor_9_1_ce0        |  out|    1|   ap_memory|   p_ZL17INTTTwiddleFactor_9_1|         array|
|p_ZL17INTTTwiddleFactor_9_1_q0         |   in|   64|   ap_memory|   p_ZL17INTTTwiddleFactor_9_1|         array|
|p_ZL17INTTTwiddleFactor_9_2_address0   |  out|   12|   ap_memory|   p_ZL17INTTTwiddleFactor_9_2|         array|
|p_ZL17INTTTwiddleFactor_9_2_ce0        |  out|    1|   ap_memory|   p_ZL17INTTTwiddleFactor_9_2|         array|
|p_ZL17INTTTwiddleFactor_9_2_q0         |   in|   64|   ap_memory|   p_ZL17INTTTwiddleFactor_9_2|         array|
|p_ZL17INTTTwiddleFactor_9_3_address0   |  out|   12|   ap_memory|   p_ZL17INTTTwiddleFactor_9_3|         array|
|p_ZL17INTTTwiddleFactor_9_3_ce0        |  out|    1|   ap_memory|   p_ZL17INTTTwiddleFactor_9_3|         array|
|p_ZL17INTTTwiddleFactor_9_3_q0         |   in|   64|   ap_memory|   p_ZL17INTTTwiddleFactor_9_3|         array|
|p_ZL17INTTTwiddleFactor_10_0_address0  |  out|   12|   ap_memory|  p_ZL17INTTTwiddleFactor_10_0|         array|
|p_ZL17INTTTwiddleFactor_10_0_ce0       |  out|    1|   ap_memory|  p_ZL17INTTTwiddleFactor_10_0|         array|
|p_ZL17INTTTwiddleFactor_10_0_q0        |   in|   64|   ap_memory|  p_ZL17INTTTwiddleFactor_10_0|         array|
|p_ZL17INTTTwiddleFactor_10_1_address0  |  out|   12|   ap_memory|  p_ZL17INTTTwiddleFactor_10_1|         array|
|p_ZL17INTTTwiddleFactor_10_1_ce0       |  out|    1|   ap_memory|  p_ZL17INTTTwiddleFactor_10_1|         array|
|p_ZL17INTTTwiddleFactor_10_1_q0        |   in|   64|   ap_memory|  p_ZL17INTTTwiddleFactor_10_1|         array|
|p_ZL17INTTTwiddleFactor_10_2_address0  |  out|   12|   ap_memory|  p_ZL17INTTTwiddleFactor_10_2|         array|
|p_ZL17INTTTwiddleFactor_10_2_ce0       |  out|    1|   ap_memory|  p_ZL17INTTTwiddleFactor_10_2|         array|
|p_ZL17INTTTwiddleFactor_10_2_q0        |   in|   64|   ap_memory|  p_ZL17INTTTwiddleFactor_10_2|         array|
|p_ZL17INTTTwiddleFactor_10_3_address0  |  out|   12|   ap_memory|  p_ZL17INTTTwiddleFactor_10_3|         array|
|p_ZL17INTTTwiddleFactor_10_3_ce0       |  out|    1|   ap_memory|  p_ZL17INTTTwiddleFactor_10_3|         array|
|p_ZL17INTTTwiddleFactor_10_3_q0        |   in|   64|   ap_memory|  p_ZL17INTTTwiddleFactor_10_3|         array|
|p_ZL17INTTTwiddleFactor_11_0_address0  |  out|   12|   ap_memory|  p_ZL17INTTTwiddleFactor_11_0|         array|
|p_ZL17INTTTwiddleFactor_11_0_ce0       |  out|    1|   ap_memory|  p_ZL17INTTTwiddleFactor_11_0|         array|
|p_ZL17INTTTwiddleFactor_11_0_q0        |   in|   64|   ap_memory|  p_ZL17INTTTwiddleFactor_11_0|         array|
|p_ZL17INTTTwiddleFactor_11_1_address0  |  out|   12|   ap_memory|  p_ZL17INTTTwiddleFactor_11_1|         array|
|p_ZL17INTTTwiddleFactor_11_1_ce0       |  out|    1|   ap_memory|  p_ZL17INTTTwiddleFactor_11_1|         array|
|p_ZL17INTTTwiddleFactor_11_1_q0        |   in|   64|   ap_memory|  p_ZL17INTTTwiddleFactor_11_1|         array|
|p_ZL17INTTTwiddleFactor_11_2_address0  |  out|   12|   ap_memory|  p_ZL17INTTTwiddleFactor_11_2|         array|
|p_ZL17INTTTwiddleFactor_11_2_ce0       |  out|    1|   ap_memory|  p_ZL17INTTTwiddleFactor_11_2|         array|
|p_ZL17INTTTwiddleFactor_11_2_q0        |   in|   64|   ap_memory|  p_ZL17INTTTwiddleFactor_11_2|         array|
|p_ZL17INTTTwiddleFactor_11_3_address0  |  out|   12|   ap_memory|  p_ZL17INTTTwiddleFactor_11_3|         array|
|p_ZL17INTTTwiddleFactor_11_3_ce0       |  out|    1|   ap_memory|  p_ZL17INTTTwiddleFactor_11_3|         array|
|p_ZL17INTTTwiddleFactor_11_3_q0        |   in|   64|   ap_memory|  p_ZL17INTTTwiddleFactor_11_3|         array|
+---------------------------------------+-----+-----+------------+------------------------------+--------------+

