

================================================================
== Vitis HLS Report for 'Top'
================================================================
* Date:           Fri Sep  4 07:49:23 2026

* Version:        2023.2 (Build 4023990 on Oct 11 2023)
* Project:        hks_digit_csynth_shared_v1
* Solution:       solution1 (Vivado IP Flow Target)
* Product family: virtexuplusHBM
* Target device:  xcu55c-fsvh2892-2L-e


================================================================
== Performance Estimates
================================================================
+ Timing: 
    * Summary: 
    +--------+---------+----------+------------+
    |  Clock |  Target | Estimated| Uncertainty|
    +--------+---------+----------+------------+
    |ap_clk  |  6.00 ns|  5.541 ns|     0.75 ns|
    +--------+---------+----------+------------+

+ Latency: 
    * Summary: 
    +---------+---------+----------+----------+-----+-----+---------+
    |  Latency (cycles) |  Latency (absolute) |  Interval | Pipeline|
    |   min   |   max   |    min   |    max   | min | max |   Type  |
    +---------+---------+----------+----------+-----+-----+---------+
    |        ?|        ?|         ?|         ?|    ?|    ?|       no|
    +---------+---------+----------+----------+-----+-----+---------+

    + Detail: 
        * Instance: 
        +-------------------------------------------------------+-------------------------------------------+---------+---------+-----------+-----------+--------+--------+---------+
        |                                                       |                                           |  Latency (cycles) |   Latency (absolute)  |     Interval    | Pipeline|
        |                        Instance                       |                   Module                  |   min   |   max   |    min    |    max    |   min  |   max  |   Type  |
        +-------------------------------------------------------+-------------------------------------------+---------+---------+-----------+-----------+--------+--------+---------+
        |grp_Load_35_36_1_fu_586                                |Load_35_36_1                               |        ?|        ?|          ?|          ?|       ?|       ?|       no|
        |grp_Load_Auto_Meta_fu_725                              |Load_Auto_Meta                             |        9|        9|  54.000 ns|  54.000 ns|       9|       9|       no|
        |grp_Load_BConv_Params_fu_732                           |Load_BConv_Params                          |       55|       55|   0.330 us|   0.330 us|      55|      55|       no|
        |grp_Load_clone_1_fu_747                                |Load_clone_1                               |        ?|        ?|          ?|          ?|       ?|       ?|       no|
        |grp_Compute_Auto_fu_764                                |Compute_Auto                               |     4099|     4099|  24.594 us|  24.594 us|    4099|    4099|       no|
        |grp_Compute_BConv_Systolic_fu_973                      |Compute_BConv_Systolic                     |     6182|     8230|  37.092 us|  49.380 us|    6182|    8230|       no|
        |grp_Compute_Mult_fu_1114                               |Compute_Mult                               |        ?|        ?|          ?|          ?|       ?|       ?|       no|
        |grp_Top_Pipeline_Limb_Loop_Row_Loop_Col_Loop2_fu_1334  |Top_Pipeline_Limb_Loop_Row_Loop_Col_Loop2  |        ?|        ?|          ?|          ?|       ?|       ?|       no|
        |grp_Top_Pipeline_Limb_Loop_Row_Loop_Col_Loop_fu_1545   |Top_Pipeline_Limb_Loop_Row_Loop_Col_Loop   |        ?|        ?|          ?|          ?|       ?|       ?|       no|
        |grp_Store_29_30_44_45_1_fu_1756                        |Store_29_30_44_45_1                        |        ?|        ?|          ?|          ?|       ?|       ?|       no|
        |grp_Store_37_38_1_fu_1829                              |Store_37_38_1                              |        ?|        ?|          ?|          ?|       ?|       ?|       no|
        |grp_Load_Init_Params_fu_1965                           |Load_Init_Params                           |   196681|   196681|   1.180 ms|   1.180 ms|  196681|  196681|       no|
        |grp_Execute_Transform_Operation_fu_2181                |Execute_Transform_Operation                |        ?|        ?|          ?|          ?|       ?|       ?|       no|
        +-------------------------------------------------------+-------------------------------------------+---------+---------+-----------+-----------+--------+--------+---------+

        * Loop: 
        N/A



================================================================
== Utilization Estimates
================================================================
* Summary: 
+---------------------+---------+------+---------+---------+-----+
|         Name        | BRAM_18K|  DSP |    FF   |   LUT   | URAM|
+---------------------+---------+------+---------+---------+-----+
|DSP                  |        -|     -|        -|        -|    -|
|Expression           |        -|     -|        0|      236|    -|
|FIFO                 |        -|     -|        -|        -|    -|
|Instance             |      332|  1392|    78238|   154680|    0|
|Memory               |      372|     -|      384|      470|   96|
|Multiplexer          |        -|     -|        -|    19754|    -|
|Register             |        -|     -|     1034|        -|    -|
+---------------------+---------+------+---------+---------+-----+
|Total                |      704|  1392|    79656|   175140|   96|
+---------------------+---------+------+---------+---------+-----+
|Available SLR        |     1344|  3008|   869120|   434560|  320|
+---------------------+---------+------+---------+---------+-----+
|Utilization SLR (%)  |       52|    46|        9|       40|   30|
+---------------------+---------+------+---------+---------+-----+
|Available            |     4032|  9024|  2607360|  1303680|  960|
+---------------------+---------+------+---------+---------+-----+
|Utilization (%)      |       17|    15|        3|       13|   10|
+---------------------+---------+------+---------+---------+-----+

+ Detail: 
    * Instance: 
    +-------------------------------------------------------+-------------------------------------------+---------+-----+-------+-------+-----+
    |                        Instance                       |                   Module                  | BRAM_18K| DSP |   FF  |  LUT  | URAM|
    +-------------------------------------------------------+-------------------------------------------+---------+-----+-------+-------+-----+
    |grp_Compute_Auto_fu_764                                |Compute_Auto                               |        0|    0|     56|   2884|    0|
    |grp_Compute_BConv_Systolic_fu_973                      |Compute_BConv_Systolic                     |      128|    0|   4114|   8544|    0|
    |grp_Compute_Mult_fu_1114                               |Compute_Mult                               |        0|  232|   7750|  14529|    0|
    |grp_Execute_Transform_Operation_fu_2181                |Execute_Transform_Operation                |      192|  290|  33104|  63328|    0|
    |grp_Load_35_36_1_fu_586                                |Load_35_36_1                               |        0|    0|    484|   1003|    0|
    |grp_Load_Auto_Meta_fu_725                              |Load_Auto_Meta                             |        0|    0|     10|     77|    0|
    |grp_Load_BConv_Params_fu_732                           |Load_BConv_Params                          |        0|    0|    991|   1064|    0|
    |grp_Load_Init_Params_fu_1965                           |Load_Init_Params                           |        0|    0|   1103|   2522|    0|
    |grp_Load_clone_1_fu_747                                |Load_clone_1                               |        0|    0|    477|   1019|    0|
    |grp_MultMod_fu_2812                                    |MultMod                                    |        0|   58|   1692|   3269|    0|
    |grp_MultMod_fu_2820                                    |MultMod                                    |        0|   58|   1692|   3269|    0|
    |grp_MultMod_fu_2828                                    |MultMod                                    |        0|   58|   1692|   3269|    0|
    |grp_MultMod_fu_2836                                    |MultMod                                    |        0|   58|   1692|   3269|    0|
    |grp_MultMod_fu_2844                                    |MultMod                                    |        0|   58|   1692|   3269|    0|
    |grp_MultMod_fu_2852                                    |MultMod                                    |        0|   58|   1692|   3269|    0|
    |grp_MultMod_fu_2860                                    |MultMod                                    |        0|   58|   1692|   3269|    0|
    |grp_MultMod_fu_2868                                    |MultMod                                    |        0|   58|   1692|   3269|    0|
    |grp_MultMod_fu_2876                                    |MultMod                                    |        0|   58|   1692|   3269|    0|
    |grp_MultMod_fu_2884                                    |MultMod                                    |        0|   58|   1692|   3269|    0|
    |grp_MultMod_fu_2892                                    |MultMod                                    |        0|   58|   1692|   3269|    0|
    |grp_MultMod_fu_2900                                    |MultMod                                    |        0|   58|   1692|   3269|    0|
    |grp_MultMod_fu_2908                                    |MultMod                                    |        0|   58|   1692|   3269|    0|
    |grp_MultMod_fu_2916                                    |MultMod                                    |        0|   58|   1692|   3269|    0|
    |grp_MultMod_fu_2924                                    |MultMod                                    |        0|   58|   1692|   3269|    0|
    |grp_Store_29_30_44_45_1_fu_1756                        |Store_29_30_44_45_1                        |        0|    0|    473|   1205|    0|
    |grp_Store_37_38_1_fu_1829                              |Store_37_38_1                              |        0|    0|    332|   1166|    0|
    |grp_Top_Pipeline_Limb_Loop_Row_Loop_Col_Loop_fu_1545   |Top_Pipeline_Limb_Loop_Row_Loop_Col_Loop   |        0|    0|    399|   2305|    0|
    |grp_Top_Pipeline_Limb_Loop_Row_Loop_Col_Loop2_fu_1334  |Top_Pipeline_Limb_Loop_Row_Loop_Col_Loop2  |        0|    0|    595|   2533|    0|
    |control_s_axi_U                                        |control_s_axi                              |        0|    0|    336|    568|    0|
    |gmem0_m_axi_U                                          |gmem0_m_axi                                |        4|    0|    878|    966|    0|
    |gmem1_m_axi_U                                          |gmem1_m_axi                                |        4|    0|    878|    966|    0|
    |gmem2_m_axi_U                                          |gmem2_m_axi                                |        4|    0|    878|    966|    0|
    +-------------------------------------------------------+-------------------------------------------+---------+-----+-------+-------+-----+
    |Total                                                  |                                           |      332| 1392|  78238| 154680|    0|
    +-------------------------------------------------------+-------------------------------------------+---------+-----+-------+-------+-----+

    * DSP: 
    N/A

    * Memory: 
    +--------------------------------+---------------------------------------------+---------+----+----+-----+------+-----+------+-------------+
    |             Memory             |                    Module                   | BRAM_18K| FF | LUT| URAM| Words| Bits| Banks| W*Bits*Banks|
    +--------------------------------+---------------------------------------------+---------+----+----+-----+------+-----+------+-------------+
    |S_U                             |S_RAM_AUTO_1R1W                              |        0|  64|  65|    0|     8|   64|     1|          512|
    |M_U                             |S_RAM_AUTO_1R1W                              |        0|  64|  65|    0|     8|   64|     1|          512|
    |in_w_U                          |in_w_RAM_AUTO_1R1W                           |        0|  64|  65|    0|    15|   64|     1|          960|
    |out_mod_U                       |out_mod_RAM_AUTO_1R1W                        |        0|  64|  65|    0|     5|   64|     1|          320|
    |out_S_U                         |out_mod_RAM_AUTO_1R1W                        |        0|  64|  65|    0|     5|   64|     1|          320|
    |out_m_barrett_U                 |out_mod_RAM_AUTO_1R1W                        |        0|  64|  65|    0|     5|   64|     1|          320|
    |p_ZL13poly_buffer_1_0_0_U       |p_ZL13poly_buffer_1_0_0_RAM_2P_BRAM_1R1W     |        2|   0|   0|    0|   512|   64|     1|        32768|
    |p_ZL13poly_buffer_1_0_1_U       |p_ZL13poly_buffer_1_0_0_RAM_2P_BRAM_1R1W     |        2|   0|   0|    0|   512|   64|     1|        32768|
    |p_ZL13poly_buffer_1_0_2_U       |p_ZL13poly_buffer_1_0_0_RAM_2P_BRAM_1R1W     |        2|   0|   0|    0|   512|   64|     1|        32768|
    |p_ZL13poly_buffer_1_1_0_U       |p_ZL13poly_buffer_1_0_0_RAM_2P_BRAM_1R1W     |        2|   0|   0|    0|   512|   64|     1|        32768|
    |p_ZL13poly_buffer_1_1_1_U       |p_ZL13poly_buffer_1_0_0_RAM_2P_BRAM_1R1W     |        2|   0|   0|    0|   512|   64|     1|        32768|
    |p_ZL13poly_buffer_1_1_2_U       |p_ZL13poly_buffer_1_0_0_RAM_2P_BRAM_1R1W     |        2|   0|   0|    0|   512|   64|     1|        32768|
    |p_ZL13poly_buffer_1_2_0_U       |p_ZL13poly_buffer_1_0_0_RAM_2P_BRAM_1R1W     |        2|   0|   0|    0|   512|   64|     1|        32768|
    |p_ZL13poly_buffer_1_2_1_U       |p_ZL13poly_buffer_1_0_0_RAM_2P_BRAM_1R1W     |        2|   0|   0|    0|   512|   64|     1|        32768|
    |p_ZL13poly_buffer_1_2_2_U       |p_ZL13poly_buffer_1_0_0_RAM_2P_BRAM_1R1W     |        2|   0|   0|    0|   512|   64|     1|        32768|
    |p_ZL13poly_buffer_1_3_0_U       |p_ZL13poly_buffer_1_0_0_RAM_2P_BRAM_1R1W     |        2|   0|   0|    0|   512|   64|     1|        32768|
    |p_ZL13poly_buffer_1_3_1_U       |p_ZL13poly_buffer_1_0_0_RAM_2P_BRAM_1R1W     |        2|   0|   0|    0|   512|   64|     1|        32768|
    |p_ZL13poly_buffer_1_3_2_U       |p_ZL13poly_buffer_1_0_0_RAM_2P_BRAM_1R1W     |        2|   0|   0|    0|   512|   64|     1|        32768|
    |p_ZL13poly_buffer_1_4_0_U       |p_ZL13poly_buffer_1_0_0_RAM_2P_BRAM_1R1W     |        2|   0|   0|    0|   512|   64|     1|        32768|
    |p_ZL13poly_buffer_1_4_1_U       |p_ZL13poly_buffer_1_0_0_RAM_2P_BRAM_1R1W     |        2|   0|   0|    0|   512|   64|     1|        32768|
    |p_ZL13poly_buffer_1_4_2_U       |p_ZL13poly_buffer_1_0_0_RAM_2P_BRAM_1R1W     |        2|   0|   0|    0|   512|   64|     1|        32768|
    |p_ZL13poly_buffer_1_5_0_U       |p_ZL13poly_buffer_1_0_0_RAM_2P_BRAM_1R1W     |        2|   0|   0|    0|   512|   64|     1|        32768|
    |p_ZL13poly_buffer_1_5_1_U       |p_ZL13poly_buffer_1_0_0_RAM_2P_BRAM_1R1W     |        2|   0|   0|    0|   512|   64|     1|        32768|
    |p_ZL13poly_buffer_1_5_2_U       |p_ZL13poly_buffer_1_0_0_RAM_2P_BRAM_1R1W     |        2|   0|   0|    0|   512|   64|     1|        32768|
    |p_ZL13poly_buffer_1_6_0_U       |p_ZL13poly_buffer_1_0_0_RAM_2P_BRAM_1R1W     |        2|   0|   0|    0|   512|   64|     1|        32768|
    |p_ZL13poly_buffer_1_6_1_U       |p_ZL13poly_buffer_1_0_0_RAM_2P_BRAM_1R1W     |        2|   0|   0|    0|   512|   64|     1|        32768|
    |p_ZL13poly_buffer_1_6_2_U       |p_ZL13poly_buffer_1_0_0_RAM_2P_BRAM_1R1W     |        2|   0|   0|    0|   512|   64|     1|        32768|
    |p_ZL13poly_buffer_1_7_0_U       |p_ZL13poly_buffer_1_0_0_RAM_2P_BRAM_1R1W     |        2|   0|   0|    0|   512|   64|     1|        32768|
    |p_ZL13poly_buffer_1_7_1_U       |p_ZL13poly_buffer_1_0_0_RAM_2P_BRAM_1R1W     |        2|   0|   0|    0|   512|   64|     1|        32768|
    |p_ZL13poly_buffer_1_7_2_U       |p_ZL13poly_buffer_1_0_0_RAM_2P_BRAM_1R1W     |        2|   0|   0|    0|   512|   64|     1|        32768|
    |p_ZL13poly_buffer_1_0_3_U       |p_ZL13poly_buffer_1_0_0_RAM_2P_BRAM_1R1W     |        2|   0|   0|    0|   512|   64|     1|        32768|
    |p_ZL13poly_buffer_1_1_3_U       |p_ZL13poly_buffer_1_0_0_RAM_2P_BRAM_1R1W     |        2|   0|   0|    0|   512|   64|     1|        32768|
    |p_ZL13poly_buffer_1_2_3_U       |p_ZL13poly_buffer_1_0_0_RAM_2P_BRAM_1R1W     |        2|   0|   0|    0|   512|   64|     1|        32768|
    |p_ZL13poly_buffer_1_3_3_U       |p_ZL13poly_buffer_1_0_0_RAM_2P_BRAM_1R1W     |        2|   0|   0|    0|   512|   64|     1|        32768|
    |p_ZL13poly_buffer_1_4_3_U       |p_ZL13poly_buffer_1_0_0_RAM_2P_BRAM_1R1W     |        2|   0|   0|    0|   512|   64|     1|        32768|
    |p_ZL13poly_buffer_1_5_3_U       |p_ZL13poly_buffer_1_0_0_RAM_2P_BRAM_1R1W     |        2|   0|   0|    0|   512|   64|     1|        32768|
    |p_ZL13poly_buffer_1_6_3_U       |p_ZL13poly_buffer_1_0_0_RAM_2P_BRAM_1R1W     |        2|   0|   0|    0|   512|   64|     1|        32768|
    |p_ZL13poly_buffer_1_7_3_U       |p_ZL13poly_buffer_1_0_0_RAM_2P_BRAM_1R1W     |        2|   0|   0|    0|   512|   64|     1|        32768|
    |p_ZL13poly_buffer_1_0_4_U       |p_ZL13poly_buffer_1_0_0_RAM_2P_BRAM_1R1W     |        2|   0|   0|    0|   512|   64|     1|        32768|
    |p_ZL13poly_buffer_1_1_4_U       |p_ZL13poly_buffer_1_0_0_RAM_2P_BRAM_1R1W     |        2|   0|   0|    0|   512|   64|     1|        32768|
    |p_ZL13poly_buffer_1_2_4_U       |p_ZL13poly_buffer_1_0_0_RAM_2P_BRAM_1R1W     |        2|   0|   0|    0|   512|   64|     1|        32768|
    |p_ZL13poly_buffer_1_3_4_U       |p_ZL13poly_buffer_1_0_0_RAM_2P_BRAM_1R1W     |        2|   0|   0|    0|   512|   64|     1|        32768|
    |p_ZL13poly_buffer_1_4_4_U       |p_ZL13poly_buffer_1_0_0_RAM_2P_BRAM_1R1W     |        2|   0|   0|    0|   512|   64|     1|        32768|
    |p_ZL13poly_buffer_1_5_4_U       |p_ZL13poly_buffer_1_0_0_RAM_2P_BRAM_1R1W     |        2|   0|   0|    0|   512|   64|     1|        32768|
    |p_ZL13poly_buffer_1_6_4_U       |p_ZL13poly_buffer_1_0_0_RAM_2P_BRAM_1R1W     |        2|   0|   0|    0|   512|   64|     1|        32768|
    |p_ZL13poly_buffer_1_7_4_U       |p_ZL13poly_buffer_1_0_0_RAM_2P_BRAM_1R1W     |        2|   0|   0|    0|   512|   64|     1|        32768|
    |p_ZL13poly_buffer_1_0_5_U       |p_ZL13poly_buffer_1_0_0_RAM_2P_BRAM_1R1W     |        2|   0|   0|    0|   512|   64|     1|        32768|
    |p_ZL13poly_buffer_1_1_5_U       |p_ZL13poly_buffer_1_0_0_RAM_2P_BRAM_1R1W     |        2|   0|   0|    0|   512|   64|     1|        32768|
    |p_ZL13poly_buffer_1_2_5_U       |p_ZL13poly_buffer_1_0_0_RAM_2P_BRAM_1R1W     |        2|   0|   0|    0|   512|   64|     1|        32768|
    |p_ZL13poly_buffer_1_3_5_U       |p_ZL13poly_buffer_1_0_0_RAM_2P_BRAM_1R1W     |        2|   0|   0|    0|   512|   64|     1|        32768|
    |p_ZL13poly_buffer_1_4_5_U       |p_ZL13poly_buffer_1_0_0_RAM_2P_BRAM_1R1W     |        2|   0|   0|    0|   512|   64|     1|        32768|
    |p_ZL13poly_buffer_1_5_5_U       |p_ZL13poly_buffer_1_0_0_RAM_2P_BRAM_1R1W     |        2|   0|   0|    0|   512|   64|     1|        32768|
    |p_ZL13poly_buffer_1_6_5_U       |p_ZL13poly_buffer_1_0_0_RAM_2P_BRAM_1R1W     |        2|   0|   0|    0|   512|   64|     1|        32768|
    |p_ZL13poly_buffer_1_7_5_U       |p_ZL13poly_buffer_1_0_0_RAM_2P_BRAM_1R1W     |        2|   0|   0|    0|   512|   64|     1|        32768|
    |p_ZL13poly_buffer_1_0_6_U       |p_ZL13poly_buffer_1_0_0_RAM_2P_BRAM_1R1W     |        2|   0|   0|    0|   512|   64|     1|        32768|
    |p_ZL13poly_buffer_1_1_6_U       |p_ZL13poly_buffer_1_0_0_RAM_2P_BRAM_1R1W     |        2|   0|   0|    0|   512|   64|     1|        32768|
    |p_ZL13poly_buffer_1_2_6_U       |p_ZL13poly_buffer_1_0_0_RAM_2P_BRAM_1R1W     |        2|   0|   0|    0|   512|   64|     1|        32768|
    |p_ZL13poly_buffer_1_3_6_U       |p_ZL13poly_buffer_1_0_0_RAM_2P_BRAM_1R1W     |        2|   0|   0|    0|   512|   64|     1|        32768|
    |p_ZL13poly_buffer_1_4_6_U       |p_ZL13poly_buffer_1_0_0_RAM_2P_BRAM_1R1W     |        2|   0|   0|    0|   512|   64|     1|        32768|
    |p_ZL13poly_buffer_1_5_6_U       |p_ZL13poly_buffer_1_0_0_RAM_2P_BRAM_1R1W     |        2|   0|   0|    0|   512|   64|     1|        32768|
    |p_ZL13poly_buffer_1_6_6_U       |p_ZL13poly_buffer_1_0_0_RAM_2P_BRAM_1R1W     |        2|   0|   0|    0|   512|   64|     1|        32768|
    |p_ZL13poly_buffer_1_7_6_U       |p_ZL13poly_buffer_1_0_0_RAM_2P_BRAM_1R1W     |        2|   0|   0|    0|   512|   64|     1|        32768|
    |p_ZL13poly_buffer_1_0_7_U       |p_ZL13poly_buffer_1_0_0_RAM_2P_BRAM_1R1W     |        2|   0|   0|    0|   512|   64|     1|        32768|
    |p_ZL13poly_buffer_1_1_7_U       |p_ZL13poly_buffer_1_0_0_RAM_2P_BRAM_1R1W     |        2|   0|   0|    0|   512|   64|     1|        32768|
    |p_ZL13poly_buffer_1_2_7_U       |p_ZL13poly_buffer_1_0_0_RAM_2P_BRAM_1R1W     |        2|   0|   0|    0|   512|   64|     1|        32768|
    |p_ZL13poly_buffer_1_3_7_U       |p_ZL13poly_buffer_1_0_0_RAM_2P_BRAM_1R1W     |        2|   0|   0|    0|   512|   64|     1|        32768|
    |p_ZL13poly_buffer_1_4_7_U       |p_ZL13poly_buffer_1_0_0_RAM_2P_BRAM_1R1W     |        2|   0|   0|    0|   512|   64|     1|        32768|
    |p_ZL13poly_buffer_1_5_7_U       |p_ZL13poly_buffer_1_0_0_RAM_2P_BRAM_1R1W     |        2|   0|   0|    0|   512|   64|     1|        32768|
    |p_ZL13poly_buffer_1_6_7_U       |p_ZL13poly_buffer_1_0_0_RAM_2P_BRAM_1R1W     |        2|   0|   0|    0|   512|   64|     1|        32768|
    |p_ZL13poly_buffer_1_7_7_U       |p_ZL13poly_buffer_1_0_0_RAM_2P_BRAM_1R1W     |        2|   0|   0|    0|   512|   64|     1|        32768|
    |p_ZL13poly_buffer_2_0_U         |p_ZL13poly_buffer_2_0_RAM_2P_BRAM_1R1W       |       29|   0|  20|    0|  8192|   64|     1|       524288|
    |p_ZL13poly_buffer_2_1_U         |p_ZL13poly_buffer_2_0_RAM_2P_BRAM_1R1W       |       29|   0|  20|    0|  8192|   64|     1|       524288|
    |p_ZL13poly_buffer_2_2_U         |p_ZL13poly_buffer_2_0_RAM_2P_BRAM_1R1W       |       29|   0|  20|    0|  8192|   64|     1|       524288|
    |p_ZL13poly_buffer_2_3_U         |p_ZL13poly_buffer_2_0_RAM_2P_BRAM_1R1W       |       29|   0|  20|    0|  8192|   64|     1|       524288|
    |p_ZL13result_buffer_0_0_U       |p_ZL13result_buffer_0_0_RAM_2P_BRAM_1R1W     |        4|   0|   0|    0|  1024|   64|     1|        65536|
    |p_ZL13result_buffer_0_1_U       |p_ZL13result_buffer_0_0_RAM_2P_BRAM_1R1W     |        4|   0|   0|    0|  1024|   64|     1|        65536|
    |p_ZL13result_buffer_0_2_U       |p_ZL13result_buffer_0_0_RAM_2P_BRAM_1R1W     |        4|   0|   0|    0|  1024|   64|     1|        65536|
    |p_ZL13result_buffer_0_3_U       |p_ZL13result_buffer_0_0_RAM_2P_BRAM_1R1W     |        4|   0|   0|    0|  1024|   64|     1|        65536|
    |p_ZL13result_buffer_0_4_U       |p_ZL13result_buffer_0_0_RAM_2P_BRAM_1R1W     |        4|   0|   0|    0|  1024|   64|     1|        65536|
    |p_ZL13result_buffer_0_5_U       |p_ZL13result_buffer_0_0_RAM_2P_BRAM_1R1W     |        4|   0|   0|    0|  1024|   64|     1|        65536|
    |p_ZL13result_buffer_0_6_U       |p_ZL13result_buffer_0_0_RAM_2P_BRAM_1R1W     |        4|   0|   0|    0|  1024|   64|     1|        65536|
    |p_ZL13result_buffer_0_7_U       |p_ZL13result_buffer_0_0_RAM_2P_BRAM_1R1W     |        4|   0|   0|    0|  1024|   64|     1|        65536|
    |p_ZL13result_buffer_1_0_U       |p_ZL13result_buffer_0_0_RAM_2P_BRAM_1R1W     |        4|   0|   0|    0|  1024|   64|     1|        65536|
    |p_ZL13result_buffer_1_1_U       |p_ZL13result_buffer_0_0_RAM_2P_BRAM_1R1W     |        4|   0|   0|    0|  1024|   64|     1|        65536|
    |p_ZL13result_buffer_1_2_U       |p_ZL13result_buffer_0_0_RAM_2P_BRAM_1R1W     |        4|   0|   0|    0|  1024|   64|     1|        65536|
    |p_ZL13result_buffer_1_3_U       |p_ZL13result_buffer_0_0_RAM_2P_BRAM_1R1W     |        4|   0|   0|    0|  1024|   64|     1|        65536|
    |p_ZL13result_buffer_1_4_U       |p_ZL13result_buffer_0_0_RAM_2P_BRAM_1R1W     |        4|   0|   0|    0|  1024|   64|     1|        65536|
    |p_ZL13result_buffer_1_5_U       |p_ZL13result_buffer_0_0_RAM_2P_BRAM_1R1W     |        4|   0|   0|    0|  1024|   64|     1|        65536|
    |p_ZL13result_buffer_1_6_U       |p_ZL13result_buffer_0_0_RAM_2P_BRAM_1R1W     |        4|   0|   0|    0|  1024|   64|     1|        65536|
    |p_ZL13result_buffer_1_7_U       |p_ZL13result_buffer_0_0_RAM_2P_BRAM_1R1W     |        4|   0|   0|    0|  1024|   64|     1|        65536|
    |p_ZL13result_buffer_2_0_U       |p_ZL13result_buffer_0_0_RAM_2P_BRAM_1R1W     |        4|   0|   0|    0|  1024|   64|     1|        65536|
    |p_ZL13result_buffer_2_1_U       |p_ZL13result_buffer_0_0_RAM_2P_BRAM_1R1W     |        4|   0|   0|    0|  1024|   64|     1|        65536|
    |p_ZL13result_buffer_2_2_U       |p_ZL13result_buffer_0_0_RAM_2P_BRAM_1R1W     |        4|   0|   0|    0|  1024|   64|     1|        65536|
    |p_ZL13result_buffer_2_3_U       |p_ZL13result_buffer_0_0_RAM_2P_BRAM_1R1W     |        4|   0|   0|    0|  1024|   64|     1|        65536|
    |p_ZL13result_buffer_2_4_U       |p_ZL13result_buffer_0_0_RAM_2P_BRAM_1R1W     |        4|   0|   0|    0|  1024|   64|     1|        65536|
    |p_ZL13result_buffer_2_5_U       |p_ZL13result_buffer_0_0_RAM_2P_BRAM_1R1W     |        4|   0|   0|    0|  1024|   64|     1|        65536|
    |p_ZL13result_buffer_2_6_U       |p_ZL13result_buffer_0_0_RAM_2P_BRAM_1R1W     |        4|   0|   0|    0|  1024|   64|     1|        65536|
    |p_ZL13result_buffer_2_7_U       |p_ZL13result_buffer_0_0_RAM_2P_BRAM_1R1W     |        4|   0|   0|    0|  1024|   64|     1|        65536|
    |p_ZL13result_buffer_3_0_U       |p_ZL13result_buffer_0_0_RAM_2P_BRAM_1R1W     |        4|   0|   0|    0|  1024|   64|     1|        65536|
    |p_ZL13result_buffer_3_1_U       |p_ZL13result_buffer_0_0_RAM_2P_BRAM_1R1W     |        4|   0|   0|    0|  1024|   64|     1|        65536|
    |p_ZL13result_buffer_3_2_U       |p_ZL13result_buffer_0_0_RAM_2P_BRAM_1R1W     |        4|   0|   0|    0|  1024|   64|     1|        65536|
    |p_ZL13result_buffer_3_3_U       |p_ZL13result_buffer_0_0_RAM_2P_BRAM_1R1W     |        4|   0|   0|    0|  1024|   64|     1|        65536|
    |p_ZL13result_buffer_3_4_U       |p_ZL13result_buffer_0_0_RAM_2P_BRAM_1R1W     |        4|   0|   0|    0|  1024|   64|     1|        65536|
    |p_ZL13result_buffer_3_5_U       |p_ZL13result_buffer_0_0_RAM_2P_BRAM_1R1W     |        4|   0|   0|    0|  1024|   64|     1|        65536|
    |p_ZL13result_buffer_3_6_U       |p_ZL13result_buffer_0_0_RAM_2P_BRAM_1R1W     |        4|   0|   0|    0|  1024|   64|     1|        65536|
    |p_ZL13result_buffer_3_7_U       |p_ZL13result_buffer_0_0_RAM_2P_BRAM_1R1W     |        4|   0|   0|    0|  1024|   64|     1|        65536|
    |p_ZL16NTTTwiddleFactor_0_0_U    |p_ZL16NTTTwiddleFactor_0_0_RAM_2P_URAM_1R1W  |        0|   0|   0|    1|  4096|   64|     1|       262144|
    |p_ZL16NTTTwiddleFactor_0_1_U    |p_ZL16NTTTwiddleFactor_0_0_RAM_2P_URAM_1R1W  |        0|   0|   0|    1|  4096|   64|     1|       262144|
    |p_ZL16NTTTwiddleFactor_0_2_U    |p_ZL16NTTTwiddleFactor_0_0_RAM_2P_URAM_1R1W  |        0|   0|   0|    1|  4096|   64|     1|       262144|
    |p_ZL16NTTTwiddleFactor_0_3_U    |p_ZL16NTTTwiddleFactor_0_0_RAM_2P_URAM_1R1W  |        0|   0|   0|    1|  4096|   64|     1|       262144|
    |p_ZL16NTTTwiddleFactor_1_0_U    |p_ZL16NTTTwiddleFactor_0_0_RAM_2P_URAM_1R1W  |        0|   0|   0|    1|  4096|   64|     1|       262144|
    |p_ZL16NTTTwiddleFactor_1_1_U    |p_ZL16NTTTwiddleFactor_0_0_RAM_2P_URAM_1R1W  |        0|   0|   0|    1|  4096|   64|     1|       262144|
    |p_ZL16NTTTwiddleFactor_1_2_U    |p_ZL16NTTTwiddleFactor_0_0_RAM_2P_URAM_1R1W  |        0|   0|   0|    1|  4096|   64|     1|       262144|
    |p_ZL16NTTTwiddleFactor_1_3_U    |p_ZL16NTTTwiddleFactor_0_0_RAM_2P_URAM_1R1W  |        0|   0|   0|    1|  4096|   64|     1|       262144|
    |p_ZL16NTTTwiddleFactor_2_0_U    |p_ZL16NTTTwiddleFactor_0_0_RAM_2P_URAM_1R1W  |        0|   0|   0|    1|  4096|   64|     1|       262144|
    |p_ZL16NTTTwiddleFactor_2_1_U    |p_ZL16NTTTwiddleFactor_0_0_RAM_2P_URAM_1R1W  |        0|   0|   0|    1|  4096|   64|     1|       262144|
    |p_ZL16NTTTwiddleFactor_2_2_U    |p_ZL16NTTTwiddleFactor_0_0_RAM_2P_URAM_1R1W  |        0|   0|   0|    1|  4096|   64|     1|       262144|
    |p_ZL16NTTTwiddleFactor_2_3_U    |p_ZL16NTTTwiddleFactor_0_0_RAM_2P_URAM_1R1W  |        0|   0|   0|    1|  4096|   64|     1|       262144|
    |p_ZL16NTTTwiddleFactor_3_0_U    |p_ZL16NTTTwiddleFactor_0_0_RAM_2P_URAM_1R1W  |        0|   0|   0|    1|  4096|   64|     1|       262144|
    |p_ZL16NTTTwiddleFactor_3_1_U    |p_ZL16NTTTwiddleFactor_0_0_RAM_2P_URAM_1R1W  |        0|   0|   0|    1|  4096|   64|     1|       262144|
    |p_ZL16NTTTwiddleFactor_3_2_U    |p_ZL16NTTTwiddleFactor_0_0_RAM_2P_URAM_1R1W  |        0|   0|   0|    1|  4096|   64|     1|       262144|
    |p_ZL16NTTTwiddleFactor_3_3_U    |p_ZL16NTTTwiddleFactor_0_0_RAM_2P_URAM_1R1W  |        0|   0|   0|    1|  4096|   64|     1|       262144|
    |p_ZL16NTTTwiddleFactor_4_0_U    |p_ZL16NTTTwiddleFactor_0_0_RAM_2P_URAM_1R1W  |        0|   0|   0|    1|  4096|   64|     1|       262144|
    |p_ZL16NTTTwiddleFactor_4_1_U    |p_ZL16NTTTwiddleFactor_0_0_RAM_2P_URAM_1R1W  |        0|   0|   0|    1|  4096|   64|     1|       262144|
    |p_ZL16NTTTwiddleFactor_4_2_U    |p_ZL16NTTTwiddleFactor_0_0_RAM_2P_URAM_1R1W  |        0|   0|   0|    1|  4096|   64|     1|       262144|
    |p_ZL16NTTTwiddleFactor_4_3_U    |p_ZL16NTTTwiddleFactor_0_0_RAM_2P_URAM_1R1W  |        0|   0|   0|    1|  4096|   64|     1|       262144|
    |p_ZL16NTTTwiddleFactor_5_0_U    |p_ZL16NTTTwiddleFactor_0_0_RAM_2P_URAM_1R1W  |        0|   0|   0|    1|  4096|   64|     1|       262144|
    |p_ZL16NTTTwiddleFactor_5_1_U    |p_ZL16NTTTwiddleFactor_0_0_RAM_2P_URAM_1R1W  |        0|   0|   0|    1|  4096|   64|     1|       262144|
    |p_ZL16NTTTwiddleFactor_5_2_U    |p_ZL16NTTTwiddleFactor_0_0_RAM_2P_URAM_1R1W  |        0|   0|   0|    1|  4096|   64|     1|       262144|
    |p_ZL16NTTTwiddleFactor_5_3_U    |p_ZL16NTTTwiddleFactor_0_0_RAM_2P_URAM_1R1W  |        0|   0|   0|    1|  4096|   64|     1|       262144|
    |p_ZL16NTTTwiddleFactor_6_0_U    |p_ZL16NTTTwiddleFactor_0_0_RAM_2P_URAM_1R1W  |        0|   0|   0|    1|  4096|   64|     1|       262144|
    |p_ZL16NTTTwiddleFactor_6_1_U    |p_ZL16NTTTwiddleFactor_0_0_RAM_2P_URAM_1R1W  |        0|   0|   0|    1|  4096|   64|     1|       262144|
    |p_ZL16NTTTwiddleFactor_6_2_U    |p_ZL16NTTTwiddleFactor_0_0_RAM_2P_URAM_1R1W  |        0|   0|   0|    1|  4096|   64|     1|       262144|
    |p_ZL16NTTTwiddleFactor_6_3_U    |p_ZL16NTTTwiddleFactor_0_0_RAM_2P_URAM_1R1W  |        0|   0|   0|    1|  4096|   64|     1|       262144|
    |p_ZL16NTTTwiddleFactor_7_0_U    |p_ZL16NTTTwiddleFactor_0_0_RAM_2P_URAM_1R1W  |        0|   0|   0|    1|  4096|   64|     1|       262144|
    |p_ZL16NTTTwiddleFactor_7_1_U    |p_ZL16NTTTwiddleFactor_0_0_RAM_2P_URAM_1R1W  |        0|   0|   0|    1|  4096|   64|     1|       262144|
    |p_ZL16NTTTwiddleFactor_7_2_U    |p_ZL16NTTTwiddleFactor_0_0_RAM_2P_URAM_1R1W  |        0|   0|   0|    1|  4096|   64|     1|       262144|
    |p_ZL16NTTTwiddleFactor_7_3_U    |p_ZL16NTTTwiddleFactor_0_0_RAM_2P_URAM_1R1W  |        0|   0|   0|    1|  4096|   64|     1|       262144|
    |p_ZL16NTTTwiddleFactor_8_0_U    |p_ZL16NTTTwiddleFactor_0_0_RAM_2P_URAM_1R1W  |        0|   0|   0|    1|  4096|   64|     1|       262144|
    |p_ZL16NTTTwiddleFactor_8_1_U    |p_ZL16NTTTwiddleFactor_0_0_RAM_2P_URAM_1R1W  |        0|   0|   0|    1|  4096|   64|     1|       262144|
    |p_ZL16NTTTwiddleFactor_8_2_U    |p_ZL16NTTTwiddleFactor_0_0_RAM_2P_URAM_1R1W  |        0|   0|   0|    1|  4096|   64|     1|       262144|
    |p_ZL16NTTTwiddleFactor_8_3_U    |p_ZL16NTTTwiddleFactor_0_0_RAM_2P_URAM_1R1W  |        0|   0|   0|    1|  4096|   64|     1|       262144|
    |p_ZL16NTTTwiddleFactor_9_0_U    |p_ZL16NTTTwiddleFactor_0_0_RAM_2P_URAM_1R1W  |        0|   0|   0|    1|  4096|   64|     1|       262144|
    |p_ZL16NTTTwiddleFactor_9_1_U    |p_ZL16NTTTwiddleFactor_0_0_RAM_2P_URAM_1R1W  |        0|   0|   0|    1|  4096|   64|     1|       262144|
    |p_ZL16NTTTwiddleFactor_9_2_U    |p_ZL16NTTTwiddleFactor_0_0_RAM_2P_URAM_1R1W  |        0|   0|   0|    1|  4096|   64|     1|       262144|
    |p_ZL16NTTTwiddleFactor_9_3_U    |p_ZL16NTTTwiddleFactor_0_0_RAM_2P_URAM_1R1W  |        0|   0|   0|    1|  4096|   64|     1|       262144|
    |p_ZL16NTTTwiddleFactor_10_0_U   |p_ZL16NTTTwiddleFactor_0_0_RAM_2P_URAM_1R1W  |        0|   0|   0|    1|  4096|   64|     1|       262144|
    |p_ZL16NTTTwiddleFactor_10_1_U   |p_ZL16NTTTwiddleFactor_0_0_RAM_2P_URAM_1R1W  |        0|   0|   0|    1|  4096|   64|     1|       262144|
    |p_ZL16NTTTwiddleFactor_10_2_U   |p_ZL16NTTTwiddleFactor_0_0_RAM_2P_URAM_1R1W  |        0|   0|   0|    1|  4096|   64|     1|       262144|
    |p_ZL16NTTTwiddleFactor_10_3_U   |p_ZL16NTTTwiddleFactor_0_0_RAM_2P_URAM_1R1W  |        0|   0|   0|    1|  4096|   64|     1|       262144|
    |p_ZL16NTTTwiddleFactor_11_0_U   |p_ZL16NTTTwiddleFactor_0_0_RAM_2P_URAM_1R1W  |        0|   0|   0|    1|  4096|   64|     1|       262144|
    |p_ZL16NTTTwiddleFactor_11_1_U   |p_ZL16NTTTwiddleFactor_0_0_RAM_2P_URAM_1R1W  |        0|   0|   0|    1|  4096|   64|     1|       262144|
    |p_ZL16NTTTwiddleFactor_11_2_U   |p_ZL16NTTTwiddleFactor_0_0_RAM_2P_URAM_1R1W  |        0|   0|   0|    1|  4096|   64|     1|       262144|
    |p_ZL16NTTTwiddleFactor_11_3_U   |p_ZL16NTTTwiddleFactor_0_0_RAM_2P_URAM_1R1W  |        0|   0|   0|    1|  4096|   64|     1|       262144|
    |p_ZL17INTTTwiddleFactor_0_0_U   |p_ZL16NTTTwiddleFactor_0_0_RAM_2P_URAM_1R1W  |        0|   0|   0|    1|  4096|   64|     1|       262144|
    |p_ZL17INTTTwiddleFactor_0_1_U   |p_ZL16NTTTwiddleFactor_0_0_RAM_2P_URAM_1R1W  |        0|   0|   0|    1|  4096|   64|     1|       262144|
    |p_ZL17INTTTwiddleFactor_0_2_U   |p_ZL16NTTTwiddleFactor_0_0_RAM_2P_URAM_1R1W  |        0|   0|   0|    1|  4096|   64|     1|       262144|
    |p_ZL17INTTTwiddleFactor_0_3_U   |p_ZL16NTTTwiddleFactor_0_0_RAM_2P_URAM_1R1W  |        0|   0|   0|    1|  4096|   64|     1|       262144|
    |p_ZL17INTTTwiddleFactor_1_0_U   |p_ZL16NTTTwiddleFactor_0_0_RAM_2P_URAM_1R1W  |        0|   0|   0|    1|  4096|   64|     1|       262144|
    |p_ZL17INTTTwiddleFactor_1_1_U   |p_ZL16NTTTwiddleFactor_0_0_RAM_2P_URAM_1R1W  |        0|   0|   0|    1|  4096|   64|     1|       262144|
    |p_ZL17INTTTwiddleFactor_1_2_U   |p_ZL16NTTTwiddleFactor_0_0_RAM_2P_URAM_1R1W  |        0|   0|   0|    1|  4096|   64|     1|       262144|
    |p_ZL17INTTTwiddleFactor_1_3_U   |p_ZL16NTTTwiddleFactor_0_0_RAM_2P_URAM_1R1W  |        0|   0|   0|    1|  4096|   64|     1|       262144|
    |p_ZL17INTTTwiddleFactor_2_0_U   |p_ZL16NTTTwiddleFactor_0_0_RAM_2P_URAM_1R1W  |        0|   0|   0|    1|  4096|   64|     1|       262144|
    |p_ZL17INTTTwiddleFactor_2_1_U   |p_ZL16NTTTwiddleFactor_0_0_RAM_2P_URAM_1R1W  |        0|   0|   0|    1|  4096|   64|     1|       262144|
    |p_ZL17INTTTwiddleFactor_2_2_U   |p_ZL16NTTTwiddleFactor_0_0_RAM_2P_URAM_1R1W  |        0|   0|   0|    1|  4096|   64|     1|       262144|
    |p_ZL17INTTTwiddleFactor_2_3_U   |p_ZL16NTTTwiddleFactor_0_0_RAM_2P_URAM_1R1W  |        0|   0|   0|    1|  4096|   64|     1|       262144|
    |p_ZL17INTTTwiddleFactor_3_0_U   |p_ZL16NTTTwiddleFactor_0_0_RAM_2P_URAM_1R1W  |        0|   0|   0|    1|  4096|   64|     1|       262144|
    |p_ZL17INTTTwiddleFactor_3_1_U   |p_ZL16NTTTwiddleFactor_0_0_RAM_2P_URAM_1R1W  |        0|   0|   0|    1|  4096|   64|     1|       262144|
    |p_ZL17INTTTwiddleFactor_3_2_U   |p_ZL16NTTTwiddleFactor_0_0_RAM_2P_URAM_1R1W  |        0|   0|   0|    1|  4096|   64|     1|       262144|
    |p_ZL17INTTTwiddleFactor_3_3_U   |p_ZL16NTTTwiddleFactor_0_0_RAM_2P_URAM_1R1W  |        0|   0|   0|    1|  4096|   64|     1|       262144|
    |p_ZL17INTTTwiddleFactor_4_0_U   |p_ZL16NTTTwiddleFactor_0_0_RAM_2P_URAM_1R1W  |        0|   0|   0|    1|  4096|   64|     1|       262144|
    |p_ZL17INTTTwiddleFactor_4_1_U   |p_ZL16NTTTwiddleFactor_0_0_RAM_2P_URAM_1R1W  |        0|   0|   0|    1|  4096|   64|     1|       262144|
    |p_ZL17INTTTwiddleFactor_4_2_U   |p_ZL16NTTTwiddleFactor_0_0_RAM_2P_URAM_1R1W  |        0|   0|   0|    1|  4096|   64|     1|       262144|
    |p_ZL17INTTTwiddleFactor_4_3_U   |p_ZL16NTTTwiddleFactor_0_0_RAM_2P_URAM_1R1W  |        0|   0|   0|    1|  4096|   64|     1|       262144|
    |p_ZL17INTTTwiddleFactor_5_0_U   |p_ZL16NTTTwiddleFactor_0_0_RAM_2P_URAM_1R1W  |        0|   0|   0|    1|  4096|   64|     1|       262144|
    |p_ZL17INTTTwiddleFactor_5_1_U   |p_ZL16NTTTwiddleFactor_0_0_RAM_2P_URAM_1R1W  |        0|   0|   0|    1|  4096|   64|     1|       262144|
    |p_ZL17INTTTwiddleFactor_5_2_U   |p_ZL16NTTTwiddleFactor_0_0_RAM_2P_URAM_1R1W  |        0|   0|   0|    1|  4096|   64|     1|       262144|
    |p_ZL17INTTTwiddleFactor_5_3_U   |p_ZL16NTTTwiddleFactor_0_0_RAM_2P_URAM_1R1W  |        0|   0|   0|    1|  4096|   64|     1|       262144|
    |p_ZL17INTTTwiddleFactor_6_0_U   |p_ZL16NTTTwiddleFactor_0_0_RAM_2P_URAM_1R1W  |        0|   0|   0|    1|  4096|   64|     1|       262144|
    |p_ZL17INTTTwiddleFactor_6_1_U   |p_ZL16NTTTwiddleFactor_0_0_RAM_2P_URAM_1R1W  |        0|   0|   0|    1|  4096|   64|     1|       262144|
    |p_ZL17INTTTwiddleFactor_6_2_U   |p_ZL16NTTTwiddleFactor_0_0_RAM_2P_URAM_1R1W  |        0|   0|   0|    1|  4096|   64|     1|       262144|
    |p_ZL17INTTTwiddleFactor_6_3_U   |p_ZL16NTTTwiddleFactor_0_0_RAM_2P_URAM_1R1W  |        0|   0|   0|    1|  4096|   64|     1|       262144|
    |p_ZL17INTTTwiddleFactor_7_0_U   |p_ZL16NTTTwiddleFactor_0_0_RAM_2P_URAM_1R1W  |        0|   0|   0|    1|  4096|   64|     1|       262144|
    |p_ZL17INTTTwiddleFactor_7_1_U   |p_ZL16NTTTwiddleFactor_0_0_RAM_2P_URAM_1R1W  |        0|   0|   0|    1|  4096|   64|     1|       262144|
    |p_ZL17INTTTwiddleFactor_7_2_U   |p_ZL16NTTTwiddleFactor_0_0_RAM_2P_URAM_1R1W  |        0|   0|   0|    1|  4096|   64|     1|       262144|
    |p_ZL17INTTTwiddleFactor_7_3_U   |p_ZL16NTTTwiddleFactor_0_0_RAM_2P_URAM_1R1W  |        0|   0|   0|    1|  4096|   64|     1|       262144|
    |p_ZL17INTTTwiddleFactor_8_0_U   |p_ZL16NTTTwiddleFactor_0_0_RAM_2P_URAM_1R1W  |        0|   0|   0|    1|  4096|   64|     1|       262144|
    |p_ZL17INTTTwiddleFactor_8_1_U   |p_ZL16NTTTwiddleFactor_0_0_RAM_2P_URAM_1R1W  |        0|   0|   0|    1|  4096|   64|     1|       262144|
    |p_ZL17INTTTwiddleFactor_8_2_U   |p_ZL16NTTTwiddleFactor_0_0_RAM_2P_URAM_1R1W  |        0|   0|   0|    1|  4096|   64|     1|       262144|
    |p_ZL17INTTTwiddleFactor_8_3_U   |p_ZL16NTTTwiddleFactor_0_0_RAM_2P_URAM_1R1W  |        0|   0|   0|    1|  4096|   64|     1|       262144|
    |p_ZL17INTTTwiddleFactor_9_0_U   |p_ZL16NTTTwiddleFactor_0_0_RAM_2P_URAM_1R1W  |        0|   0|   0|    1|  4096|   64|     1|       262144|
    |p_ZL17INTTTwiddleFactor_9_1_U   |p_ZL16NTTTwiddleFactor_0_0_RAM_2P_URAM_1R1W  |        0|   0|   0|    1|  4096|   64|     1|       262144|
    |p_ZL17INTTTwiddleFactor_9_2_U   |p_ZL16NTTTwiddleFactor_0_0_RAM_2P_URAM_1R1W  |        0|   0|   0|    1|  4096|   64|     1|       262144|
    |p_ZL17INTTTwiddleFactor_9_3_U   |p_ZL16NTTTwiddleFactor_0_0_RAM_2P_URAM_1R1W  |        0|   0|   0|    1|  4096|   64|     1|       262144|
    |p_ZL17INTTTwiddleFactor_10_0_U  |p_ZL16NTTTwiddleFactor_0_0_RAM_2P_URAM_1R1W  |        0|   0|   0|    1|  4096|   64|     1|       262144|
    |p_ZL17INTTTwiddleFactor_10_1_U  |p_ZL16NTTTwiddleFactor_0_0_RAM_2P_URAM_1R1W  |        0|   0|   0|    1|  4096|   64|     1|       262144|
    |p_ZL17INTTTwiddleFactor_10_2_U  |p_ZL16NTTTwiddleFactor_0_0_RAM_2P_URAM_1R1W  |        0|   0|   0|    1|  4096|   64|     1|       262144|
    |p_ZL17INTTTwiddleFactor_10_3_U  |p_ZL16NTTTwiddleFactor_0_0_RAM_2P_URAM_1R1W  |        0|   0|   0|    1|  4096|   64|     1|       262144|
    |p_ZL17INTTTwiddleFactor_11_0_U  |p_ZL16NTTTwiddleFactor_0_0_RAM_2P_URAM_1R1W  |        0|   0|   0|    1|  4096|   64|     1|       262144|
    |p_ZL17INTTTwiddleFactor_11_1_U  |p_ZL16NTTTwiddleFactor_0_0_RAM_2P_URAM_1R1W  |        0|   0|   0|    1|  4096|   64|     1|       262144|
    |p_ZL17INTTTwiddleFactor_11_2_U  |p_ZL16NTTTwiddleFactor_0_0_RAM_2P_URAM_1R1W  |        0|   0|   0|    1|  4096|   64|     1|       262144|
    |p_ZL17INTTTwiddleFactor_11_3_U  |p_ZL16NTTTwiddleFactor_0_0_RAM_2P_URAM_1R1W  |        0|   0|   0|    1|  4096|   64|     1|       262144|
    +--------------------------------+---------------------------------------------+---------+----+----+-----+------+-----+------+-------------+
    |Total                           |                                             |      372| 384| 470|   96|491566|12928|   202|     31460224|
    +--------------------------------+---------------------------------------------+---------+----+----+-----+------+-----+------+-------------+

    * FIFO: 
    N/A

    * Expression: 
    +---------------------------------+----------+----+---+----+------------+------------+
    |          Variable Name          | Operation| DSP| FF| LUT| Bitwidth P0| Bitwidth P1|
    +---------------------------------+----------+----+---+----+------------+------------+
    |grp_fu_2603_p2                   |         +|   0|  0|  39|          32|          32|
    |sub_ln20_fu_2719_p2              |         -|   0|  0|  40|          33|          33|
    |sub_ln22_fu_2690_p2              |         -|   0|  0|  40|          33|          33|
    |grp_fu_2637_p2                   |      icmp|   0|  0|  39|          32|          32|
    |ap_block_state3_on_subcall_done  |        or|   0|  0|   2|           1|           1|
    |ap_block_state5_on_subcall_done  |        or|   0|  0|   2|           1|           1|
    |ap_block_state7_on_subcall_done  |        or|   0|  0|   2|           1|           1|
    |ap_block_state9_on_subcall_done  |        or|   0|  0|   2|           1|           1|
    |ap_predicate_op311_call_state9   |        or|   0|  0|   2|           1|           1|
    |ap_predicate_pred7645_state3     |        or|   0|  0|   2|           1|           1|
    |ap_predicate_pred7674_state9     |        or|   0|  0|   2|           1|           1|
    |empty_216_fu_2708_p3             |    select|   0|  0|  32|           1|          32|
    |empty_218_fu_2679_p3             |    select|   0|  0|  32|           1|          32|
    +---------------------------------+----------+----+---+----+------------+------------+
    |Total                            |          |   0|  0| 236|         139|         201|
    +---------------------------------+----------+----+---+----+------------+------------+

    * Multiplexer: 
    +------------------------------------------+-----+-----------+-----+-----------+
    |                   Name                   | LUT | Input Size| Bits| Total Bits|
    +------------------------------------------+-----+-----------+-----+-----------+
    |M_address0                                |   20|          4|    3|         12|
    |M_ce0                                     |   20|          4|    1|          4|
    |M_we0                                     |    9|          2|    1|          2|
    |S_address0                                |   20|          4|    3|         12|
    |S_ce0                                     |   20|          4|    1|          4|
    |S_we0                                     |    9|          2|    1|          2|
    |ap_NS_fsm                                 |   54|         10|    1|         10|
    |gmem0_ARADDR                              |   20|          4|   64|        256|
    |gmem0_ARLEN                               |   20|          4|   32|        128|
    |gmem0_ARVALID                             |   20|          4|    1|          4|
    |gmem0_RREADY                              |   20|          4|    1|          4|
    |gmem1_ARADDR                              |   31|          6|   64|        384|
    |gmem1_ARLEN                               |   31|          6|   32|        192|
    |gmem1_ARVALID                             |   31|          6|    1|          6|
    |gmem1_RREADY                              |   31|          6|    1|          6|
    |gmem2_AWADDR                              |   20|          4|   64|        256|
    |gmem2_AWLEN                               |   20|          4|   32|        128|
    |gmem2_AWVALID                             |   20|          4|    1|          4|
    |gmem2_BREADY                              |   20|          4|    1|          4|
    |gmem2_WDATA                               |   20|          4|   64|        256|
    |gmem2_WSTRB                               |   20|          4|    8|         32|
    |gmem2_WVALID                              |   20|          4|    1|          4|
    |grp_Load_35_36_1_fu_586_mod_index         |   14|          3|   32|         96|
    |grp_Load_35_36_1_fu_586_num_active_limbs  |   14|          3|   32|         96|
    |grp_MultMod_fu_2812_S_val                 |   14|          3|   64|        192|
    |grp_MultMod_fu_2812_a_val                 |   14|          3|   64|        192|
    |grp_MultMod_fu_2812_b_val                 |   14|          3|   64|        192|
    |grp_MultMod_fu_2812_m_val                 |   14|          3|   64|        192|
    |grp_MultMod_fu_2812_mod_val               |   14|          3|   64|        192|
    |grp_MultMod_fu_2820_S_val                 |   14|          3|   64|        192|
    |grp_MultMod_fu_2820_a_val                 |   14|          3|   64|        192|
    |grp_MultMod_fu_2820_b_val                 |   14|          3|   64|        192|
    |grp_MultMod_fu_2820_m_val                 |   14|          3|   64|        192|
    |grp_MultMod_fu_2820_mod_val               |   14|          3|   64|        192|
    |grp_MultMod_fu_2828_S_val                 |   14|          3|   64|        192|
    |grp_MultMod_fu_2828_a_val                 |   14|          3|   64|        192|
    |grp_MultMod_fu_2828_b_val                 |   14|          3|   64|        192|
    |grp_MultMod_fu_2828_m_val                 |   14|          3|   64|        192|
    |grp_MultMod_fu_2828_mod_val               |   14|          3|   64|        192|
    |grp_MultMod_fu_2836_S_val                 |   14|          3|   64|        192|
    |grp_MultMod_fu_2836_a_val                 |   14|          3|   64|        192|
    |grp_MultMod_fu_2836_b_val                 |   14|          3|   64|        192|
    |grp_MultMod_fu_2836_m_val                 |   14|          3|   64|        192|
    |grp_MultMod_fu_2836_mod_val               |   14|          3|   64|        192|
    |grp_MultMod_fu_2844_S_val                 |   14|          3|   64|        192|
    |grp_MultMod_fu_2844_a_val                 |   14|          3|   64|        192|
    |grp_MultMod_fu_2844_b_val                 |   14|          3|   64|        192|
    |grp_MultMod_fu_2844_m_val                 |   14|          3|   64|        192|
    |grp_MultMod_fu_2844_mod_val               |   14|          3|   64|        192|
    |grp_MultMod_fu_2852_S_val                 |   14|          3|   64|        192|
    |grp_MultMod_fu_2852_a_val                 |   14|          3|   64|        192|
    |grp_MultMod_fu_2852_b_val                 |   14|          3|   64|        192|
    |grp_MultMod_fu_2852_m_val                 |   14|          3|   64|        192|
    |grp_MultMod_fu_2852_mod_val               |   14|          3|   64|        192|
    |grp_MultMod_fu_2860_S_val                 |   14|          3|   64|        192|
    |grp_MultMod_fu_2860_a_val                 |   14|          3|   64|        192|
    |grp_MultMod_fu_2860_b_val                 |   14|          3|   64|        192|
    |grp_MultMod_fu_2860_m_val                 |   14|          3|   64|        192|
    |grp_MultMod_fu_2860_mod_val               |   14|          3|   64|        192|
    |grp_MultMod_fu_2868_S_val                 |   14|          3|   64|        192|
    |grp_MultMod_fu_2868_a_val                 |   14|          3|   64|        192|
    |grp_MultMod_fu_2868_b_val                 |   14|          3|   64|        192|
    |grp_MultMod_fu_2868_m_val                 |   14|          3|   64|        192|
    |grp_MultMod_fu_2868_mod_val               |   14|          3|   64|        192|
    |grp_MultMod_fu_2876_S_val                 |   14|          3|   64|        192|
    |grp_MultMod_fu_2876_a_val                 |   14|          3|   64|        192|
    |grp_MultMod_fu_2876_b_val                 |   14|          3|   64|        192|
    |grp_MultMod_fu_2876_m_val                 |   14|          3|   64|        192|
    |grp_MultMod_fu_2876_mod_val               |   14|          3|   64|        192|
    |grp_MultMod_fu_2884_S_val                 |   14|          3|   64|        192|
    |grp_MultMod_fu_2884_a_val                 |   14|          3|   64|        192|
    |grp_MultMod_fu_2884_b_val                 |   14|          3|   64|        192|
    |grp_MultMod_fu_2884_m_val                 |   14|          3|   64|        192|
    |grp_MultMod_fu_2884_mod_val               |   14|          3|   64|        192|
    |grp_MultMod_fu_2892_S_val                 |   14|          3|   64|        192|
    |grp_MultMod_fu_2892_a_val                 |   14|          3|   64|        192|
    |grp_MultMod_fu_2892_b_val                 |   14|          3|   64|        192|
    |grp_MultMod_fu_2892_m_val                 |   14|          3|   64|        192|
    |grp_MultMod_fu_2892_mod_val               |   14|          3|   64|        192|
    |grp_MultMod_fu_2900_S_val                 |   14|          3|   64|        192|
    |grp_MultMod_fu_2900_a_val                 |   14|          3|   64|        192|
    |grp_MultMod_fu_2900_b_val                 |   14|          3|   64|        192|
    |grp_MultMod_fu_2900_m_val                 |   14|          3|   64|        192|
    |grp_MultMod_fu_2900_mod_val               |   14|          3|   64|        192|
    |grp_MultMod_fu_2908_S_val                 |   14|          3|   64|        192|
    |grp_MultMod_fu_2908_a_val                 |   14|          3|   64|        192|
    |grp_MultMod_fu_2908_b_val                 |   14|          3|   64|        192|
    |grp_MultMod_fu_2908_m_val                 |   14|          3|   64|        192|
    |grp_MultMod_fu_2908_mod_val               |   14|          3|   64|        192|
    |grp_MultMod_fu_2916_S_val                 |   14|          3|   64|        192|
    |grp_MultMod_fu_2916_a_val                 |   14|          3|   64|        192|
    |grp_MultMod_fu_2916_b_val                 |   14|          3|   64|        192|
    |grp_MultMod_fu_2916_m_val                 |   14|          3|   64|        192|
    |grp_MultMod_fu_2916_mod_val               |   14|          3|   64|        192|
    |grp_MultMod_fu_2924_S_val                 |   14|          3|   64|        192|
    |grp_MultMod_fu_2924_a_val                 |   14|          3|   64|        192|
    |grp_MultMod_fu_2924_b_val                 |   14|          3|   64|        192|
    |grp_MultMod_fu_2924_m_val                 |   14|          3|   64|        192|
    |grp_MultMod_fu_2924_mod_val               |   14|          3|   64|        192|
    |in_w_address0                             |   14|          3|    4|         12|
    |in_w_ce0                                  |   14|          3|    1|          3|
    |in_w_we0                                  |    9|          2|    1|          2|
    |out_S_address0                            |   14|          3|    3|          9|
    |out_S_ce0                                 |   14|          3|    1|          3|
    |out_S_we0                                 |    9|          2|    1|          2|
    |out_m_barrett_address0                    |   14|          3|    3|          9|
    |out_m_barrett_ce0                         |   14|          3|    1|          3|
    |out_m_barrett_we0                         |    9|          2|    1|          2|
    |out_mod_address0                          |   14|          3|    3|          9|
    |out_mod_ce0                               |   14|          3|    1|          3|
    |out_mod_we0                               |    9|          2|    1|          2|
    |p_ZL13poly_buffer_1_0_0_address0          |   43|          8|    9|         72|
    |p_ZL13poly_buffer_1_0_0_address1          |   20|          4|    9|         36|
    |p_ZL13poly_buffer_1_0_0_ce0               |   43|          8|    1|          8|
    |p_ZL13poly_buffer_1_0_0_ce1               |   20|          4|    1|          4|
    |p_ZL13poly_buffer_1_0_0_d1                |   20|          4|   64|        256|
    |p_ZL13poly_buffer_1_0_0_we1               |   20|          4|    1|          4|
    |p_ZL13poly_buffer_1_0_1_address0          |   43|          8|    9|         72|
    |p_ZL13poly_buffer_1_0_1_address1          |   20|          4|    9|         36|
    |p_ZL13poly_buffer_1_0_1_ce0               |   43|          8|    1|          8|
    |p_ZL13poly_buffer_1_0_1_ce1               |   20|          4|    1|          4|
    |p_ZL13poly_buffer_1_0_1_d1                |   20|          4|   64|        256|
    |p_ZL13poly_buffer_1_0_1_we1               |   20|          4|    1|          4|
    |p_ZL13poly_buffer_1_0_2_address0          |   43|          8|    9|         72|
    |p_ZL13poly_buffer_1_0_2_address1          |   20|          4|    9|         36|
    |p_ZL13poly_buffer_1_0_2_ce0               |   43|          8|    1|          8|
    |p_ZL13poly_buffer_1_0_2_ce1               |   20|          4|    1|          4|
    |p_ZL13poly_buffer_1_0_2_d1                |   20|          4|   64|        256|
    |p_ZL13poly_buffer_1_0_2_we1               |   20|          4|    1|          4|
    |p_ZL13poly_buffer_1_0_3_address0          |   37|          7|    9|         63|
    |p_ZL13poly_buffer_1_0_3_address1          |   20|          4|    9|         36|
    |p_ZL13poly_buffer_1_0_3_ce0               |   37|          7|    1|          7|
    |p_ZL13poly_buffer_1_0_3_ce1               |   20|          4|    1|          4|
    |p_ZL13poly_buffer_1_0_3_d1                |   20|          4|   64|        256|
    |p_ZL13poly_buffer_1_0_3_we1               |   20|          4|    1|          4|
    |p_ZL13poly_buffer_1_0_4_address0          |   37|          7|    9|         63|
    |p_ZL13poly_buffer_1_0_4_address1          |   20|          4|    9|         36|
    |p_ZL13poly_buffer_1_0_4_ce0               |   37|          7|    1|          7|
    |p_ZL13poly_buffer_1_0_4_ce1               |   20|          4|    1|          4|
    |p_ZL13poly_buffer_1_0_4_d1                |   20|          4|   64|        256|
    |p_ZL13poly_buffer_1_0_4_we1               |   20|          4|    1|          4|
    |p_ZL13poly_buffer_1_0_5_address0          |   37|          7|    9|         63|
    |p_ZL13poly_buffer_1_0_5_address1          |   20|          4|    9|         36|
    |p_ZL13poly_buffer_1_0_5_ce0               |   37|          7|    1|          7|
    |p_ZL13poly_buffer_1_0_5_ce1               |   20|          4|    1|          4|
    |p_ZL13poly_buffer_1_0_5_d1                |   20|          4|   64|        256|
    |p_ZL13poly_buffer_1_0_5_we1               |   20|          4|    1|          4|
    |p_ZL13poly_buffer_1_0_6_address0          |   37|          7|    9|         63|
    |p_ZL13poly_buffer_1_0_6_address1          |   20|          4|    9|         36|
    |p_ZL13poly_buffer_1_0_6_ce0               |   37|          7|    1|          7|
    |p_ZL13poly_buffer_1_0_6_ce1               |   20|          4|    1|          4|
    |p_ZL13poly_buffer_1_0_6_d1                |   20|          4|   64|        256|
    |p_ZL13poly_buffer_1_0_6_we1               |   20|          4|    1|          4|
    |p_ZL13poly_buffer_1_0_7_address0          |   37|          7|    9|         63|
    |p_ZL13poly_buffer_1_0_7_address1          |   20|          4|    9|         36|
    |p_ZL13poly_buffer_1_0_7_ce0               |   37|          7|    1|          7|
    |p_ZL13poly_buffer_1_0_7_ce1               |   20|          4|    1|          4|
    |p_ZL13poly_buffer_1_0_7_d1                |   20|          4|   64|        256|
    |p_ZL13poly_buffer_1_0_7_we1               |   20|          4|    1|          4|
    |p_ZL13poly_buffer_1_1_0_address0          |   43|          8|    9|         72|
    |p_ZL13poly_buffer_1_1_0_address1          |   20|          4|    9|         36|
    |p_ZL13poly_buffer_1_1_0_ce0               |   43|          8|    1|          8|
    |p_ZL13poly_buffer_1_1_0_ce1               |   20|          4|    1|          4|
    |p_ZL13poly_buffer_1_1_0_d1                |   20|          4|   64|        256|
    |p_ZL13poly_buffer_1_1_0_we1               |   20|          4|    1|          4|
    |p_ZL13poly_buffer_1_1_1_address0          |   43|          8|    9|         72|
    |p_ZL13poly_buffer_1_1_1_address1          |   20|          4|    9|         36|
    |p_ZL13poly_buffer_1_1_1_ce0               |   43|          8|    1|          8|
    |p_ZL13poly_buffer_1_1_1_ce1               |   20|          4|    1|          4|
    |p_ZL13poly_buffer_1_1_1_d1                |   20|          4|   64|        256|
    |p_ZL13poly_buffer_1_1_1_we1               |   20|          4|    1|          4|
    |p_ZL13poly_buffer_1_1_2_address0          |   43|          8|    9|         72|
    |p_ZL13poly_buffer_1_1_2_address1          |   20|          4|    9|         36|
    |p_ZL13poly_buffer_1_1_2_ce0               |   43|          8|    1|          8|
    |p_ZL13poly_buffer_1_1_2_ce1               |   20|          4|    1|          4|
    |p_ZL13poly_buffer_1_1_2_d1                |   20|          4|   64|        256|
    |p_ZL13poly_buffer_1_1_2_we1               |   20|          4|    1|          4|
    |p_ZL13poly_buffer_1_1_3_address0          |   37|          7|    9|         63|
    |p_ZL13poly_buffer_1_1_3_address1          |   20|          4|    9|         36|
    |p_ZL13poly_buffer_1_1_3_ce0               |   37|          7|    1|          7|
    |p_ZL13poly_buffer_1_1_3_ce1               |   20|          4|    1|          4|
    |p_ZL13poly_buffer_1_1_3_d1                |   20|          4|   64|        256|
    |p_ZL13poly_buffer_1_1_3_we1               |   20|          4|    1|          4|
    |p_ZL13poly_buffer_1_1_4_address0          |   37|          7|    9|         63|
    |p_ZL13poly_buffer_1_1_4_address1          |   20|          4|    9|         36|
    |p_ZL13poly_buffer_1_1_4_ce0               |   37|          7|    1|          7|
    |p_ZL13poly_buffer_1_1_4_ce1               |   20|          4|    1|          4|
    |p_ZL13poly_buffer_1_1_4_d1                |   20|          4|   64|        256|
    |p_ZL13poly_buffer_1_1_4_we1               |   20|          4|    1|          4|
    |p_ZL13poly_buffer_1_1_5_address0          |   37|          7|    9|         63|
    |p_ZL13poly_buffer_1_1_5_address1          |   20|          4|    9|         36|
    |p_ZL13poly_buffer_1_1_5_ce0               |   37|          7|    1|          7|
    |p_ZL13poly_buffer_1_1_5_ce1               |   20|          4|    1|          4|
    |p_ZL13poly_buffer_1_1_5_d1                |   20|          4|   64|        256|
    |p_ZL13poly_buffer_1_1_5_we1               |   20|          4|    1|          4|
    |p_ZL13poly_buffer_1_1_6_address0          |   37|          7|    9|         63|
    |p_ZL13poly_buffer_1_1_6_address1          |   20|          4|    9|         36|
    |p_ZL13poly_buffer_1_1_6_ce0               |   37|          7|    1|          7|
    |p_ZL13poly_buffer_1_1_6_ce1               |   20|          4|    1|          4|
    |p_ZL13poly_buffer_1_1_6_d1                |   20|          4|   64|        256|
    |p_ZL13poly_buffer_1_1_6_we1               |   20|          4|    1|          4|
    |p_ZL13poly_buffer_1_1_7_address0          |   37|          7|    9|         63|
    |p_ZL13poly_buffer_1_1_7_address1          |   20|          4|    9|         36|
    |p_ZL13poly_buffer_1_1_7_ce0               |   37|          7|    1|          7|
    |p_ZL13poly_buffer_1_1_7_ce1               |   20|          4|    1|          4|
    |p_ZL13poly_buffer_1_1_7_d1                |   20|          4|   64|        256|
    |p_ZL13poly_buffer_1_1_7_we1               |   20|          4|    1|          4|
    |p_ZL13poly_buffer_1_2_0_address0          |   43|          8|    9|         72|
    |p_ZL13poly_buffer_1_2_0_address1          |   20|          4|    9|         36|
    |p_ZL13poly_buffer_1_2_0_ce0               |   43|          8|    1|          8|
    |p_ZL13poly_buffer_1_2_0_ce1               |   20|          4|    1|          4|
    |p_ZL13poly_buffer_1_2_0_d1                |   20|          4|   64|        256|
    |p_ZL13poly_buffer_1_2_0_we1               |   20|          4|    1|          4|
    |p_ZL13poly_buffer_1_2_1_address0          |   43|          8|    9|         72|
    |p_ZL13poly_buffer_1_2_1_address1          |   20|          4|    9|         36|
    |p_ZL13poly_buffer_1_2_1_ce0               |   43|          8|    1|          8|
    |p_ZL13poly_buffer_1_2_1_ce1               |   20|          4|    1|          4|
    |p_ZL13poly_buffer_1_2_1_d1                |   20|          4|   64|        256|
    |p_ZL13poly_buffer_1_2_1_we1               |   20|          4|    1|          4|
    |p_ZL13poly_buffer_1_2_2_address0          |   43|          8|    9|         72|
    |p_ZL13poly_buffer_1_2_2_address1          |   20|          4|    9|         36|
    |p_ZL13poly_buffer_1_2_2_ce0               |   43|          8|    1|          8|
    |p_ZL13poly_buffer_1_2_2_ce1               |   20|          4|    1|          4|
    |p_ZL13poly_buffer_1_2_2_d1                |   20|          4|   64|        256|
    |p_ZL13poly_buffer_1_2_2_we1               |   20|          4|    1|          4|
    |p_ZL13poly_buffer_1_2_3_address0          |   37|          7|    9|         63|
    |p_ZL13poly_buffer_1_2_3_address1          |   20|          4|    9|         36|
    |p_ZL13poly_buffer_1_2_3_ce0               |   37|          7|    1|          7|
    |p_ZL13poly_buffer_1_2_3_ce1               |   20|          4|    1|          4|
    |p_ZL13poly_buffer_1_2_3_d1                |   20|          4|   64|        256|
    |p_ZL13poly_buffer_1_2_3_we1               |   20|          4|    1|          4|
    |p_ZL13poly_buffer_1_2_4_address0          |   37|          7|    9|         63|
    |p_ZL13poly_buffer_1_2_4_address1          |   20|          4|    9|         36|
    |p_ZL13poly_buffer_1_2_4_ce0               |   37|          7|    1|          7|
    |p_ZL13poly_buffer_1_2_4_ce1               |   20|          4|    1|          4|
    |p_ZL13poly_buffer_1_2_4_d1                |   20|          4|   64|        256|
    |p_ZL13poly_buffer_1_2_4_we1               |   20|          4|    1|          4|
    |p_ZL13poly_buffer_1_2_5_address0          |   37|          7|    9|         63|
    |p_ZL13poly_buffer_1_2_5_address1          |   20|          4|    9|         36|
    |p_ZL13poly_buffer_1_2_5_ce0               |   37|          7|    1|          7|
    |p_ZL13poly_buffer_1_2_5_ce1               |   20|          4|    1|          4|
    |p_ZL13poly_buffer_1_2_5_d1                |   20|          4|   64|        256|
    |p_ZL13poly_buffer_1_2_5_we1               |   20|          4|    1|          4|
    |p_ZL13poly_buffer_1_2_6_address0          |   37|          7|    9|         63|
    |p_ZL13poly_buffer_1_2_6_address1          |   20|          4|    9|         36|
    |p_ZL13poly_buffer_1_2_6_ce0               |   37|          7|    1|          7|
    |p_ZL13poly_buffer_1_2_6_ce1               |   20|          4|    1|          4|
    |p_ZL13poly_buffer_1_2_6_d1                |   20|          4|   64|        256|
    |p_ZL13poly_buffer_1_2_6_we1               |   20|          4|    1|          4|
    |p_ZL13poly_buffer_1_2_7_address0          |   37|          7|    9|         63|
    |p_ZL13poly_buffer_1_2_7_address1          |   20|          4|    9|         36|
    |p_ZL13poly_buffer_1_2_7_ce0               |   37|          7|    1|          7|
    |p_ZL13poly_buffer_1_2_7_ce1               |   20|          4|    1|          4|
    |p_ZL13poly_buffer_1_2_7_d1                |   20|          4|   64|        256|
    |p_ZL13poly_buffer_1_2_7_we1               |   20|          4|    1|          4|
    |p_ZL13poly_buffer_1_3_0_address0          |   43|          8|    9|         72|
    |p_ZL13poly_buffer_1_3_0_address1          |   20|          4|    9|         36|
    |p_ZL13poly_buffer_1_3_0_ce0               |   43|          8|    1|          8|
    |p_ZL13poly_buffer_1_3_0_ce1               |   20|          4|    1|          4|
    |p_ZL13poly_buffer_1_3_0_d1                |   20|          4|   64|        256|
    |p_ZL13poly_buffer_1_3_0_we1               |   20|          4|    1|          4|
    |p_ZL13poly_buffer_1_3_1_address0          |   43|          8|    9|         72|
    |p_ZL13poly_buffer_1_3_1_address1          |   20|          4|    9|         36|
    |p_ZL13poly_buffer_1_3_1_ce0               |   43|          8|    1|          8|
    |p_ZL13poly_buffer_1_3_1_ce1               |   20|          4|    1|          4|
    |p_ZL13poly_buffer_1_3_1_d1                |   20|          4|   64|        256|
    |p_ZL13poly_buffer_1_3_1_we1               |   20|          4|    1|          4|
    |p_ZL13poly_buffer_1_3_2_address0          |   43|          8|    9|         72|
    |p_ZL13poly_buffer_1_3_2_address1          |   20|          4|    9|         36|
    |p_ZL13poly_buffer_1_3_2_ce0               |   43|          8|    1|          8|
    |p_ZL13poly_buffer_1_3_2_ce1               |   20|          4|    1|          4|
    |p_ZL13poly_buffer_1_3_2_d1                |   20|          4|   64|        256|
    |p_ZL13poly_buffer_1_3_2_we1               |   20|          4|    1|          4|
    |p_ZL13poly_buffer_1_3_3_address0          |   37|          7|    9|         63|
    |p_ZL13poly_buffer_1_3_3_address1          |   20|          4|    9|         36|
    |p_ZL13poly_buffer_1_3_3_ce0               |   37|          7|    1|          7|
    |p_ZL13poly_buffer_1_3_3_ce1               |   20|          4|    1|          4|
    |p_ZL13poly_buffer_1_3_3_d1                |   20|          4|   64|        256|
    |p_ZL13poly_buffer_1_3_3_we1               |   20|          4|    1|          4|
    |p_ZL13poly_buffer_1_3_4_address0          |   37|          7|    9|         63|
    |p_ZL13poly_buffer_1_3_4_address1          |   20|          4|    9|         36|
    |p_ZL13poly_buffer_1_3_4_ce0               |   37|          7|    1|          7|
    |p_ZL13poly_buffer_1_3_4_ce1               |   20|          4|    1|          4|
    |p_ZL13poly_buffer_1_3_4_d1                |   20|          4|   64|        256|
    |p_ZL13poly_buffer_1_3_4_we1               |   20|          4|    1|          4|
    |p_ZL13poly_buffer_1_3_5_address0          |   37|          7|    9|         63|
    |p_ZL13poly_buffer_1_3_5_address1          |   20|          4|    9|         36|
    |p_ZL13poly_buffer_1_3_5_ce0               |   37|          7|    1|          7|
    |p_ZL13poly_buffer_1_3_5_ce1               |   20|          4|    1|          4|
    |p_ZL13poly_buffer_1_3_5_d1                |   20|          4|   64|        256|
    |p_ZL13poly_buffer_1_3_5_we1               |   20|          4|    1|          4|
    |p_ZL13poly_buffer_1_3_6_address0          |   37|          7|    9|         63|
    |p_ZL13poly_buffer_1_3_6_address1          |   20|          4|    9|         36|
    |p_ZL13poly_buffer_1_3_6_ce0               |   37|          7|    1|          7|
    |p_ZL13poly_buffer_1_3_6_ce1               |   20|          4|    1|          4|
    |p_ZL13poly_buffer_1_3_6_d1                |   20|          4|   64|        256|
    |p_ZL13poly_buffer_1_3_6_we1               |   20|          4|    1|          4|
    |p_ZL13poly_buffer_1_3_7_address0          |   37|          7|    9|         63|
    |p_ZL13poly_buffer_1_3_7_address1          |   20|          4|    9|         36|
    |p_ZL13poly_buffer_1_3_7_ce0               |   37|          7|    1|          7|
    |p_ZL13poly_buffer_1_3_7_ce1               |   20|          4|    1|          4|
    |p_ZL13poly_buffer_1_3_7_d1                |   20|          4|   64|        256|
    |p_ZL13poly_buffer_1_3_7_we1               |   20|          4|    1|          4|
    |p_ZL13poly_buffer_1_4_0_address0          |   43|          8|    9|         72|
    |p_ZL13poly_buffer_1_4_0_address1          |   20|          4|    9|         36|
    |p_ZL13poly_buffer_1_4_0_ce0               |   43|          8|    1|          8|
    |p_ZL13poly_buffer_1_4_0_ce1               |   20|          4|    1|          4|
    |p_ZL13poly_buffer_1_4_0_d1                |   20|          4|   64|        256|
    |p_ZL13poly_buffer_1_4_0_we1               |   20|          4|    1|          4|
    |p_ZL13poly_buffer_1_4_1_address0          |   43|          8|    9|         72|
    |p_ZL13poly_buffer_1_4_1_address1          |   20|          4|    9|         36|
    |p_ZL13poly_buffer_1_4_1_ce0               |   43|          8|    1|          8|
    |p_ZL13poly_buffer_1_4_1_ce1               |   20|          4|    1|          4|
    |p_ZL13poly_buffer_1_4_1_d1                |   20|          4|   64|        256|
    |p_ZL13poly_buffer_1_4_1_we1               |   20|          4|    1|          4|
    |p_ZL13poly_buffer_1_4_2_address0          |   43|          8|    9|         72|
    |p_ZL13poly_buffer_1_4_2_address1          |   20|          4|    9|         36|
    |p_ZL13poly_buffer_1_4_2_ce0               |   43|          8|    1|          8|
    |p_ZL13poly_buffer_1_4_2_ce1               |   20|          4|    1|          4|
    |p_ZL13poly_buffer_1_4_2_d1                |   20|          4|   64|        256|
    |p_ZL13poly_buffer_1_4_2_we1               |   20|          4|    1|          4|
    |p_ZL13poly_buffer_1_4_3_address0          |   37|          7|    9|         63|
    |p_ZL13poly_buffer_1_4_3_address1          |   20|          4|    9|         36|
    |p_ZL13poly_buffer_1_4_3_ce0               |   37|          7|    1|          7|
    |p_ZL13poly_buffer_1_4_3_ce1               |   20|          4|    1|          4|
    |p_ZL13poly_buffer_1_4_3_d1                |   20|          4|   64|        256|
    |p_ZL13poly_buffer_1_4_3_we1               |   20|          4|    1|          4|
    |p_ZL13poly_buffer_1_4_4_address0          |   37|          7|    9|         63|
    |p_ZL13poly_buffer_1_4_4_address1          |   20|          4|    9|         36|
    |p_ZL13poly_buffer_1_4_4_ce0               |   37|          7|    1|          7|
    |p_ZL13poly_buffer_1_4_4_ce1               |   20|          4|    1|          4|
    |p_ZL13poly_buffer_1_4_4_d1                |   20|          4|   64|        256|
    |p_ZL13poly_buffer_1_4_4_we1               |   20|          4|    1|          4|
    |p_ZL13poly_buffer_1_4_5_address0          |   37|          7|    9|         63|
    |p_ZL13poly_buffer_1_4_5_address1          |   20|          4|    9|         36|
    |p_ZL13poly_buffer_1_4_5_ce0               |   37|          7|    1|          7|
    |p_ZL13poly_buffer_1_4_5_ce1               |   20|          4|    1|          4|
    |p_ZL13poly_buffer_1_4_5_d1                |   20|          4|   64|        256|
    |p_ZL13poly_buffer_1_4_5_we1               |   20|          4|    1|          4|
    |p_ZL13poly_buffer_1_4_6_address0          |   37|          7|    9|         63|
    |p_ZL13poly_buffer_1_4_6_address1          |   20|          4|    9|         36|
    |p_ZL13poly_buffer_1_4_6_ce0               |   37|          7|    1|          7|
    |p_ZL13poly_buffer_1_4_6_ce1               |   20|          4|    1|          4|
    |p_ZL13poly_buffer_1_4_6_d1                |   20|          4|   64|        256|
    |p_ZL13poly_buffer_1_4_6_we1               |   20|          4|    1|          4|
    |p_ZL13poly_buffer_1_4_7_address0          |   37|          7|    9|         63|
    |p_ZL13poly_buffer_1_4_7_address1          |   20|          4|    9|         36|
    |p_ZL13poly_buffer_1_4_7_ce0               |   37|          7|    1|          7|
    |p_ZL13poly_buffer_1_4_7_ce1               |   20|          4|    1|          4|
    |p_ZL13poly_buffer_1_4_7_d1                |   20|          4|   64|        256|
    |p_ZL13poly_buffer_1_4_7_we1               |   20|          4|    1|          4|
    |p_ZL13poly_buffer_1_5_0_address0          |   43|          8|    9|         72|
    |p_ZL13poly_buffer_1_5_0_address1          |   20|          4|    9|         36|
    |p_ZL13poly_buffer_1_5_0_ce0               |   43|          8|    1|          8|
    |p_ZL13poly_buffer_1_5_0_ce1               |   20|          4|    1|          4|
    |p_ZL13poly_buffer_1_5_0_d1                |   20|          4|   64|        256|
    |p_ZL13poly_buffer_1_5_0_we1               |   20|          4|    1|          4|
    |p_ZL13poly_buffer_1_5_1_address0          |   43|          8|    9|         72|
    |p_ZL13poly_buffer_1_5_1_address1          |   20|          4|    9|         36|
    |p_ZL13poly_buffer_1_5_1_ce0               |   43|          8|    1|          8|
    |p_ZL13poly_buffer_1_5_1_ce1               |   20|          4|    1|          4|
    |p_ZL13poly_buffer_1_5_1_d1                |   20|          4|   64|        256|
    |p_ZL13poly_buffer_1_5_1_we1               |   20|          4|    1|          4|
    |p_ZL13poly_buffer_1_5_2_address0          |   43|          8|    9|         72|
    |p_ZL13poly_buffer_1_5_2_address1          |   20|          4|    9|         36|
    |p_ZL13poly_buffer_1_5_2_ce0               |   43|          8|    1|          8|
    |p_ZL13poly_buffer_1_5_2_ce1               |   20|          4|    1|          4|
    |p_ZL13poly_buffer_1_5_2_d1                |   20|          4|   64|        256|
    |p_ZL13poly_buffer_1_5_2_we1               |   20|          4|    1|          4|
    |p_ZL13poly_buffer_1_5_3_address0          |   37|          7|    9|         63|
    |p_ZL13poly_buffer_1_5_3_address1          |   20|          4|    9|         36|
    |p_ZL13poly_buffer_1_5_3_ce0               |   37|          7|    1|          7|
    |p_ZL13poly_buffer_1_5_3_ce1               |   20|          4|    1|          4|
    |p_ZL13poly_buffer_1_5_3_d1                |   20|          4|   64|        256|
    |p_ZL13poly_buffer_1_5_3_we1               |   20|          4|    1|          4|
    |p_ZL13poly_buffer_1_5_4_address0          |   37|          7|    9|         63|
    |p_ZL13poly_buffer_1_5_4_address1          |   20|          4|    9|         36|
    |p_ZL13poly_buffer_1_5_4_ce0               |   37|          7|    1|          7|
    |p_ZL13poly_buffer_1_5_4_ce1               |   20|          4|    1|          4|
    |p_ZL13poly_buffer_1_5_4_d1                |   20|          4|   64|        256|
    |p_ZL13poly_buffer_1_5_4_we1               |   20|          4|    1|          4|
    |p_ZL13poly_buffer_1_5_5_address0          |   37|          7|    9|         63|
    |p_ZL13poly_buffer_1_5_5_address1          |   20|          4|    9|         36|
    |p_ZL13poly_buffer_1_5_5_ce0               |   37|          7|    1|          7|
    |p_ZL13poly_buffer_1_5_5_ce1               |   20|          4|    1|          4|
    |p_ZL13poly_buffer_1_5_5_d1                |   20|          4|   64|        256|
    |p_ZL13poly_buffer_1_5_5_we1               |   20|          4|    1|          4|
    |p_ZL13poly_buffer_1_5_6_address0          |   37|          7|    9|         63|
    |p_ZL13poly_buffer_1_5_6_address1          |   20|          4|    9|         36|
    |p_ZL13poly_buffer_1_5_6_ce0               |   37|          7|    1|          7|
    |p_ZL13poly_buffer_1_5_6_ce1               |   20|          4|    1|          4|
    |p_ZL13poly_buffer_1_5_6_d1                |   20|          4|   64|        256|
    |p_ZL13poly_buffer_1_5_6_we1               |   20|          4|    1|          4|
    |p_ZL13poly_buffer_1_5_7_address0          |   37|          7|    9|         63|
    |p_ZL13poly_buffer_1_5_7_address1          |   20|          4|    9|         36|
    |p_ZL13poly_buffer_1_5_7_ce0               |   37|          7|    1|          7|
    |p_ZL13poly_buffer_1_5_7_ce1               |   20|          4|    1|          4|
    |p_ZL13poly_buffer_1_5_7_d1                |   20|          4|   64|        256|
    |p_ZL13poly_buffer_1_5_7_we1               |   20|          4|    1|          4|
    |p_ZL13poly_buffer_1_6_0_address0          |   43|          8|    9|         72|
    |p_ZL13poly_buffer_1_6_0_address1          |   20|          4|    9|         36|
    |p_ZL13poly_buffer_1_6_0_ce0               |   43|          8|    1|          8|
    |p_ZL13poly_buffer_1_6_0_ce1               |   20|          4|    1|          4|
    |p_ZL13poly_buffer_1_6_0_d1                |   20|          4|   64|        256|
    |p_ZL13poly_buffer_1_6_0_we1               |   20|          4|    1|          4|
    |p_ZL13poly_buffer_1_6_1_address0          |   43|          8|    9|         72|
    |p_ZL13poly_buffer_1_6_1_address1          |   20|          4|    9|         36|
    |p_ZL13poly_buffer_1_6_1_ce0               |   43|          8|    1|          8|
    |p_ZL13poly_buffer_1_6_1_ce1               |   20|          4|    1|          4|
    |p_ZL13poly_buffer_1_6_1_d1                |   20|          4|   64|        256|
    |p_ZL13poly_buffer_1_6_1_we1               |   20|          4|    1|          4|
    |p_ZL13poly_buffer_1_6_2_address0          |   43|          8|    9|         72|
    |p_ZL13poly_buffer_1_6_2_address1          |   20|          4|    9|         36|
    |p_ZL13poly_buffer_1_6_2_ce0               |   43|          8|    1|          8|
    |p_ZL13poly_buffer_1_6_2_ce1               |   20|          4|    1|          4|
    |p_ZL13poly_buffer_1_6_2_d1                |   20|          4|   64|        256|
    |p_ZL13poly_buffer_1_6_2_we1               |   20|          4|    1|          4|
    |p_ZL13poly_buffer_1_6_3_address0          |   37|          7|    9|         63|
    |p_ZL13poly_buffer_1_6_3_address1          |   20|          4|    9|         36|
    |p_ZL13poly_buffer_1_6_3_ce0               |   37|          7|    1|          7|
    |p_ZL13poly_buffer_1_6_3_ce1               |   20|          4|    1|          4|
    |p_ZL13poly_buffer_1_6_3_d1                |   20|          4|   64|        256|
    |p_ZL13poly_buffer_1_6_3_we1               |   20|          4|    1|          4|
    |p_ZL13poly_buffer_1_6_4_address0          |   37|          7|    9|         63|
    |p_ZL13poly_buffer_1_6_4_address1          |   20|          4|    9|         36|
    |p_ZL13poly_buffer_1_6_4_ce0               |   37|          7|    1|          7|
    |p_ZL13poly_buffer_1_6_4_ce1               |   20|          4|    1|          4|
    |p_ZL13poly_buffer_1_6_4_d1                |   20|          4|   64|        256|
    |p_ZL13poly_buffer_1_6_4_we1               |   20|          4|    1|          4|
    |p_ZL13poly_buffer_1_6_5_address0          |   37|          7|    9|         63|
    |p_ZL13poly_buffer_1_6_5_address1          |   20|          4|    9|         36|
    |p_ZL13poly_buffer_1_6_5_ce0               |   37|          7|    1|          7|
    |p_ZL13poly_buffer_1_6_5_ce1               |   20|          4|    1|          4|
    |p_ZL13poly_buffer_1_6_5_d1                |   20|          4|   64|        256|
    |p_ZL13poly_buffer_1_6_5_we1               |   20|          4|    1|          4|
    |p_ZL13poly_buffer_1_6_6_address0          |   37|          7|    9|         63|
    |p_ZL13poly_buffer_1_6_6_address1          |   20|          4|    9|         36|
    |p_ZL13poly_buffer_1_6_6_ce0               |   37|          7|    1|          7|
    |p_ZL13poly_buffer_1_6_6_ce1               |   20|          4|    1|          4|
    |p_ZL13poly_buffer_1_6_6_d1                |   20|          4|   64|        256|
    |p_ZL13poly_buffer_1_6_6_we1               |   20|          4|    1|          4|
    |p_ZL13poly_buffer_1_6_7_address0          |   37|          7|    9|         63|
    |p_ZL13poly_buffer_1_6_7_address1          |   20|          4|    9|         36|
    |p_ZL13poly_buffer_1_6_7_ce0               |   37|          7|    1|          7|
    |p_ZL13poly_buffer_1_6_7_ce1               |   20|          4|    1|          4|
    |p_ZL13poly_buffer_1_6_7_d1                |   20|          4|   64|        256|
    |p_ZL13poly_buffer_1_6_7_we1               |   20|          4|    1|          4|
    |p_ZL13poly_buffer_1_7_0_address0          |   43|          8|    9|         72|
    |p_ZL13poly_buffer_1_7_0_address1          |   20|          4|    9|         36|
    |p_ZL13poly_buffer_1_7_0_ce0               |   43|          8|    1|          8|
    |p_ZL13poly_buffer_1_7_0_ce1               |   20|          4|    1|          4|
    |p_ZL13poly_buffer_1_7_0_d1                |   20|          4|   64|        256|
    |p_ZL13poly_buffer_1_7_0_we1               |   20|          4|    1|          4|
    |p_ZL13poly_buffer_1_7_1_address0          |   43|          8|    9|         72|
    |p_ZL13poly_buffer_1_7_1_address1          |   20|          4|    9|         36|
    |p_ZL13poly_buffer_1_7_1_ce0               |   43|          8|    1|          8|
    |p_ZL13poly_buffer_1_7_1_ce1               |   20|          4|    1|          4|
    |p_ZL13poly_buffer_1_7_1_d1                |   20|          4|   64|        256|
    |p_ZL13poly_buffer_1_7_1_we1               |   20|          4|    1|          4|
    |p_ZL13poly_buffer_1_7_2_address0          |   43|          8|    9|         72|
    |p_ZL13poly_buffer_1_7_2_address1          |   20|          4|    9|         36|
    |p_ZL13poly_buffer_1_7_2_ce0               |   43|          8|    1|          8|
    |p_ZL13poly_buffer_1_7_2_ce1               |   20|          4|    1|          4|
    |p_ZL13poly_buffer_1_7_2_d1                |   20|          4|   64|        256|
    |p_ZL13poly_buffer_1_7_2_we1               |   20|          4|    1|          4|
    |p_ZL13poly_buffer_1_7_3_address0          |   37|          7|    9|         63|
    |p_ZL13poly_buffer_1_7_3_address1          |   20|          4|    9|         36|
    |p_ZL13poly_buffer_1_7_3_ce0               |   37|          7|    1|          7|
    |p_ZL13poly_buffer_1_7_3_ce1               |   20|          4|    1|          4|
    |p_ZL13poly_buffer_1_7_3_d1                |   20|          4|   64|        256|
    |p_ZL13poly_buffer_1_7_3_we1               |   20|          4|    1|          4|
    |p_ZL13poly_buffer_1_7_4_address0          |   37|          7|    9|         63|
    |p_ZL13poly_buffer_1_7_4_address1          |   20|          4|    9|         36|
    |p_ZL13poly_buffer_1_7_4_ce0               |   37|          7|    1|          7|
    |p_ZL13poly_buffer_1_7_4_ce1               |   20|          4|    1|          4|
    |p_ZL13poly_buffer_1_7_4_d1                |   20|          4|   64|        256|
    |p_ZL13poly_buffer_1_7_4_we1               |   20|          4|    1|          4|
    |p_ZL13poly_buffer_1_7_5_address0          |   37|          7|    9|         63|
    |p_ZL13poly_buffer_1_7_5_address1          |   20|          4|    9|         36|
    |p_ZL13poly_buffer_1_7_5_ce0               |   37|          7|    1|          7|
    |p_ZL13poly_buffer_1_7_5_ce1               |   20|          4|    1|          4|
    |p_ZL13poly_buffer_1_7_5_d1                |   20|          4|   64|        256|
    |p_ZL13poly_buffer_1_7_5_we1               |   20|          4|    1|          4|
    |p_ZL13poly_buffer_1_7_6_address0          |   37|          7|    9|         63|
    |p_ZL13poly_buffer_1_7_6_address1          |   20|          4|    9|         36|
    |p_ZL13poly_buffer_1_7_6_ce0               |   37|          7|    1|          7|
    |p_ZL13poly_buffer_1_7_6_ce1               |   20|          4|    1|          4|
    |p_ZL13poly_buffer_1_7_6_d1                |   20|          4|   64|        256|
    |p_ZL13poly_buffer_1_7_6_we1               |   20|          4|    1|          4|
    |p_ZL13poly_buffer_1_7_7_address0          |   37|          7|    9|         63|
    |p_ZL13poly_buffer_1_7_7_address1          |   20|          4|    9|         36|
    |p_ZL13poly_buffer_1_7_7_ce0               |   37|          7|    1|          7|
    |p_ZL13poly_buffer_1_7_7_ce1               |   20|          4|    1|          4|
    |p_ZL13poly_buffer_1_7_7_d1                |   20|          4|   64|        256|
    |p_ZL13poly_buffer_1_7_7_we1               |   20|          4|    1|          4|
    |p_ZL13poly_buffer_2_0_address0            |   26|          5|   13|         65|
    |p_ZL13poly_buffer_2_0_address1            |   14|          3|   13|         39|
    |p_ZL13poly_buffer_2_0_ce0                 |   26|          5|    1|          5|
    |p_ZL13poly_buffer_2_0_ce1                 |   14|          3|    1|          3|
    |p_ZL13poly_buffer_2_0_d1                  |   14|          3|   64|        192|
    |p_ZL13poly_buffer_2_0_we1                 |   14|          3|    1|          3|
    |p_ZL13poly_buffer_2_1_address0            |   26|          5|   13|         65|
    |p_ZL13poly_buffer_2_1_address1            |   14|          3|   13|         39|
    |p_ZL13poly_buffer_2_1_ce0                 |   26|          5|    1|          5|
    |p_ZL13poly_buffer_2_1_ce1                 |   14|          3|    1|          3|
    |p_ZL13poly_buffer_2_1_d1                  |   14|          3|   64|        192|
    |p_ZL13poly_buffer_2_1_we1                 |   14|          3|    1|          3|
    |p_ZL13poly_buffer_2_2_address0            |   26|          5|   13|         65|
    |p_ZL13poly_buffer_2_2_address1            |   14|          3|   13|         39|
    |p_ZL13poly_buffer_2_2_ce0                 |   26|          5|    1|          5|
    |p_ZL13poly_buffer_2_2_ce1                 |   14|          3|    1|          3|
    |p_ZL13poly_buffer_2_2_d1                  |   14|          3|   64|        192|
    |p_ZL13poly_buffer_2_2_we1                 |   14|          3|    1|          3|
    |p_ZL13poly_buffer_2_3_address0            |   26|          5|   13|         65|
    |p_ZL13poly_buffer_2_3_address1            |   14|          3|   13|         39|
    |p_ZL13poly_buffer_2_3_ce0                 |   26|          5|    1|          5|
    |p_ZL13poly_buffer_2_3_ce1                 |   14|          3|    1|          3|
    |p_ZL13poly_buffer_2_3_d1                  |   14|          3|   64|        192|
    |p_ZL13poly_buffer_2_3_we1                 |   14|          3|    1|          3|
    |p_ZL13result_buffer_0_0_address0          |   14|          3|   10|         30|
    |p_ZL13result_buffer_0_0_address1          |   31|          6|   10|         60|
    |p_ZL13result_buffer_0_0_ce0               |   14|          3|    1|          3|
    |p_ZL13result_buffer_0_0_ce1               |   31|          6|    1|          6|
    |p_ZL13result_buffer_0_0_d1                |   31|          6|   64|        384|
    |p_ZL13result_buffer_0_0_we1               |   31|          6|    1|          6|
    |p_ZL13result_buffer_0_1_address0          |   14|          3|   10|         30|
    |p_ZL13result_buffer_0_1_address1          |   31|          6|   10|         60|
    |p_ZL13result_buffer_0_1_ce0               |   14|          3|    1|          3|
    |p_ZL13result_buffer_0_1_ce1               |   31|          6|    1|          6|
    |p_ZL13result_buffer_0_1_d1                |   31|          6|   64|        384|
    |p_ZL13result_buffer_0_1_we1               |   31|          6|    1|          6|
    |p_ZL13result_buffer_0_2_address0          |   14|          3|   10|         30|
    |p_ZL13result_buffer_0_2_address1          |   31|          6|   10|         60|
    |p_ZL13result_buffer_0_2_ce0               |   14|          3|    1|          3|
    |p_ZL13result_buffer_0_2_ce1               |   31|          6|    1|          6|
    |p_ZL13result_buffer_0_2_d1                |   31|          6|   64|        384|
    |p_ZL13result_buffer_0_2_we1               |   31|          6|    1|          6|
    |p_ZL13result_buffer_0_3_address0          |   14|          3|   10|         30|
    |p_ZL13result_buffer_0_3_address1          |   31|          6|   10|         60|
    |p_ZL13result_buffer_0_3_ce0               |   14|          3|    1|          3|
    |p_ZL13result_buffer_0_3_ce1               |   31|          6|    1|          6|
    |p_ZL13result_buffer_0_3_d1                |   31|          6|   64|        384|
    |p_ZL13result_buffer_0_3_we1               |   31|          6|    1|          6|
    |p_ZL13result_buffer_0_4_address0          |   14|          3|   10|         30|
    |p_ZL13result_buffer_0_4_address1          |   31|          6|   10|         60|
    |p_ZL13result_buffer_0_4_ce0               |   14|          3|    1|          3|
    |p_ZL13result_buffer_0_4_ce1               |   31|          6|    1|          6|
    |p_ZL13result_buffer_0_4_d1                |   31|          6|   64|        384|
    |p_ZL13result_buffer_0_4_we1               |   31|          6|    1|          6|
    |p_ZL13result_buffer_0_5_address0          |   14|          3|   10|         30|
    |p_ZL13result_buffer_0_5_address1          |   31|          6|   10|         60|
    |p_ZL13result_buffer_0_5_ce0               |   14|          3|    1|          3|
    |p_ZL13result_buffer_0_5_ce1               |   31|          6|    1|          6|
    |p_ZL13result_buffer_0_5_d1                |   31|          6|   64|        384|
    |p_ZL13result_buffer_0_5_we1               |   31|          6|    1|          6|
    |p_ZL13result_buffer_0_6_address0          |   14|          3|   10|         30|
    |p_ZL13result_buffer_0_6_address1          |   31|          6|   10|         60|
    |p_ZL13result_buffer_0_6_ce0               |   14|          3|    1|          3|
    |p_ZL13result_buffer_0_6_ce1               |   31|          6|    1|          6|
    |p_ZL13result_buffer_0_6_d1                |   31|          6|   64|        384|
    |p_ZL13result_buffer_0_6_we1               |   31|          6|    1|          6|
    |p_ZL13result_buffer_0_7_address0          |   14|          3|   10|         30|
    |p_ZL13result_buffer_0_7_address1          |   31|          6|   10|         60|
    |p_ZL13result_buffer_0_7_ce0               |   14|          3|    1|          3|
    |p_ZL13result_buffer_0_7_ce1               |   31|          6|    1|          6|
    |p_ZL13result_buffer_0_7_d1                |   31|          6|   64|        384|
    |p_ZL13result_buffer_0_7_we1               |   31|          6|    1|          6|
    |p_ZL13result_buffer_1_0_address0          |   14|          3|   10|         30|
    |p_ZL13result_buffer_1_0_address1          |   31|          6|   10|         60|
    |p_ZL13result_buffer_1_0_ce0               |   14|          3|    1|          3|
    |p_ZL13result_buffer_1_0_ce1               |   31|          6|    1|          6|
    |p_ZL13result_buffer_1_0_d1                |   31|          6|   64|        384|
    |p_ZL13result_buffer_1_0_we1               |   31|          6|    1|          6|
    |p_ZL13result_buffer_1_1_address0          |   14|          3|   10|         30|
    |p_ZL13result_buffer_1_1_address1          |   31|          6|   10|         60|
    |p_ZL13result_buffer_1_1_ce0               |   14|          3|    1|          3|
    |p_ZL13result_buffer_1_1_ce1               |   31|          6|    1|          6|
    |p_ZL13result_buffer_1_1_d1                |   31|          6|   64|        384|
    |p_ZL13result_buffer_1_1_we1               |   31|          6|    1|          6|
    |p_ZL13result_buffer_1_2_address0          |   14|          3|   10|         30|
    |p_ZL13result_buffer_1_2_address1          |   31|          6|   10|         60|
    |p_ZL13result_buffer_1_2_ce0               |   14|          3|    1|          3|
    |p_ZL13result_buffer_1_2_ce1               |   31|          6|    1|          6|
    |p_ZL13result_buffer_1_2_d1                |   31|          6|   64|        384|
    |p_ZL13result_buffer_1_2_we1               |   31|          6|    1|          6|
    |p_ZL13result_buffer_1_3_address0          |   14|          3|   10|         30|
    |p_ZL13result_buffer_1_3_address1          |   31|          6|   10|         60|
    |p_ZL13result_buffer_1_3_ce0               |   14|          3|    1|          3|
    |p_ZL13result_buffer_1_3_ce1               |   31|          6|    1|          6|
    |p_ZL13result_buffer_1_3_d1                |   31|          6|   64|        384|
    |p_ZL13result_buffer_1_3_we1               |   31|          6|    1|          6|
    |p_ZL13result_buffer_1_4_address0          |   14|          3|   10|         30|
    |p_ZL13result_buffer_1_4_address1          |   31|          6|   10|         60|
    |p_ZL13result_buffer_1_4_ce0               |   14|          3|    1|          3|
    |p_ZL13result_buffer_1_4_ce1               |   31|          6|    1|          6|
    |p_ZL13result_buffer_1_4_d1                |   31|          6|   64|        384|
    |p_ZL13result_buffer_1_4_we1               |   31|          6|    1|          6|
    |p_ZL13result_buffer_1_5_address0          |   14|          3|   10|         30|
    |p_ZL13result_buffer_1_5_address1          |   31|          6|   10|         60|
    |p_ZL13result_buffer_1_5_ce0               |   14|          3|    1|          3|
    |p_ZL13result_buffer_1_5_ce1               |   31|          6|    1|          6|
    |p_ZL13result_buffer_1_5_d1                |   31|          6|   64|        384|
    |p_ZL13result_buffer_1_5_we1               |   31|          6|    1|          6|
    |p_ZL13result_buffer_1_6_address0          |   14|          3|   10|         30|
    |p_ZL13result_buffer_1_6_address1          |   31|          6|   10|         60|
    |p_ZL13result_buffer_1_6_ce0               |   14|          3|    1|          3|
    |p_ZL13result_buffer_1_6_ce1               |   31|          6|    1|          6|
    |p_ZL13result_buffer_1_6_d1                |   31|          6|   64|        384|
    |p_ZL13result_buffer_1_6_we1               |   31|          6|    1|          6|
    |p_ZL13result_buffer_1_7_address0          |   14|          3|   10|         30|
    |p_ZL13result_buffer_1_7_address1          |   31|          6|   10|         60|
    |p_ZL13result_buffer_1_7_ce0               |   14|          3|    1|          3|
    |p_ZL13result_buffer_1_7_ce1               |   31|          6|    1|          6|
    |p_ZL13result_buffer_1_7_d1                |   31|          6|   64|        384|
    |p_ZL13result_buffer_1_7_we1               |   31|          6|    1|          6|
    |p_ZL13result_buffer_2_0_address0          |   14|          3|   10|         30|
    |p_ZL13result_buffer_2_0_address1          |   31|          6|   10|         60|
    |p_ZL13result_buffer_2_0_ce0               |   14|          3|    1|          3|
    |p_ZL13result_buffer_2_0_ce1               |   31|          6|    1|          6|
    |p_ZL13result_buffer_2_0_d1                |   31|          6|   64|        384|
    |p_ZL13result_buffer_2_0_we1               |   31|          6|    1|          6|
    |p_ZL13result_buffer_2_1_address0          |   14|          3|   10|         30|
    |p_ZL13result_buffer_2_1_address1          |   31|          6|   10|         60|
    |p_ZL13result_buffer_2_1_ce0               |   14|          3|    1|          3|
    |p_ZL13result_buffer_2_1_ce1               |   31|          6|    1|          6|
    |p_ZL13result_buffer_2_1_d1                |   31|          6|   64|        384|
    |p_ZL13result_buffer_2_1_we1               |   31|          6|    1|          6|
    |p_ZL13result_buffer_2_2_address0          |   14|          3|   10|         30|
    |p_ZL13result_buffer_2_2_address1          |   31|          6|   10|         60|
    |p_ZL13result_buffer_2_2_ce0               |   14|          3|    1|          3|
    |p_ZL13result_buffer_2_2_ce1               |   31|          6|    1|          6|
    |p_ZL13result_buffer_2_2_d1                |   31|          6|   64|        384|
    |p_ZL13result_buffer_2_2_we1               |   31|          6|    1|          6|
    |p_ZL13result_buffer_2_3_address0          |   14|          3|   10|         30|
    |p_ZL13result_buffer_2_3_address1          |   31|          6|   10|         60|
    |p_ZL13result_buffer_2_3_ce0               |   14|          3|    1|          3|
    |p_ZL13result_buffer_2_3_ce1               |   31|          6|    1|          6|
    |p_ZL13result_buffer_2_3_d1                |   31|          6|   64|        384|
    |p_ZL13result_buffer_2_3_we1               |   31|          6|    1|          6|
    |p_ZL13result_buffer_2_4_address0          |   14|          3|   10|         30|
    |p_ZL13result_buffer_2_4_address1          |   31|          6|   10|         60|
    |p_ZL13result_buffer_2_4_ce0               |   14|          3|    1|          3|
    |p_ZL13result_buffer_2_4_ce1               |   31|          6|    1|          6|
    |p_ZL13result_buffer_2_4_d1                |   31|          6|   64|        384|
    |p_ZL13result_buffer_2_4_we1               |   31|          6|    1|          6|
    |p_ZL13result_buffer_2_5_address0          |   14|          3|   10|         30|
    |p_ZL13result_buffer_2_5_address1          |   31|          6|   10|         60|
    |p_ZL13result_buffer_2_5_ce0               |   14|          3|    1|          3|
    |p_ZL13result_buffer_2_5_ce1               |   31|          6|    1|          6|
    |p_ZL13result_buffer_2_5_d1                |   31|          6|   64|        384|
    |p_ZL13result_buffer_2_5_we1               |   31|          6|    1|          6|
    |p_ZL13result_buffer_2_6_address0          |   14|          3|   10|         30|
    |p_ZL13result_buffer_2_6_address1          |   31|          6|   10|         60|
    |p_ZL13result_buffer_2_6_ce0               |   14|          3|    1|          3|
    |p_ZL13result_buffer_2_6_ce1               |   31|          6|    1|          6|
    |p_ZL13result_buffer_2_6_d1                |   31|          6|   64|        384|
    |p_ZL13result_buffer_2_6_we1               |   31|          6|    1|          6|
    |p_ZL13result_buffer_2_7_address0          |   14|          3|   10|         30|
    |p_ZL13result_buffer_2_7_address1          |   31|          6|   10|         60|
    |p_ZL13result_buffer_2_7_ce0               |   14|          3|    1|          3|
    |p_ZL13result_buffer_2_7_ce1               |   31|          6|    1|          6|
    |p_ZL13result_buffer_2_7_d1                |   31|          6|   64|        384|
    |p_ZL13result_buffer_2_7_we1               |   31|          6|    1|          6|
    |p_ZL13result_buffer_3_0_address0          |   14|          3|   10|         30|
    |p_ZL13result_buffer_3_0_address1          |   31|          6|   10|         60|
    |p_ZL13result_buffer_3_0_ce0               |   14|          3|    1|          3|
    |p_ZL13result_buffer_3_0_ce1               |   31|          6|    1|          6|
    |p_ZL13result_buffer_3_0_d1                |   31|          6|   64|        384|
    |p_ZL13result_buffer_3_0_we1               |   31|          6|    1|          6|
    |p_ZL13result_buffer_3_1_address0          |   14|          3|   10|         30|
    |p_ZL13result_buffer_3_1_address1          |   31|          6|   10|         60|
    |p_ZL13result_buffer_3_1_ce0               |   14|          3|    1|          3|
    |p_ZL13result_buffer_3_1_ce1               |   31|          6|    1|          6|
    |p_ZL13result_buffer_3_1_d1                |   31|          6|   64|        384|
    |p_ZL13result_buffer_3_1_we1               |   31|          6|    1|          6|
    |p_ZL13result_buffer_3_2_address0          |   14|          3|   10|         30|
    |p_ZL13result_buffer_3_2_address1          |   31|          6|   10|         60|
    |p_ZL13result_buffer_3_2_ce0               |   14|          3|    1|          3|
    |p_ZL13result_buffer_3_2_ce1               |   31|          6|    1|          6|
    |p_ZL13result_buffer_3_2_d1                |   31|          6|   64|        384|
    |p_ZL13result_buffer_3_2_we1               |   31|          6|    1|          6|
    |p_ZL13result_buffer_3_3_address0          |   14|          3|   10|         30|
    |p_ZL13result_buffer_3_3_address1          |   31|          6|   10|         60|
    |p_ZL13result_buffer_3_3_ce0               |   14|          3|    1|          3|
    |p_ZL13result_buffer_3_3_ce1               |   31|          6|    1|          6|
    |p_ZL13result_buffer_3_3_d1                |   31|          6|   64|        384|
    |p_ZL13result_buffer_3_3_we1               |   31|          6|    1|          6|
    |p_ZL13result_buffer_3_4_address0          |   14|          3|   10|         30|
    |p_ZL13result_buffer_3_4_address1          |   31|          6|   10|         60|
    |p_ZL13result_buffer_3_4_ce0               |   14|          3|    1|          3|
    |p_ZL13result_buffer_3_4_ce1               |   31|          6|    1|          6|
    |p_ZL13result_buffer_3_4_d1                |   31|          6|   64|        384|
    |p_ZL13result_buffer_3_4_we1               |   31|          6|    1|          6|
    |p_ZL13result_buffer_3_5_address0          |   14|          3|   10|         30|
    |p_ZL13result_buffer_3_5_address1          |   31|          6|   10|         60|
    |p_ZL13result_buffer_3_5_ce0               |   14|          3|    1|          3|
    |p_ZL13result_buffer_3_5_ce1               |   31|          6|    1|          6|
    |p_ZL13result_buffer_3_5_d1                |   31|          6|   64|        384|
    |p_ZL13result_buffer_3_5_we1               |   31|          6|    1|          6|
    |p_ZL13result_buffer_3_6_address0          |   14|          3|   10|         30|
    |p_ZL13result_buffer_3_6_address1          |   31|          6|   10|         60|
    |p_ZL13result_buffer_3_6_ce0               |   14|          3|    1|          3|
    |p_ZL13result_buffer_3_6_ce1               |   31|          6|    1|          6|
    |p_ZL13result_buffer_3_6_d1                |   31|          6|   64|        384|
    |p_ZL13result_buffer_3_6_we1               |   31|          6|    1|          6|
    |p_ZL13result_buffer_3_7_address0          |   14|          3|   10|         30|
    |p_ZL13result_buffer_3_7_address1          |   31|          6|   10|         60|
    |p_ZL13result_buffer_3_7_ce0               |   14|          3|    1|          3|
    |p_ZL13result_buffer_3_7_ce1               |   31|          6|    1|          6|
    |p_ZL13result_buffer_3_7_d1                |   31|          6|   64|        384|
    |p_ZL13result_buffer_3_7_we1               |   31|          6|    1|          6|
    |p_ZL16NTTTwiddleFactor_0_0_ce0            |    9|          2|    1|          2|
    |p_ZL16NTTTwiddleFactor_0_0_ce1            |    9|          2|    1|          2|
    |p_ZL16NTTTwiddleFactor_0_0_we1            |    9|          2|    1|          2|
    |p_ZL16NTTTwiddleFactor_0_1_ce0            |    9|          2|    1|          2|
    |p_ZL16NTTTwiddleFactor_0_1_ce1            |    9|          2|    1|          2|
    |p_ZL16NTTTwiddleFactor_0_1_we1            |    9|          2|    1|          2|
    |p_ZL16NTTTwiddleFactor_0_2_ce0            |    9|          2|    1|          2|
    |p_ZL16NTTTwiddleFactor_0_2_ce1            |    9|          2|    1|          2|
    |p_ZL16NTTTwiddleFactor_0_2_we1            |    9|          2|    1|          2|
    |p_ZL16NTTTwiddleFactor_0_3_ce0            |    9|          2|    1|          2|
    |p_ZL16NTTTwiddleFactor_0_3_ce1            |    9|          2|    1|          2|
    |p_ZL16NTTTwiddleFactor_0_3_we1            |    9|          2|    1|          2|
    |p_ZL16NTTTwiddleFactor_10_0_ce0           |    9|          2|    1|          2|
    |p_ZL16NTTTwiddleFactor_10_0_ce1           |    9|          2|    1|          2|
    |p_ZL16NTTTwiddleFactor_10_0_we1           |    9|          2|    1|          2|
    |p_ZL16NTTTwiddleFactor_10_1_ce0           |    9|          2|    1|          2|
    |p_ZL16NTTTwiddleFactor_10_1_ce1           |    9|          2|    1|          2|
    |p_ZL16NTTTwiddleFactor_10_1_we1           |    9|          2|    1|          2|
    |p_ZL16NTTTwiddleFactor_10_2_ce0           |    9|          2|    1|          2|
    |p_ZL16NTTTwiddleFactor_10_2_ce1           |    9|          2|    1|          2|
    |p_ZL16NTTTwiddleFactor_10_2_we1           |    9|          2|    1|          2|
    |p_ZL16NTTTwiddleFactor_10_3_ce0           |    9|          2|    1|          2|
    |p_ZL16NTTTwiddleFactor_10_3_ce1           |    9|          2|    1|          2|
    |p_ZL16NTTTwiddleFactor_10_3_we1           |    9|          2|    1|          2|
    |p_ZL16NTTTwiddleFactor_11_0_ce0           |    9|          2|    1|          2|
    |p_ZL16NTTTwiddleFactor_11_0_ce1           |    9|          2|    1|          2|
    |p_ZL16NTTTwiddleFactor_11_0_we1           |    9|          2|    1|          2|
    |p_ZL16NTTTwiddleFactor_11_1_ce0           |    9|          2|    1|          2|
    |p_ZL16NTTTwiddleFactor_11_1_ce1           |    9|          2|    1|          2|
    |p_ZL16NTTTwiddleFactor_11_1_we1           |    9|          2|    1|          2|
    |p_ZL16NTTTwiddleFactor_11_2_ce0           |    9|          2|    1|          2|
    |p_ZL16NTTTwiddleFactor_11_2_ce1           |    9|          2|    1|          2|
    |p_ZL16NTTTwiddleFactor_11_2_we1           |    9|          2|    1|          2|
    |p_ZL16NTTTwiddleFactor_11_3_ce0           |    9|          2|    1|          2|
    |p_ZL16NTTTwiddleFactor_11_3_ce1           |    9|          2|    1|          2|
    |p_ZL16NTTTwiddleFactor_11_3_we1           |    9|          2|    1|          2|
    |p_ZL16NTTTwiddleFactor_1_0_ce0            |    9|          2|    1|          2|
    |p_ZL16NTTTwiddleFactor_1_0_ce1            |    9|          2|    1|          2|
    |p_ZL16NTTTwiddleFactor_1_0_we1            |    9|          2|    1|          2|
    |p_ZL16NTTTwiddleFactor_1_1_ce0            |    9|          2|    1|          2|
    |p_ZL16NTTTwiddleFactor_1_1_ce1            |    9|          2|    1|          2|
    |p_ZL16NTTTwiddleFactor_1_1_we1            |    9|          2|    1|          2|
    |p_ZL16NTTTwiddleFactor_1_2_ce0            |    9|          2|    1|          2|
    |p_ZL16NTTTwiddleFactor_1_2_ce1            |    9|          2|    1|          2|
    |p_ZL16NTTTwiddleFactor_1_2_we1            |    9|          2|    1|          2|
    |p_ZL16NTTTwiddleFactor_1_3_ce0            |    9|          2|    1|          2|
    |p_ZL16NTTTwiddleFactor_1_3_ce1            |    9|          2|    1|          2|
    |p_ZL16NTTTwiddleFactor_1_3_we1            |    9|          2|    1|          2|
    |p_ZL16NTTTwiddleFactor_2_0_ce0            |    9|          2|    1|          2|
    |p_ZL16NTTTwiddleFactor_2_0_ce1            |    9|          2|    1|          2|
    |p_ZL16NTTTwiddleFactor_2_0_we1            |    9|          2|    1|          2|
    |p_ZL16NTTTwiddleFactor_2_1_ce0            |    9|          2|    1|          2|
    |p_ZL16NTTTwiddleFactor_2_1_ce1            |    9|          2|    1|          2|
    |p_ZL16NTTTwiddleFactor_2_1_we1            |    9|          2|    1|          2|
    |p_ZL16NTTTwiddleFactor_2_2_ce0            |    9|          2|    1|          2|
    |p_ZL16NTTTwiddleFactor_2_2_ce1            |    9|          2|    1|          2|
    |p_ZL16NTTTwiddleFactor_2_2_we1            |    9|          2|    1|          2|
    |p_ZL16NTTTwiddleFactor_2_3_ce0            |    9|          2|    1|          2|
    |p_ZL16NTTTwiddleFactor_2_3_ce1            |    9|          2|    1|          2|
    |p_ZL16NTTTwiddleFactor_2_3_we1            |    9|          2|    1|          2|
    |p_ZL16NTTTwiddleFactor_3_0_ce0            |    9|          2|    1|          2|
    |p_ZL16NTTTwiddleFactor_3_0_ce1            |    9|          2|    1|          2|
    |p_ZL16NTTTwiddleFactor_3_0_we1            |    9|          2|    1|          2|
    |p_ZL16NTTTwiddleFactor_3_1_ce0            |    9|          2|    1|          2|
    |p_ZL16NTTTwiddleFactor_3_1_ce1            |    9|          2|    1|          2|
    |p_ZL16NTTTwiddleFactor_3_1_we1            |    9|          2|    1|          2|
    |p_ZL16NTTTwiddleFactor_3_2_ce0            |    9|          2|    1|          2|
    |p_ZL16NTTTwiddleFactor_3_2_ce1            |    9|          2|    1|          2|
    |p_ZL16NTTTwiddleFactor_3_2_we1            |    9|          2|    1|          2|
    |p_ZL16NTTTwiddleFactor_3_3_ce0            |    9|          2|    1|          2|
    |p_ZL16NTTTwiddleFactor_3_3_ce1            |    9|          2|    1|          2|
    |p_ZL16NTTTwiddleFactor_3_3_we1            |    9|          2|    1|          2|
    |p_ZL16NTTTwiddleFactor_4_0_ce0            |    9|          2|    1|          2|
    |p_ZL16NTTTwiddleFactor_4_0_ce1            |    9|          2|    1|          2|
    |p_ZL16NTTTwiddleFactor_4_0_we1            |    9|          2|    1|          2|
    |p_ZL16NTTTwiddleFactor_4_1_ce0            |    9|          2|    1|          2|
    |p_ZL16NTTTwiddleFactor_4_1_ce1            |    9|          2|    1|          2|
    |p_ZL16NTTTwiddleFactor_4_1_we1            |    9|          2|    1|          2|
    |p_ZL16NTTTwiddleFactor_4_2_ce0            |    9|          2|    1|          2|
    |p_ZL16NTTTwiddleFactor_4_2_ce1            |    9|          2|    1|          2|
    |p_ZL16NTTTwiddleFactor_4_2_we1            |    9|          2|    1|          2|
    |p_ZL16NTTTwiddleFactor_4_3_ce0            |    9|          2|    1|          2|
    |p_ZL16NTTTwiddleFactor_4_3_ce1            |    9|          2|    1|          2|
    |p_ZL16NTTTwiddleFactor_4_3_we1            |    9|          2|    1|          2|
    |p_ZL16NTTTwiddleFactor_5_0_ce0            |    9|          2|    1|          2|
    |p_ZL16NTTTwiddleFactor_5_0_ce1            |    9|          2|    1|          2|
    |p_ZL16NTTTwiddleFactor_5_0_we1            |    9|          2|    1|          2|
    |p_ZL16NTTTwiddleFactor_5_1_ce0            |    9|          2|    1|          2|
    |p_ZL16NTTTwiddleFactor_5_1_ce1            |    9|          2|    1|          2|
    |p_ZL16NTTTwiddleFactor_5_1_we1            |    9|          2|    1|          2|
    |p_ZL16NTTTwiddleFactor_5_2_ce0            |    9|          2|    1|          2|
    |p_ZL16NTTTwiddleFactor_5_2_ce1            |    9|          2|    1|          2|
    |p_ZL16NTTTwiddleFactor_5_2_we1            |    9|          2|    1|          2|
    |p_ZL16NTTTwiddleFactor_5_3_ce0            |    9|          2|    1|          2|
    |p_ZL16NTTTwiddleFactor_5_3_ce1            |    9|          2|    1|          2|
    |p_ZL16NTTTwiddleFactor_5_3_we1            |    9|          2|    1|          2|
    |p_ZL16NTTTwiddleFactor_6_0_ce0            |    9|          2|    1|          2|
    |p_ZL16NTTTwiddleFactor_6_0_ce1            |    9|          2|    1|          2|
    |p_ZL16NTTTwiddleFactor_6_0_we1            |    9|          2|    1|          2|
    |p_ZL16NTTTwiddleFactor_6_1_ce0            |    9|          2|    1|          2|
    |p_ZL16NTTTwiddleFactor_6_1_ce1            |    9|          2|    1|          2|
    |p_ZL16NTTTwiddleFactor_6_1_we1            |    9|          2|    1|          2|
    |p_ZL16NTTTwiddleFactor_6_2_ce0            |    9|          2|    1|          2|
    |p_ZL16NTTTwiddleFactor_6_2_ce1            |    9|          2|    1|          2|
    |p_ZL16NTTTwiddleFactor_6_2_we1            |    9|          2|    1|          2|
    |p_ZL16NTTTwiddleFactor_6_3_ce0            |    9|          2|    1|          2|
    |p_ZL16NTTTwiddleFactor_6_3_ce1            |    9|          2|    1|          2|
    |p_ZL16NTTTwiddleFactor_6_3_we1            |    9|          2|    1|          2|
    |p_ZL16NTTTwiddleFactor_7_0_ce0            |    9|          2|    1|          2|
    |p_ZL16NTTTwiddleFactor_7_0_ce1            |    9|          2|    1|          2|
    |p_ZL16NTTTwiddleFactor_7_0_we1            |    9|          2|    1|          2|
    |p_ZL16NTTTwiddleFactor_7_1_ce0            |    9|          2|    1|          2|
    |p_ZL16NTTTwiddleFactor_7_1_ce1            |    9|          2|    1|          2|
    |p_ZL16NTTTwiddleFactor_7_1_we1            |    9|          2|    1|          2|
    |p_ZL16NTTTwiddleFactor_7_2_ce0            |    9|          2|    1|          2|
    |p_ZL16NTTTwiddleFactor_7_2_ce1            |    9|          2|    1|          2|
    |p_ZL16NTTTwiddleFactor_7_2_we1            |    9|          2|    1|          2|
    |p_ZL16NTTTwiddleFactor_7_3_ce0            |    9|          2|    1|          2|
    |p_ZL16NTTTwiddleFactor_7_3_ce1            |    9|          2|    1|          2|
    |p_ZL16NTTTwiddleFactor_7_3_we1            |    9|          2|    1|          2|
    |p_ZL16NTTTwiddleFactor_8_0_ce0            |    9|          2|    1|          2|
    |p_ZL16NTTTwiddleFactor_8_0_ce1            |    9|          2|    1|          2|
    |p_ZL16NTTTwiddleFactor_8_0_we1            |    9|          2|    1|          2|
    |p_ZL16NTTTwiddleFactor_8_1_ce0            |    9|          2|    1|          2|
    |p_ZL16NTTTwiddleFactor_8_1_ce1            |    9|          2|    1|          2|
    |p_ZL16NTTTwiddleFactor_8_1_we1            |    9|          2|    1|          2|
    |p_ZL16NTTTwiddleFactor_8_2_ce0            |    9|          2|    1|          2|
    |p_ZL16NTTTwiddleFactor_8_2_ce1            |    9|          2|    1|          2|
    |p_ZL16NTTTwiddleFactor_8_2_we1            |    9|          2|    1|          2|
    |p_ZL16NTTTwiddleFactor_8_3_ce0            |    9|          2|    1|          2|
    |p_ZL16NTTTwiddleFactor_8_3_ce1            |    9|          2|    1|          2|
    |p_ZL16NTTTwiddleFactor_8_3_we1            |    9|          2|    1|          2|
    |p_ZL16NTTTwiddleFactor_9_0_ce0            |    9|          2|    1|          2|
    |p_ZL16NTTTwiddleFactor_9_0_ce1            |    9|          2|    1|          2|
    |p_ZL16NTTTwiddleFactor_9_0_we1            |    9|          2|    1|          2|
    |p_ZL16NTTTwiddleFactor_9_1_ce0            |    9|          2|    1|          2|
    |p_ZL16NTTTwiddleFactor_9_1_ce1            |    9|          2|    1|          2|
    |p_ZL16NTTTwiddleFactor_9_1_we1            |    9|          2|    1|          2|
    |p_ZL16NTTTwiddleFactor_9_2_ce0            |    9|          2|    1|          2|
    |p_ZL16NTTTwiddleFactor_9_2_ce1            |    9|          2|    1|          2|
    |p_ZL16NTTTwiddleFactor_9_2_we1            |    9|          2|    1|          2|
    |p_ZL16NTTTwiddleFactor_9_3_ce0            |    9|          2|    1|          2|
    |p_ZL16NTTTwiddleFactor_9_3_ce1            |    9|          2|    1|          2|
    |p_ZL16NTTTwiddleFactor_9_3_we1            |    9|          2|    1|          2|
    |p_ZL17INTTTwiddleFactor_0_0_ce0           |    9|          2|    1|          2|
    |p_ZL17INTTTwiddleFactor_0_0_ce1           |    9|          2|    1|          2|
    |p_ZL17INTTTwiddleFactor_0_0_we1           |    9|          2|    1|          2|
    |p_ZL17INTTTwiddleFactor_0_1_ce0           |    9|          2|    1|          2|
    |p_ZL17INTTTwiddleFactor_0_1_ce1           |    9|          2|    1|          2|
    |p_ZL17INTTTwiddleFactor_0_1_we1           |    9|          2|    1|          2|
    |p_ZL17INTTTwiddleFactor_0_2_ce0           |    9|          2|    1|          2|
    |p_ZL17INTTTwiddleFactor_0_2_ce1           |    9|          2|    1|          2|
    |p_ZL17INTTTwiddleFactor_0_2_we1           |    9|          2|    1|          2|
    |p_ZL17INTTTwiddleFactor_0_3_ce0           |    9|          2|    1|          2|
    |p_ZL17INTTTwiddleFactor_0_3_ce1           |    9|          2|    1|          2|
    |p_ZL17INTTTwiddleFactor_0_3_we1           |    9|          2|    1|          2|
    |p_ZL17INTTTwiddleFactor_10_0_ce0          |    9|          2|    1|          2|
    |p_ZL17INTTTwiddleFactor_10_0_ce1          |    9|          2|    1|          2|
    |p_ZL17INTTTwiddleFactor_10_0_we1          |    9|          2|    1|          2|
    |p_ZL17INTTTwiddleFactor_10_1_ce0          |    9|          2|    1|          2|
    |p_ZL17INTTTwiddleFactor_10_1_ce1          |    9|          2|    1|          2|
    |p_ZL17INTTTwiddleFactor_10_1_we1          |    9|          2|    1|          2|
    |p_ZL17INTTTwiddleFactor_10_2_ce0          |    9|          2|    1|          2|
    |p_ZL17INTTTwiddleFactor_10_2_ce1          |    9|          2|    1|          2|
    |p_ZL17INTTTwiddleFactor_10_2_we1          |    9|          2|    1|          2|
    |p_ZL17INTTTwiddleFactor_10_3_ce0          |    9|          2|    1|          2|
    |p_ZL17INTTTwiddleFactor_10_3_ce1          |    9|          2|    1|          2|
    |p_ZL17INTTTwiddleFactor_10_3_we1          |    9|          2|    1|          2|
    |p_ZL17INTTTwiddleFactor_11_0_ce0          |    9|          2|    1|          2|
    |p_ZL17INTTTwiddleFactor_11_0_ce1          |    9|          2|    1|          2|
    |p_ZL17INTTTwiddleFactor_11_0_we1          |    9|          2|    1|          2|
    |p_ZL17INTTTwiddleFactor_11_1_ce0          |    9|          2|    1|          2|
    |p_ZL17INTTTwiddleFactor_11_1_ce1          |    9|          2|    1|          2|
    |p_ZL17INTTTwiddleFactor_11_1_we1          |    9|          2|    1|          2|
    |p_ZL17INTTTwiddleFactor_11_2_ce0          |    9|          2|    1|          2|
    |p_ZL17INTTTwiddleFactor_11_2_ce1          |    9|          2|    1|          2|
    |p_ZL17INTTTwiddleFactor_11_2_we1          |    9|          2|    1|          2|
    |p_ZL17INTTTwiddleFactor_11_3_ce0          |    9|          2|    1|          2|
    |p_ZL17INTTTwiddleFactor_11_3_ce1          |    9|          2|    1|          2|
    |p_ZL17INTTTwiddleFactor_11_3_we1          |    9|          2|    1|          2|
    |p_ZL17INTTTwiddleFactor_1_0_ce0           |    9|          2|    1|          2|
    |p_ZL17INTTTwiddleFactor_1_0_ce1           |    9|          2|    1|          2|
    |p_ZL17INTTTwiddleFactor_1_0_we1           |    9|          2|    1|          2|
    |p_ZL17INTTTwiddleFactor_1_1_ce0           |    9|          2|    1|          2|
    |p_ZL17INTTTwiddleFactor_1_1_ce1           |    9|          2|    1|          2|
    |p_ZL17INTTTwiddleFactor_1_1_we1           |    9|          2|    1|          2|
    |p_ZL17INTTTwiddleFactor_1_2_ce0           |    9|          2|    1|          2|
    |p_ZL17INTTTwiddleFactor_1_2_ce1           |    9|          2|    1|          2|
    |p_ZL17INTTTwiddleFactor_1_2_we1           |    9|          2|    1|          2|
    |p_ZL17INTTTwiddleFactor_1_3_ce0           |    9|          2|    1|          2|
    |p_ZL17INTTTwiddleFactor_1_3_ce1           |    9|          2|    1|          2|
    |p_ZL17INTTTwiddleFactor_1_3_we1           |    9|          2|    1|          2|
    |p_ZL17INTTTwiddleFactor_2_0_ce0           |    9|          2|    1|          2|
    |p_ZL17INTTTwiddleFactor_2_0_ce1           |    9|          2|    1|          2|
    |p_ZL17INTTTwiddleFactor_2_0_we1           |    9|          2|    1|          2|
    |p_ZL17INTTTwiddleFactor_2_1_ce0           |    9|          2|    1|          2|
    |p_ZL17INTTTwiddleFactor_2_1_ce1           |    9|          2|    1|          2|
    |p_ZL17INTTTwiddleFactor_2_1_we1           |    9|          2|    1|          2|
    |p_ZL17INTTTwiddleFactor_2_2_ce0           |    9|          2|    1|          2|
    |p_ZL17INTTTwiddleFactor_2_2_ce1           |    9|          2|    1|          2|
    |p_ZL17INTTTwiddleFactor_2_2_we1           |    9|          2|    1|          2|
    |p_ZL17INTTTwiddleFactor_2_3_ce0           |    9|          2|    1|          2|
    |p_ZL17INTTTwiddleFactor_2_3_ce1           |    9|          2|    1|          2|
    |p_ZL17INTTTwiddleFactor_2_3_we1           |    9|          2|    1|          2|
    |p_ZL17INTTTwiddleFactor_3_0_ce0           |    9|          2|    1|          2|
    |p_ZL17INTTTwiddleFactor_3_0_ce1           |    9|          2|    1|          2|
    |p_ZL17INTTTwiddleFactor_3_0_we1           |    9|          2|    1|          2|
    |p_ZL17INTTTwiddleFactor_3_1_ce0           |    9|          2|    1|          2|
    |p_ZL17INTTTwiddleFactor_3_1_ce1           |    9|          2|    1|          2|
    |p_ZL17INTTTwiddleFactor_3_1_we1           |    9|          2|    1|          2|
    |p_ZL17INTTTwiddleFactor_3_2_ce0           |    9|          2|    1|          2|
    |p_ZL17INTTTwiddleFactor_3_2_ce1           |    9|          2|    1|          2|
    |p_ZL17INTTTwiddleFactor_3_2_we1           |    9|          2|    1|          2|
    |p_ZL17INTTTwiddleFactor_3_3_ce0           |    9|          2|    1|          2|
    |p_ZL17INTTTwiddleFactor_3_3_ce1           |    9|          2|    1|          2|
    |p_ZL17INTTTwiddleFactor_3_3_we1           |    9|          2|    1|          2|
    |p_ZL17INTTTwiddleFactor_4_0_ce0           |    9|          2|    1|          2|
    |p_ZL17INTTTwiddleFactor_4_0_ce1           |    9|          2|    1|          2|
    |p_ZL17INTTTwiddleFactor_4_0_we1           |    9|          2|    1|          2|
    |p_ZL17INTTTwiddleFactor_4_1_ce0           |    9|          2|    1|          2|
    |p_ZL17INTTTwiddleFactor_4_1_ce1           |    9|          2|    1|          2|
    |p_ZL17INTTTwiddleFactor_4_1_we1           |    9|          2|    1|          2|
    |p_ZL17INTTTwiddleFactor_4_2_ce0           |    9|          2|    1|          2|
    |p_ZL17INTTTwiddleFactor_4_2_ce1           |    9|          2|    1|          2|
    |p_ZL17INTTTwiddleFactor_4_2_we1           |    9|          2|    1|          2|
    |p_ZL17INTTTwiddleFactor_4_3_ce0           |    9|          2|    1|          2|
    |p_ZL17INTTTwiddleFactor_4_3_ce1           |    9|          2|    1|          2|
    |p_ZL17INTTTwiddleFactor_4_3_we1           |    9|          2|    1|          2|
    |p_ZL17INTTTwiddleFactor_5_0_ce0           |    9|          2|    1|          2|
    |p_ZL17INTTTwiddleFactor_5_0_ce1           |    9|          2|    1|          2|
    |p_ZL17INTTTwiddleFactor_5_0_we1           |    9|          2|    1|          2|
    |p_ZL17INTTTwiddleFactor_5_1_ce0           |    9|          2|    1|          2|
    |p_ZL17INTTTwiddleFactor_5_1_ce1           |    9|          2|    1|          2|
    |p_ZL17INTTTwiddleFactor_5_1_we1           |    9|          2|    1|          2|
    |p_ZL17INTTTwiddleFactor_5_2_ce0           |    9|          2|    1|          2|
    |p_ZL17INTTTwiddleFactor_5_2_ce1           |    9|          2|    1|          2|
    |p_ZL17INTTTwiddleFactor_5_2_we1           |    9|          2|    1|          2|
    |p_ZL17INTTTwiddleFactor_5_3_ce0           |    9|          2|    1|          2|
    |p_ZL17INTTTwiddleFactor_5_3_ce1           |    9|          2|    1|          2|
    |p_ZL17INTTTwiddleFactor_5_3_we1           |    9|          2|    1|          2|
    |p_ZL17INTTTwiddleFactor_6_0_ce0           |    9|          2|    1|          2|
    |p_ZL17INTTTwiddleFactor_6_0_ce1           |    9|          2|    1|          2|
    |p_ZL17INTTTwiddleFactor_6_0_we1           |    9|          2|    1|          2|
    |p_ZL17INTTTwiddleFactor_6_1_ce0           |    9|          2|    1|          2|
    |p_ZL17INTTTwiddleFactor_6_1_ce1           |    9|          2|    1|          2|
    |p_ZL17INTTTwiddleFactor_6_1_we1           |    9|          2|    1|          2|
    |p_ZL17INTTTwiddleFactor_6_2_ce0           |    9|          2|    1|          2|
    |p_ZL17INTTTwiddleFactor_6_2_ce1           |    9|          2|    1|          2|
    |p_ZL17INTTTwiddleFactor_6_2_we1           |    9|          2|    1|          2|
    |p_ZL17INTTTwiddleFactor_6_3_ce0           |    9|          2|    1|          2|
    |p_ZL17INTTTwiddleFactor_6_3_ce1           |    9|          2|    1|          2|
    |p_ZL17INTTTwiddleFactor_6_3_we1           |    9|          2|    1|          2|
    |p_ZL17INTTTwiddleFactor_7_0_ce0           |    9|          2|    1|          2|
    |p_ZL17INTTTwiddleFactor_7_0_ce1           |    9|          2|    1|          2|
    |p_ZL17INTTTwiddleFactor_7_0_we1           |    9|          2|    1|          2|
    |p_ZL17INTTTwiddleFactor_7_1_ce0           |    9|          2|    1|          2|
    |p_ZL17INTTTwiddleFactor_7_1_ce1           |    9|          2|    1|          2|
    |p_ZL17INTTTwiddleFactor_7_1_we1           |    9|          2|    1|          2|
    |p_ZL17INTTTwiddleFactor_7_2_ce0           |    9|          2|    1|          2|
    |p_ZL17INTTTwiddleFactor_7_2_ce1           |    9|          2|    1|          2|
    |p_ZL17INTTTwiddleFactor_7_2_we1           |    9|          2|    1|          2|
    |p_ZL17INTTTwiddleFactor_7_3_ce0           |    9|          2|    1|          2|
    |p_ZL17INTTTwiddleFactor_7_3_ce1           |    9|          2|    1|          2|
    |p_ZL17INTTTwiddleFactor_7_3_we1           |    9|          2|    1|          2|
    |p_ZL17INTTTwiddleFactor_8_0_ce0           |    9|          2|    1|          2|
    |p_ZL17INTTTwiddleFactor_8_0_ce1           |    9|          2|    1|          2|
    |p_ZL17INTTTwiddleFactor_8_0_we1           |    9|          2|    1|          2|
    |p_ZL17INTTTwiddleFactor_8_1_ce0           |    9|          2|    1|          2|
    |p_ZL17INTTTwiddleFactor_8_1_ce1           |    9|          2|    1|          2|
    |p_ZL17INTTTwiddleFactor_8_1_we1           |    9|          2|    1|          2|
    |p_ZL17INTTTwiddleFactor_8_2_ce0           |    9|          2|    1|          2|
    |p_ZL17INTTTwiddleFactor_8_2_ce1           |    9|          2|    1|          2|
    |p_ZL17INTTTwiddleFactor_8_2_we1           |    9|          2|    1|          2|
    |p_ZL17INTTTwiddleFactor_8_3_ce0           |    9|          2|    1|          2|
    |p_ZL17INTTTwiddleFactor_8_3_ce1           |    9|          2|    1|          2|
    |p_ZL17INTTTwiddleFactor_8_3_we1           |    9|          2|    1|          2|
    |p_ZL17INTTTwiddleFactor_9_0_ce0           |    9|          2|    1|          2|
    |p_ZL17INTTTwiddleFactor_9_0_ce1           |    9|          2|    1|          2|
    |p_ZL17INTTTwiddleFactor_9_0_we1           |    9|          2|    1|          2|
    |p_ZL17INTTTwiddleFactor_9_1_ce0           |    9|          2|    1|          2|
    |p_ZL17INTTTwiddleFactor_9_1_ce1           |    9|          2|    1|          2|
    |p_ZL17INTTTwiddleFactor_9_1_we1           |    9|          2|    1|          2|
    |p_ZL17INTTTwiddleFactor_9_2_ce0           |    9|          2|    1|          2|
    |p_ZL17INTTTwiddleFactor_9_2_ce1           |    9|          2|    1|          2|
    |p_ZL17INTTTwiddleFactor_9_2_we1           |    9|          2|    1|          2|
    |p_ZL17INTTTwiddleFactor_9_3_ce0           |    9|          2|    1|          2|
    |p_ZL17INTTTwiddleFactor_9_3_ce1           |    9|          2|    1|          2|
    |p_ZL17INTTTwiddleFactor_9_3_we1           |    9|          2|    1|          2|
    +------------------------------------------+-----+-----------+-----+-----------+
    |Total                                     |19754|       3953|14147|      57733|
    +------------------------------------------+-----+-----------+-----+-----------+

    * Register: 
    +--------------------------------------------------------------------+----+----+-----+-----------+
    |                                Name                                | FF | LUT| Bits| Const Bits|
    +--------------------------------------------------------------------+----+----+-----+-----------+
    |ap_CS_fsm                                                           |   9|   0|    9|          0|
    |ap_predicate_pred2426_state3                                        |   1|   0|    1|          0|
    |ap_predicate_pred2426_state4                                        |   1|   0|    1|          0|
    |ap_predicate_pred2426_state5                                        |   1|   0|    1|          0|
    |ap_predicate_pred2426_state6                                        |   1|   0|    1|          0|
    |ap_predicate_pred2435_state3                                        |   1|   0|    1|          0|
    |ap_predicate_pred2435_state4                                        |   1|   0|    1|          0|
    |ap_predicate_pred2435_state5                                        |   1|   0|    1|          0|
    |ap_predicate_pred2435_state6                                        |   1|   0|    1|          0|
    |ap_predicate_pred2442_state3                                        |   1|   0|    1|          0|
    |ap_predicate_pred2442_state4                                        |   1|   0|    1|          0|
    |ap_predicate_pred2442_state5                                        |   1|   0|    1|          0|
    |ap_predicate_pred2442_state6                                        |   1|   0|    1|          0|
    |ap_predicate_pred2450_state3                                        |   1|   0|    1|          0|
    |ap_predicate_pred2450_state4                                        |   1|   0|    1|          0|
    |ap_predicate_pred2450_state5                                        |   1|   0|    1|          0|
    |ap_predicate_pred2450_state6                                        |   1|   0|    1|          0|
    |ap_predicate_pred2462_state3                                        |   1|   0|    1|          0|
    |ap_predicate_pred2462_state4                                        |   1|   0|    1|          0|
    |ap_predicate_pred2462_state5                                        |   1|   0|    1|          0|
    |ap_predicate_pred2462_state6                                        |   1|   0|    1|          0|
    |ap_predicate_pred7492_state9                                        |   1|   0|    1|          0|
    |ap_predicate_pred7522_state9                                        |   1|   0|    1|          0|
    |ap_predicate_pred7645_state3                                        |   1|   0|    1|          0|
    |ap_predicate_pred7645_state5                                        |   1|   0|    1|          0|
    |ap_predicate_pred7674_state9                                        |   1|   0|    1|          0|
    |grp_Compute_Auto_fu_764_ap_start_reg                                |   1|   0|    1|          0|
    |grp_Compute_BConv_Systolic_fu_973_ap_start_reg                      |   1|   0|    1|          0|
    |grp_Compute_Mult_fu_1114_ap_start_reg                               |   1|   0|    1|          0|
    |grp_Execute_Transform_Operation_fu_2181_ap_start_reg                |   1|   0|    1|          0|
    |grp_Load_35_36_1_fu_586_ap_start_reg                                |   1|   0|    1|          0|
    |grp_Load_Auto_Meta_fu_725_ap_start_reg                              |   1|   0|    1|          0|
    |grp_Load_BConv_Params_fu_732_ap_start_reg                           |   1|   0|    1|          0|
    |grp_Load_Init_Params_fu_1965_ap_start_reg                           |   1|   0|    1|          0|
    |grp_Load_clone_1_fu_747_ap_start_reg                                |   1|   0|    1|          0|
    |grp_Store_29_30_44_45_1_fu_1756_ap_start_reg                        |   1|   0|    1|          0|
    |grp_Store_37_38_1_fu_1829_ap_start_reg                              |   1|   0|    1|          0|
    |grp_Top_Pipeline_Limb_Loop_Row_Loop_Col_Loop2_fu_1334_ap_start_reg  |   1|   0|    1|          0|
    |grp_Top_Pipeline_Limb_Loop_Row_Loop_Col_Loop_fu_1545_ap_start_reg   |   1|   0|    1|          0|
    |kinv_reg_2797                                                       |  13|   0|   13|          0|
    |mem_in1_read_reg_2785                                               |  64|   0|   64|          0|
    |mem_in2_read_reg_2776                                               |  64|   0|   64|          0|
    |mem_out_read_reg_2769                                               |  64|   0|   64|          0|
    |mod_index_read_reg_2734                                             |  32|   0|   32|          0|
    |num_active_limbs_read_reg_2752                                      |  32|   0|   32|          0|
    |opcode_read_reg_2765                                                |   8|   0|    8|          0|
    |p_ZL7MODULUS_0                                                      |  64|   0|   64|          0|
    |p_ZL7MODULUS_1                                                      |  64|   0|   64|          0|
    |p_ZL7MODULUS_2                                                      |  64|   0|   64|          0|
    |p_ZL7MODULUS_3                                                      |  64|   0|   64|          0|
    |p_ZL7MODULUS_4                                                      |  64|   0|   64|          0|
    |reg_2642                                                            |  64|   0|   64|          0|
    |reg_2648                                                            |  64|   0|   64|          0|
    |reg_2654                                                            |  64|   0|   64|          0|
    |reg_2660                                                            |  64|   0|   64|          0|
    |reg_2666                                                            |  64|   0|   64|          0|
    |tmp_14_reg_2802                                                     |  33|   0|   43|         10|
    |tmp_s_reg_2807                                                      |  33|   0|   43|         10|
    |trunc_ln309_reg_2792                                                |   4|   0|    4|          0|
    +--------------------------------------------------------------------+----+----+-----+-----------+
    |Total                                                               |1034|   0| 1054|         20|
    +--------------------------------------------------------------------+----+----+-----+-----------+



================================================================
== Interface
================================================================
* Summary: 
+-----------------------+-----+-----+------------+--------------+--------------+
|       RTL Ports       | Dir | Bits|  Protocol  | Source Object|    C Type    |
+-----------------------+-----+-----+------------+--------------+--------------+
|s_axi_control_AWVALID  |   in|    1|       s_axi|       control|        scalar|
|s_axi_control_AWREADY  |  out|    1|       s_axi|       control|        scalar|
|s_axi_control_AWADDR   |   in|    7|       s_axi|       control|        scalar|
|s_axi_control_WVALID   |   in|    1|       s_axi|       control|        scalar|
|s_axi_control_WREADY   |  out|    1|       s_axi|       control|        scalar|
|s_axi_control_WDATA    |   in|   32|       s_axi|       control|        scalar|
|s_axi_control_WSTRB    |   in|    4|       s_axi|       control|        scalar|
|s_axi_control_ARVALID  |   in|    1|       s_axi|       control|        scalar|
|s_axi_control_ARREADY  |  out|    1|       s_axi|       control|        scalar|
|s_axi_control_ARADDR   |   in|    7|       s_axi|       control|        scalar|
|s_axi_control_RVALID   |  out|    1|       s_axi|       control|        scalar|
|s_axi_control_RREADY   |   in|    1|       s_axi|       control|        scalar|
|s_axi_control_RDATA    |  out|   32|       s_axi|       control|        scalar|
|s_axi_control_RRESP    |  out|    2|       s_axi|       control|        scalar|
|s_axi_control_BVALID   |  out|    1|       s_axi|       control|        scalar|
|s_axi_control_BREADY   |   in|    1|       s_axi|       control|        scalar|
|s_axi_control_BRESP    |  out|    2|       s_axi|       control|        scalar|
|ap_clk                 |   in|    1|  ap_ctrl_hs|           Top|  return value|
|ap_rst_n               |   in|    1|  ap_ctrl_hs|           Top|  return value|
|interrupt              |  out|    1|  ap_ctrl_hs|           Top|  return value|
|m_axi_gmem0_AWVALID    |  out|    1|       m_axi|         gmem0|       pointer|
|m_axi_gmem0_AWREADY    |   in|    1|       m_axi|         gmem0|       pointer|
|m_axi_gmem0_AWADDR     |  out|   64|       m_axi|         gmem0|       pointer|
|m_axi_gmem0_AWID       |  out|    1|       m_axi|         gmem0|       pointer|
|m_axi_gmem0_AWLEN      |  out|    8|       m_axi|         gmem0|       pointer|
|m_axi_gmem0_AWSIZE     |  out|    3|       m_axi|         gmem0|       pointer|
|m_axi_gmem0_AWBURST    |  out|    2|       m_axi|         gmem0|       pointer|
|m_axi_gmem0_AWLOCK     |  out|    2|       m_axi|         gmem0|       pointer|
|m_axi_gmem0_AWCACHE    |  out|    4|       m_axi|         gmem0|       pointer|
|m_axi_gmem0_AWPROT     |  out|    3|       m_axi|         gmem0|       pointer|
|m_axi_gmem0_AWQOS      |  out|    4|       m_axi|         gmem0|       pointer|
|m_axi_gmem0_AWREGION   |  out|    4|       m_axi|         gmem0|       pointer|
|m_axi_gmem0_AWUSER     |  out|    1|       m_axi|         gmem0|       pointer|
|m_axi_gmem0_WVALID     |  out|    1|       m_axi|         gmem0|       pointer|
|m_axi_gmem0_WREADY     |   in|    1|       m_axi|         gmem0|       pointer|
|m_axi_gmem0_WDATA      |  out|   64|       m_axi|         gmem0|       pointer|
|m_axi_gmem0_WSTRB      |  out|    8|       m_axi|         gmem0|       pointer|
|m_axi_gmem0_WLAST      |  out|    1|       m_axi|         gmem0|       pointer|
|m_axi_gmem0_WID        |  out|    1|       m_axi|         gmem0|       pointer|
|m_axi_gmem0_WUSER      |  out|    1|       m_axi|         gmem0|       pointer|
|m_axi_gmem0_ARVALID    |  out|    1|       m_axi|         gmem0|       pointer|
|m_axi_gmem0_ARREADY    |   in|    1|       m_axi|         gmem0|       pointer|
|m_axi_gmem0_ARADDR     |  out|   64|       m_axi|         gmem0|       pointer|
|m_axi_gmem0_ARID       |  out|    1|       m_axi|         gmem0|       pointer|
|m_axi_gmem0_ARLEN      |  out|    8|       m_axi|         gmem0|       pointer|
|m_axi_gmem0_ARSIZE     |  out|    3|       m_axi|         gmem0|       pointer|
|m_axi_gmem0_ARBURST    |  out|    2|       m_axi|         gmem0|       pointer|
|m_axi_gmem0_ARLOCK     |  out|    2|       m_axi|         gmem0|       pointer|
|m_axi_gmem0_ARCACHE    |  out|    4|       m_axi|         gmem0|       pointer|
|m_axi_gmem0_ARPROT     |  out|    3|       m_axi|         gmem0|       pointer|
|m_axi_gmem0_ARQOS      |  out|    4|       m_axi|         gmem0|       pointer|
|m_axi_gmem0_ARREGION   |  out|    4|       m_axi|         gmem0|       pointer|
|m_axi_gmem0_ARUSER     |  out|    1|       m_axi|         gmem0|       pointer|
|m_axi_gmem0_RVALID     |   in|    1|       m_axi|         gmem0|       pointer|
|m_axi_gmem0_RREADY     |  out|    1|       m_axi|         gmem0|       pointer|
|m_axi_gmem0_RDATA      |   in|   64|       m_axi|         gmem0|       pointer|
|m_axi_gmem0_RLAST      |   in|    1|       m_axi|         gmem0|       pointer|
|m_axi_gmem0_RID        |   in|    1|       m_axi|         gmem0|       pointer|
|m_axi_gmem0_RUSER      |   in|    1|       m_axi|         gmem0|       pointer|
|m_axi_gmem0_RRESP      |   in|    2|       m_axi|         gmem0|       pointer|
|m_axi_gmem0_BVALID     |   in|    1|       m_axi|         gmem0|       pointer|
|m_axi_gmem0_BREADY     |  out|    1|       m_axi|         gmem0|       pointer|
|m_axi_gmem0_BRESP      |   in|    2|       m_axi|         gmem0|       pointer|
|m_axi_gmem0_BID        |   in|    1|       m_axi|         gmem0|       pointer|
|m_axi_gmem0_BUSER      |   in|    1|       m_axi|         gmem0|       pointer|
|m_axi_gmem1_AWVALID    |  out|    1|       m_axi|         gmem1|       pointer|
|m_axi_gmem1_AWREADY    |   in|    1|       m_axi|         gmem1|       pointer|
|m_axi_gmem1_AWADDR     |  out|   64|       m_axi|         gmem1|       pointer|
|m_axi_gmem1_AWID       |  out|    1|       m_axi|         gmem1|       pointer|
|m_axi_gmem1_AWLEN      |  out|    8|       m_axi|         gmem1|       pointer|
|m_axi_gmem1_AWSIZE     |  out|    3|       m_axi|         gmem1|       pointer|
|m_axi_gmem1_AWBURST    |  out|    2|       m_axi|         gmem1|       pointer|
|m_axi_gmem1_AWLOCK     |  out|    2|       m_axi|         gmem1|       pointer|
|m_axi_gmem1_AWCACHE    |  out|    4|       m_axi|         gmem1|       pointer|
|m_axi_gmem1_AWPROT     |  out|    3|       m_axi|         gmem1|       pointer|
|m_axi_gmem1_AWQOS      |  out|    4|       m_axi|         gmem1|       pointer|
|m_axi_gmem1_AWREGION   |  out|    4|       m_axi|         gmem1|       pointer|
|m_axi_gmem1_AWUSER     |  out|    1|       m_axi|         gmem1|       pointer|
|m_axi_gmem1_WVALID     |  out|    1|       m_axi|         gmem1|       pointer|
|m_axi_gmem1_WREADY     |   in|    1|       m_axi|         gmem1|       pointer|
|m_axi_gmem1_WDATA      |  out|   64|       m_axi|         gmem1|       pointer|
|m_axi_gmem1_WSTRB      |  out|    8|       m_axi|         gmem1|       pointer|
|m_axi_gmem1_WLAST      |  out|    1|       m_axi|         gmem1|       pointer|
|m_axi_gmem1_WID        |  out|    1|       m_axi|         gmem1|       pointer|
|m_axi_gmem1_WUSER      |  out|    1|       m_axi|         gmem1|       pointer|
|m_axi_gmem1_ARVALID    |  out|    1|       m_axi|         gmem1|       pointer|
|m_axi_gmem1_ARREADY    |   in|    1|       m_axi|         gmem1|       pointer|
|m_axi_gmem1_ARADDR     |  out|   64|       m_axi|         gmem1|       pointer|
|m_axi_gmem1_ARID       |  out|    1|       m_axi|         gmem1|       pointer|
|m_axi_gmem1_ARLEN      |  out|    8|       m_axi|         gmem1|       pointer|
|m_axi_gmem1_ARSIZE     |  out|    3|       m_axi|         gmem1|       pointer|
|m_axi_gmem1_ARBURST    |  out|    2|       m_axi|         gmem1|       pointer|
|m_axi_gmem1_ARLOCK     |  out|    2|       m_axi|         gmem1|       pointer|
|m_axi_gmem1_ARCACHE    |  out|    4|       m_axi|         gmem1|       pointer|
|m_axi_gmem1_ARPROT     |  out|    3|       m_axi|         gmem1|       pointer|
|m_axi_gmem1_ARQOS      |  out|    4|       m_axi|         gmem1|       pointer|
|m_axi_gmem1_ARREGION   |  out|    4|       m_axi|         gmem1|       pointer|
|m_axi_gmem1_ARUSER     |  out|    1|       m_axi|         gmem1|       pointer|
|m_axi_gmem1_RVALID     |   in|    1|       m_axi|         gmem1|       pointer|
|m_axi_gmem1_RREADY     |  out|    1|       m_axi|         gmem1|       pointer|
|m_axi_gmem1_RDATA      |   in|   64|       m_axi|         gmem1|       pointer|
|m_axi_gmem1_RLAST      |   in|    1|       m_axi|         gmem1|       pointer|
|m_axi_gmem1_RID        |   in|    1|       m_axi|         gmem1|       pointer|
|m_axi_gmem1_RUSER      |   in|    1|       m_axi|         gmem1|       pointer|
|m_axi_gmem1_RRESP      |   in|    2|       m_axi|         gmem1|       pointer|
|m_axi_gmem1_BVALID     |   in|    1|       m_axi|         gmem1|       pointer|
|m_axi_gmem1_BREADY     |  out|    1|       m_axi|         gmem1|       pointer|
|m_axi_gmem1_BRESP      |   in|    2|       m_axi|         gmem1|       pointer|
|m_axi_gmem1_BID        |   in|    1|       m_axi|         gmem1|       pointer|
|m_axi_gmem1_BUSER      |   in|    1|       m_axi|         gmem1|       pointer|
|m_axi_gmem2_AWVALID    |  out|    1|       m_axi|         gmem2|       pointer|
|m_axi_gmem2_AWREADY    |   in|    1|       m_axi|         gmem2|       pointer|
|m_axi_gmem2_AWADDR     |  out|   64|       m_axi|         gmem2|       pointer|
|m_axi_gmem2_AWID       |  out|    1|       m_axi|         gmem2|       pointer|
|m_axi_gmem2_AWLEN      |  out|    8|       m_axi|         gmem2|       pointer|
|m_axi_gmem2_AWSIZE     |  out|    3|       m_axi|         gmem2|       pointer|
|m_axi_gmem2_AWBURST    |  out|    2|       m_axi|         gmem2|       pointer|
|m_axi_gmem2_AWLOCK     |  out|    2|       m_axi|         gmem2|       pointer|
|m_axi_gmem2_AWCACHE    |  out|    4|       m_axi|         gmem2|       pointer|
|m_axi_gmem2_AWPROT     |  out|    3|       m_axi|         gmem2|       pointer|
|m_axi_gmem2_AWQOS      |  out|    4|       m_axi|         gmem2|       pointer|
|m_axi_gmem2_AWREGION   |  out|    4|       m_axi|         gmem2|       pointer|
|m_axi_gmem2_AWUSER     |  out|    1|       m_axi|         gmem2|       pointer|
|m_axi_gmem2_WVALID     |  out|    1|       m_axi|         gmem2|       pointer|
|m_axi_gmem2_WREADY     |   in|    1|       m_axi|         gmem2|       pointer|
|m_axi_gmem2_WDATA      |  out|   64|       m_axi|         gmem2|       pointer|
|m_axi_gmem2_WSTRB      |  out|    8|       m_axi|         gmem2|       pointer|
|m_axi_gmem2_WLAST      |  out|    1|       m_axi|         gmem2|       pointer|
|m_axi_gmem2_WID        |  out|    1|       m_axi|         gmem2|       pointer|
|m_axi_gmem2_WUSER      |  out|    1|       m_axi|         gmem2|       pointer|
|m_axi_gmem2_ARVALID    |  out|    1|       m_axi|         gmem2|       pointer|
|m_axi_gmem2_ARREADY    |   in|    1|       m_axi|         gmem2|       pointer|
|m_axi_gmem2_ARADDR     |  out|   64|       m_axi|         gmem2|       pointer|
|m_axi_gmem2_ARID       |  out|    1|       m_axi|         gmem2|       pointer|
|m_axi_gmem2_ARLEN      |  out|    8|       m_axi|         gmem2|       pointer|
|m_axi_gmem2_ARSIZE     |  out|    3|       m_axi|         gmem2|       pointer|
|m_axi_gmem2_ARBURST    |  out|    2|       m_axi|         gmem2|       pointer|
|m_axi_gmem2_ARLOCK     |  out|    2|       m_axi|         gmem2|       pointer|
|m_axi_gmem2_ARCACHE    |  out|    4|       m_axi|         gmem2|       pointer|
|m_axi_gmem2_ARPROT     |  out|    3|       m_axi|         gmem2|       pointer|
|m_axi_gmem2_ARQOS      |  out|    4|       m_axi|         gmem2|       pointer|
|m_axi_gmem2_ARREGION   |  out|    4|       m_axi|         gmem2|       pointer|
|m_axi_gmem2_ARUSER     |  out|    1|       m_axi|         gmem2|       pointer|
|m_axi_gmem2_RVALID     |   in|    1|       m_axi|         gmem2|       pointer|
|m_axi_gmem2_RREADY     |  out|    1|       m_axi|         gmem2|       pointer|
|m_axi_gmem2_RDATA      |   in|   64|       m_axi|         gmem2|       pointer|
|m_axi_gmem2_RLAST      |   in|    1|       m_axi|         gmem2|       pointer|
|m_axi_gmem2_RID        |   in|    1|       m_axi|         gmem2|       pointer|
|m_axi_gmem2_RUSER      |   in|    1|       m_axi|         gmem2|       pointer|
|m_axi_gmem2_RRESP      |   in|    2|       m_axi|         gmem2|       pointer|
|m_axi_gmem2_BVALID     |   in|    1|       m_axi|         gmem2|       pointer|
|m_axi_gmem2_BREADY     |  out|    1|       m_axi|         gmem2|       pointer|
|m_axi_gmem2_BRESP      |   in|    2|       m_axi|         gmem2|       pointer|
|m_axi_gmem2_BID        |   in|    1|       m_axi|         gmem2|       pointer|
|m_axi_gmem2_BUSER      |   in|    1|       m_axi|         gmem2|       pointer|
+-----------------------+-----+-----+------------+--------------+--------------+

