

================================================================
== Vitis HLS Report for 'Execute_NTT'
================================================================
* Date:           Fri Sep  4 06:02:46 2026

* Version:        2023.2 (Build 4023990 on Oct 11 2023)
* Project:        hks_digit_baseline
* Solution:       solution1 (Vivado IP Flow Target)
* Product family: virtexuplusHBM
* Target device:  xcu55c-fsvh2892-2L-e


================================================================
== Performance Estimates
================================================================
+ Timing: 
    * Summary: 
    +--------+---------+----------+------------+
    |  Clock |  Target | Estimated| Uncertainty|
    +--------+---------+----------+------------+
    |ap_clk  |  6.00 ns|  5.068 ns|     0.75 ns|
    +--------+---------+----------+------------+

+ Latency: 
    * Summary: 
    +---------+---------+-----------+----------+------+-------+---------+
    |  Latency (cycles) |  Latency (absolute)  |   Interval   | Pipeline|
    |   min   |   max   |    min    |    max   |  min |  max  |   Type  |
    +---------+---------+-----------+----------+------+-------+---------+
    |     9534|    47666|  57.204 us|  0.286 ms|  9534|  47666|       no|
    +---------+---------+-----------+----------+------+-------+---------+

    + Detail: 
        * Instance: 
        +---------------------------------------------+----------------------------------+---------+---------+-----------+-----------+------+------+---------+
        |                                             |                                  |  Latency (cycles) |   Latency (absolute)  |   Interval  | Pipeline|
        |                   Instance                  |              Module              |   min   |   max   |    min    |    max    |  min |  max |   Type  |
        +---------------------------------------------+----------------------------------+---------+---------+-----------+-----------+------+------+---------+
        |grp_Execute_NTT_Pipeline_FLATTEN_ROW_fu_370  |Execute_NTT_Pipeline_FLATTEN_ROW  |      514|      514|   3.084 us|   3.084 us|   514|   514|       no|
        |grp_CG_NTT_Kernel_true_s_fu_507              |CG_NTT_Kernel_true_s              |     8499|     8499|  50.994 us|  50.994 us|  8499|  8499|       no|
        |grp_Execute_NTT_Pipeline_RESHAPE_ROW_fu_621  |Execute_NTT_Pipeline_RESHAPE_ROW  |      514|      514|   3.084 us|   3.084 us|   514|   514|       no|
        +---------------------------------------------+----------------------------------+---------+---------+-----------+-----------+------+------+---------+

        * Loop: 
        +--------------------+---------+---------+----------+-----------+-----------+-------+----------+
        |                    |  Latency (cycles) | Iteration|  Initiation Interval  |  Trip |          |
        |      Loop Name     |   min   |   max   |  Latency |  achieved |   target  | Count | Pipelined|
        +--------------------+---------+---------+----------+-----------+-----------+-------+----------+
        |- NTT_CG_LIMB_LOOP  |     9533|    47665|      9533|          -|          -|  1 ~ 5|        no|
        +--------------------+---------+---------+----------+-----------+-----------+-------+----------+



================================================================
== Utilization Estimates
================================================================
* Summary: 
+---------------------+---------+------+---------+---------+-----+
|         Name        | BRAM_18K|  DSP |    FF   |   LUT   | URAM|
+---------------------+---------+------+---------+---------+-----+
|DSP                  |        -|     -|        -|        -|    -|
|Expression           |        -|     -|        0|      181|    -|
|FIFO                 |        -|     -|        -|        -|    -|
|Instance             |       32|   232|    11216|    30883|    -|
|Memory               |       32|     -|        0|        0|    0|
|Multiplexer          |        -|     -|        -|     3400|    -|
|Register             |        -|     -|      397|        -|    -|
+---------------------+---------+------+---------+---------+-----+
|Total                |       64|   232|    11613|    34464|    0|
+---------------------+---------+------+---------+---------+-----+
|Available SLR        |     1344|  3008|   869120|   434560|  320|
+---------------------+---------+------+---------+---------+-----+
|Utilization SLR (%)  |        4|     7|        1|        7|    0|
+---------------------+---------+------+---------+---------+-----+
|Available            |     4032|  9024|  2607360|  1303680|  960|
+---------------------+---------+------+---------+---------+-----+
|Utilization (%)      |        1|     2|       ~0|        2|    0|
+---------------------+---------+------+---------+---------+-----+

+ Detail: 
    * Instance: 
    +---------------------------------------------+----------------------------------+---------+-----+------+-------+-----+
    |                   Instance                  |              Module              | BRAM_18K| DSP |  FF  |  LUT  | URAM|
    +---------------------------------------------+----------------------------------+---------+-----+------+-------+-----+
    |grp_CG_NTT_Kernel_true_s_fu_507              |CG_NTT_Kernel_true_s              |       32|  232|  9087|  21962|    0|
    |grp_Execute_NTT_Pipeline_FLATTEN_ROW_fu_370  |Execute_NTT_Pipeline_FLATTEN_ROW  |        0|    0|  2085|   5003|    0|
    |grp_Execute_NTT_Pipeline_RESHAPE_ROW_fu_621  |Execute_NTT_Pipeline_RESHAPE_ROW  |        0|    0|    44|   3875|    0|
    |sparsemux_17_3_64_1_1_U1844                  |sparsemux_17_3_64_1_1             |        0|    0|     0|     43|    0|
    +---------------------------------------------+----------------------------------+---------+-----+------+-------+-----+
    |Total                                        |                                  |       32|  232| 11216|  30883|    0|
    +---------------------------------------------+----------------------------------+---------+-----+------+-------+-----+

    * DSP: 
    N/A

    * Memory: 
    +--------------+-----------------------------------------+---------+---+----+-----+------+-----+------+-------------+
    |    Memory    |                  Module                 | BRAM_18K| FF| LUT| URAM| Words| Bits| Banks| W*Bits*Banks|
    +--------------+-----------------------------------------+---------+---+----+-----+------+-----+------+-------------+
    |flat_U        |Execute_NTT_flat_RAM_AUTO_1R1W           |        4|  0|   0|    0|  1024|   64|     1|        65536|
    |flat_4_U      |Execute_NTT_flat_RAM_AUTO_1R1W           |        4|  0|   0|    0|  1024|   64|     1|        65536|
    |flat_5_U      |Execute_NTT_flat_RAM_AUTO_1R1W           |        4|  0|   0|    0|  1024|   64|     1|        65536|
    |flat_6_U      |Execute_NTT_flat_RAM_AUTO_1R1W           |        4|  0|   0|    0|  1024|   64|     1|        65536|
    |flat_out_U    |Execute_NTT_flat_out_RAM_1WNR_AUTO_1R1W  |        4|  0|   0|    0|  1024|   64|     1|        65536|
    |flat_out_4_U  |Execute_NTT_flat_out_RAM_1WNR_AUTO_1R1W  |        4|  0|   0|    0|  1024|   64|     1|        65536|
    |flat_out_5_U  |Execute_NTT_flat_out_RAM_1WNR_AUTO_1R1W  |        4|  0|   0|    0|  1024|   64|     1|        65536|
    |flat_out_6_U  |Execute_NTT_flat_out_RAM_1WNR_AUTO_1R1W  |        4|  0|   0|    0|  1024|   64|     1|        65536|
    +--------------+-----------------------------------------+---------+---+----+-----+------+-----+------+-------------+
    |Total         |                                         |       32|  0|   0|    0|  8192|  512|     8|       524288|
    +--------------+-----------------------------------------+---------+---+----+-----+------+-----+------+-------------+

    * FIFO: 
    N/A

    * Expression: 
    +----------------------+----------+----+---+----+------------+------------+
    |     Variable Name    | Operation| DSP| FF| LUT| Bitwidth P0| Bitwidth P1|
    +----------------------+----------+----+---+----+------------+------------+
    |add_fu_758_p2         |         +|   0|  0|  39|          32|          32|
    |add_ln163_fu_790_p2   |         +|   0|  0|  71|          64|           1|
    |icmp_ln163_fu_780_p2  |      icmp|   0|  0|  71|          64|          64|
    +----------------------+----------+----+---+----+------------+------------+
    |Total                 |          |   0|  0| 181|         160|          97|
    +----------------------+----------+----+---+----+------------+------------+

    * Multiplexer: 
    +----------------------------------+----+-----------+-----+-----------+
    |               Name               | LUT| Input Size| Bits| Total Bits|
    +----------------------------------+----+-----------+-----+-----------+
    |ap_NS_fsm                         |  43|          8|    1|          8|
    |flat_4_address0                   |  14|          3|   10|         30|
    |flat_4_ce0                        |  14|          3|    1|          3|
    |flat_4_ce1                        |   9|          2|    1|          2|
    |flat_4_we0                        |   9|          2|    1|          2|
    |flat_4_we1                        |   9|          2|    1|          2|
    |flat_5_address0                   |  14|          3|   10|         30|
    |flat_5_ce0                        |  14|          3|    1|          3|
    |flat_5_ce1                        |   9|          2|    1|          2|
    |flat_5_we0                        |   9|          2|    1|          2|
    |flat_5_we1                        |   9|          2|    1|          2|
    |flat_6_address0                   |  14|          3|   10|         30|
    |flat_6_ce0                        |  14|          3|    1|          3|
    |flat_6_ce1                        |   9|          2|    1|          2|
    |flat_6_we0                        |   9|          2|    1|          2|
    |flat_6_we1                        |   9|          2|    1|          2|
    |flat_address0                     |  14|          3|   10|         30|
    |flat_ce0                          |  14|          3|    1|          3|
    |flat_ce1                          |   9|          2|    1|          2|
    |flat_out_4_address0               |  14|          3|   10|         30|
    |flat_out_4_ce0                    |  14|          3|    1|          3|
    |flat_out_4_ce1                    |   9|          2|    1|          2|
    |flat_out_4_we0                    |   9|          2|    1|          2|
    |flat_out_5_address0               |  14|          3|   10|         30|
    |flat_out_5_ce0                    |  14|          3|    1|          3|
    |flat_out_5_ce1                    |   9|          2|    1|          2|
    |flat_out_5_we0                    |   9|          2|    1|          2|
    |flat_out_6_address0               |  14|          3|   10|         30|
    |flat_out_6_ce0                    |  14|          3|    1|          3|
    |flat_out_6_ce1                    |   9|          2|    1|          2|
    |flat_out_6_we0                    |   9|          2|    1|          2|
    |flat_out_address0                 |  14|          3|   10|         30|
    |flat_out_ce0                      |  14|          3|    1|          3|
    |flat_out_ce1                      |   9|          2|    1|          2|
    |flat_out_we0                      |   9|          2|    1|          2|
    |flat_we0                          |   9|          2|    1|          2|
    |flat_we1                          |   9|          2|    1|          2|
    |l_fu_296                          |   9|          2|   64|        128|
    |p_ZL13poly_buffer_1_0_0_address1  |  14|          3|    9|         27|
    |p_ZL13poly_buffer_1_0_0_ce0       |   9|          2|    1|          2|
    |p_ZL13poly_buffer_1_0_0_ce1       |  14|          3|    1|          3|
    |p_ZL13poly_buffer_1_0_0_we1       |   9|          2|    1|          2|
    |p_ZL13poly_buffer_1_0_1_address1  |  14|          3|    9|         27|
    |p_ZL13poly_buffer_1_0_1_ce0       |   9|          2|    1|          2|
    |p_ZL13poly_buffer_1_0_1_ce1       |  14|          3|    1|          3|
    |p_ZL13poly_buffer_1_0_1_we1       |   9|          2|    1|          2|
    |p_ZL13poly_buffer_1_0_2_address1  |  14|          3|    9|         27|
    |p_ZL13poly_buffer_1_0_2_ce0       |   9|          2|    1|          2|
    |p_ZL13poly_buffer_1_0_2_ce1       |  14|          3|    1|          3|
    |p_ZL13poly_buffer_1_0_2_we1       |   9|          2|    1|          2|
    |p_ZL13poly_buffer_1_0_3_address1  |  14|          3|    9|         27|
    |p_ZL13poly_buffer_1_0_3_ce0       |   9|          2|    1|          2|
    |p_ZL13poly_buffer_1_0_3_ce1       |  14|          3|    1|          3|
    |p_ZL13poly_buffer_1_0_3_we1       |   9|          2|    1|          2|
    |p_ZL13poly_buffer_1_0_4_address1  |  14|          3|    9|         27|
    |p_ZL13poly_buffer_1_0_4_ce0       |   9|          2|    1|          2|
    |p_ZL13poly_buffer_1_0_4_ce1       |  14|          3|    1|          3|
    |p_ZL13poly_buffer_1_0_4_we1       |   9|          2|    1|          2|
    |p_ZL13poly_buffer_1_0_5_address1  |  14|          3|    9|         27|
    |p_ZL13poly_buffer_1_0_5_ce0       |   9|          2|    1|          2|
    |p_ZL13poly_buffer_1_0_5_ce1       |  14|          3|    1|          3|
    |p_ZL13poly_buffer_1_0_5_we1       |   9|          2|    1|          2|
    |p_ZL13poly_buffer_1_0_6_address1  |  14|          3|    9|         27|
    |p_ZL13poly_buffer_1_0_6_ce0       |   9|          2|    1|          2|
    |p_ZL13poly_buffer_1_0_6_ce1       |  14|          3|    1|          3|
    |p_ZL13poly_buffer_1_0_6_we1       |   9|          2|    1|          2|
    |p_ZL13poly_buffer_1_0_7_address1  |  14|          3|    9|         27|
    |p_ZL13poly_buffer_1_0_7_ce0       |   9|          2|    1|          2|
    |p_ZL13poly_buffer_1_0_7_ce1       |  14|          3|    1|          3|
    |p_ZL13poly_buffer_1_0_7_we1       |   9|          2|    1|          2|
    |p_ZL13poly_buffer_1_1_0_address1  |  14|          3|    9|         27|
    |p_ZL13poly_buffer_1_1_0_ce0       |   9|          2|    1|          2|
    |p_ZL13poly_buffer_1_1_0_ce1       |  14|          3|    1|          3|
    |p_ZL13poly_buffer_1_1_0_we1       |   9|          2|    1|          2|
    |p_ZL13poly_buffer_1_1_1_address1  |  14|          3|    9|         27|
    |p_ZL13poly_buffer_1_1_1_ce0       |   9|          2|    1|          2|
    |p_ZL13poly_buffer_1_1_1_ce1       |  14|          3|    1|          3|
    |p_ZL13poly_buffer_1_1_1_we1       |   9|          2|    1|          2|
    |p_ZL13poly_buffer_1_1_2_address1  |  14|          3|    9|         27|
    |p_ZL13poly_buffer_1_1_2_ce0       |   9|          2|    1|          2|
    |p_ZL13poly_buffer_1_1_2_ce1       |  14|          3|    1|          3|
    |p_ZL13poly_buffer_1_1_2_we1       |   9|          2|    1|          2|
    |p_ZL13poly_buffer_1_1_3_address1  |  14|          3|    9|         27|
    |p_ZL13poly_buffer_1_1_3_ce0       |   9|          2|    1|          2|
    |p_ZL13poly_buffer_1_1_3_ce1       |  14|          3|    1|          3|
    |p_ZL13poly_buffer_1_1_3_we1       |   9|          2|    1|          2|
    |p_ZL13poly_buffer_1_1_4_address1  |  14|          3|    9|         27|
    |p_ZL13poly_buffer_1_1_4_ce0       |   9|          2|    1|          2|
    |p_ZL13poly_buffer_1_1_4_ce1       |  14|          3|    1|          3|
    |p_ZL13poly_buffer_1_1_4_we1       |   9|          2|    1|          2|
    |p_ZL13poly_buffer_1_1_5_address1  |  14|          3|    9|         27|
    |p_ZL13poly_buffer_1_1_5_ce0       |   9|          2|    1|          2|
    |p_ZL13poly_buffer_1_1_5_ce1       |  14|          3|    1|          3|
    |p_ZL13poly_buffer_1_1_5_we1       |   9|          2|    1|          2|
    |p_ZL13poly_buffer_1_1_6_address1  |  14|          3|    9|         27|
    |p_ZL13poly_buffer_1_1_6_ce0       |   9|          2|    1|          2|
    |p_ZL13poly_buffer_1_1_6_ce1       |  14|          3|    1|          3|
    |p_ZL13poly_buffer_1_1_6_we1       |   9|          2|    1|          2|
    |p_ZL13poly_buffer_1_1_7_address1  |  14|          3|    9|         27|
    |p_ZL13poly_buffer_1_1_7_ce0       |   9|          2|    1|          2|
    |p_ZL13poly_buffer_1_1_7_ce1       |  14|          3|    1|          3|
    |p_ZL13poly_buffer_1_1_7_we1       |   9|          2|    1|          2|
    |p_ZL13poly_buffer_1_2_0_address1  |  14|          3|    9|         27|
    |p_ZL13poly_buffer_1_2_0_ce0       |   9|          2|    1|          2|
    |p_ZL13poly_buffer_1_2_0_ce1       |  14|          3|    1|          3|
    |p_ZL13poly_buffer_1_2_0_we1       |   9|          2|    1|          2|
    |p_ZL13poly_buffer_1_2_1_address1  |  14|          3|    9|         27|
    |p_ZL13poly_buffer_1_2_1_ce0       |   9|          2|    1|          2|
    |p_ZL13poly_buffer_1_2_1_ce1       |  14|          3|    1|          3|
    |p_ZL13poly_buffer_1_2_1_we1       |   9|          2|    1|          2|
    |p_ZL13poly_buffer_1_2_2_address1  |  14|          3|    9|         27|
    |p_ZL13poly_buffer_1_2_2_ce0       |   9|          2|    1|          2|
    |p_ZL13poly_buffer_1_2_2_ce1       |  14|          3|    1|          3|
    |p_ZL13poly_buffer_1_2_2_we1       |   9|          2|    1|          2|
    |p_ZL13poly_buffer_1_2_3_address1  |  14|          3|    9|         27|
    |p_ZL13poly_buffer_1_2_3_ce0       |   9|          2|    1|          2|
    |p_ZL13poly_buffer_1_2_3_ce1       |  14|          3|    1|          3|
    |p_ZL13poly_buffer_1_2_3_we1       |   9|          2|    1|          2|
    |p_ZL13poly_buffer_1_2_4_address1  |  14|          3|    9|         27|
    |p_ZL13poly_buffer_1_2_4_ce0       |   9|          2|    1|          2|
    |p_ZL13poly_buffer_1_2_4_ce1       |  14|          3|    1|          3|
    |p_ZL13poly_buffer_1_2_4_we1       |   9|          2|    1|          2|
    |p_ZL13poly_buffer_1_2_5_address1  |  14|          3|    9|         27|
    |p_ZL13poly_buffer_1_2_5_ce0       |   9|          2|    1|          2|
    |p_ZL13poly_buffer_1_2_5_ce1       |  14|          3|    1|          3|
    |p_ZL13poly_buffer_1_2_5_we1       |   9|          2|    1|          2|
    |p_ZL13poly_buffer_1_2_6_address1  |  14|          3|    9|         27|
    |p_ZL13poly_buffer_1_2_6_ce0       |   9|          2|    1|          2|
    |p_ZL13poly_buffer_1_2_6_ce1       |  14|          3|    1|          3|
    |p_ZL13poly_buffer_1_2_6_we1       |   9|          2|    1|          2|
    |p_ZL13poly_buffer_1_2_7_address1  |  14|          3|    9|         27|
    |p_ZL13poly_buffer_1_2_7_ce0       |   9|          2|    1|          2|
    |p_ZL13poly_buffer_1_2_7_ce1       |  14|          3|    1|          3|
    |p_ZL13poly_buffer_1_2_7_we1       |   9|          2|    1|          2|
    |p_ZL13poly_buffer_1_3_0_address1  |  14|          3|    9|         27|
    |p_ZL13poly_buffer_1_3_0_ce0       |   9|          2|    1|          2|
    |p_ZL13poly_buffer_1_3_0_ce1       |  14|          3|    1|          3|
    |p_ZL13poly_buffer_1_3_0_we1       |   9|          2|    1|          2|
    |p_ZL13poly_buffer_1_3_1_address1  |  14|          3|    9|         27|
    |p_ZL13poly_buffer_1_3_1_ce0       |   9|          2|    1|          2|
    |p_ZL13poly_buffer_1_3_1_ce1       |  14|          3|    1|          3|
    |p_ZL13poly_buffer_1_3_1_we1       |   9|          2|    1|          2|
    |p_ZL13poly_buffer_1_3_2_address1  |  14|          3|    9|         27|
    |p_ZL13poly_buffer_1_3_2_ce0       |   9|          2|    1|          2|
    |p_ZL13poly_buffer_1_3_2_ce1       |  14|          3|    1|          3|
    |p_ZL13poly_buffer_1_3_2_we1       |   9|          2|    1|          2|
    |p_ZL13poly_buffer_1_3_3_address1  |  14|          3|    9|         27|
    |p_ZL13poly_buffer_1_3_3_ce0       |   9|          2|    1|          2|
    |p_ZL13poly_buffer_1_3_3_ce1       |  14|          3|    1|          3|
    |p_ZL13poly_buffer_1_3_3_we1       |   9|          2|    1|          2|
    |p_ZL13poly_buffer_1_3_4_address1  |  14|          3|    9|         27|
    |p_ZL13poly_buffer_1_3_4_ce0       |   9|          2|    1|          2|
    |p_ZL13poly_buffer_1_3_4_ce1       |  14|          3|    1|          3|
    |p_ZL13poly_buffer_1_3_4_we1       |   9|          2|    1|          2|
    |p_ZL13poly_buffer_1_3_5_address1  |  14|          3|    9|         27|
    |p_ZL13poly_buffer_1_3_5_ce0       |   9|          2|    1|          2|
    |p_ZL13poly_buffer_1_3_5_ce1       |  14|          3|    1|          3|
    |p_ZL13poly_buffer_1_3_5_we1       |   9|          2|    1|          2|
    |p_ZL13poly_buffer_1_3_6_address1  |  14|          3|    9|         27|
    |p_ZL13poly_buffer_1_3_6_ce0       |   9|          2|    1|          2|
    |p_ZL13poly_buffer_1_3_6_ce1       |  14|          3|    1|          3|
    |p_ZL13poly_buffer_1_3_6_we1       |   9|          2|    1|          2|
    |p_ZL13poly_buffer_1_3_7_address1  |  14|          3|    9|         27|
    |p_ZL13poly_buffer_1_3_7_ce0       |   9|          2|    1|          2|
    |p_ZL13poly_buffer_1_3_7_ce1       |  14|          3|    1|          3|
    |p_ZL13poly_buffer_1_3_7_we1       |   9|          2|    1|          2|
    |p_ZL13poly_buffer_1_4_0_address1  |  14|          3|    9|         27|
    |p_ZL13poly_buffer_1_4_0_ce0       |   9|          2|    1|          2|
    |p_ZL13poly_buffer_1_4_0_ce1       |  14|          3|    1|          3|
    |p_ZL13poly_buffer_1_4_0_we1       |   9|          2|    1|          2|
    |p_ZL13poly_buffer_1_4_1_address1  |  14|          3|    9|         27|
    |p_ZL13poly_buffer_1_4_1_ce0       |   9|          2|    1|          2|
    |p_ZL13poly_buffer_1_4_1_ce1       |  14|          3|    1|          3|
    |p_ZL13poly_buffer_1_4_1_we1       |   9|          2|    1|          2|
    |p_ZL13poly_buffer_1_4_2_address1  |  14|          3|    9|         27|
    |p_ZL13poly_buffer_1_4_2_ce0       |   9|          2|    1|          2|
    |p_ZL13poly_buffer_1_4_2_ce1       |  14|          3|    1|          3|
    |p_ZL13poly_buffer_1_4_2_we1       |   9|          2|    1|          2|
    |p_ZL13poly_buffer_1_4_3_address1  |  14|          3|    9|         27|
    |p_ZL13poly_buffer_1_4_3_ce0       |   9|          2|    1|          2|
    |p_ZL13poly_buffer_1_4_3_ce1       |  14|          3|    1|          3|
    |p_ZL13poly_buffer_1_4_3_we1       |   9|          2|    1|          2|
    |p_ZL13poly_buffer_1_4_4_address1  |  14|          3|    9|         27|
    |p_ZL13poly_buffer_1_4_4_ce0       |   9|          2|    1|          2|
    |p_ZL13poly_buffer_1_4_4_ce1       |  14|          3|    1|          3|
    |p_ZL13poly_buffer_1_4_4_we1       |   9|          2|    1|          2|
    |p_ZL13poly_buffer_1_4_5_address1  |  14|          3|    9|         27|
    |p_ZL13poly_buffer_1_4_5_ce0       |   9|          2|    1|          2|
    |p_ZL13poly_buffer_1_4_5_ce1       |  14|          3|    1|          3|
    |p_ZL13poly_buffer_1_4_5_we1       |   9|          2|    1|          2|
    |p_ZL13poly_buffer_1_4_6_address1  |  14|          3|    9|         27|
    |p_ZL13poly_buffer_1_4_6_ce0       |   9|          2|    1|          2|
    |p_ZL13poly_buffer_1_4_6_ce1       |  14|          3|    1|          3|
    |p_ZL13poly_buffer_1_4_6_we1       |   9|          2|    1|          2|
    |p_ZL13poly_buffer_1_4_7_address1  |  14|          3|    9|         27|
    |p_ZL13poly_buffer_1_4_7_ce0       |   9|          2|    1|          2|
    |p_ZL13poly_buffer_1_4_7_ce1       |  14|          3|    1|          3|
    |p_ZL13poly_buffer_1_4_7_we1       |   9|          2|    1|          2|
    |p_ZL13poly_buffer_1_5_0_address1  |  14|          3|    9|         27|
    |p_ZL13poly_buffer_1_5_0_ce0       |   9|          2|    1|          2|
    |p_ZL13poly_buffer_1_5_0_ce1       |  14|          3|    1|          3|
    |p_ZL13poly_buffer_1_5_0_we1       |   9|          2|    1|          2|
    |p_ZL13poly_buffer_1_5_1_address1  |  14|          3|    9|         27|
    |p_ZL13poly_buffer_1_5_1_ce0       |   9|          2|    1|          2|
    |p_ZL13poly_buffer_1_5_1_ce1       |  14|          3|    1|          3|
    |p_ZL13poly_buffer_1_5_1_we1       |   9|          2|    1|          2|
    |p_ZL13poly_buffer_1_5_2_address1  |  14|          3|    9|         27|
    |p_ZL13poly_buffer_1_5_2_ce0       |   9|          2|    1|          2|
    |p_ZL13poly_buffer_1_5_2_ce1       |  14|          3|    1|          3|
    |p_ZL13poly_buffer_1_5_2_we1       |   9|          2|    1|          2|
    |p_ZL13poly_buffer_1_5_3_address1  |  14|          3|    9|         27|
    |p_ZL13poly_buffer_1_5_3_ce0       |   9|          2|    1|          2|
    |p_ZL13poly_buffer_1_5_3_ce1       |  14|          3|    1|          3|
    |p_ZL13poly_buffer_1_5_3_we1       |   9|          2|    1|          2|
    |p_ZL13poly_buffer_1_5_4_address1  |  14|          3|    9|         27|
    |p_ZL13poly_buffer_1_5_4_ce0       |   9|          2|    1|          2|
    |p_ZL13poly_buffer_1_5_4_ce1       |  14|          3|    1|          3|
    |p_ZL13poly_buffer_1_5_4_we1       |   9|          2|    1|          2|
    |p_ZL13poly_buffer_1_5_5_address1  |  14|          3|    9|         27|
    |p_ZL13poly_buffer_1_5_5_ce0       |   9|          2|    1|          2|
    |p_ZL13poly_buffer_1_5_5_ce1       |  14|          3|    1|          3|
    |p_ZL13poly_buffer_1_5_5_we1       |   9|          2|    1|          2|
    |p_ZL13poly_buffer_1_5_6_address1  |  14|          3|    9|         27|
    |p_ZL13poly_buffer_1_5_6_ce0       |   9|          2|    1|          2|
    |p_ZL13poly_buffer_1_5_6_ce1       |  14|          3|    1|          3|
    |p_ZL13poly_buffer_1_5_6_we1       |   9|          2|    1|          2|
    |p_ZL13poly_buffer_1_5_7_address1  |  14|          3|    9|         27|
    |p_ZL13poly_buffer_1_5_7_ce0       |   9|          2|    1|          2|
    |p_ZL13poly_buffer_1_5_7_ce1       |  14|          3|    1|          3|
    |p_ZL13poly_buffer_1_5_7_we1       |   9|          2|    1|          2|
    |p_ZL13poly_buffer_1_6_0_address1  |  14|          3|    9|         27|
    |p_ZL13poly_buffer_1_6_0_ce0       |   9|          2|    1|          2|
    |p_ZL13poly_buffer_1_6_0_ce1       |  14|          3|    1|          3|
    |p_ZL13poly_buffer_1_6_0_we1       |   9|          2|    1|          2|
    |p_ZL13poly_buffer_1_6_1_address1  |  14|          3|    9|         27|
    |p_ZL13poly_buffer_1_6_1_ce0       |   9|          2|    1|          2|
    |p_ZL13poly_buffer_1_6_1_ce1       |  14|          3|    1|          3|
    |p_ZL13poly_buffer_1_6_1_we1       |   9|          2|    1|          2|
    |p_ZL13poly_buffer_1_6_2_address1  |  14|          3|    9|         27|
    |p_ZL13poly_buffer_1_6_2_ce0       |   9|          2|    1|          2|
    |p_ZL13poly_buffer_1_6_2_ce1       |  14|          3|    1|          3|
    |p_ZL13poly_buffer_1_6_2_we1       |   9|          2|    1|          2|
    |p_ZL13poly_buffer_1_6_3_address1  |  14|          3|    9|         27|
    |p_ZL13poly_buffer_1_6_3_ce0       |   9|          2|    1|          2|
    |p_ZL13poly_buffer_1_6_3_ce1       |  14|          3|    1|          3|
    |p_ZL13poly_buffer_1_6_3_we1       |   9|          2|    1|          2|
    |p_ZL13poly_buffer_1_6_4_address1  |  14|          3|    9|         27|
    |p_ZL13poly_buffer_1_6_4_ce0       |   9|          2|    1|          2|
    |p_ZL13poly_buffer_1_6_4_ce1       |  14|          3|    1|          3|
    |p_ZL13poly_buffer_1_6_4_we1       |   9|          2|    1|          2|
    |p_ZL13poly_buffer_1_6_5_address1  |  14|          3|    9|         27|
    |p_ZL13poly_buffer_1_6_5_ce0       |   9|          2|    1|          2|
    |p_ZL13poly_buffer_1_6_5_ce1       |  14|          3|    1|          3|
    |p_ZL13poly_buffer_1_6_5_we1       |   9|          2|    1|          2|
    |p_ZL13poly_buffer_1_6_6_address1  |  14|          3|    9|         27|
    |p_ZL13poly_buffer_1_6_6_ce0       |   9|          2|    1|          2|
    |p_ZL13poly_buffer_1_6_6_ce1       |  14|          3|    1|          3|
    |p_ZL13poly_buffer_1_6_6_we1       |   9|          2|    1|          2|
    |p_ZL13poly_buffer_1_6_7_address1  |  14|          3|    9|         27|
    |p_ZL13poly_buffer_1_6_7_ce0       |   9|          2|    1|          2|
    |p_ZL13poly_buffer_1_6_7_ce1       |  14|          3|    1|          3|
    |p_ZL13poly_buffer_1_6_7_we1       |   9|          2|    1|          2|
    |p_ZL13poly_buffer_1_7_0_address1  |  14|          3|    9|         27|
    |p_ZL13poly_buffer_1_7_0_ce0       |   9|          2|    1|          2|
    |p_ZL13poly_buffer_1_7_0_ce1       |  14|          3|    1|          3|
    |p_ZL13poly_buffer_1_7_0_we1       |   9|          2|    1|          2|
    |p_ZL13poly_buffer_1_7_1_address1  |  14|          3|    9|         27|
    |p_ZL13poly_buffer_1_7_1_ce0       |   9|          2|    1|          2|
    |p_ZL13poly_buffer_1_7_1_ce1       |  14|          3|    1|          3|
    |p_ZL13poly_buffer_1_7_1_we1       |   9|          2|    1|          2|
    |p_ZL13poly_buffer_1_7_2_address1  |  14|          3|    9|         27|
    |p_ZL13poly_buffer_1_7_2_ce0       |   9|          2|    1|          2|
    |p_ZL13poly_buffer_1_7_2_ce1       |  14|          3|    1|          3|
    |p_ZL13poly_buffer_1_7_2_we1       |   9|          2|    1|          2|
    |p_ZL13poly_buffer_1_7_3_address1  |  14|          3|    9|         27|
    |p_ZL13poly_buffer_1_7_3_ce0       |   9|          2|    1|          2|
    |p_ZL13poly_buffer_1_7_3_ce1       |  14|          3|    1|          3|
    |p_ZL13poly_buffer_1_7_3_we1       |   9|          2|    1|          2|
    |p_ZL13poly_buffer_1_7_4_address1  |  14|          3|    9|         27|
    |p_ZL13poly_buffer_1_7_4_ce0       |   9|          2|    1|          2|
    |p_ZL13poly_buffer_1_7_4_ce1       |  14|          3|    1|          3|
    |p_ZL13poly_buffer_1_7_4_we1       |   9|          2|    1|          2|
    |p_ZL13poly_buffer_1_7_5_address1  |  14|          3|    9|         27|
    |p_ZL13poly_buffer_1_7_5_ce0       |   9|          2|    1|          2|
    |p_ZL13poly_buffer_1_7_5_ce1       |  14|          3|    1|          3|
    |p_ZL13poly_buffer_1_7_5_we1       |   9|          2|    1|          2|
    |p_ZL13poly_buffer_1_7_6_address1  |  14|          3|    9|         27|
    |p_ZL13poly_buffer_1_7_6_ce0       |   9|          2|    1|          2|
    |p_ZL13poly_buffer_1_7_6_ce1       |  14|          3|    1|          3|
    |p_ZL13poly_buffer_1_7_6_we1       |   9|          2|    1|          2|
    |p_ZL13poly_buffer_1_7_7_address1  |  14|          3|    9|         27|
    |p_ZL13poly_buffer_1_7_7_ce0       |   9|          2|    1|          2|
    |p_ZL13poly_buffer_1_7_7_ce1       |  14|          3|    1|          3|
    |p_ZL13poly_buffer_1_7_7_we1       |   9|          2|    1|          2|
    +----------------------------------+----+-----------+-----+-----------+
    |Total                             |3400|        738|  941|       2616|
    +----------------------------------+----+-----------+-----+-----------+

    * Register: 
    +----------------------------------------------------------+----+----+-----+-----------+
    |                           Name                           | FF | LUT| Bits| Const Bits|
    +----------------------------------------------------------+----+----+-----+-----------+
    |M_load_reg_910                                            |  64|   0|   64|          0|
    |S_load_reg_905                                            |  64|   0|   64|          0|
    |ap_CS_fsm                                                 |   7|   0|    7|          0|
    |grp_CG_NTT_Kernel_true_s_fu_507_ap_start_reg              |   1|   0|    1|          0|
    |grp_Execute_NTT_Pipeline_FLATTEN_ROW_fu_370_ap_start_reg  |   1|   0|    1|          0|
    |grp_Execute_NTT_Pipeline_RESHAPE_ROW_fu_621_ap_start_reg  |   1|   0|    1|          0|
    |l_1_reg_873                                               |  64|   0|   64|          0|
    |l_fu_296                                                  |  64|   0|   64|          0|
    |tmp_reg_900                                               |  64|   0|   64|          0|
    |trunc_ln163_reg_882                                       |   3|   0|    3|          0|
    |wide_trip_count_reg_868                                   |  64|   0|   64|          0|
    +----------------------------------------------------------+----+----+-----+-----------+
    |Total                                                     | 397|   0|  397|          0|
    +----------------------------------------------------------+----+----+-----+-----------+



================================================================
== Interface
================================================================
* Summary: 
+--------------------------------------+-----+-----+------------+-----------------------------+--------------+
|               RTL Ports              | Dir | Bits|  Protocol  |        Source Object        |    C Type    |
+--------------------------------------+-----+-----+------------+-----------------------------+--------------+
|ap_clk                                |   in|    1|  ap_ctrl_hs|                  Execute_NTT|  return value|
|ap_rst                                |   in|    1|  ap_ctrl_hs|                  Execute_NTT|  return value|
|ap_start                              |   in|    1|  ap_ctrl_hs|                  Execute_NTT|  return value|
|ap_done                               |  out|    1|  ap_ctrl_hs|                  Execute_NTT|  return value|
|ap_idle                               |  out|    1|  ap_ctrl_hs|                  Execute_NTT|  return value|
|ap_ready                              |  out|    1|  ap_ctrl_hs|                  Execute_NTT|  return value|
|num_active_limbs                      |   in|   32|     ap_none|             num_active_limbs|        scalar|
|mod_index                             |   in|   32|     ap_none|                    mod_index|        scalar|
|p_ZL13poly_buffer_1_0_0_address0      |  out|    9|   ap_memory|      p_ZL13poly_buffer_1_0_0|         array|
|p_ZL13poly_buffer_1_0_0_ce0           |  out|    1|   ap_memory|      p_ZL13poly_buffer_1_0_0|         array|
|p_ZL13poly_buffer_1_0_0_q0            |   in|   64|   ap_memory|      p_ZL13poly_buffer_1_0_0|         array|
|p_ZL13poly_buffer_1_0_0_address1      |  out|    9|   ap_memory|      p_ZL13poly_buffer_1_0_0|         array|
|p_ZL13poly_buffer_1_0_0_ce1           |  out|    1|   ap_memory|      p_ZL13poly_buffer_1_0_0|         array|
|p_ZL13poly_buffer_1_0_0_we1           |  out|    1|   ap_memory|      p_ZL13poly_buffer_1_0_0|         array|
|p_ZL13poly_buffer_1_0_0_d1            |  out|   64|   ap_memory|      p_ZL13poly_buffer_1_0_0|         array|
|p_ZL13poly_buffer_1_0_0_q1            |   in|   64|   ap_memory|      p_ZL13poly_buffer_1_0_0|         array|
|p_ZL13poly_buffer_1_0_1_address0      |  out|    9|   ap_memory|      p_ZL13poly_buffer_1_0_1|         array|
|p_ZL13poly_buffer_1_0_1_ce0           |  out|    1|   ap_memory|      p_ZL13poly_buffer_1_0_1|         array|
|p_ZL13poly_buffer_1_0_1_q0            |   in|   64|   ap_memory|      p_ZL13poly_buffer_1_0_1|         array|
|p_ZL13poly_buffer_1_0_1_address1      |  out|    9|   ap_memory|      p_ZL13poly_buffer_1_0_1|         array|
|p_ZL13poly_buffer_1_0_1_ce1           |  out|    1|   ap_memory|      p_ZL13poly_buffer_1_0_1|         array|
|p_ZL13poly_buffer_1_0_1_we1           |  out|    1|   ap_memory|      p_ZL13poly_buffer_1_0_1|         array|
|p_ZL13poly_buffer_1_0_1_d1            |  out|   64|   ap_memory|      p_ZL13poly_buffer_1_0_1|         array|
|p_ZL13poly_buffer_1_0_1_q1            |   in|   64|   ap_memory|      p_ZL13poly_buffer_1_0_1|         array|
|p_ZL13poly_buffer_1_0_2_address0      |  out|    9|   ap_memory|      p_ZL13poly_buffer_1_0_2|         array|
|p_ZL13poly_buffer_1_0_2_ce0           |  out|    1|   ap_memory|      p_ZL13poly_buffer_1_0_2|         array|
|p_ZL13poly_buffer_1_0_2_q0            |   in|   64|   ap_memory|      p_ZL13poly_buffer_1_0_2|         array|
|p_ZL13poly_buffer_1_0_2_address1      |  out|    9|   ap_memory|      p_ZL13poly_buffer_1_0_2|         array|
|p_ZL13poly_buffer_1_0_2_ce1           |  out|    1|   ap_memory|      p_ZL13poly_buffer_1_0_2|         array|
|p_ZL13poly_buffer_1_0_2_we1           |  out|    1|   ap_memory|      p_ZL13poly_buffer_1_0_2|         array|
|p_ZL13poly_buffer_1_0_2_d1            |  out|   64|   ap_memory|      p_ZL13poly_buffer_1_0_2|         array|
|p_ZL13poly_buffer_1_0_2_q1            |   in|   64|   ap_memory|      p_ZL13poly_buffer_1_0_2|         array|
|p_ZL13poly_buffer_1_0_3_address0      |  out|    9|   ap_memory|      p_ZL13poly_buffer_1_0_3|         array|
|p_ZL13poly_buffer_1_0_3_ce0           |  out|    1|   ap_memory|      p_ZL13poly_buffer_1_0_3|         array|
|p_ZL13poly_buffer_1_0_3_q0            |   in|   64|   ap_memory|      p_ZL13poly_buffer_1_0_3|         array|
|p_ZL13poly_buffer_1_0_3_address1      |  out|    9|   ap_memory|      p_ZL13poly_buffer_1_0_3|         array|
|p_ZL13poly_buffer_1_0_3_ce1           |  out|    1|   ap_memory|      p_ZL13poly_buffer_1_0_3|         array|
|p_ZL13poly_buffer_1_0_3_we1           |  out|    1|   ap_memory|      p_ZL13poly_buffer_1_0_3|         array|
|p_ZL13poly_buffer_1_0_3_d1            |  out|   64|   ap_memory|      p_ZL13poly_buffer_1_0_3|         array|
|p_ZL13poly_buffer_1_0_3_q1            |   in|   64|   ap_memory|      p_ZL13poly_buffer_1_0_3|         array|
|p_ZL13poly_buffer_1_0_4_address0      |  out|    9|   ap_memory|      p_ZL13poly_buffer_1_0_4|         array|
|p_ZL13poly_buffer_1_0_4_ce0           |  out|    1|   ap_memory|      p_ZL13poly_buffer_1_0_4|         array|
|p_ZL13poly_buffer_1_0_4_q0            |   in|   64|   ap_memory|      p_ZL13poly_buffer_1_0_4|         array|
|p_ZL13poly_buffer_1_0_4_address1      |  out|    9|   ap_memory|      p_ZL13poly_buffer_1_0_4|         array|
|p_ZL13poly_buffer_1_0_4_ce1           |  out|    1|   ap_memory|      p_ZL13poly_buffer_1_0_4|         array|
|p_ZL13poly_buffer_1_0_4_we1           |  out|    1|   ap_memory|      p_ZL13poly_buffer_1_0_4|         array|
|p_ZL13poly_buffer_1_0_4_d1            |  out|   64|   ap_memory|      p_ZL13poly_buffer_1_0_4|         array|
|p_ZL13poly_buffer_1_0_4_q1            |   in|   64|   ap_memory|      p_ZL13poly_buffer_1_0_4|         array|
|p_ZL13poly_buffer_1_0_5_address0      |  out|    9|   ap_memory|      p_ZL13poly_buffer_1_0_5|         array|
|p_ZL13poly_buffer_1_0_5_ce0           |  out|    1|   ap_memory|      p_ZL13poly_buffer_1_0_5|         array|
|p_ZL13poly_buffer_1_0_5_q0            |   in|   64|   ap_memory|      p_ZL13poly_buffer_1_0_5|         array|
|p_ZL13poly_buffer_1_0_5_address1      |  out|    9|   ap_memory|      p_ZL13poly_buffer_1_0_5|         array|
|p_ZL13poly_buffer_1_0_5_ce1           |  out|    1|   ap_memory|      p_ZL13poly_buffer_1_0_5|         array|
|p_ZL13poly_buffer_1_0_5_we1           |  out|    1|   ap_memory|      p_ZL13poly_buffer_1_0_5|         array|
|p_ZL13poly_buffer_1_0_5_d1            |  out|   64|   ap_memory|      p_ZL13poly_buffer_1_0_5|         array|
|p_ZL13poly_buffer_1_0_5_q1            |   in|   64|   ap_memory|      p_ZL13poly_buffer_1_0_5|         array|
|p_ZL13poly_buffer_1_0_6_address0      |  out|    9|   ap_memory|      p_ZL13poly_buffer_1_0_6|         array|
|p_ZL13poly_buffer_1_0_6_ce0           |  out|    1|   ap_memory|      p_ZL13poly_buffer_1_0_6|         array|
|p_ZL13poly_buffer_1_0_6_q0            |   in|   64|   ap_memory|      p_ZL13poly_buffer_1_0_6|         array|
|p_ZL13poly_buffer_1_0_6_address1      |  out|    9|   ap_memory|      p_ZL13poly_buffer_1_0_6|         array|
|p_ZL13poly_buffer_1_0_6_ce1           |  out|    1|   ap_memory|      p_ZL13poly_buffer_1_0_6|         array|
|p_ZL13poly_buffer_1_0_6_we1           |  out|    1|   ap_memory|      p_ZL13poly_buffer_1_0_6|         array|
|p_ZL13poly_buffer_1_0_6_d1            |  out|   64|   ap_memory|      p_ZL13poly_buffer_1_0_6|         array|
|p_ZL13poly_buffer_1_0_6_q1            |   in|   64|   ap_memory|      p_ZL13poly_buffer_1_0_6|         array|
|p_ZL13poly_buffer_1_0_7_address0      |  out|    9|   ap_memory|      p_ZL13poly_buffer_1_0_7|         array|
|p_ZL13poly_buffer_1_0_7_ce0           |  out|    1|   ap_memory|      p_ZL13poly_buffer_1_0_7|         array|
|p_ZL13poly_buffer_1_0_7_q0            |   in|   64|   ap_memory|      p_ZL13poly_buffer_1_0_7|         array|
|p_ZL13poly_buffer_1_0_7_address1      |  out|    9|   ap_memory|      p_ZL13poly_buffer_1_0_7|         array|
|p_ZL13poly_buffer_1_0_7_ce1           |  out|    1|   ap_memory|      p_ZL13poly_buffer_1_0_7|         array|
|p_ZL13poly_buffer_1_0_7_we1           |  out|    1|   ap_memory|      p_ZL13poly_buffer_1_0_7|         array|
|p_ZL13poly_buffer_1_0_7_d1            |  out|   64|   ap_memory|      p_ZL13poly_buffer_1_0_7|         array|
|p_ZL13poly_buffer_1_0_7_q1            |   in|   64|   ap_memory|      p_ZL13poly_buffer_1_0_7|         array|
|p_ZL13poly_buffer_1_1_0_address0      |  out|    9|   ap_memory|      p_ZL13poly_buffer_1_1_0|         array|
|p_ZL13poly_buffer_1_1_0_ce0           |  out|    1|   ap_memory|      p_ZL13poly_buffer_1_1_0|         array|
|p_ZL13poly_buffer_1_1_0_q0            |   in|   64|   ap_memory|      p_ZL13poly_buffer_1_1_0|         array|
|p_ZL13poly_buffer_1_1_0_address1      |  out|    9|   ap_memory|      p_ZL13poly_buffer_1_1_0|         array|
|p_ZL13poly_buffer_1_1_0_ce1           |  out|    1|   ap_memory|      p_ZL13poly_buffer_1_1_0|         array|
|p_ZL13poly_buffer_1_1_0_we1           |  out|    1|   ap_memory|      p_ZL13poly_buffer_1_1_0|         array|
|p_ZL13poly_buffer_1_1_0_d1            |  out|   64|   ap_memory|      p_ZL13poly_buffer_1_1_0|         array|
|p_ZL13poly_buffer_1_1_0_q1            |   in|   64|   ap_memory|      p_ZL13poly_buffer_1_1_0|         array|
|p_ZL13poly_buffer_1_1_1_address0      |  out|    9|   ap_memory|      p_ZL13poly_buffer_1_1_1|         array|
|p_ZL13poly_buffer_1_1_1_ce0           |  out|    1|   ap_memory|      p_ZL13poly_buffer_1_1_1|         array|
|p_ZL13poly_buffer_1_1_1_q0            |   in|   64|   ap_memory|      p_ZL13poly_buffer_1_1_1|         array|
|p_ZL13poly_buffer_1_1_1_address1      |  out|    9|   ap_memory|      p_ZL13poly_buffer_1_1_1|         array|
|p_ZL13poly_buffer_1_1_1_ce1           |  out|    1|   ap_memory|      p_ZL13poly_buffer_1_1_1|         array|
|p_ZL13poly_buffer_1_1_1_we1           |  out|    1|   ap_memory|      p_ZL13poly_buffer_1_1_1|         array|
|p_ZL13poly_buffer_1_1_1_d1            |  out|   64|   ap_memory|      p_ZL13poly_buffer_1_1_1|         array|
|p_ZL13poly_buffer_1_1_1_q1            |   in|   64|   ap_memory|      p_ZL13poly_buffer_1_1_1|         array|
|p_ZL13poly_buffer_1_1_2_address0      |  out|    9|   ap_memory|      p_ZL13poly_buffer_1_1_2|         array|
|p_ZL13poly_buffer_1_1_2_ce0           |  out|    1|   ap_memory|      p_ZL13poly_buffer_1_1_2|         array|
|p_ZL13poly_buffer_1_1_2_q0            |   in|   64|   ap_memory|      p_ZL13poly_buffer_1_1_2|         array|
|p_ZL13poly_buffer_1_1_2_address1      |  out|    9|   ap_memory|      p_ZL13poly_buffer_1_1_2|         array|
|p_ZL13poly_buffer_1_1_2_ce1           |  out|    1|   ap_memory|      p_ZL13poly_buffer_1_1_2|         array|
|p_ZL13poly_buffer_1_1_2_we1           |  out|    1|   ap_memory|      p_ZL13poly_buffer_1_1_2|         array|
|p_ZL13poly_buffer_1_1_2_d1            |  out|   64|   ap_memory|      p_ZL13poly_buffer_1_1_2|         array|
|p_ZL13poly_buffer_1_1_2_q1            |   in|   64|   ap_memory|      p_ZL13poly_buffer_1_1_2|         array|
|p_ZL13poly_buffer_1_1_3_address0      |  out|    9|   ap_memory|      p_ZL13poly_buffer_1_1_3|         array|
|p_ZL13poly_buffer_1_1_3_ce0           |  out|    1|   ap_memory|      p_ZL13poly_buffer_1_1_3|         array|
|p_ZL13poly_buffer_1_1_3_q0            |   in|   64|   ap_memory|      p_ZL13poly_buffer_1_1_3|         array|
|p_ZL13poly_buffer_1_1_3_address1      |  out|    9|   ap_memory|      p_ZL13poly_buffer_1_1_3|         array|
|p_ZL13poly_buffer_1_1_3_ce1           |  out|    1|   ap_memory|      p_ZL13poly_buffer_1_1_3|         array|
|p_ZL13poly_buffer_1_1_3_we1           |  out|    1|   ap_memory|      p_ZL13poly_buffer_1_1_3|         array|
|p_ZL13poly_buffer_1_1_3_d1            |  out|   64|   ap_memory|      p_ZL13poly_buffer_1_1_3|         array|
|p_ZL13poly_buffer_1_1_3_q1            |   in|   64|   ap_memory|      p_ZL13poly_buffer_1_1_3|         array|
|p_ZL13poly_buffer_1_1_4_address0      |  out|    9|   ap_memory|      p_ZL13poly_buffer_1_1_4|         array|
|p_ZL13poly_buffer_1_1_4_ce0           |  out|    1|   ap_memory|      p_ZL13poly_buffer_1_1_4|         array|
|p_ZL13poly_buffer_1_1_4_q0            |   in|   64|   ap_memory|      p_ZL13poly_buffer_1_1_4|         array|
|p_ZL13poly_buffer_1_1_4_address1      |  out|    9|   ap_memory|      p_ZL13poly_buffer_1_1_4|         array|
|p_ZL13poly_buffer_1_1_4_ce1           |  out|    1|   ap_memory|      p_ZL13poly_buffer_1_1_4|         array|
|p_ZL13poly_buffer_1_1_4_we1           |  out|    1|   ap_memory|      p_ZL13poly_buffer_1_1_4|         array|
|p_ZL13poly_buffer_1_1_4_d1            |  out|   64|   ap_memory|      p_ZL13poly_buffer_1_1_4|         array|
|p_ZL13poly_buffer_1_1_4_q1            |   in|   64|   ap_memory|      p_ZL13poly_buffer_1_1_4|         array|
|p_ZL13poly_buffer_1_1_5_address0      |  out|    9|   ap_memory|      p_ZL13poly_buffer_1_1_5|         array|
|p_ZL13poly_buffer_1_1_5_ce0           |  out|    1|   ap_memory|      p_ZL13poly_buffer_1_1_5|         array|
|p_ZL13poly_buffer_1_1_5_q0            |   in|   64|   ap_memory|      p_ZL13poly_buffer_1_1_5|         array|
|p_ZL13poly_buffer_1_1_5_address1      |  out|    9|   ap_memory|      p_ZL13poly_buffer_1_1_5|         array|
|p_ZL13poly_buffer_1_1_5_ce1           |  out|    1|   ap_memory|      p_ZL13poly_buffer_1_1_5|         array|
|p_ZL13poly_buffer_1_1_5_we1           |  out|    1|   ap_memory|      p_ZL13poly_buffer_1_1_5|         array|
|p_ZL13poly_buffer_1_1_5_d1            |  out|   64|   ap_memory|      p_ZL13poly_buffer_1_1_5|         array|
|p_ZL13poly_buffer_1_1_5_q1            |   in|   64|   ap_memory|      p_ZL13poly_buffer_1_1_5|         array|
|p_ZL13poly_buffer_1_1_6_address0      |  out|    9|   ap_memory|      p_ZL13poly_buffer_1_1_6|         array|
|p_ZL13poly_buffer_1_1_6_ce0           |  out|    1|   ap_memory|      p_ZL13poly_buffer_1_1_6|         array|
|p_ZL13poly_buffer_1_1_6_q0            |   in|   64|   ap_memory|      p_ZL13poly_buffer_1_1_6|         array|
|p_ZL13poly_buffer_1_1_6_address1      |  out|    9|   ap_memory|      p_ZL13poly_buffer_1_1_6|         array|
|p_ZL13poly_buffer_1_1_6_ce1           |  out|    1|   ap_memory|      p_ZL13poly_buffer_1_1_6|         array|
|p_ZL13poly_buffer_1_1_6_we1           |  out|    1|   ap_memory|      p_ZL13poly_buffer_1_1_6|         array|
|p_ZL13poly_buffer_1_1_6_d1            |  out|   64|   ap_memory|      p_ZL13poly_buffer_1_1_6|         array|
|p_ZL13poly_buffer_1_1_6_q1            |   in|   64|   ap_memory|      p_ZL13poly_buffer_1_1_6|         array|
|p_ZL13poly_buffer_1_1_7_address0      |  out|    9|   ap_memory|      p_ZL13poly_buffer_1_1_7|         array|
|p_ZL13poly_buffer_1_1_7_ce0           |  out|    1|   ap_memory|      p_ZL13poly_buffer_1_1_7|         array|
|p_ZL13poly_buffer_1_1_7_q0            |   in|   64|   ap_memory|      p_ZL13poly_buffer_1_1_7|         array|
|p_ZL13poly_buffer_1_1_7_address1      |  out|    9|   ap_memory|      p_ZL13poly_buffer_1_1_7|         array|
|p_ZL13poly_buffer_1_1_7_ce1           |  out|    1|   ap_memory|      p_ZL13poly_buffer_1_1_7|         array|
|p_ZL13poly_buffer_1_1_7_we1           |  out|    1|   ap_memory|      p_ZL13poly_buffer_1_1_7|         array|
|p_ZL13poly_buffer_1_1_7_d1            |  out|   64|   ap_memory|      p_ZL13poly_buffer_1_1_7|         array|
|p_ZL13poly_buffer_1_1_7_q1            |   in|   64|   ap_memory|      p_ZL13poly_buffer_1_1_7|         array|
|p_ZL13poly_buffer_1_2_0_address0      |  out|    9|   ap_memory|      p_ZL13poly_buffer_1_2_0|         array|
|p_ZL13poly_buffer_1_2_0_ce0           |  out|    1|   ap_memory|      p_ZL13poly_buffer_1_2_0|         array|
|p_ZL13poly_buffer_1_2_0_q0            |   in|   64|   ap_memory|      p_ZL13poly_buffer_1_2_0|         array|
|p_ZL13poly_buffer_1_2_0_address1      |  out|    9|   ap_memory|      p_ZL13poly_buffer_1_2_0|         array|
|p_ZL13poly_buffer_1_2_0_ce1           |  out|    1|   ap_memory|      p_ZL13poly_buffer_1_2_0|         array|
|p_ZL13poly_buffer_1_2_0_we1           |  out|    1|   ap_memory|      p_ZL13poly_buffer_1_2_0|         array|
|p_ZL13poly_buffer_1_2_0_d1            |  out|   64|   ap_memory|      p_ZL13poly_buffer_1_2_0|         array|
|p_ZL13poly_buffer_1_2_0_q1            |   in|   64|   ap_memory|      p_ZL13poly_buffer_1_2_0|         array|
|p_ZL13poly_buffer_1_2_1_address0      |  out|    9|   ap_memory|      p_ZL13poly_buffer_1_2_1|         array|
|p_ZL13poly_buffer_1_2_1_ce0           |  out|    1|   ap_memory|      p_ZL13poly_buffer_1_2_1|         array|
|p_ZL13poly_buffer_1_2_1_q0            |   in|   64|   ap_memory|      p_ZL13poly_buffer_1_2_1|         array|
|p_ZL13poly_buffer_1_2_1_address1      |  out|    9|   ap_memory|      p_ZL13poly_buffer_1_2_1|         array|
|p_ZL13poly_buffer_1_2_1_ce1           |  out|    1|   ap_memory|      p_ZL13poly_buffer_1_2_1|         array|
|p_ZL13poly_buffer_1_2_1_we1           |  out|    1|   ap_memory|      p_ZL13poly_buffer_1_2_1|         array|
|p_ZL13poly_buffer_1_2_1_d1            |  out|   64|   ap_memory|      p_ZL13poly_buffer_1_2_1|         array|
|p_ZL13poly_buffer_1_2_1_q1            |   in|   64|   ap_memory|      p_ZL13poly_buffer_1_2_1|         array|
|p_ZL13poly_buffer_1_2_2_address0      |  out|    9|   ap_memory|      p_ZL13poly_buffer_1_2_2|         array|
|p_ZL13poly_buffer_1_2_2_ce0           |  out|    1|   ap_memory|      p_ZL13poly_buffer_1_2_2|         array|
|p_ZL13poly_buffer_1_2_2_q0            |   in|   64|   ap_memory|      p_ZL13poly_buffer_1_2_2|         array|
|p_ZL13poly_buffer_1_2_2_address1      |  out|    9|   ap_memory|      p_ZL13poly_buffer_1_2_2|         array|
|p_ZL13poly_buffer_1_2_2_ce1           |  out|    1|   ap_memory|      p_ZL13poly_buffer_1_2_2|         array|
|p_ZL13poly_buffer_1_2_2_we1           |  out|    1|   ap_memory|      p_ZL13poly_buffer_1_2_2|         array|
|p_ZL13poly_buffer_1_2_2_d1            |  out|   64|   ap_memory|      p_ZL13poly_buffer_1_2_2|         array|
|p_ZL13poly_buffer_1_2_2_q1            |   in|   64|   ap_memory|      p_ZL13poly_buffer_1_2_2|         array|
|p_ZL13poly_buffer_1_2_3_address0      |  out|    9|   ap_memory|      p_ZL13poly_buffer_1_2_3|         array|
|p_ZL13poly_buffer_1_2_3_ce0           |  out|    1|   ap_memory|      p_ZL13poly_buffer_1_2_3|         array|
|p_ZL13poly_buffer_1_2_3_q0            |   in|   64|   ap_memory|      p_ZL13poly_buffer_1_2_3|         array|
|p_ZL13poly_buffer_1_2_3_address1      |  out|    9|   ap_memory|      p_ZL13poly_buffer_1_2_3|         array|
|p_ZL13poly_buffer_1_2_3_ce1           |  out|    1|   ap_memory|      p_ZL13poly_buffer_1_2_3|         array|
|p_ZL13poly_buffer_1_2_3_we1           |  out|    1|   ap_memory|      p_ZL13poly_buffer_1_2_3|         array|
|p_ZL13poly_buffer_1_2_3_d1            |  out|   64|   ap_memory|      p_ZL13poly_buffer_1_2_3|         array|
|p_ZL13poly_buffer_1_2_3_q1            |   in|   64|   ap_memory|      p_ZL13poly_buffer_1_2_3|         array|
|p_ZL13poly_buffer_1_2_4_address0      |  out|    9|   ap_memory|      p_ZL13poly_buffer_1_2_4|         array|
|p_ZL13poly_buffer_1_2_4_ce0           |  out|    1|   ap_memory|      p_ZL13poly_buffer_1_2_4|         array|
|p_ZL13poly_buffer_1_2_4_q0            |   in|   64|   ap_memory|      p_ZL13poly_buffer_1_2_4|         array|
|p_ZL13poly_buffer_1_2_4_address1      |  out|    9|   ap_memory|      p_ZL13poly_buffer_1_2_4|         array|
|p_ZL13poly_buffer_1_2_4_ce1           |  out|    1|   ap_memory|      p_ZL13poly_buffer_1_2_4|         array|
|p_ZL13poly_buffer_1_2_4_we1           |  out|    1|   ap_memory|      p_ZL13poly_buffer_1_2_4|         array|
|p_ZL13poly_buffer_1_2_4_d1            |  out|   64|   ap_memory|      p_ZL13poly_buffer_1_2_4|         array|
|p_ZL13poly_buffer_1_2_4_q1            |   in|   64|   ap_memory|      p_ZL13poly_buffer_1_2_4|         array|
|p_ZL13poly_buffer_1_2_5_address0      |  out|    9|   ap_memory|      p_ZL13poly_buffer_1_2_5|         array|
|p_ZL13poly_buffer_1_2_5_ce0           |  out|    1|   ap_memory|      p_ZL13poly_buffer_1_2_5|         array|
|p_ZL13poly_buffer_1_2_5_q0            |   in|   64|   ap_memory|      p_ZL13poly_buffer_1_2_5|         array|
|p_ZL13poly_buffer_1_2_5_address1      |  out|    9|   ap_memory|      p_ZL13poly_buffer_1_2_5|         array|
|p_ZL13poly_buffer_1_2_5_ce1           |  out|    1|   ap_memory|      p_ZL13poly_buffer_1_2_5|         array|
|p_ZL13poly_buffer_1_2_5_we1           |  out|    1|   ap_memory|      p_ZL13poly_buffer_1_2_5|         array|
|p_ZL13poly_buffer_1_2_5_d1            |  out|   64|   ap_memory|      p_ZL13poly_buffer_1_2_5|         array|
|p_ZL13poly_buffer_1_2_5_q1            |   in|   64|   ap_memory|      p_ZL13poly_buffer_1_2_5|         array|
|p_ZL13poly_buffer_1_2_6_address0      |  out|    9|   ap_memory|      p_ZL13poly_buffer_1_2_6|         array|
|p_ZL13poly_buffer_1_2_6_ce0           |  out|    1|   ap_memory|      p_ZL13poly_buffer_1_2_6|         array|
|p_ZL13poly_buffer_1_2_6_q0            |   in|   64|   ap_memory|      p_ZL13poly_buffer_1_2_6|         array|
|p_ZL13poly_buffer_1_2_6_address1      |  out|    9|   ap_memory|      p_ZL13poly_buffer_1_2_6|         array|
|p_ZL13poly_buffer_1_2_6_ce1           |  out|    1|   ap_memory|      p_ZL13poly_buffer_1_2_6|         array|
|p_ZL13poly_buffer_1_2_6_we1           |  out|    1|   ap_memory|      p_ZL13poly_buffer_1_2_6|         array|
|p_ZL13poly_buffer_1_2_6_d1            |  out|   64|   ap_memory|      p_ZL13poly_buffer_1_2_6|         array|
|p_ZL13poly_buffer_1_2_6_q1            |   in|   64|   ap_memory|      p_ZL13poly_buffer_1_2_6|         array|
|p_ZL13poly_buffer_1_2_7_address0      |  out|    9|   ap_memory|      p_ZL13poly_buffer_1_2_7|         array|
|p_ZL13poly_buffer_1_2_7_ce0           |  out|    1|   ap_memory|      p_ZL13poly_buffer_1_2_7|         array|
|p_ZL13poly_buffer_1_2_7_q0            |   in|   64|   ap_memory|      p_ZL13poly_buffer_1_2_7|         array|
|p_ZL13poly_buffer_1_2_7_address1      |  out|    9|   ap_memory|      p_ZL13poly_buffer_1_2_7|         array|
|p_ZL13poly_buffer_1_2_7_ce1           |  out|    1|   ap_memory|      p_ZL13poly_buffer_1_2_7|         array|
|p_ZL13poly_buffer_1_2_7_we1           |  out|    1|   ap_memory|      p_ZL13poly_buffer_1_2_7|         array|
|p_ZL13poly_buffer_1_2_7_d1            |  out|   64|   ap_memory|      p_ZL13poly_buffer_1_2_7|         array|
|p_ZL13poly_buffer_1_2_7_q1            |   in|   64|   ap_memory|      p_ZL13poly_buffer_1_2_7|         array|
|p_ZL13poly_buffer_1_3_0_address0      |  out|    9|   ap_memory|      p_ZL13poly_buffer_1_3_0|         array|
|p_ZL13poly_buffer_1_3_0_ce0           |  out|    1|   ap_memory|      p_ZL13poly_buffer_1_3_0|         array|
|p_ZL13poly_buffer_1_3_0_q0            |   in|   64|   ap_memory|      p_ZL13poly_buffer_1_3_0|         array|
|p_ZL13poly_buffer_1_3_0_address1      |  out|    9|   ap_memory|      p_ZL13poly_buffer_1_3_0|         array|
|p_ZL13poly_buffer_1_3_0_ce1           |  out|    1|   ap_memory|      p_ZL13poly_buffer_1_3_0|         array|
|p_ZL13poly_buffer_1_3_0_we1           |  out|    1|   ap_memory|      p_ZL13poly_buffer_1_3_0|         array|
|p_ZL13poly_buffer_1_3_0_d1            |  out|   64|   ap_memory|      p_ZL13poly_buffer_1_3_0|         array|
|p_ZL13poly_buffer_1_3_0_q1            |   in|   64|   ap_memory|      p_ZL13poly_buffer_1_3_0|         array|
|p_ZL13poly_buffer_1_3_1_address0      |  out|    9|   ap_memory|      p_ZL13poly_buffer_1_3_1|         array|
|p_ZL13poly_buffer_1_3_1_ce0           |  out|    1|   ap_memory|      p_ZL13poly_buffer_1_3_1|         array|
|p_ZL13poly_buffer_1_3_1_q0            |   in|   64|   ap_memory|      p_ZL13poly_buffer_1_3_1|         array|
|p_ZL13poly_buffer_1_3_1_address1      |  out|    9|   ap_memory|      p_ZL13poly_buffer_1_3_1|         array|
|p_ZL13poly_buffer_1_3_1_ce1           |  out|    1|   ap_memory|      p_ZL13poly_buffer_1_3_1|         array|
|p_ZL13poly_buffer_1_3_1_we1           |  out|    1|   ap_memory|      p_ZL13poly_buffer_1_3_1|         array|
|p_ZL13poly_buffer_1_3_1_d1            |  out|   64|   ap_memory|      p_ZL13poly_buffer_1_3_1|         array|
|p_ZL13poly_buffer_1_3_1_q1            |   in|   64|   ap_memory|      p_ZL13poly_buffer_1_3_1|         array|
|p_ZL13poly_buffer_1_3_2_address0      |  out|    9|   ap_memory|      p_ZL13poly_buffer_1_3_2|         array|
|p_ZL13poly_buffer_1_3_2_ce0           |  out|    1|   ap_memory|      p_ZL13poly_buffer_1_3_2|         array|
|p_ZL13poly_buffer_1_3_2_q0            |   in|   64|   ap_memory|      p_ZL13poly_buffer_1_3_2|         array|
|p_ZL13poly_buffer_1_3_2_address1      |  out|    9|   ap_memory|      p_ZL13poly_buffer_1_3_2|         array|
|p_ZL13poly_buffer_1_3_2_ce1           |  out|    1|   ap_memory|      p_ZL13poly_buffer_1_3_2|         array|
|p_ZL13poly_buffer_1_3_2_we1           |  out|    1|   ap_memory|      p_ZL13poly_buffer_1_3_2|         array|
|p_ZL13poly_buffer_1_3_2_d1            |  out|   64|   ap_memory|      p_ZL13poly_buffer_1_3_2|         array|
|p_ZL13poly_buffer_1_3_2_q1            |   in|   64|   ap_memory|      p_ZL13poly_buffer_1_3_2|         array|
|p_ZL13poly_buffer_1_3_3_address0      |  out|    9|   ap_memory|      p_ZL13poly_buffer_1_3_3|         array|
|p_ZL13poly_buffer_1_3_3_ce0           |  out|    1|   ap_memory|      p_ZL13poly_buffer_1_3_3|         array|
|p_ZL13poly_buffer_1_3_3_q0            |   in|   64|   ap_memory|      p_ZL13poly_buffer_1_3_3|         array|
|p_ZL13poly_buffer_1_3_3_address1      |  out|    9|   ap_memory|      p_ZL13poly_buffer_1_3_3|         array|
|p_ZL13poly_buffer_1_3_3_ce1           |  out|    1|   ap_memory|      p_ZL13poly_buffer_1_3_3|         array|
|p_ZL13poly_buffer_1_3_3_we1           |  out|    1|   ap_memory|      p_ZL13poly_buffer_1_3_3|         array|
|p_ZL13poly_buffer_1_3_3_d1            |  out|   64|   ap_memory|      p_ZL13poly_buffer_1_3_3|         array|
|p_ZL13poly_buffer_1_3_3_q1            |   in|   64|   ap_memory|      p_ZL13poly_buffer_1_3_3|         array|
|p_ZL13poly_buffer_1_3_4_address0      |  out|    9|   ap_memory|      p_ZL13poly_buffer_1_3_4|         array|
|p_ZL13poly_buffer_1_3_4_ce0           |  out|    1|   ap_memory|      p_ZL13poly_buffer_1_3_4|         array|
|p_ZL13poly_buffer_1_3_4_q0            |   in|   64|   ap_memory|      p_ZL13poly_buffer_1_3_4|         array|
|p_ZL13poly_buffer_1_3_4_address1      |  out|    9|   ap_memory|      p_ZL13poly_buffer_1_3_4|         array|
|p_ZL13poly_buffer_1_3_4_ce1           |  out|    1|   ap_memory|      p_ZL13poly_buffer_1_3_4|         array|
|p_ZL13poly_buffer_1_3_4_we1           |  out|    1|   ap_memory|      p_ZL13poly_buffer_1_3_4|         array|
|p_ZL13poly_buffer_1_3_4_d1            |  out|   64|   ap_memory|      p_ZL13poly_buffer_1_3_4|         array|
|p_ZL13poly_buffer_1_3_4_q1            |   in|   64|   ap_memory|      p_ZL13poly_buffer_1_3_4|         array|
|p_ZL13poly_buffer_1_3_5_address0      |  out|    9|   ap_memory|      p_ZL13poly_buffer_1_3_5|         array|
|p_ZL13poly_buffer_1_3_5_ce0           |  out|    1|   ap_memory|      p_ZL13poly_buffer_1_3_5|         array|
|p_ZL13poly_buffer_1_3_5_q0            |   in|   64|   ap_memory|      p_ZL13poly_buffer_1_3_5|         array|
|p_ZL13poly_buffer_1_3_5_address1      |  out|    9|   ap_memory|      p_ZL13poly_buffer_1_3_5|         array|
|p_ZL13poly_buffer_1_3_5_ce1           |  out|    1|   ap_memory|      p_ZL13poly_buffer_1_3_5|         array|
|p_ZL13poly_buffer_1_3_5_we1           |  out|    1|   ap_memory|      p_ZL13poly_buffer_1_3_5|         array|
|p_ZL13poly_buffer_1_3_5_d1            |  out|   64|   ap_memory|      p_ZL13poly_buffer_1_3_5|         array|
|p_ZL13poly_buffer_1_3_5_q1            |   in|   64|   ap_memory|      p_ZL13poly_buffer_1_3_5|         array|
|p_ZL13poly_buffer_1_3_6_address0      |  out|    9|   ap_memory|      p_ZL13poly_buffer_1_3_6|         array|
|p_ZL13poly_buffer_1_3_6_ce0           |  out|    1|   ap_memory|      p_ZL13poly_buffer_1_3_6|         array|
|p_ZL13poly_buffer_1_3_6_q0            |   in|   64|   ap_memory|      p_ZL13poly_buffer_1_3_6|         array|
|p_ZL13poly_buffer_1_3_6_address1      |  out|    9|   ap_memory|      p_ZL13poly_buffer_1_3_6|         array|
|p_ZL13poly_buffer_1_3_6_ce1           |  out|    1|   ap_memory|      p_ZL13poly_buffer_1_3_6|         array|
|p_ZL13poly_buffer_1_3_6_we1           |  out|    1|   ap_memory|      p_ZL13poly_buffer_1_3_6|         array|
|p_ZL13poly_buffer_1_3_6_d1            |  out|   64|   ap_memory|      p_ZL13poly_buffer_1_3_6|         array|
|p_ZL13poly_buffer_1_3_6_q1            |   in|   64|   ap_memory|      p_ZL13poly_buffer_1_3_6|         array|
|p_ZL13poly_buffer_1_3_7_address0      |  out|    9|   ap_memory|      p_ZL13poly_buffer_1_3_7|         array|
|p_ZL13poly_buffer_1_3_7_ce0           |  out|    1|   ap_memory|      p_ZL13poly_buffer_1_3_7|         array|
|p_ZL13poly_buffer_1_3_7_q0            |   in|   64|   ap_memory|      p_ZL13poly_buffer_1_3_7|         array|
|p_ZL13poly_buffer_1_3_7_address1      |  out|    9|   ap_memory|      p_ZL13poly_buffer_1_3_7|         array|
|p_ZL13poly_buffer_1_3_7_ce1           |  out|    1|   ap_memory|      p_ZL13poly_buffer_1_3_7|         array|
|p_ZL13poly_buffer_1_3_7_we1           |  out|    1|   ap_memory|      p_ZL13poly_buffer_1_3_7|         array|
|p_ZL13poly_buffer_1_3_7_d1            |  out|   64|   ap_memory|      p_ZL13poly_buffer_1_3_7|         array|
|p_ZL13poly_buffer_1_3_7_q1            |   in|   64|   ap_memory|      p_ZL13poly_buffer_1_3_7|         array|
|p_ZL13poly_buffer_1_4_0_address0      |  out|    9|   ap_memory|      p_ZL13poly_buffer_1_4_0|         array|
|p_ZL13poly_buffer_1_4_0_ce0           |  out|    1|   ap_memory|      p_ZL13poly_buffer_1_4_0|         array|
|p_ZL13poly_buffer_1_4_0_q0            |   in|   64|   ap_memory|      p_ZL13poly_buffer_1_4_0|         array|
|p_ZL13poly_buffer_1_4_0_address1      |  out|    9|   ap_memory|      p_ZL13poly_buffer_1_4_0|         array|
|p_ZL13poly_buffer_1_4_0_ce1           |  out|    1|   ap_memory|      p_ZL13poly_buffer_1_4_0|         array|
|p_ZL13poly_buffer_1_4_0_we1           |  out|    1|   ap_memory|      p_ZL13poly_buffer_1_4_0|         array|
|p_ZL13poly_buffer_1_4_0_d1            |  out|   64|   ap_memory|      p_ZL13poly_buffer_1_4_0|         array|
|p_ZL13poly_buffer_1_4_0_q1            |   in|   64|   ap_memory|      p_ZL13poly_buffer_1_4_0|         array|
|p_ZL13poly_buffer_1_4_1_address0      |  out|    9|   ap_memory|      p_ZL13poly_buffer_1_4_1|         array|
|p_ZL13poly_buffer_1_4_1_ce0           |  out|    1|   ap_memory|      p_ZL13poly_buffer_1_4_1|         array|
|p_ZL13poly_buffer_1_4_1_q0            |   in|   64|   ap_memory|      p_ZL13poly_buffer_1_4_1|         array|
|p_ZL13poly_buffer_1_4_1_address1      |  out|    9|   ap_memory|      p_ZL13poly_buffer_1_4_1|         array|
|p_ZL13poly_buffer_1_4_1_ce1           |  out|    1|   ap_memory|      p_ZL13poly_buffer_1_4_1|         array|
|p_ZL13poly_buffer_1_4_1_we1           |  out|    1|   ap_memory|      p_ZL13poly_buffer_1_4_1|         array|
|p_ZL13poly_buffer_1_4_1_d1            |  out|   64|   ap_memory|      p_ZL13poly_buffer_1_4_1|         array|
|p_ZL13poly_buffer_1_4_1_q1            |   in|   64|   ap_memory|      p_ZL13poly_buffer_1_4_1|         array|
|p_ZL13poly_buffer_1_4_2_address0      |  out|    9|   ap_memory|      p_ZL13poly_buffer_1_4_2|         array|
|p_ZL13poly_buffer_1_4_2_ce0           |  out|    1|   ap_memory|      p_ZL13poly_buffer_1_4_2|         array|
|p_ZL13poly_buffer_1_4_2_q0            |   in|   64|   ap_memory|      p_ZL13poly_buffer_1_4_2|         array|
|p_ZL13poly_buffer_1_4_2_address1      |  out|    9|   ap_memory|      p_ZL13poly_buffer_1_4_2|         array|
|p_ZL13poly_buffer_1_4_2_ce1           |  out|    1|   ap_memory|      p_ZL13poly_buffer_1_4_2|         array|
|p_ZL13poly_buffer_1_4_2_we1           |  out|    1|   ap_memory|      p_ZL13poly_buffer_1_4_2|         array|
|p_ZL13poly_buffer_1_4_2_d1            |  out|   64|   ap_memory|      p_ZL13poly_buffer_1_4_2|         array|
|p_ZL13poly_buffer_1_4_2_q1            |   in|   64|   ap_memory|      p_ZL13poly_buffer_1_4_2|         array|
|p_ZL13poly_buffer_1_4_3_address0      |  out|    9|   ap_memory|      p_ZL13poly_buffer_1_4_3|         array|
|p_ZL13poly_buffer_1_4_3_ce0           |  out|    1|   ap_memory|      p_ZL13poly_buffer_1_4_3|         array|
|p_ZL13poly_buffer_1_4_3_q0            |   in|   64|   ap_memory|      p_ZL13poly_buffer_1_4_3|         array|
|p_ZL13poly_buffer_1_4_3_address1      |  out|    9|   ap_memory|      p_ZL13poly_buffer_1_4_3|         array|
|p_ZL13poly_buffer_1_4_3_ce1           |  out|    1|   ap_memory|      p_ZL13poly_buffer_1_4_3|         array|
|p_ZL13poly_buffer_1_4_3_we1           |  out|    1|   ap_memory|      p_ZL13poly_buffer_1_4_3|         array|
|p_ZL13poly_buffer_1_4_3_d1            |  out|   64|   ap_memory|      p_ZL13poly_buffer_1_4_3|         array|
|p_ZL13poly_buffer_1_4_3_q1            |   in|   64|   ap_memory|      p_ZL13poly_buffer_1_4_3|         array|
|p_ZL13poly_buffer_1_4_4_address0      |  out|    9|   ap_memory|      p_ZL13poly_buffer_1_4_4|         array|
|p_ZL13poly_buffer_1_4_4_ce0           |  out|    1|   ap_memory|      p_ZL13poly_buffer_1_4_4|         array|
|p_ZL13poly_buffer_1_4_4_q0            |   in|   64|   ap_memory|      p_ZL13poly_buffer_1_4_4|         array|
|p_ZL13poly_buffer_1_4_4_address1      |  out|    9|   ap_memory|      p_ZL13poly_buffer_1_4_4|         array|
|p_ZL13poly_buffer_1_4_4_ce1           |  out|    1|   ap_memory|      p_ZL13poly_buffer_1_4_4|         array|
|p_ZL13poly_buffer_1_4_4_we1           |  out|    1|   ap_memory|      p_ZL13poly_buffer_1_4_4|         array|
|p_ZL13poly_buffer_1_4_4_d1            |  out|   64|   ap_memory|      p_ZL13poly_buffer_1_4_4|         array|
|p_ZL13poly_buffer_1_4_4_q1            |   in|   64|   ap_memory|      p_ZL13poly_buffer_1_4_4|         array|
|p_ZL13poly_buffer_1_4_5_address0      |  out|    9|   ap_memory|      p_ZL13poly_buffer_1_4_5|         array|
|p_ZL13poly_buffer_1_4_5_ce0           |  out|    1|   ap_memory|      p_ZL13poly_buffer_1_4_5|         array|
|p_ZL13poly_buffer_1_4_5_q0            |   in|   64|   ap_memory|      p_ZL13poly_buffer_1_4_5|         array|
|p_ZL13poly_buffer_1_4_5_address1      |  out|    9|   ap_memory|      p_ZL13poly_buffer_1_4_5|         array|
|p_ZL13poly_buffer_1_4_5_ce1           |  out|    1|   ap_memory|      p_ZL13poly_buffer_1_4_5|         array|
|p_ZL13poly_buffer_1_4_5_we1           |  out|    1|   ap_memory|      p_ZL13poly_buffer_1_4_5|         array|
|p_ZL13poly_buffer_1_4_5_d1            |  out|   64|   ap_memory|      p_ZL13poly_buffer_1_4_5|         array|
|p_ZL13poly_buffer_1_4_5_q1            |   in|   64|   ap_memory|      p_ZL13poly_buffer_1_4_5|         array|
|p_ZL13poly_buffer_1_4_6_address0      |  out|    9|   ap_memory|      p_ZL13poly_buffer_1_4_6|         array|
|p_ZL13poly_buffer_1_4_6_ce0           |  out|    1|   ap_memory|      p_ZL13poly_buffer_1_4_6|         array|
|p_ZL13poly_buffer_1_4_6_q0            |   in|   64|   ap_memory|      p_ZL13poly_buffer_1_4_6|         array|
|p_ZL13poly_buffer_1_4_6_address1      |  out|    9|   ap_memory|      p_ZL13poly_buffer_1_4_6|         array|
|p_ZL13poly_buffer_1_4_6_ce1           |  out|    1|   ap_memory|      p_ZL13poly_buffer_1_4_6|         array|
|p_ZL13poly_buffer_1_4_6_we1           |  out|    1|   ap_memory|      p_ZL13poly_buffer_1_4_6|         array|
|p_ZL13poly_buffer_1_4_6_d1            |  out|   64|   ap_memory|      p_ZL13poly_buffer_1_4_6|         array|
|p_ZL13poly_buffer_1_4_6_q1            |   in|   64|   ap_memory|      p_ZL13poly_buffer_1_4_6|         array|
|p_ZL13poly_buffer_1_4_7_address0      |  out|    9|   ap_memory|      p_ZL13poly_buffer_1_4_7|         array|
|p_ZL13poly_buffer_1_4_7_ce0           |  out|    1|   ap_memory|      p_ZL13poly_buffer_1_4_7|         array|
|p_ZL13poly_buffer_1_4_7_q0            |   in|   64|   ap_memory|      p_ZL13poly_buffer_1_4_7|         array|
|p_ZL13poly_buffer_1_4_7_address1      |  out|    9|   ap_memory|      p_ZL13poly_buffer_1_4_7|         array|
|p_ZL13poly_buffer_1_4_7_ce1           |  out|    1|   ap_memory|      p_ZL13poly_buffer_1_4_7|         array|
|p_ZL13poly_buffer_1_4_7_we1           |  out|    1|   ap_memory|      p_ZL13poly_buffer_1_4_7|         array|
|p_ZL13poly_buffer_1_4_7_d1            |  out|   64|   ap_memory|      p_ZL13poly_buffer_1_4_7|         array|
|p_ZL13poly_buffer_1_4_7_q1            |   in|   64|   ap_memory|      p_ZL13poly_buffer_1_4_7|         array|
|p_ZL13poly_buffer_1_5_0_address0      |  out|    9|   ap_memory|      p_ZL13poly_buffer_1_5_0|         array|
|p_ZL13poly_buffer_1_5_0_ce0           |  out|    1|   ap_memory|      p_ZL13poly_buffer_1_5_0|         array|
|p_ZL13poly_buffer_1_5_0_q0            |   in|   64|   ap_memory|      p_ZL13poly_buffer_1_5_0|         array|
|p_ZL13poly_buffer_1_5_0_address1      |  out|    9|   ap_memory|      p_ZL13poly_buffer_1_5_0|         array|
|p_ZL13poly_buffer_1_5_0_ce1           |  out|    1|   ap_memory|      p_ZL13poly_buffer_1_5_0|         array|
|p_ZL13poly_buffer_1_5_0_we1           |  out|    1|   ap_memory|      p_ZL13poly_buffer_1_5_0|         array|
|p_ZL13poly_buffer_1_5_0_d1            |  out|   64|   ap_memory|      p_ZL13poly_buffer_1_5_0|         array|
|p_ZL13poly_buffer_1_5_0_q1            |   in|   64|   ap_memory|      p_ZL13poly_buffer_1_5_0|         array|
|p_ZL13poly_buffer_1_5_1_address0      |  out|    9|   ap_memory|      p_ZL13poly_buffer_1_5_1|         array|
|p_ZL13poly_buffer_1_5_1_ce0           |  out|    1|   ap_memory|      p_ZL13poly_buffer_1_5_1|         array|
|p_ZL13poly_buffer_1_5_1_q0            |   in|   64|   ap_memory|      p_ZL13poly_buffer_1_5_1|         array|
|p_ZL13poly_buffer_1_5_1_address1      |  out|    9|   ap_memory|      p_ZL13poly_buffer_1_5_1|         array|
|p_ZL13poly_buffer_1_5_1_ce1           |  out|    1|   ap_memory|      p_ZL13poly_buffer_1_5_1|         array|
|p_ZL13poly_buffer_1_5_1_we1           |  out|    1|   ap_memory|      p_ZL13poly_buffer_1_5_1|         array|
|p_ZL13poly_buffer_1_5_1_d1            |  out|   64|   ap_memory|      p_ZL13poly_buffer_1_5_1|         array|
|p_ZL13poly_buffer_1_5_1_q1            |   in|   64|   ap_memory|      p_ZL13poly_buffer_1_5_1|         array|
|p_ZL13poly_buffer_1_5_2_address0      |  out|    9|   ap_memory|      p_ZL13poly_buffer_1_5_2|         array|
|p_ZL13poly_buffer_1_5_2_ce0           |  out|    1|   ap_memory|      p_ZL13poly_buffer_1_5_2|         array|
|p_ZL13poly_buffer_1_5_2_q0            |   in|   64|   ap_memory|      p_ZL13poly_buffer_1_5_2|         array|
|p_ZL13poly_buffer_1_5_2_address1      |  out|    9|   ap_memory|      p_ZL13poly_buffer_1_5_2|         array|
|p_ZL13poly_buffer_1_5_2_ce1           |  out|    1|   ap_memory|      p_ZL13poly_buffer_1_5_2|         array|
|p_ZL13poly_buffer_1_5_2_we1           |  out|    1|   ap_memory|      p_ZL13poly_buffer_1_5_2|         array|
|p_ZL13poly_buffer_1_5_2_d1            |  out|   64|   ap_memory|      p_ZL13poly_buffer_1_5_2|         array|
|p_ZL13poly_buffer_1_5_2_q1            |   in|   64|   ap_memory|      p_ZL13poly_buffer_1_5_2|         array|
|p_ZL13poly_buffer_1_5_3_address0      |  out|    9|   ap_memory|      p_ZL13poly_buffer_1_5_3|         array|
|p_ZL13poly_buffer_1_5_3_ce0           |  out|    1|   ap_memory|      p_ZL13poly_buffer_1_5_3|         array|
|p_ZL13poly_buffer_1_5_3_q0            |   in|   64|   ap_memory|      p_ZL13poly_buffer_1_5_3|         array|
|p_ZL13poly_buffer_1_5_3_address1      |  out|    9|   ap_memory|      p_ZL13poly_buffer_1_5_3|         array|
|p_ZL13poly_buffer_1_5_3_ce1           |  out|    1|   ap_memory|      p_ZL13poly_buffer_1_5_3|         array|
|p_ZL13poly_buffer_1_5_3_we1           |  out|    1|   ap_memory|      p_ZL13poly_buffer_1_5_3|         array|
|p_ZL13poly_buffer_1_5_3_d1            |  out|   64|   ap_memory|      p_ZL13poly_buffer_1_5_3|         array|
|p_ZL13poly_buffer_1_5_3_q1            |   in|   64|   ap_memory|      p_ZL13poly_buffer_1_5_3|         array|
|p_ZL13poly_buffer_1_5_4_address0      |  out|    9|   ap_memory|      p_ZL13poly_buffer_1_5_4|         array|
|p_ZL13poly_buffer_1_5_4_ce0           |  out|    1|   ap_memory|      p_ZL13poly_buffer_1_5_4|         array|
|p_ZL13poly_buffer_1_5_4_q0            |   in|   64|   ap_memory|      p_ZL13poly_buffer_1_5_4|         array|
|p_ZL13poly_buffer_1_5_4_address1      |  out|    9|   ap_memory|      p_ZL13poly_buffer_1_5_4|         array|
|p_ZL13poly_buffer_1_5_4_ce1           |  out|    1|   ap_memory|      p_ZL13poly_buffer_1_5_4|         array|
|p_ZL13poly_buffer_1_5_4_we1           |  out|    1|   ap_memory|      p_ZL13poly_buffer_1_5_4|         array|
|p_ZL13poly_buffer_1_5_4_d1            |  out|   64|   ap_memory|      p_ZL13poly_buffer_1_5_4|         array|
|p_ZL13poly_buffer_1_5_4_q1            |   in|   64|   ap_memory|      p_ZL13poly_buffer_1_5_4|         array|
|p_ZL13poly_buffer_1_5_5_address0      |  out|    9|   ap_memory|      p_ZL13poly_buffer_1_5_5|         array|
|p_ZL13poly_buffer_1_5_5_ce0           |  out|    1|   ap_memory|      p_ZL13poly_buffer_1_5_5|         array|
|p_ZL13poly_buffer_1_5_5_q0            |   in|   64|   ap_memory|      p_ZL13poly_buffer_1_5_5|         array|
|p_ZL13poly_buffer_1_5_5_address1      |  out|    9|   ap_memory|      p_ZL13poly_buffer_1_5_5|         array|
|p_ZL13poly_buffer_1_5_5_ce1           |  out|    1|   ap_memory|      p_ZL13poly_buffer_1_5_5|         array|
|p_ZL13poly_buffer_1_5_5_we1           |  out|    1|   ap_memory|      p_ZL13poly_buffer_1_5_5|         array|
|p_ZL13poly_buffer_1_5_5_d1            |  out|   64|   ap_memory|      p_ZL13poly_buffer_1_5_5|         array|
|p_ZL13poly_buffer_1_5_5_q1            |   in|   64|   ap_memory|      p_ZL13poly_buffer_1_5_5|         array|
|p_ZL13poly_buffer_1_5_6_address0      |  out|    9|   ap_memory|      p_ZL13poly_buffer_1_5_6|         array|
|p_ZL13poly_buffer_1_5_6_ce0           |  out|    1|   ap_memory|      p_ZL13poly_buffer_1_5_6|         array|
|p_ZL13poly_buffer_1_5_6_q0            |   in|   64|   ap_memory|      p_ZL13poly_buffer_1_5_6|         array|
|p_ZL13poly_buffer_1_5_6_address1      |  out|    9|   ap_memory|      p_ZL13poly_buffer_1_5_6|         array|
|p_ZL13poly_buffer_1_5_6_ce1           |  out|    1|   ap_memory|      p_ZL13poly_buffer_1_5_6|         array|
|p_ZL13poly_buffer_1_5_6_we1           |  out|    1|   ap_memory|      p_ZL13poly_buffer_1_5_6|         array|
|p_ZL13poly_buffer_1_5_6_d1            |  out|   64|   ap_memory|      p_ZL13poly_buffer_1_5_6|         array|
|p_ZL13poly_buffer_1_5_6_q1            |   in|   64|   ap_memory|      p_ZL13poly_buffer_1_5_6|         array|
|p_ZL13poly_buffer_1_5_7_address0      |  out|    9|   ap_memory|      p_ZL13poly_buffer_1_5_7|         array|
|p_ZL13poly_buffer_1_5_7_ce0           |  out|    1|   ap_memory|      p_ZL13poly_buffer_1_5_7|         array|
|p_ZL13poly_buffer_1_5_7_q0            |   in|   64|   ap_memory|      p_ZL13poly_buffer_1_5_7|         array|
|p_ZL13poly_buffer_1_5_7_address1      |  out|    9|   ap_memory|      p_ZL13poly_buffer_1_5_7|         array|
|p_ZL13poly_buffer_1_5_7_ce1           |  out|    1|   ap_memory|      p_ZL13poly_buffer_1_5_7|         array|
|p_ZL13poly_buffer_1_5_7_we1           |  out|    1|   ap_memory|      p_ZL13poly_buffer_1_5_7|         array|
|p_ZL13poly_buffer_1_5_7_d1            |  out|   64|   ap_memory|      p_ZL13poly_buffer_1_5_7|         array|
|p_ZL13poly_buffer_1_5_7_q1            |   in|   64|   ap_memory|      p_ZL13poly_buffer_1_5_7|         array|
|p_ZL13poly_buffer_1_6_0_address0      |  out|    9|   ap_memory|      p_ZL13poly_buffer_1_6_0|         array|
|p_ZL13poly_buffer_1_6_0_ce0           |  out|    1|   ap_memory|      p_ZL13poly_buffer_1_6_0|         array|
|p_ZL13poly_buffer_1_6_0_q0            |   in|   64|   ap_memory|      p_ZL13poly_buffer_1_6_0|         array|
|p_ZL13poly_buffer_1_6_0_address1      |  out|    9|   ap_memory|      p_ZL13poly_buffer_1_6_0|         array|
|p_ZL13poly_buffer_1_6_0_ce1           |  out|    1|   ap_memory|      p_ZL13poly_buffer_1_6_0|         array|
|p_ZL13poly_buffer_1_6_0_we1           |  out|    1|   ap_memory|      p_ZL13poly_buffer_1_6_0|         array|
|p_ZL13poly_buffer_1_6_0_d1            |  out|   64|   ap_memory|      p_ZL13poly_buffer_1_6_0|         array|
|p_ZL13poly_buffer_1_6_0_q1            |   in|   64|   ap_memory|      p_ZL13poly_buffer_1_6_0|         array|
|p_ZL13poly_buffer_1_6_1_address0      |  out|    9|   ap_memory|      p_ZL13poly_buffer_1_6_1|         array|
|p_ZL13poly_buffer_1_6_1_ce0           |  out|    1|   ap_memory|      p_ZL13poly_buffer_1_6_1|         array|
|p_ZL13poly_buffer_1_6_1_q0            |   in|   64|   ap_memory|      p_ZL13poly_buffer_1_6_1|         array|
|p_ZL13poly_buffer_1_6_1_address1      |  out|    9|   ap_memory|      p_ZL13poly_buffer_1_6_1|         array|
|p_ZL13poly_buffer_1_6_1_ce1           |  out|    1|   ap_memory|      p_ZL13poly_buffer_1_6_1|         array|
|p_ZL13poly_buffer_1_6_1_we1           |  out|    1|   ap_memory|      p_ZL13poly_buffer_1_6_1|         array|
|p_ZL13poly_buffer_1_6_1_d1            |  out|   64|   ap_memory|      p_ZL13poly_buffer_1_6_1|         array|
|p_ZL13poly_buffer_1_6_1_q1            |   in|   64|   ap_memory|      p_ZL13poly_buffer_1_6_1|         array|
|p_ZL13poly_buffer_1_6_2_address0      |  out|    9|   ap_memory|      p_ZL13poly_buffer_1_6_2|         array|
|p_ZL13poly_buffer_1_6_2_ce0           |  out|    1|   ap_memory|      p_ZL13poly_buffer_1_6_2|         array|
|p_ZL13poly_buffer_1_6_2_q0            |   in|   64|   ap_memory|      p_ZL13poly_buffer_1_6_2|         array|
|p_ZL13poly_buffer_1_6_2_address1      |  out|    9|   ap_memory|      p_ZL13poly_buffer_1_6_2|         array|
|p_ZL13poly_buffer_1_6_2_ce1           |  out|    1|   ap_memory|      p_ZL13poly_buffer_1_6_2|         array|
|p_ZL13poly_buffer_1_6_2_we1           |  out|    1|   ap_memory|      p_ZL13poly_buffer_1_6_2|         array|
|p_ZL13poly_buffer_1_6_2_d1            |  out|   64|   ap_memory|      p_ZL13poly_buffer_1_6_2|         array|
|p_ZL13poly_buffer_1_6_2_q1            |   in|   64|   ap_memory|      p_ZL13poly_buffer_1_6_2|         array|
|p_ZL13poly_buffer_1_6_3_address0      |  out|    9|   ap_memory|      p_ZL13poly_buffer_1_6_3|         array|
|p_ZL13poly_buffer_1_6_3_ce0           |  out|    1|   ap_memory|      p_ZL13poly_buffer_1_6_3|         array|
|p_ZL13poly_buffer_1_6_3_q0            |   in|   64|   ap_memory|      p_ZL13poly_buffer_1_6_3|         array|
|p_ZL13poly_buffer_1_6_3_address1      |  out|    9|   ap_memory|      p_ZL13poly_buffer_1_6_3|         array|
|p_ZL13poly_buffer_1_6_3_ce1           |  out|    1|   ap_memory|      p_ZL13poly_buffer_1_6_3|         array|
|p_ZL13poly_buffer_1_6_3_we1           |  out|    1|   ap_memory|      p_ZL13poly_buffer_1_6_3|         array|
|p_ZL13poly_buffer_1_6_3_d1            |  out|   64|   ap_memory|      p_ZL13poly_buffer_1_6_3|         array|
|p_ZL13poly_buffer_1_6_3_q1            |   in|   64|   ap_memory|      p_ZL13poly_buffer_1_6_3|         array|
|p_ZL13poly_buffer_1_6_4_address0      |  out|    9|   ap_memory|      p_ZL13poly_buffer_1_6_4|         array|
|p_ZL13poly_buffer_1_6_4_ce0           |  out|    1|   ap_memory|      p_ZL13poly_buffer_1_6_4|         array|
|p_ZL13poly_buffer_1_6_4_q0            |   in|   64|   ap_memory|      p_ZL13poly_buffer_1_6_4|         array|
|p_ZL13poly_buffer_1_6_4_address1      |  out|    9|   ap_memory|      p_ZL13poly_buffer_1_6_4|         array|
|p_ZL13poly_buffer_1_6_4_ce1           |  out|    1|   ap_memory|      p_ZL13poly_buffer_1_6_4|         array|
|p_ZL13poly_buffer_1_6_4_we1           |  out|    1|   ap_memory|      p_ZL13poly_buffer_1_6_4|         array|
|p_ZL13poly_buffer_1_6_4_d1            |  out|   64|   ap_memory|      p_ZL13poly_buffer_1_6_4|         array|
|p_ZL13poly_buffer_1_6_4_q1            |   in|   64|   ap_memory|      p_ZL13poly_buffer_1_6_4|         array|
|p_ZL13poly_buffer_1_6_5_address0      |  out|    9|   ap_memory|      p_ZL13poly_buffer_1_6_5|         array|
|p_ZL13poly_buffer_1_6_5_ce0           |  out|    1|   ap_memory|      p_ZL13poly_buffer_1_6_5|         array|
|p_ZL13poly_buffer_1_6_5_q0            |   in|   64|   ap_memory|      p_ZL13poly_buffer_1_6_5|         array|
|p_ZL13poly_buffer_1_6_5_address1      |  out|    9|   ap_memory|      p_ZL13poly_buffer_1_6_5|         array|
|p_ZL13poly_buffer_1_6_5_ce1           |  out|    1|   ap_memory|      p_ZL13poly_buffer_1_6_5|         array|
|p_ZL13poly_buffer_1_6_5_we1           |  out|    1|   ap_memory|      p_ZL13poly_buffer_1_6_5|         array|
|p_ZL13poly_buffer_1_6_5_d1            |  out|   64|   ap_memory|      p_ZL13poly_buffer_1_6_5|         array|
|p_ZL13poly_buffer_1_6_5_q1            |   in|   64|   ap_memory|      p_ZL13poly_buffer_1_6_5|         array|
|p_ZL13poly_buffer_1_6_6_address0      |  out|    9|   ap_memory|      p_ZL13poly_buffer_1_6_6|         array|
|p_ZL13poly_buffer_1_6_6_ce0           |  out|    1|   ap_memory|      p_ZL13poly_buffer_1_6_6|         array|
|p_ZL13poly_buffer_1_6_6_q0            |   in|   64|   ap_memory|      p_ZL13poly_buffer_1_6_6|         array|
|p_ZL13poly_buffer_1_6_6_address1      |  out|    9|   ap_memory|      p_ZL13poly_buffer_1_6_6|         array|
|p_ZL13poly_buffer_1_6_6_ce1           |  out|    1|   ap_memory|      p_ZL13poly_buffer_1_6_6|         array|
|p_ZL13poly_buffer_1_6_6_we1           |  out|    1|   ap_memory|      p_ZL13poly_buffer_1_6_6|         array|
|p_ZL13poly_buffer_1_6_6_d1            |  out|   64|   ap_memory|      p_ZL13poly_buffer_1_6_6|         array|
|p_ZL13poly_buffer_1_6_6_q1            |   in|   64|   ap_memory|      p_ZL13poly_buffer_1_6_6|         array|
|p_ZL13poly_buffer_1_6_7_address0      |  out|    9|   ap_memory|      p_ZL13poly_buffer_1_6_7|         array|
|p_ZL13poly_buffer_1_6_7_ce0           |  out|    1|   ap_memory|      p_ZL13poly_buffer_1_6_7|         array|
|p_ZL13poly_buffer_1_6_7_q0            |   in|   64|   ap_memory|      p_ZL13poly_buffer_1_6_7|         array|
|p_ZL13poly_buffer_1_6_7_address1      |  out|    9|   ap_memory|      p_ZL13poly_buffer_1_6_7|         array|
|p_ZL13poly_buffer_1_6_7_ce1           |  out|    1|   ap_memory|      p_ZL13poly_buffer_1_6_7|         array|
|p_ZL13poly_buffer_1_6_7_we1           |  out|    1|   ap_memory|      p_ZL13poly_buffer_1_6_7|         array|
|p_ZL13poly_buffer_1_6_7_d1            |  out|   64|   ap_memory|      p_ZL13poly_buffer_1_6_7|         array|
|p_ZL13poly_buffer_1_6_7_q1            |   in|   64|   ap_memory|      p_ZL13poly_buffer_1_6_7|         array|
|p_ZL13poly_buffer_1_7_0_address0      |  out|    9|   ap_memory|      p_ZL13poly_buffer_1_7_0|         array|
|p_ZL13poly_buffer_1_7_0_ce0           |  out|    1|   ap_memory|      p_ZL13poly_buffer_1_7_0|         array|
|p_ZL13poly_buffer_1_7_0_q0            |   in|   64|   ap_memory|      p_ZL13poly_buffer_1_7_0|         array|
|p_ZL13poly_buffer_1_7_0_address1      |  out|    9|   ap_memory|      p_ZL13poly_buffer_1_7_0|         array|
|p_ZL13poly_buffer_1_7_0_ce1           |  out|    1|   ap_memory|      p_ZL13poly_buffer_1_7_0|         array|
|p_ZL13poly_buffer_1_7_0_we1           |  out|    1|   ap_memory|      p_ZL13poly_buffer_1_7_0|         array|
|p_ZL13poly_buffer_1_7_0_d1            |  out|   64|   ap_memory|      p_ZL13poly_buffer_1_7_0|         array|
|p_ZL13poly_buffer_1_7_0_q1            |   in|   64|   ap_memory|      p_ZL13poly_buffer_1_7_0|         array|
|p_ZL13poly_buffer_1_7_1_address0      |  out|    9|   ap_memory|      p_ZL13poly_buffer_1_7_1|         array|
|p_ZL13poly_buffer_1_7_1_ce0           |  out|    1|   ap_memory|      p_ZL13poly_buffer_1_7_1|         array|
|p_ZL13poly_buffer_1_7_1_q0            |   in|   64|   ap_memory|      p_ZL13poly_buffer_1_7_1|         array|
|p_ZL13poly_buffer_1_7_1_address1      |  out|    9|   ap_memory|      p_ZL13poly_buffer_1_7_1|         array|
|p_ZL13poly_buffer_1_7_1_ce1           |  out|    1|   ap_memory|      p_ZL13poly_buffer_1_7_1|         array|
|p_ZL13poly_buffer_1_7_1_we1           |  out|    1|   ap_memory|      p_ZL13poly_buffer_1_7_1|         array|
|p_ZL13poly_buffer_1_7_1_d1            |  out|   64|   ap_memory|      p_ZL13poly_buffer_1_7_1|         array|
|p_ZL13poly_buffer_1_7_1_q1            |   in|   64|   ap_memory|      p_ZL13poly_buffer_1_7_1|         array|
|p_ZL13poly_buffer_1_7_2_address0      |  out|    9|   ap_memory|      p_ZL13poly_buffer_1_7_2|         array|
|p_ZL13poly_buffer_1_7_2_ce0           |  out|    1|   ap_memory|      p_ZL13poly_buffer_1_7_2|         array|
|p_ZL13poly_buffer_1_7_2_q0            |   in|   64|   ap_memory|      p_ZL13poly_buffer_1_7_2|         array|
|p_ZL13poly_buffer_1_7_2_address1      |  out|    9|   ap_memory|      p_ZL13poly_buffer_1_7_2|         array|
|p_ZL13poly_buffer_1_7_2_ce1           |  out|    1|   ap_memory|      p_ZL13poly_buffer_1_7_2|         array|
|p_ZL13poly_buffer_1_7_2_we1           |  out|    1|   ap_memory|      p_ZL13poly_buffer_1_7_2|         array|
|p_ZL13poly_buffer_1_7_2_d1            |  out|   64|   ap_memory|      p_ZL13poly_buffer_1_7_2|         array|
|p_ZL13poly_buffer_1_7_2_q1            |   in|   64|   ap_memory|      p_ZL13poly_buffer_1_7_2|         array|
|p_ZL13poly_buffer_1_7_3_address0      |  out|    9|   ap_memory|      p_ZL13poly_buffer_1_7_3|         array|
|p_ZL13poly_buffer_1_7_3_ce0           |  out|    1|   ap_memory|      p_ZL13poly_buffer_1_7_3|         array|
|p_ZL13poly_buffer_1_7_3_q0            |   in|   64|   ap_memory|      p_ZL13poly_buffer_1_7_3|         array|
|p_ZL13poly_buffer_1_7_3_address1      |  out|    9|   ap_memory|      p_ZL13poly_buffer_1_7_3|         array|
|p_ZL13poly_buffer_1_7_3_ce1           |  out|    1|   ap_memory|      p_ZL13poly_buffer_1_7_3|         array|
|p_ZL13poly_buffer_1_7_3_we1           |  out|    1|   ap_memory|      p_ZL13poly_buffer_1_7_3|         array|
|p_ZL13poly_buffer_1_7_3_d1            |  out|   64|   ap_memory|      p_ZL13poly_buffer_1_7_3|         array|
|p_ZL13poly_buffer_1_7_3_q1            |   in|   64|   ap_memory|      p_ZL13poly_buffer_1_7_3|         array|
|p_ZL13poly_buffer_1_7_4_address0      |  out|    9|   ap_memory|      p_ZL13poly_buffer_1_7_4|         array|
|p_ZL13poly_buffer_1_7_4_ce0           |  out|    1|   ap_memory|      p_ZL13poly_buffer_1_7_4|         array|
|p_ZL13poly_buffer_1_7_4_q0            |   in|   64|   ap_memory|      p_ZL13poly_buffer_1_7_4|         array|
|p_ZL13poly_buffer_1_7_4_address1      |  out|    9|   ap_memory|      p_ZL13poly_buffer_1_7_4|         array|
|p_ZL13poly_buffer_1_7_4_ce1           |  out|    1|   ap_memory|      p_ZL13poly_buffer_1_7_4|         array|
|p_ZL13poly_buffer_1_7_4_we1           |  out|    1|   ap_memory|      p_ZL13poly_buffer_1_7_4|         array|
|p_ZL13poly_buffer_1_7_4_d1            |  out|   64|   ap_memory|      p_ZL13poly_buffer_1_7_4|         array|
|p_ZL13poly_buffer_1_7_4_q1            |   in|   64|   ap_memory|      p_ZL13poly_buffer_1_7_4|         array|
|p_ZL13poly_buffer_1_7_5_address0      |  out|    9|   ap_memory|      p_ZL13poly_buffer_1_7_5|         array|
|p_ZL13poly_buffer_1_7_5_ce0           |  out|    1|   ap_memory|      p_ZL13poly_buffer_1_7_5|         array|
|p_ZL13poly_buffer_1_7_5_q0            |   in|   64|   ap_memory|      p_ZL13poly_buffer_1_7_5|         array|
|p_ZL13poly_buffer_1_7_5_address1      |  out|    9|   ap_memory|      p_ZL13poly_buffer_1_7_5|         array|
|p_ZL13poly_buffer_1_7_5_ce1           |  out|    1|   ap_memory|      p_ZL13poly_buffer_1_7_5|         array|
|p_ZL13poly_buffer_1_7_5_we1           |  out|    1|   ap_memory|      p_ZL13poly_buffer_1_7_5|         array|
|p_ZL13poly_buffer_1_7_5_d1            |  out|   64|   ap_memory|      p_ZL13poly_buffer_1_7_5|         array|
|p_ZL13poly_buffer_1_7_5_q1            |   in|   64|   ap_memory|      p_ZL13poly_buffer_1_7_5|         array|
|p_ZL13poly_buffer_1_7_6_address0      |  out|    9|   ap_memory|      p_ZL13poly_buffer_1_7_6|         array|
|p_ZL13poly_buffer_1_7_6_ce0           |  out|    1|   ap_memory|      p_ZL13poly_buffer_1_7_6|         array|
|p_ZL13poly_buffer_1_7_6_q0            |   in|   64|   ap_memory|      p_ZL13poly_buffer_1_7_6|         array|
|p_ZL13poly_buffer_1_7_6_address1      |  out|    9|   ap_memory|      p_ZL13poly_buffer_1_7_6|         array|
|p_ZL13poly_buffer_1_7_6_ce1           |  out|    1|   ap_memory|      p_ZL13poly_buffer_1_7_6|         array|
|p_ZL13poly_buffer_1_7_6_we1           |  out|    1|   ap_memory|      p_ZL13poly_buffer_1_7_6|         array|
|p_ZL13poly_buffer_1_7_6_d1            |  out|   64|   ap_memory|      p_ZL13poly_buffer_1_7_6|         array|
|p_ZL13poly_buffer_1_7_6_q1            |   in|   64|   ap_memory|      p_ZL13poly_buffer_1_7_6|         array|
|p_ZL13poly_buffer_1_7_7_address0      |  out|    9|   ap_memory|      p_ZL13poly_buffer_1_7_7|         array|
|p_ZL13poly_buffer_1_7_7_ce0           |  out|    1|   ap_memory|      p_ZL13poly_buffer_1_7_7|         array|
|p_ZL13poly_buffer_1_7_7_q0            |   in|   64|   ap_memory|      p_ZL13poly_buffer_1_7_7|         array|
|p_ZL13poly_buffer_1_7_7_address1      |  out|    9|   ap_memory|      p_ZL13poly_buffer_1_7_7|         array|
|p_ZL13poly_buffer_1_7_7_ce1           |  out|    1|   ap_memory|      p_ZL13poly_buffer_1_7_7|         array|
|p_ZL13poly_buffer_1_7_7_we1           |  out|    1|   ap_memory|      p_ZL13poly_buffer_1_7_7|         array|
|p_ZL13poly_buffer_1_7_7_d1            |  out|   64|   ap_memory|      p_ZL13poly_buffer_1_7_7|         array|
|p_ZL13poly_buffer_1_7_7_q1            |   in|   64|   ap_memory|      p_ZL13poly_buffer_1_7_7|         array|
|p_ZL7MODULUS_0                        |   in|   64|     ap_none|               p_ZL7MODULUS_0|       pointer|
|p_ZL7MODULUS_1                        |   in|   64|     ap_none|               p_ZL7MODULUS_1|       pointer|
|p_ZL7MODULUS_2                        |   in|   64|     ap_none|               p_ZL7MODULUS_2|       pointer|
|p_ZL7MODULUS_3                        |   in|   64|     ap_none|               p_ZL7MODULUS_3|       pointer|
|p_ZL7MODULUS_4                        |   in|   64|     ap_none|               p_ZL7MODULUS_4|       pointer|
|S_address0                            |  out|    3|   ap_memory|                            S|         array|
|S_ce0                                 |  out|    1|   ap_memory|                            S|         array|
|S_q0                                  |   in|   64|   ap_memory|                            S|         array|
|M_address0                            |  out|    3|   ap_memory|                            M|         array|
|M_ce0                                 |  out|    1|   ap_memory|                            M|         array|
|M_q0                                  |   in|   64|   ap_memory|                            M|         array|
|p_ZL16NTTTwiddleFactor_0_0_address0   |  out|   12|   ap_memory|   p_ZL16NTTTwiddleFactor_0_0|         array|
|p_ZL16NTTTwiddleFactor_0_0_ce0        |  out|    1|   ap_memory|   p_ZL16NTTTwiddleFactor_0_0|         array|
|p_ZL16NTTTwiddleFactor_0_0_q0         |   in|   64|   ap_memory|   p_ZL16NTTTwiddleFactor_0_0|         array|
|p_ZL16NTTTwiddleFactor_0_1_address0   |  out|   12|   ap_memory|   p_ZL16NTTTwiddleFactor_0_1|         array|
|p_ZL16NTTTwiddleFactor_0_1_ce0        |  out|    1|   ap_memory|   p_ZL16NTTTwiddleFactor_0_1|         array|
|p_ZL16NTTTwiddleFactor_0_1_q0         |   in|   64|   ap_memory|   p_ZL16NTTTwiddleFactor_0_1|         array|
|p_ZL16NTTTwiddleFactor_0_2_address0   |  out|   12|   ap_memory|   p_ZL16NTTTwiddleFactor_0_2|         array|
|p_ZL16NTTTwiddleFactor_0_2_ce0        |  out|    1|   ap_memory|   p_ZL16NTTTwiddleFactor_0_2|         array|
|p_ZL16NTTTwiddleFactor_0_2_q0         |   in|   64|   ap_memory|   p_ZL16NTTTwiddleFactor_0_2|         array|
|p_ZL16NTTTwiddleFactor_0_3_address0   |  out|   12|   ap_memory|   p_ZL16NTTTwiddleFactor_0_3|         array|
|p_ZL16NTTTwiddleFactor_0_3_ce0        |  out|    1|   ap_memory|   p_ZL16NTTTwiddleFactor_0_3|         array|
|p_ZL16NTTTwiddleFactor_0_3_q0         |   in|   64|   ap_memory|   p_ZL16NTTTwiddleFactor_0_3|         array|
|p_ZL16NTTTwiddleFactor_1_0_address0   |  out|   12|   ap_memory|   p_ZL16NTTTwiddleFactor_1_0|         array|
|p_ZL16NTTTwiddleFactor_1_0_ce0        |  out|    1|   ap_memory|   p_ZL16NTTTwiddleFactor_1_0|         array|
|p_ZL16NTTTwiddleFactor_1_0_q0         |   in|   64|   ap_memory|   p_ZL16NTTTwiddleFactor_1_0|         array|
|p_ZL16NTTTwiddleFactor_1_1_address0   |  out|   12|   ap_memory|   p_ZL16NTTTwiddleFactor_1_1|         array|
|p_ZL16NTTTwiddleFactor_1_1_ce0        |  out|    1|   ap_memory|   p_ZL16NTTTwiddleFactor_1_1|         array|
|p_ZL16NTTTwiddleFactor_1_1_q0         |   in|   64|   ap_memory|   p_ZL16NTTTwiddleFactor_1_1|         array|
|p_ZL16NTTTwiddleFactor_1_2_address0   |  out|   12|   ap_memory|   p_ZL16NTTTwiddleFactor_1_2|         array|
|p_ZL16NTTTwiddleFactor_1_2_ce0        |  out|    1|   ap_memory|   p_ZL16NTTTwiddleFactor_1_2|         array|
|p_ZL16NTTTwiddleFactor_1_2_q0         |   in|   64|   ap_memory|   p_ZL16NTTTwiddleFactor_1_2|         array|
|p_ZL16NTTTwiddleFactor_1_3_address0   |  out|   12|   ap_memory|   p_ZL16NTTTwiddleFactor_1_3|         array|
|p_ZL16NTTTwiddleFactor_1_3_ce0        |  out|    1|   ap_memory|   p_ZL16NTTTwiddleFactor_1_3|         array|
|p_ZL16NTTTwiddleFactor_1_3_q0         |   in|   64|   ap_memory|   p_ZL16NTTTwiddleFactor_1_3|         array|
|p_ZL16NTTTwiddleFactor_2_0_address0   |  out|   12|   ap_memory|   p_ZL16NTTTwiddleFactor_2_0|         array|
|p_ZL16NTTTwiddleFactor_2_0_ce0        |  out|    1|   ap_memory|   p_ZL16NTTTwiddleFactor_2_0|         array|
|p_ZL16NTTTwiddleFactor_2_0_q0         |   in|   64|   ap_memory|   p_ZL16NTTTwiddleFactor_2_0|         array|
|p_ZL16NTTTwiddleFactor_2_1_address0   |  out|   12|   ap_memory|   p_ZL16NTTTwiddleFactor_2_1|         array|
|p_ZL16NTTTwiddleFactor_2_1_ce0        |  out|    1|   ap_memory|   p_ZL16NTTTwiddleFactor_2_1|         array|
|p_ZL16NTTTwiddleFactor_2_1_q0         |   in|   64|   ap_memory|   p_ZL16NTTTwiddleFactor_2_1|         array|
|p_ZL16NTTTwiddleFactor_2_2_address0   |  out|   12|   ap_memory|   p_ZL16NTTTwiddleFactor_2_2|         array|
|p_ZL16NTTTwiddleFactor_2_2_ce0        |  out|    1|   ap_memory|   p_ZL16NTTTwiddleFactor_2_2|         array|
|p_ZL16NTTTwiddleFactor_2_2_q0         |   in|   64|   ap_memory|   p_ZL16NTTTwiddleFactor_2_2|         array|
|p_ZL16NTTTwiddleFactor_2_3_address0   |  out|   12|   ap_memory|   p_ZL16NTTTwiddleFactor_2_3|         array|
|p_ZL16NTTTwiddleFactor_2_3_ce0        |  out|    1|   ap_memory|   p_ZL16NTTTwiddleFactor_2_3|         array|
|p_ZL16NTTTwiddleFactor_2_3_q0         |   in|   64|   ap_memory|   p_ZL16NTTTwiddleFactor_2_3|         array|
|p_ZL16NTTTwiddleFactor_3_0_address0   |  out|   12|   ap_memory|   p_ZL16NTTTwiddleFactor_3_0|         array|
|p_ZL16NTTTwiddleFactor_3_0_ce0        |  out|    1|   ap_memory|   p_ZL16NTTTwiddleFactor_3_0|         array|
|p_ZL16NTTTwiddleFactor_3_0_q0         |   in|   64|   ap_memory|   p_ZL16NTTTwiddleFactor_3_0|         array|
|p_ZL16NTTTwiddleFactor_3_1_address0   |  out|   12|   ap_memory|   p_ZL16NTTTwiddleFactor_3_1|         array|
|p_ZL16NTTTwiddleFactor_3_1_ce0        |  out|    1|   ap_memory|   p_ZL16NTTTwiddleFactor_3_1|         array|
|p_ZL16NTTTwiddleFactor_3_1_q0         |   in|   64|   ap_memory|   p_ZL16NTTTwiddleFactor_3_1|         array|
|p_ZL16NTTTwiddleFactor_3_2_address0   |  out|   12|   ap_memory|   p_ZL16NTTTwiddleFactor_3_2|         array|
|p_ZL16NTTTwiddleFactor_3_2_ce0        |  out|    1|   ap_memory|   p_ZL16NTTTwiddleFactor_3_2|         array|
|p_ZL16NTTTwiddleFactor_3_2_q0         |   in|   64|   ap_memory|   p_ZL16NTTTwiddleFactor_3_2|         array|
|p_ZL16NTTTwiddleFactor_3_3_address0   |  out|   12|   ap_memory|   p_ZL16NTTTwiddleFactor_3_3|         array|
|p_ZL16NTTTwiddleFactor_3_3_ce0        |  out|    1|   ap_memory|   p_ZL16NTTTwiddleFactor_3_3|         array|
|p_ZL16NTTTwiddleFactor_3_3_q0         |   in|   64|   ap_memory|   p_ZL16NTTTwiddleFactor_3_3|         array|
|p_ZL16NTTTwiddleFactor_4_0_address0   |  out|   12|   ap_memory|   p_ZL16NTTTwiddleFactor_4_0|         array|
|p_ZL16NTTTwiddleFactor_4_0_ce0        |  out|    1|   ap_memory|   p_ZL16NTTTwiddleFactor_4_0|         array|
|p_ZL16NTTTwiddleFactor_4_0_q0         |   in|   64|   ap_memory|   p_ZL16NTTTwiddleFactor_4_0|         array|
|p_ZL16NTTTwiddleFactor_4_1_address0   |  out|   12|   ap_memory|   p_ZL16NTTTwiddleFactor_4_1|         array|
|p_ZL16NTTTwiddleFactor_4_1_ce0        |  out|    1|   ap_memory|   p_ZL16NTTTwiddleFactor_4_1|         array|
|p_ZL16NTTTwiddleFactor_4_1_q0         |   in|   64|   ap_memory|   p_ZL16NTTTwiddleFactor_4_1|         array|
|p_ZL16NTTTwiddleFactor_4_2_address0   |  out|   12|   ap_memory|   p_ZL16NTTTwiddleFactor_4_2|         array|
|p_ZL16NTTTwiddleFactor_4_2_ce0        |  out|    1|   ap_memory|   p_ZL16NTTTwiddleFactor_4_2|         array|
|p_ZL16NTTTwiddleFactor_4_2_q0         |   in|   64|   ap_memory|   p_ZL16NTTTwiddleFactor_4_2|         array|
|p_ZL16NTTTwiddleFactor_4_3_address0   |  out|   12|   ap_memory|   p_ZL16NTTTwiddleFactor_4_3|         array|
|p_ZL16NTTTwiddleFactor_4_3_ce0        |  out|    1|   ap_memory|   p_ZL16NTTTwiddleFactor_4_3|         array|
|p_ZL16NTTTwiddleFactor_4_3_q0         |   in|   64|   ap_memory|   p_ZL16NTTTwiddleFactor_4_3|         array|
|p_ZL16NTTTwiddleFactor_5_0_address0   |  out|   12|   ap_memory|   p_ZL16NTTTwiddleFactor_5_0|         array|
|p_ZL16NTTTwiddleFactor_5_0_ce0        |  out|    1|   ap_memory|   p_ZL16NTTTwiddleFactor_5_0|         array|
|p_ZL16NTTTwiddleFactor_5_0_q0         |   in|   64|   ap_memory|   p_ZL16NTTTwiddleFactor_5_0|         array|
|p_ZL16NTTTwiddleFactor_5_1_address0   |  out|   12|   ap_memory|   p_ZL16NTTTwiddleFactor_5_1|         array|
|p_ZL16NTTTwiddleFactor_5_1_ce0        |  out|    1|   ap_memory|   p_ZL16NTTTwiddleFactor_5_1|         array|
|p_ZL16NTTTwiddleFactor_5_1_q0         |   in|   64|   ap_memory|   p_ZL16NTTTwiddleFactor_5_1|         array|
|p_ZL16NTTTwiddleFactor_5_2_address0   |  out|   12|   ap_memory|   p_ZL16NTTTwiddleFactor_5_2|         array|
|p_ZL16NTTTwiddleFactor_5_2_ce0        |  out|    1|   ap_memory|   p_ZL16NTTTwiddleFactor_5_2|         array|
|p_ZL16NTTTwiddleFactor_5_2_q0         |   in|   64|   ap_memory|   p_ZL16NTTTwiddleFactor_5_2|         array|
|p_ZL16NTTTwiddleFactor_5_3_address0   |  out|   12|   ap_memory|   p_ZL16NTTTwiddleFactor_5_3|         array|
|p_ZL16NTTTwiddleFactor_5_3_ce0        |  out|    1|   ap_memory|   p_ZL16NTTTwiddleFactor_5_3|         array|
|p_ZL16NTTTwiddleFactor_5_3_q0         |   in|   64|   ap_memory|   p_ZL16NTTTwiddleFactor_5_3|         array|
|p_ZL16NTTTwiddleFactor_6_0_address0   |  out|   12|   ap_memory|   p_ZL16NTTTwiddleFactor_6_0|         array|
|p_ZL16NTTTwiddleFactor_6_0_ce0        |  out|    1|   ap_memory|   p_ZL16NTTTwiddleFactor_6_0|         array|
|p_ZL16NTTTwiddleFactor_6_0_q0         |   in|   64|   ap_memory|   p_ZL16NTTTwiddleFactor_6_0|         array|
|p_ZL16NTTTwiddleFactor_6_1_address0   |  out|   12|   ap_memory|   p_ZL16NTTTwiddleFactor_6_1|         array|
|p_ZL16NTTTwiddleFactor_6_1_ce0        |  out|    1|   ap_memory|   p_ZL16NTTTwiddleFactor_6_1|         array|
|p_ZL16NTTTwiddleFactor_6_1_q0         |   in|   64|   ap_memory|   p_ZL16NTTTwiddleFactor_6_1|         array|
|p_ZL16NTTTwiddleFactor_6_2_address0   |  out|   12|   ap_memory|   p_ZL16NTTTwiddleFactor_6_2|         array|
|p_ZL16NTTTwiddleFactor_6_2_ce0        |  out|    1|   ap_memory|   p_ZL16NTTTwiddleFactor_6_2|         array|
|p_ZL16NTTTwiddleFactor_6_2_q0         |   in|   64|   ap_memory|   p_ZL16NTTTwiddleFactor_6_2|         array|
|p_ZL16NTTTwiddleFactor_6_3_address0   |  out|   12|   ap_memory|   p_ZL16NTTTwiddleFactor_6_3|         array|
|p_ZL16NTTTwiddleFactor_6_3_ce0        |  out|    1|   ap_memory|   p_ZL16NTTTwiddleFactor_6_3|         array|
|p_ZL16NTTTwiddleFactor_6_3_q0         |   in|   64|   ap_memory|   p_ZL16NTTTwiddleFactor_6_3|         array|
|p_ZL16NTTTwiddleFactor_7_0_address0   |  out|   12|   ap_memory|   p_ZL16NTTTwiddleFactor_7_0|         array|
|p_ZL16NTTTwiddleFactor_7_0_ce0        |  out|    1|   ap_memory|   p_ZL16NTTTwiddleFactor_7_0|         array|
|p_ZL16NTTTwiddleFactor_7_0_q0         |   in|   64|   ap_memory|   p_ZL16NTTTwiddleFactor_7_0|         array|
|p_ZL16NTTTwiddleFactor_7_1_address0   |  out|   12|   ap_memory|   p_ZL16NTTTwiddleFactor_7_1|         array|
|p_ZL16NTTTwiddleFactor_7_1_ce0        |  out|    1|   ap_memory|   p_ZL16NTTTwiddleFactor_7_1|         array|
|p_ZL16NTTTwiddleFactor_7_1_q0         |   in|   64|   ap_memory|   p_ZL16NTTTwiddleFactor_7_1|         array|
|p_ZL16NTTTwiddleFactor_7_2_address0   |  out|   12|   ap_memory|   p_ZL16NTTTwiddleFactor_7_2|         array|
|p_ZL16NTTTwiddleFactor_7_2_ce0        |  out|    1|   ap_memory|   p_ZL16NTTTwiddleFactor_7_2|         array|
|p_ZL16NTTTwiddleFactor_7_2_q0         |   in|   64|   ap_memory|   p_ZL16NTTTwiddleFactor_7_2|         array|
|p_ZL16NTTTwiddleFactor_7_3_address0   |  out|   12|   ap_memory|   p_ZL16NTTTwiddleFactor_7_3|         array|
|p_ZL16NTTTwiddleFactor_7_3_ce0        |  out|    1|   ap_memory|   p_ZL16NTTTwiddleFactor_7_3|         array|
|p_ZL16NTTTwiddleFactor_7_3_q0         |   in|   64|   ap_memory|   p_ZL16NTTTwiddleFactor_7_3|         array|
|p_ZL16NTTTwiddleFactor_8_0_address0   |  out|   12|   ap_memory|   p_ZL16NTTTwiddleFactor_8_0|         array|
|p_ZL16NTTTwiddleFactor_8_0_ce0        |  out|    1|   ap_memory|   p_ZL16NTTTwiddleFactor_8_0|         array|
|p_ZL16NTTTwiddleFactor_8_0_q0         |   in|   64|   ap_memory|   p_ZL16NTTTwiddleFactor_8_0|         array|
|p_ZL16NTTTwiddleFactor_8_1_address0   |  out|   12|   ap_memory|   p_ZL16NTTTwiddleFactor_8_1|         array|
|p_ZL16NTTTwiddleFactor_8_1_ce0        |  out|    1|   ap_memory|   p_ZL16NTTTwiddleFactor_8_1|         array|
|p_ZL16NTTTwiddleFactor_8_1_q0         |   in|   64|   ap_memory|   p_ZL16NTTTwiddleFactor_8_1|         array|
|p_ZL16NTTTwiddleFactor_8_2_address0   |  out|   12|   ap_memory|   p_ZL16NTTTwiddleFactor_8_2|         array|
|p_ZL16NTTTwiddleFactor_8_2_ce0        |  out|    1|   ap_memory|   p_ZL16NTTTwiddleFactor_8_2|         array|
|p_ZL16NTTTwiddleFactor_8_2_q0         |   in|   64|   ap_memory|   p_ZL16NTTTwiddleFactor_8_2|         array|
|p_ZL16NTTTwiddleFactor_8_3_address0   |  out|   12|   ap_memory|   p_ZL16NTTTwiddleFactor_8_3|         array|
|p_ZL16NTTTwiddleFactor_8_3_ce0        |  out|    1|   ap_memory|   p_ZL16NTTTwiddleFactor_8_3|         array|
|p_ZL16NTTTwiddleFactor_8_3_q0         |   in|   64|   ap_memory|   p_ZL16NTTTwiddleFactor_8_3|         array|
|p_ZL16NTTTwiddleFactor_9_0_address0   |  out|   12|   ap_memory|   p_ZL16NTTTwiddleFactor_9_0|         array|
|p_ZL16NTTTwiddleFactor_9_0_ce0        |  out|    1|   ap_memory|   p_ZL16NTTTwiddleFactor_9_0|         array|
|p_ZL16NTTTwiddleFactor_9_0_q0         |   in|   64|   ap_memory|   p_ZL16NTTTwiddleFactor_9_0|         array|
|p_ZL16NTTTwiddleFactor_9_1_address0   |  out|   12|   ap_memory|   p_ZL16NTTTwiddleFactor_9_1|         array|
|p_ZL16NTTTwiddleFactor_9_1_ce0        |  out|    1|   ap_memory|   p_ZL16NTTTwiddleFactor_9_1|         array|
|p_ZL16NTTTwiddleFactor_9_1_q0         |   in|   64|   ap_memory|   p_ZL16NTTTwiddleFactor_9_1|         array|
|p_ZL16NTTTwiddleFactor_9_2_address0   |  out|   12|   ap_memory|   p_ZL16NTTTwiddleFactor_9_2|         array|
|p_ZL16NTTTwiddleFactor_9_2_ce0        |  out|    1|   ap_memory|   p_ZL16NTTTwiddleFactor_9_2|         array|
|p_ZL16NTTTwiddleFactor_9_2_q0         |   in|   64|   ap_memory|   p_ZL16NTTTwiddleFactor_9_2|         array|
|p_ZL16NTTTwiddleFactor_9_3_address0   |  out|   12|   ap_memory|   p_ZL16NTTTwiddleFactor_9_3|         array|
|p_ZL16NTTTwiddleFactor_9_3_ce0        |  out|    1|   ap_memory|   p_ZL16NTTTwiddleFactor_9_3|         array|
|p_ZL16NTTTwiddleFactor_9_3_q0         |   in|   64|   ap_memory|   p_ZL16NTTTwiddleFactor_9_3|         array|
|p_ZL16NTTTwiddleFactor_10_0_address0  |  out|   12|   ap_memory|  p_ZL16NTTTwiddleFactor_10_0|         array|
|p_ZL16NTTTwiddleFactor_10_0_ce0       |  out|    1|   ap_memory|  p_ZL16NTTTwiddleFactor_10_0|         array|
|p_ZL16NTTTwiddleFactor_10_0_q0        |   in|   64|   ap_memory|  p_ZL16NTTTwiddleFactor_10_0|         array|
|p_ZL16NTTTwiddleFactor_10_1_address0  |  out|   12|   ap_memory|  p_ZL16NTTTwiddleFactor_10_1|         array|
|p_ZL16NTTTwiddleFactor_10_1_ce0       |  out|    1|   ap_memory|  p_ZL16NTTTwiddleFactor_10_1|         array|
|p_ZL16NTTTwiddleFactor_10_1_q0        |   in|   64|   ap_memory|  p_ZL16NTTTwiddleFactor_10_1|         array|
|p_ZL16NTTTwiddleFactor_10_2_address0  |  out|   12|   ap_memory|  p_ZL16NTTTwiddleFactor_10_2|         array|
|p_ZL16NTTTwiddleFactor_10_2_ce0       |  out|    1|   ap_memory|  p_ZL16NTTTwiddleFactor_10_2|         array|
|p_ZL16NTTTwiddleFactor_10_2_q0        |   in|   64|   ap_memory|  p_ZL16NTTTwiddleFactor_10_2|         array|
|p_ZL16NTTTwiddleFactor_10_3_address0  |  out|   12|   ap_memory|  p_ZL16NTTTwiddleFactor_10_3|         array|
|p_ZL16NTTTwiddleFactor_10_3_ce0       |  out|    1|   ap_memory|  p_ZL16NTTTwiddleFactor_10_3|         array|
|p_ZL16NTTTwiddleFactor_10_3_q0        |   in|   64|   ap_memory|  p_ZL16NTTTwiddleFactor_10_3|         array|
|p_ZL16NTTTwiddleFactor_11_0_address0  |  out|   12|   ap_memory|  p_ZL16NTTTwiddleFactor_11_0|         array|
|p_ZL16NTTTwiddleFactor_11_0_ce0       |  out|    1|   ap_memory|  p_ZL16NTTTwiddleFactor_11_0|         array|
|p_ZL16NTTTwiddleFactor_11_0_q0        |   in|   64|   ap_memory|  p_ZL16NTTTwiddleFactor_11_0|         array|
|p_ZL16NTTTwiddleFactor_11_1_address0  |  out|   12|   ap_memory|  p_ZL16NTTTwiddleFactor_11_1|         array|
|p_ZL16NTTTwiddleFactor_11_1_ce0       |  out|    1|   ap_memory|  p_ZL16NTTTwiddleFactor_11_1|         array|
|p_ZL16NTTTwiddleFactor_11_1_q0        |   in|   64|   ap_memory|  p_ZL16NTTTwiddleFactor_11_1|         array|
|p_ZL16NTTTwiddleFactor_11_2_address0  |  out|   12|   ap_memory|  p_ZL16NTTTwiddleFactor_11_2|         array|
|p_ZL16NTTTwiddleFactor_11_2_ce0       |  out|    1|   ap_memory|  p_ZL16NTTTwiddleFactor_11_2|         array|
|p_ZL16NTTTwiddleFactor_11_2_q0        |   in|   64|   ap_memory|  p_ZL16NTTTwiddleFactor_11_2|         array|
|p_ZL16NTTTwiddleFactor_11_3_address0  |  out|   12|   ap_memory|  p_ZL16NTTTwiddleFactor_11_3|         array|
|p_ZL16NTTTwiddleFactor_11_3_ce0       |  out|    1|   ap_memory|  p_ZL16NTTTwiddleFactor_11_3|         array|
|p_ZL16NTTTwiddleFactor_11_3_q0        |   in|   64|   ap_memory|  p_ZL16NTTTwiddleFactor_11_3|         array|
+--------------------------------------+-----+-----+------------+-----------------------------+--------------+

