

================================================================
== Vitis HLS Report for 'Execute_HKS_Digit'
================================================================
* Date:           Fri Sep  4 05:59:06 2026

* Version:        2023.2 (Build 4023990 on Oct 11 2023)
* Project:        hks_digit_csynth
* Solution:       solution1 (Vivado IP Flow Target)
* Product family: virtexuplusHBM
* Target device:  xcu55c-fsvh2892-2L-e


================================================================
== Performance Estimates
================================================================
+ Timing: 
    * Summary: 
    +--------+---------+----------+------------+
    |  Clock |  Target | Estimated| Uncertainty|
    +--------+---------+----------+------------+
    |ap_clk  |  6.00 ns|  5.250 ns|     0.75 ns|
    +--------+---------+----------+------------+

+ Latency: 
    * Summary: 
    +---------+---------+----------+----------+-----+-----+---------+
    |  Latency (cycles) |  Latency (absolute) |  Interval | Pipeline|
    |   min   |   max   |    min   |    max   | min | max |   Type  |
    +---------+---------+----------+----------+-----+-----+---------+
    |        ?|        ?|         ?|         ?|    ?|    ?|       no|
    +---------+---------+----------+----------+-----+-----+---------+

    + Detail: 
        * Instance: 
        +-----------------------------------------------------------+------------------------------------------------+---------+---------+-----------+-----------+-------+-------+---------+
        |                                                           |                                                |  Latency (cycles) |   Latency (absolute)  |    Interval   | Pipeline|
        |                          Instance                         |                     Module                     |   min   |   max   |    min    |    max    |  min  |  max  |   Type  |
        +-----------------------------------------------------------+------------------------------------------------+---------+---------+-----------+-----------+-------+-------+---------+
        |grp_Execute_HKS_Digit_Pipeline_HKS_VALIDATE_MODULI_fu_676  |Execute_HKS_Digit_Pipeline_HKS_VALIDATE_MODULI  |        2|        7|  12.000 ns|  42.000 ns|      2|      7|       no|
        |grp_Load_HKS_Params_fu_685                                 |Load_HKS_Params                                 |       43|       43|   0.258 us|   0.258 us|     43|     43|       no|
        |grp_Load_28_29_1_fu_741                                    |Load_28_29_1                                    |        ?|        ?|          ?|          ?|      ?|      ?|       no|
        |grp_Copy_HKS_Tower_1_fu_758                                |Copy_HKS_Tower_1                                |     4098|     4098|  24.588 us|  24.588 us|   4098|   4098|       no|
        |grp_Execute_INTT_fu_835                                    |Execute_INTT                                    |    10046|    50226|  60.276 us|   0.301 ms|  10046|  50226|       no|
        |grp_Prepare_HKS_BConv_Input_fu_959                         |Prepare_HKS_BConv_Input                         |    12312|    12312|  73.872 us|  73.872 us|  12312|  12312|       no|
        |grp_Compute_BConv_Systolic_34_35_fu_1038                   |Compute_BConv_Systolic_34_35                    |     6182|     8230|  37.092 us|  49.380 us|   6182|   8230|       no|
        |grp_Copy_HKS_Tower_fu_1201                                 |Copy_HKS_Tower                                  |     4098|     4098|  24.588 us|  24.588 us|   4098|   4098|       no|
        |grp_Execute_NTT_fu_1399                                    |Execute_NTT                                     |    10046|    50226|  60.276 us|   0.301 ms|  10046|  50226|       no|
        |grp_Store_40_41_1_fu_1578                                  |Store_40_41_1                                   |        ?|        ?|          ?|          ?|      ?|      ?|       no|
        +-----------------------------------------------------------+------------------------------------------------+---------+---------+-----------+-----------+-------+-------+---------+

        * Loop: 
        +----------------------+---------+---------+---------------+-----------+-----------+-------+----------+
        |                      |  Latency (cycles) |   Iteration   |  Initiation Interval  |  Trip |          |
        |       Loop Name      |   min   |   max   |    Latency    |  achieved |   target  | Count | Pipelined|
        +----------------------+---------+---------+---------------+-----------+-----------+-------+----------+
        |- HKS_BYPASS          |     4100|    12300|           4100|          -|          -|  1 ~ 3|        no|
        |- HKS_COMPLEMENT_NTT  |    28296|   217312|  14148 ~ 54328|          -|          -|  2 ~ 4|        no|
        +----------------------+---------+---------+---------------+-----------+-----------+-------+----------+



================================================================
== Utilization Estimates
================================================================
* Summary: 
+---------------------+---------+------+---------+---------+-----+
|         Name        | BRAM_18K|  DSP |    FF   |   LUT   | URAM|
+---------------------+---------+------+---------+---------+-----+
|DSP                  |        -|     -|        -|        -|    -|
|Expression           |        -|     -|        0|      489|    -|
|FIFO                 |        -|     -|        -|        -|    -|
|Instance             |      256|   522|    34308|    80397|    0|
|Memory               |        -|     -|        -|        -|    -|
|Multiplexer          |        -|     -|        -|     7207|    -|
|Register             |        -|     -|     2310|        -|    -|
+---------------------+---------+------+---------+---------+-----+
|Total                |      256|   522|    36618|    88093|    0|
+---------------------+---------+------+---------+---------+-----+
|Available SLR        |     1344|  3008|   869120|   434560|  320|
+---------------------+---------+------+---------+---------+-----+
|Utilization SLR (%)  |       19|    17|        4|       20|    0|
+---------------------+---------+------+---------+---------+-----+
|Available            |     4032|  9024|  2607360|  1303680|  960|
+---------------------+---------+------+---------+---------+-----+
|Utilization (%)      |        6|     5|        1|        6|    0|
+---------------------+---------+------+---------+---------+-----+

+ Detail: 
    * Instance: 
    +-----------------------------------------------------------+------------------------------------------------+---------+-----+-------+-------+-----+
    |                          Instance                         |                     Module                     | BRAM_18K| DSP |   FF  |  LUT  | URAM|
    +-----------------------------------------------------------+------------------------------------------------+---------+-----+-------+-------+-----+
    |grp_Compute_BConv_Systolic_34_35_fu_1038                   |Compute_BConv_Systolic_34_35                    |      128|    0|   4104|   8680|    0|
    |grp_Copy_HKS_Tower_fu_1201                                 |Copy_HKS_Tower                                  |        0|    0|     45|    559|    0|
    |grp_Copy_HKS_Tower_1_fu_758                                |Copy_HKS_Tower_1                                |        0|    0|     42|    208|    0|
    |grp_Execute_HKS_Digit_Pipeline_HKS_VALIDATE_MODULI_fu_676  |Execute_HKS_Digit_Pipeline_HKS_VALIDATE_MODULI  |        0|    0|      6|    181|    0|
    |grp_Execute_INTT_fu_835                                    |Execute_INTT                                    |       64|  232|  11650|  27825|    0|
    |grp_Execute_NTT_fu_1399                                    |Execute_NTT                                     |       64|  232|  11930|  34772|    0|
    |grp_Load_28_29_1_fu_741                                    |Load_28_29_1                                    |        0|    0|    478|    980|    0|
    |grp_Load_HKS_Params_fu_685                                 |Load_HKS_Params                                 |        0|    0|   1466|   1774|    0|
    |grp_Prepare_HKS_BConv_Input_fu_959                         |Prepare_HKS_BConv_Input                         |        0|   58|   4114|   4213|    0|
    |grp_Store_40_41_1_fu_1578                                  |Store_40_41_1                                   |        0|    0|    473|   1205|    0|
    +-----------------------------------------------------------+------------------------------------------------+---------+-----+-------+-------+-----+
    |Total                                                      |                                                |      256|  522|  34308|  80397|    0|
    +-----------------------------------------------------------+------------------------------------------------+---------+-----+-------+-------+-----+

    * DSP: 
    N/A

    * Memory: 
    N/A

    * FIFO: 
    N/A

    * Expression: 
    +----------------------------------+----------+----+---+----+------------+------------+
    |           Variable Name          | Operation| DSP| FF| LUT| Bitwidth P0| Bitwidth P1|
    +----------------------------------+----------+----+---+----+------------+------------+
    |add_ln274_fu_1661_p2              |         +|   0|  0|  39|          32|           2|
    |add_ln294_fu_1757_p2              |         +|   0|  0|  10|           3|           3|
    |add_ln302_fu_1938_p2              |         +|   0|  0|  39|          32|          32|
    |add_ln303_fu_1956_p2              |         +|   0|  0|  10|           3|           2|
    |p_4_fu_1923_p2                    |         +|   0|  0|  38|          31|           1|
    |q_3_fu_1747_p2                    |         +|   0|  0|  38|          31|           1|
    |count_fu_1785_p2                  |         -|   0|  0|  39|           3|          32|
    |sub_ln275_fu_1681_p2              |         -|   0|  0|  39|           2|          32|
    |ap_block_state17_on_subcall_done  |       and|   0|  0|   2|           1|           1|
    |ap_predicate_op160_call_state17   |       and|   0|  0|   2|           1|           1|
    |icmp_ln274_fu_1667_p2             |      icmp|   0|  0|  39|          32|           2|
    |icmp_ln275_fu_1687_p2             |      icmp|   0|  0|  39|          32|          32|
    |icmp_ln292_fu_1742_p2             |      icmp|   0|  0|  39|          32|          32|
    |icmp_ln300_fu_1918_p2             |      icmp|   0|  0|  39|          32|          32|
    |icmp_ln302_fu_1933_p2             |      icmp|   0|  0|  39|          32|          32|
    |ap_block_state4_on_subcall_done   |        or|   0|  0|   2|           1|           1|
    |or_ln274_1_fu_1699_p2             |        or|   0|  0|   2|           1|           1|
    |or_ln274_fu_1693_p2               |        or|   0|  0|   2|           1|           1|
    |global_limb_fu_1943_p3            |    select|   0|  0|  32|           1|          32|
    +----------------------------------+----------+----+---+----+------------+------------+
    |Total                             |          |   0|  0| 489|         303|         272|
    +----------------------------------+----------+----+---+----+------------+------------+

    * Multiplexer: 
    +----------------------------------+----+-----------+-----+-----------+
    |               Name               | LUT| Input Size| Bits| Total Bits|
    +----------------------------------+----+-----------+-----+-----------+
    |M_address0                        |  26|          5|    3|         15|
    |M_ce0                             |  26|          5|    1|          5|
    |S_address0                        |  26|          5|    3|         15|
    |S_ce0                             |  26|          5|    1|          5|
    |ap_NS_fsm                         |  86|         18|    1|         18|
    |m_axi_gmem0_ARVALID               |   9|          2|    1|          2|
    |m_axi_gmem0_RREADY                |   9|          2|    1|          2|
    |m_axi_gmem1_ARVALID               |   9|          2|    1|          2|
    |m_axi_gmem1_RREADY                |   9|          2|    1|          2|
    |m_axi_gmem2_AWVALID               |   9|          2|    1|          2|
    |m_axi_gmem2_BREADY                |   9|          2|    1|          2|
    |m_axi_gmem2_WVALID                |   9|          2|    1|          2|
    |p_02_fu_642                       |   9|          2|   31|         62|
    |p_ZL13poly_buffer_1_0_0_address0  |  14|          3|    9|         27|
    |p_ZL13poly_buffer_1_0_0_address1  |  14|          3|    9|         27|
    |p_ZL13poly_buffer_1_0_0_ce0       |  14|          3|    1|          3|
    |p_ZL13poly_buffer_1_0_0_ce1       |  14|          3|    1|          3|
    |p_ZL13poly_buffer_1_0_0_d1        |  14|          3|   64|        192|
    |p_ZL13poly_buffer_1_0_0_we1       |  14|          3|    1|          3|
    |p_ZL13poly_buffer_1_0_1_address0  |  14|          3|    9|         27|
    |p_ZL13poly_buffer_1_0_1_address1  |  14|          3|    9|         27|
    |p_ZL13poly_buffer_1_0_1_ce0       |  14|          3|    1|          3|
    |p_ZL13poly_buffer_1_0_1_ce1       |  14|          3|    1|          3|
    |p_ZL13poly_buffer_1_0_1_d1        |  14|          3|   64|        192|
    |p_ZL13poly_buffer_1_0_1_we1       |  14|          3|    1|          3|
    |p_ZL13poly_buffer_1_0_2_address0  |  14|          3|    9|         27|
    |p_ZL13poly_buffer_1_0_2_address1  |  14|          3|    9|         27|
    |p_ZL13poly_buffer_1_0_2_ce0       |  14|          3|    1|          3|
    |p_ZL13poly_buffer_1_0_2_ce1       |  14|          3|    1|          3|
    |p_ZL13poly_buffer_1_0_2_d1        |  14|          3|   64|        192|
    |p_ZL13poly_buffer_1_0_2_we1       |  14|          3|    1|          3|
    |p_ZL13poly_buffer_1_0_3_ce0       |   9|          2|    1|          2|
    |p_ZL13poly_buffer_1_0_3_ce1       |   9|          2|    1|          2|
    |p_ZL13poly_buffer_1_0_3_we1       |   9|          2|    1|          2|
    |p_ZL13poly_buffer_1_0_4_ce0       |   9|          2|    1|          2|
    |p_ZL13poly_buffer_1_0_4_ce1       |   9|          2|    1|          2|
    |p_ZL13poly_buffer_1_0_4_we1       |   9|          2|    1|          2|
    |p_ZL13poly_buffer_1_0_5_ce0       |   9|          2|    1|          2|
    |p_ZL13poly_buffer_1_0_5_ce1       |   9|          2|    1|          2|
    |p_ZL13poly_buffer_1_0_5_we1       |   9|          2|    1|          2|
    |p_ZL13poly_buffer_1_0_6_ce0       |   9|          2|    1|          2|
    |p_ZL13poly_buffer_1_0_6_ce1       |   9|          2|    1|          2|
    |p_ZL13poly_buffer_1_0_6_we1       |   9|          2|    1|          2|
    |p_ZL13poly_buffer_1_0_7_ce0       |   9|          2|    1|          2|
    |p_ZL13poly_buffer_1_0_7_ce1       |   9|          2|    1|          2|
    |p_ZL13poly_buffer_1_0_7_we1       |   9|          2|    1|          2|
    |p_ZL13poly_buffer_1_1_0_address0  |  14|          3|    9|         27|
    |p_ZL13poly_buffer_1_1_0_address1  |  14|          3|    9|         27|
    |p_ZL13poly_buffer_1_1_0_ce0       |  14|          3|    1|          3|
    |p_ZL13poly_buffer_1_1_0_ce1       |  14|          3|    1|          3|
    |p_ZL13poly_buffer_1_1_0_d1        |  14|          3|   64|        192|
    |p_ZL13poly_buffer_1_1_0_we1       |  14|          3|    1|          3|
    |p_ZL13poly_buffer_1_1_1_address0  |  14|          3|    9|         27|
    |p_ZL13poly_buffer_1_1_1_address1  |  14|          3|    9|         27|
    |p_ZL13poly_buffer_1_1_1_ce0       |  14|          3|    1|          3|
    |p_ZL13poly_buffer_1_1_1_ce1       |  14|          3|    1|          3|
    |p_ZL13poly_buffer_1_1_1_d1        |  14|          3|   64|        192|
    |p_ZL13poly_buffer_1_1_1_we1       |  14|          3|    1|          3|
    |p_ZL13poly_buffer_1_1_2_address0  |  14|          3|    9|         27|
    |p_ZL13poly_buffer_1_1_2_address1  |  14|          3|    9|         27|
    |p_ZL13poly_buffer_1_1_2_ce0       |  14|          3|    1|          3|
    |p_ZL13poly_buffer_1_1_2_ce1       |  14|          3|    1|          3|
    |p_ZL13poly_buffer_1_1_2_d1        |  14|          3|   64|        192|
    |p_ZL13poly_buffer_1_1_2_we1       |  14|          3|    1|          3|
    |p_ZL13poly_buffer_1_1_3_ce0       |   9|          2|    1|          2|
    |p_ZL13poly_buffer_1_1_3_ce1       |   9|          2|    1|          2|
    |p_ZL13poly_buffer_1_1_3_we1       |   9|          2|    1|          2|
    |p_ZL13poly_buffer_1_1_4_ce0       |   9|          2|    1|          2|
    |p_ZL13poly_buffer_1_1_4_ce1       |   9|          2|    1|          2|
    |p_ZL13poly_buffer_1_1_4_we1       |   9|          2|    1|          2|
    |p_ZL13poly_buffer_1_1_5_ce0       |   9|          2|    1|          2|
    |p_ZL13poly_buffer_1_1_5_ce1       |   9|          2|    1|          2|
    |p_ZL13poly_buffer_1_1_5_we1       |   9|          2|    1|          2|
    |p_ZL13poly_buffer_1_1_6_ce0       |   9|          2|    1|          2|
    |p_ZL13poly_buffer_1_1_6_ce1       |   9|          2|    1|          2|
    |p_ZL13poly_buffer_1_1_6_we1       |   9|          2|    1|          2|
    |p_ZL13poly_buffer_1_1_7_ce0       |   9|          2|    1|          2|
    |p_ZL13poly_buffer_1_1_7_ce1       |   9|          2|    1|          2|
    |p_ZL13poly_buffer_1_1_7_we1       |   9|          2|    1|          2|
    |p_ZL13poly_buffer_1_2_0_address0  |  14|          3|    9|         27|
    |p_ZL13poly_buffer_1_2_0_address1  |  14|          3|    9|         27|
    |p_ZL13poly_buffer_1_2_0_ce0       |  14|          3|    1|          3|
    |p_ZL13poly_buffer_1_2_0_ce1       |  14|          3|    1|          3|
    |p_ZL13poly_buffer_1_2_0_d1        |  14|          3|   64|        192|
    |p_ZL13poly_buffer_1_2_0_we1       |  14|          3|    1|          3|
    |p_ZL13poly_buffer_1_2_1_address0  |  14|          3|    9|         27|
    |p_ZL13poly_buffer_1_2_1_address1  |  14|          3|    9|         27|
    |p_ZL13poly_buffer_1_2_1_ce0       |  14|          3|    1|          3|
    |p_ZL13poly_buffer_1_2_1_ce1       |  14|          3|    1|          3|
    |p_ZL13poly_buffer_1_2_1_d1        |  14|          3|   64|        192|
    |p_ZL13poly_buffer_1_2_1_we1       |  14|          3|    1|          3|
    |p_ZL13poly_buffer_1_2_2_address0  |  14|          3|    9|         27|
    |p_ZL13poly_buffer_1_2_2_address1  |  14|          3|    9|         27|
    |p_ZL13poly_buffer_1_2_2_ce0       |  14|          3|    1|          3|
    |p_ZL13poly_buffer_1_2_2_ce1       |  14|          3|    1|          3|
    |p_ZL13poly_buffer_1_2_2_d1        |  14|          3|   64|        192|
    |p_ZL13poly_buffer_1_2_2_we1       |  14|          3|    1|          3|
    |p_ZL13poly_buffer_1_2_3_ce0       |   9|          2|    1|          2|
    |p_ZL13poly_buffer_1_2_3_ce1       |   9|          2|    1|          2|
    |p_ZL13poly_buffer_1_2_3_we1       |   9|          2|    1|          2|
    |p_ZL13poly_buffer_1_2_4_ce0       |   9|          2|    1|          2|
    |p_ZL13poly_buffer_1_2_4_ce1       |   9|          2|    1|          2|
    |p_ZL13poly_buffer_1_2_4_we1       |   9|          2|    1|          2|
    |p_ZL13poly_buffer_1_2_5_ce0       |   9|          2|    1|          2|
    |p_ZL13poly_buffer_1_2_5_ce1       |   9|          2|    1|          2|
    |p_ZL13poly_buffer_1_2_5_we1       |   9|          2|    1|          2|
    |p_ZL13poly_buffer_1_2_6_ce0       |   9|          2|    1|          2|
    |p_ZL13poly_buffer_1_2_6_ce1       |   9|          2|    1|          2|
    |p_ZL13poly_buffer_1_2_6_we1       |   9|          2|    1|          2|
    |p_ZL13poly_buffer_1_2_7_ce0       |   9|          2|    1|          2|
    |p_ZL13poly_buffer_1_2_7_ce1       |   9|          2|    1|          2|
    |p_ZL13poly_buffer_1_2_7_we1       |   9|          2|    1|          2|
    |p_ZL13poly_buffer_1_3_0_address0  |  14|          3|    9|         27|
    |p_ZL13poly_buffer_1_3_0_address1  |  14|          3|    9|         27|
    |p_ZL13poly_buffer_1_3_0_ce0       |  14|          3|    1|          3|
    |p_ZL13poly_buffer_1_3_0_ce1       |  14|          3|    1|          3|
    |p_ZL13poly_buffer_1_3_0_d1        |  14|          3|   64|        192|
    |p_ZL13poly_buffer_1_3_0_we1       |  14|          3|    1|          3|
    |p_ZL13poly_buffer_1_3_1_address0  |  14|          3|    9|         27|
    |p_ZL13poly_buffer_1_3_1_address1  |  14|          3|    9|         27|
    |p_ZL13poly_buffer_1_3_1_ce0       |  14|          3|    1|          3|
    |p_ZL13poly_buffer_1_3_1_ce1       |  14|          3|    1|          3|
    |p_ZL13poly_buffer_1_3_1_d1        |  14|          3|   64|        192|
    |p_ZL13poly_buffer_1_3_1_we1       |  14|          3|    1|          3|
    |p_ZL13poly_buffer_1_3_2_address0  |  14|          3|    9|         27|
    |p_ZL13poly_buffer_1_3_2_address1  |  14|          3|    9|         27|
    |p_ZL13poly_buffer_1_3_2_ce0       |  14|          3|    1|          3|
    |p_ZL13poly_buffer_1_3_2_ce1       |  14|          3|    1|          3|
    |p_ZL13poly_buffer_1_3_2_d1        |  14|          3|   64|        192|
    |p_ZL13poly_buffer_1_3_2_we1       |  14|          3|    1|          3|
    |p_ZL13poly_buffer_1_3_3_ce0       |   9|          2|    1|          2|
    |p_ZL13poly_buffer_1_3_3_ce1       |   9|          2|    1|          2|
    |p_ZL13poly_buffer_1_3_3_we1       |   9|          2|    1|          2|
    |p_ZL13poly_buffer_1_3_4_ce0       |   9|          2|    1|          2|
    |p_ZL13poly_buffer_1_3_4_ce1       |   9|          2|    1|          2|
    |p_ZL13poly_buffer_1_3_4_we1       |   9|          2|    1|          2|
    |p_ZL13poly_buffer_1_3_5_ce0       |   9|          2|    1|          2|
    |p_ZL13poly_buffer_1_3_5_ce1       |   9|          2|    1|          2|
    |p_ZL13poly_buffer_1_3_5_we1       |   9|          2|    1|          2|
    |p_ZL13poly_buffer_1_3_6_ce0       |   9|          2|    1|          2|
    |p_ZL13poly_buffer_1_3_6_ce1       |   9|          2|    1|          2|
    |p_ZL13poly_buffer_1_3_6_we1       |   9|          2|    1|          2|
    |p_ZL13poly_buffer_1_3_7_ce0       |   9|          2|    1|          2|
    |p_ZL13poly_buffer_1_3_7_ce1       |   9|          2|    1|          2|
    |p_ZL13poly_buffer_1_3_7_we1       |   9|          2|    1|          2|
    |p_ZL13poly_buffer_1_4_0_address0  |  14|          3|    9|         27|
    |p_ZL13poly_buffer_1_4_0_address1  |  14|          3|    9|         27|
    |p_ZL13poly_buffer_1_4_0_ce0       |  14|          3|    1|          3|
    |p_ZL13poly_buffer_1_4_0_ce1       |  14|          3|    1|          3|
    |p_ZL13poly_buffer_1_4_0_d1        |  14|          3|   64|        192|
    |p_ZL13poly_buffer_1_4_0_we1       |  14|          3|    1|          3|
    |p_ZL13poly_buffer_1_4_1_address0  |  14|          3|    9|         27|
    |p_ZL13poly_buffer_1_4_1_address1  |  14|          3|    9|         27|
    |p_ZL13poly_buffer_1_4_1_ce0       |  14|          3|    1|          3|
    |p_ZL13poly_buffer_1_4_1_ce1       |  14|          3|    1|          3|
    |p_ZL13poly_buffer_1_4_1_d1        |  14|          3|   64|        192|
    |p_ZL13poly_buffer_1_4_1_we1       |  14|          3|    1|          3|
    |p_ZL13poly_buffer_1_4_2_address0  |  14|          3|    9|         27|
    |p_ZL13poly_buffer_1_4_2_address1  |  14|          3|    9|         27|
    |p_ZL13poly_buffer_1_4_2_ce0       |  14|          3|    1|          3|
    |p_ZL13poly_buffer_1_4_2_ce1       |  14|          3|    1|          3|
    |p_ZL13poly_buffer_1_4_2_d1        |  14|          3|   64|        192|
    |p_ZL13poly_buffer_1_4_2_we1       |  14|          3|    1|          3|
    |p_ZL13poly_buffer_1_4_3_ce0       |   9|          2|    1|          2|
    |p_ZL13poly_buffer_1_4_3_ce1       |   9|          2|    1|          2|
    |p_ZL13poly_buffer_1_4_3_we1       |   9|          2|    1|          2|
    |p_ZL13poly_buffer_1_4_4_ce0       |   9|          2|    1|          2|
    |p_ZL13poly_buffer_1_4_4_ce1       |   9|          2|    1|          2|
    |p_ZL13poly_buffer_1_4_4_we1       |   9|          2|    1|          2|
    |p_ZL13poly_buffer_1_4_5_ce0       |   9|          2|    1|          2|
    |p_ZL13poly_buffer_1_4_5_ce1       |   9|          2|    1|          2|
    |p_ZL13poly_buffer_1_4_5_we1       |   9|          2|    1|          2|
    |p_ZL13poly_buffer_1_4_6_ce0       |   9|          2|    1|          2|
    |p_ZL13poly_buffer_1_4_6_ce1       |   9|          2|    1|          2|
    |p_ZL13poly_buffer_1_4_6_we1       |   9|          2|    1|          2|
    |p_ZL13poly_buffer_1_4_7_ce0       |   9|          2|    1|          2|
    |p_ZL13poly_buffer_1_4_7_ce1       |   9|          2|    1|          2|
    |p_ZL13poly_buffer_1_4_7_we1       |   9|          2|    1|          2|
    |p_ZL13poly_buffer_1_5_0_address0  |  14|          3|    9|         27|
    |p_ZL13poly_buffer_1_5_0_address1  |  14|          3|    9|         27|
    |p_ZL13poly_buffer_1_5_0_ce0       |  14|          3|    1|          3|
    |p_ZL13poly_buffer_1_5_0_ce1       |  14|          3|    1|          3|
    |p_ZL13poly_buffer_1_5_0_d1        |  14|          3|   64|        192|
    |p_ZL13poly_buffer_1_5_0_we1       |  14|          3|    1|          3|
    |p_ZL13poly_buffer_1_5_1_address0  |  14|          3|    9|         27|
    |p_ZL13poly_buffer_1_5_1_address1  |  14|          3|    9|         27|
    |p_ZL13poly_buffer_1_5_1_ce0       |  14|          3|    1|          3|
    |p_ZL13poly_buffer_1_5_1_ce1       |  14|          3|    1|          3|
    |p_ZL13poly_buffer_1_5_1_d1        |  14|          3|   64|        192|
    |p_ZL13poly_buffer_1_5_1_we1       |  14|          3|    1|          3|
    |p_ZL13poly_buffer_1_5_2_address0  |  14|          3|    9|         27|
    |p_ZL13poly_buffer_1_5_2_address1  |  14|          3|    9|         27|
    |p_ZL13poly_buffer_1_5_2_ce0       |  14|          3|    1|          3|
    |p_ZL13poly_buffer_1_5_2_ce1       |  14|          3|    1|          3|
    |p_ZL13poly_buffer_1_5_2_d1        |  14|          3|   64|        192|
    |p_ZL13poly_buffer_1_5_2_we1       |  14|          3|    1|          3|
    |p_ZL13poly_buffer_1_5_3_ce0       |   9|          2|    1|          2|
    |p_ZL13poly_buffer_1_5_3_ce1       |   9|          2|    1|          2|
    |p_ZL13poly_buffer_1_5_3_we1       |   9|          2|    1|          2|
    |p_ZL13poly_buffer_1_5_4_ce0       |   9|          2|    1|          2|
    |p_ZL13poly_buffer_1_5_4_ce1       |   9|          2|    1|          2|
    |p_ZL13poly_buffer_1_5_4_we1       |   9|          2|    1|          2|
    |p_ZL13poly_buffer_1_5_5_ce0       |   9|          2|    1|          2|
    |p_ZL13poly_buffer_1_5_5_ce1       |   9|          2|    1|          2|
    |p_ZL13poly_buffer_1_5_5_we1       |   9|          2|    1|          2|
    |p_ZL13poly_buffer_1_5_6_ce0       |   9|          2|    1|          2|
    |p_ZL13poly_buffer_1_5_6_ce1       |   9|          2|    1|          2|
    |p_ZL13poly_buffer_1_5_6_we1       |   9|          2|    1|          2|
    |p_ZL13poly_buffer_1_5_7_ce0       |   9|          2|    1|          2|
    |p_ZL13poly_buffer_1_5_7_ce1       |   9|          2|    1|          2|
    |p_ZL13poly_buffer_1_5_7_we1       |   9|          2|    1|          2|
    |p_ZL13poly_buffer_1_6_0_address0  |  14|          3|    9|         27|
    |p_ZL13poly_buffer_1_6_0_address1  |  14|          3|    9|         27|
    |p_ZL13poly_buffer_1_6_0_ce0       |  14|          3|    1|          3|
    |p_ZL13poly_buffer_1_6_0_ce1       |  14|          3|    1|          3|
    |p_ZL13poly_buffer_1_6_0_d1        |  14|          3|   64|        192|
    |p_ZL13poly_buffer_1_6_0_we1       |  14|          3|    1|          3|
    |p_ZL13poly_buffer_1_6_1_address0  |  14|          3|    9|         27|
    |p_ZL13poly_buffer_1_6_1_address1  |  14|          3|    9|         27|
    |p_ZL13poly_buffer_1_6_1_ce0       |  14|          3|    1|          3|
    |p_ZL13poly_buffer_1_6_1_ce1       |  14|          3|    1|          3|
    |p_ZL13poly_buffer_1_6_1_d1        |  14|          3|   64|        192|
    |p_ZL13poly_buffer_1_6_1_we1       |  14|          3|    1|          3|
    |p_ZL13poly_buffer_1_6_2_address0  |  14|          3|    9|         27|
    |p_ZL13poly_buffer_1_6_2_address1  |  14|          3|    9|         27|
    |p_ZL13poly_buffer_1_6_2_ce0       |  14|          3|    1|          3|
    |p_ZL13poly_buffer_1_6_2_ce1       |  14|          3|    1|          3|
    |p_ZL13poly_buffer_1_6_2_d1        |  14|          3|   64|        192|
    |p_ZL13poly_buffer_1_6_2_we1       |  14|          3|    1|          3|
    |p_ZL13poly_buffer_1_6_3_ce0       |   9|          2|    1|          2|
    |p_ZL13poly_buffer_1_6_3_ce1       |   9|          2|    1|          2|
    |p_ZL13poly_buffer_1_6_3_we1       |   9|          2|    1|          2|
    |p_ZL13poly_buffer_1_6_4_ce0       |   9|          2|    1|          2|
    |p_ZL13poly_buffer_1_6_4_ce1       |   9|          2|    1|          2|
    |p_ZL13poly_buffer_1_6_4_we1       |   9|          2|    1|          2|
    |p_ZL13poly_buffer_1_6_5_ce0       |   9|          2|    1|          2|
    |p_ZL13poly_buffer_1_6_5_ce1       |   9|          2|    1|          2|
    |p_ZL13poly_buffer_1_6_5_we1       |   9|          2|    1|          2|
    |p_ZL13poly_buffer_1_6_6_ce0       |   9|          2|    1|          2|
    |p_ZL13poly_buffer_1_6_6_ce1       |   9|          2|    1|          2|
    |p_ZL13poly_buffer_1_6_6_we1       |   9|          2|    1|          2|
    |p_ZL13poly_buffer_1_6_7_ce0       |   9|          2|    1|          2|
    |p_ZL13poly_buffer_1_6_7_ce1       |   9|          2|    1|          2|
    |p_ZL13poly_buffer_1_6_7_we1       |   9|          2|    1|          2|
    |p_ZL13poly_buffer_1_7_0_address0  |  14|          3|    9|         27|
    |p_ZL13poly_buffer_1_7_0_address1  |  14|          3|    9|         27|
    |p_ZL13poly_buffer_1_7_0_ce0       |  14|          3|    1|          3|
    |p_ZL13poly_buffer_1_7_0_ce1       |  14|          3|    1|          3|
    |p_ZL13poly_buffer_1_7_0_d1        |  14|          3|   64|        192|
    |p_ZL13poly_buffer_1_7_0_we1       |  14|          3|    1|          3|
    |p_ZL13poly_buffer_1_7_1_address0  |  14|          3|    9|         27|
    |p_ZL13poly_buffer_1_7_1_address1  |  14|          3|    9|         27|
    |p_ZL13poly_buffer_1_7_1_ce0       |  14|          3|    1|          3|
    |p_ZL13poly_buffer_1_7_1_ce1       |  14|          3|    1|          3|
    |p_ZL13poly_buffer_1_7_1_d1        |  14|          3|   64|        192|
    |p_ZL13poly_buffer_1_7_1_we1       |  14|          3|    1|          3|
    |p_ZL13poly_buffer_1_7_2_address0  |  14|          3|    9|         27|
    |p_ZL13poly_buffer_1_7_2_address1  |  14|          3|    9|         27|
    |p_ZL13poly_buffer_1_7_2_ce0       |  14|          3|    1|          3|
    |p_ZL13poly_buffer_1_7_2_ce1       |  14|          3|    1|          3|
    |p_ZL13poly_buffer_1_7_2_d1        |  14|          3|   64|        192|
    |p_ZL13poly_buffer_1_7_2_we1       |  14|          3|    1|          3|
    |p_ZL13poly_buffer_1_7_3_ce0       |   9|          2|    1|          2|
    |p_ZL13poly_buffer_1_7_3_ce1       |   9|          2|    1|          2|
    |p_ZL13poly_buffer_1_7_3_we1       |   9|          2|    1|          2|
    |p_ZL13poly_buffer_1_7_4_ce0       |   9|          2|    1|          2|
    |p_ZL13poly_buffer_1_7_4_ce1       |   9|          2|    1|          2|
    |p_ZL13poly_buffer_1_7_4_we1       |   9|          2|    1|          2|
    |p_ZL13poly_buffer_1_7_5_ce0       |   9|          2|    1|          2|
    |p_ZL13poly_buffer_1_7_5_ce1       |   9|          2|    1|          2|
    |p_ZL13poly_buffer_1_7_5_we1       |   9|          2|    1|          2|
    |p_ZL13poly_buffer_1_7_6_ce0       |   9|          2|    1|          2|
    |p_ZL13poly_buffer_1_7_6_ce1       |   9|          2|    1|          2|
    |p_ZL13poly_buffer_1_7_6_we1       |   9|          2|    1|          2|
    |p_ZL13poly_buffer_1_7_7_ce0       |   9|          2|    1|          2|
    |p_ZL13poly_buffer_1_7_7_ce1       |   9|          2|    1|          2|
    |p_ZL13poly_buffer_1_7_7_we1       |   9|          2|    1|          2|
    |p_ZL13poly_buffer_2_0_address0    |  20|          4|   13|         52|
    |p_ZL13poly_buffer_2_0_address1    |  14|          3|   13|         39|
    |p_ZL13poly_buffer_2_0_ce0         |  20|          4|    1|          4|
    |p_ZL13poly_buffer_2_0_ce1         |  14|          3|    1|          3|
    |p_ZL13poly_buffer_2_0_d1          |  14|          3|   64|        192|
    |p_ZL13poly_buffer_2_0_we1         |  14|          3|    1|          3|
    |p_ZL13poly_buffer_2_1_address0    |  20|          4|   13|         52|
    |p_ZL13poly_buffer_2_1_address1    |  14|          3|   13|         39|
    |p_ZL13poly_buffer_2_1_ce0         |  20|          4|    1|          4|
    |p_ZL13poly_buffer_2_1_ce1         |  14|          3|    1|          3|
    |p_ZL13poly_buffer_2_1_d1          |  14|          3|   64|        192|
    |p_ZL13poly_buffer_2_1_we1         |  14|          3|    1|          3|
    |p_ZL13poly_buffer_2_2_address0    |  20|          4|   13|         52|
    |p_ZL13poly_buffer_2_2_address1    |  14|          3|   13|         39|
    |p_ZL13poly_buffer_2_2_ce0         |  20|          4|    1|          4|
    |p_ZL13poly_buffer_2_2_ce1         |  14|          3|    1|          3|
    |p_ZL13poly_buffer_2_2_d1          |  14|          3|   64|        192|
    |p_ZL13poly_buffer_2_2_we1         |  14|          3|    1|          3|
    |p_ZL13poly_buffer_2_3_address0    |  20|          4|   13|         52|
    |p_ZL13poly_buffer_2_3_address1    |  14|          3|   13|         39|
    |p_ZL13poly_buffer_2_3_ce0         |  20|          4|    1|          4|
    |p_ZL13poly_buffer_2_3_ce1         |  14|          3|    1|          3|
    |p_ZL13poly_buffer_2_3_d1          |  14|          3|   64|        192|
    |p_ZL13poly_buffer_2_3_we1         |  14|          3|    1|          3|
    |p_ZL13result_buffer_0_0_address0  |  14|          3|   10|         30|
    |p_ZL13result_buffer_0_0_address1  |  20|          4|   10|         40|
    |p_ZL13result_buffer_0_0_ce0       |  14|          3|    1|          3|
    |p_ZL13result_buffer_0_0_ce1       |  20|          4|    1|          4|
    |p_ZL13result_buffer_0_0_d1        |  20|          4|   64|        256|
    |p_ZL13result_buffer_0_0_we1       |  20|          4|    1|          4|
    |p_ZL13result_buffer_0_1_address0  |  14|          3|   10|         30|
    |p_ZL13result_buffer_0_1_address1  |  20|          4|   10|         40|
    |p_ZL13result_buffer_0_1_ce0       |  14|          3|    1|          3|
    |p_ZL13result_buffer_0_1_ce1       |  20|          4|    1|          4|
    |p_ZL13result_buffer_0_1_d1        |  20|          4|   64|        256|
    |p_ZL13result_buffer_0_1_we1       |  20|          4|    1|          4|
    |p_ZL13result_buffer_0_2_address0  |  14|          3|   10|         30|
    |p_ZL13result_buffer_0_2_address1  |  20|          4|   10|         40|
    |p_ZL13result_buffer_0_2_ce0       |  14|          3|    1|          3|
    |p_ZL13result_buffer_0_2_ce1       |  20|          4|    1|          4|
    |p_ZL13result_buffer_0_2_d1        |  20|          4|   64|        256|
    |p_ZL13result_buffer_0_2_we1       |  20|          4|    1|          4|
    |p_ZL13result_buffer_0_3_address0  |  14|          3|   10|         30|
    |p_ZL13result_buffer_0_3_address1  |  20|          4|   10|         40|
    |p_ZL13result_buffer_0_3_ce0       |  14|          3|    1|          3|
    |p_ZL13result_buffer_0_3_ce1       |  20|          4|    1|          4|
    |p_ZL13result_buffer_0_3_d1        |  20|          4|   64|        256|
    |p_ZL13result_buffer_0_3_we1       |  20|          4|    1|          4|
    |p_ZL13result_buffer_0_4_address0  |  14|          3|   10|         30|
    |p_ZL13result_buffer_0_4_address1  |  20|          4|   10|         40|
    |p_ZL13result_buffer_0_4_ce0       |  14|          3|    1|          3|
    |p_ZL13result_buffer_0_4_ce1       |  20|          4|    1|          4|
    |p_ZL13result_buffer_0_4_d1        |  20|          4|   64|        256|
    |p_ZL13result_buffer_0_4_we1       |  20|          4|    1|          4|
    |p_ZL13result_buffer_0_5_address0  |  14|          3|   10|         30|
    |p_ZL13result_buffer_0_5_address1  |  20|          4|   10|         40|
    |p_ZL13result_buffer_0_5_ce0       |  14|          3|    1|          3|
    |p_ZL13result_buffer_0_5_ce1       |  20|          4|    1|          4|
    |p_ZL13result_buffer_0_5_d1        |  20|          4|   64|        256|
    |p_ZL13result_buffer_0_5_we1       |  20|          4|    1|          4|
    |p_ZL13result_buffer_0_6_address0  |  14|          3|   10|         30|
    |p_ZL13result_buffer_0_6_address1  |  20|          4|   10|         40|
    |p_ZL13result_buffer_0_6_ce0       |  14|          3|    1|          3|
    |p_ZL13result_buffer_0_6_ce1       |  20|          4|    1|          4|
    |p_ZL13result_buffer_0_6_d1        |  20|          4|   64|        256|
    |p_ZL13result_buffer_0_6_we1       |  20|          4|    1|          4|
    |p_ZL13result_buffer_0_7_address0  |  14|          3|   10|         30|
    |p_ZL13result_buffer_0_7_address1  |  20|          4|   10|         40|
    |p_ZL13result_buffer_0_7_ce0       |  14|          3|    1|          3|
    |p_ZL13result_buffer_0_7_ce1       |  20|          4|    1|          4|
    |p_ZL13result_buffer_0_7_d1        |  20|          4|   64|        256|
    |p_ZL13result_buffer_0_7_we1       |  20|          4|    1|          4|
    |p_ZL13result_buffer_1_0_address0  |  14|          3|   10|         30|
    |p_ZL13result_buffer_1_0_address1  |  20|          4|   10|         40|
    |p_ZL13result_buffer_1_0_ce0       |  14|          3|    1|          3|
    |p_ZL13result_buffer_1_0_ce1       |  20|          4|    1|          4|
    |p_ZL13result_buffer_1_0_d1        |  20|          4|   64|        256|
    |p_ZL13result_buffer_1_0_we1       |  20|          4|    1|          4|
    |p_ZL13result_buffer_1_1_address0  |  14|          3|   10|         30|
    |p_ZL13result_buffer_1_1_address1  |  20|          4|   10|         40|
    |p_ZL13result_buffer_1_1_ce0       |  14|          3|    1|          3|
    |p_ZL13result_buffer_1_1_ce1       |  20|          4|    1|          4|
    |p_ZL13result_buffer_1_1_d1        |  20|          4|   64|        256|
    |p_ZL13result_buffer_1_1_we1       |  20|          4|    1|          4|
    |p_ZL13result_buffer_1_2_address0  |  14|          3|   10|         30|
    |p_ZL13result_buffer_1_2_address1  |  20|          4|   10|         40|
    |p_ZL13result_buffer_1_2_ce0       |  14|          3|    1|          3|
    |p_ZL13result_buffer_1_2_ce1       |  20|          4|    1|          4|
    |p_ZL13result_buffer_1_2_d1        |  20|          4|   64|        256|
    |p_ZL13result_buffer_1_2_we1       |  20|          4|    1|          4|
    |p_ZL13result_buffer_1_3_address0  |  14|          3|   10|         30|
    |p_ZL13result_buffer_1_3_address1  |  20|          4|   10|         40|
    |p_ZL13result_buffer_1_3_ce0       |  14|          3|    1|          3|
    |p_ZL13result_buffer_1_3_ce1       |  20|          4|    1|          4|
    |p_ZL13result_buffer_1_3_d1        |  20|          4|   64|        256|
    |p_ZL13result_buffer_1_3_we1       |  20|          4|    1|          4|
    |p_ZL13result_buffer_1_4_address0  |  14|          3|   10|         30|
    |p_ZL13result_buffer_1_4_address1  |  20|          4|   10|         40|
    |p_ZL13result_buffer_1_4_ce0       |  14|          3|    1|          3|
    |p_ZL13result_buffer_1_4_ce1       |  20|          4|    1|          4|
    |p_ZL13result_buffer_1_4_d1        |  20|          4|   64|        256|
    |p_ZL13result_buffer_1_4_we1       |  20|          4|    1|          4|
    |p_ZL13result_buffer_1_5_address0  |  14|          3|   10|         30|
    |p_ZL13result_buffer_1_5_address1  |  20|          4|   10|         40|
    |p_ZL13result_buffer_1_5_ce0       |  14|          3|    1|          3|
    |p_ZL13result_buffer_1_5_ce1       |  20|          4|    1|          4|
    |p_ZL13result_buffer_1_5_d1        |  20|          4|   64|        256|
    |p_ZL13result_buffer_1_5_we1       |  20|          4|    1|          4|
    |p_ZL13result_buffer_1_6_address0  |  14|          3|   10|         30|
    |p_ZL13result_buffer_1_6_address1  |  20|          4|   10|         40|
    |p_ZL13result_buffer_1_6_ce0       |  14|          3|    1|          3|
    |p_ZL13result_buffer_1_6_ce1       |  20|          4|    1|          4|
    |p_ZL13result_buffer_1_6_d1        |  20|          4|   64|        256|
    |p_ZL13result_buffer_1_6_we1       |  20|          4|    1|          4|
    |p_ZL13result_buffer_1_7_address0  |  14|          3|   10|         30|
    |p_ZL13result_buffer_1_7_address1  |  20|          4|   10|         40|
    |p_ZL13result_buffer_1_7_ce0       |  14|          3|    1|          3|
    |p_ZL13result_buffer_1_7_ce1       |  20|          4|    1|          4|
    |p_ZL13result_buffer_1_7_d1        |  20|          4|   64|        256|
    |p_ZL13result_buffer_1_7_we1       |  20|          4|    1|          4|
    |p_ZL13result_buffer_2_0_address0  |  14|          3|   10|         30|
    |p_ZL13result_buffer_2_0_address1  |  20|          4|   10|         40|
    |p_ZL13result_buffer_2_0_ce0       |  14|          3|    1|          3|
    |p_ZL13result_buffer_2_0_ce1       |  20|          4|    1|          4|
    |p_ZL13result_buffer_2_0_d1        |  20|          4|   64|        256|
    |p_ZL13result_buffer_2_0_we1       |  20|          4|    1|          4|
    |p_ZL13result_buffer_2_1_address0  |  14|          3|   10|         30|
    |p_ZL13result_buffer_2_1_address1  |  20|          4|   10|         40|
    |p_ZL13result_buffer_2_1_ce0       |  14|          3|    1|          3|
    |p_ZL13result_buffer_2_1_ce1       |  20|          4|    1|          4|
    |p_ZL13result_buffer_2_1_d1        |  20|          4|   64|        256|
    |p_ZL13result_buffer_2_1_we1       |  20|          4|    1|          4|
    |p_ZL13result_buffer_2_2_address0  |  14|          3|   10|         30|
    |p_ZL13result_buffer_2_2_address1  |  20|          4|   10|         40|
    |p_ZL13result_buffer_2_2_ce0       |  14|          3|    1|          3|
    |p_ZL13result_buffer_2_2_ce1       |  20|          4|    1|          4|
    |p_ZL13result_buffer_2_2_d1        |  20|          4|   64|        256|
    |p_ZL13result_buffer_2_2_we1       |  20|          4|    1|          4|
    |p_ZL13result_buffer_2_3_address0  |  14|          3|   10|         30|
    |p_ZL13result_buffer_2_3_address1  |  20|          4|   10|         40|
    |p_ZL13result_buffer_2_3_ce0       |  14|          3|    1|          3|
    |p_ZL13result_buffer_2_3_ce1       |  20|          4|    1|          4|
    |p_ZL13result_buffer_2_3_d1        |  20|          4|   64|        256|
    |p_ZL13result_buffer_2_3_we1       |  20|          4|    1|          4|
    |p_ZL13result_buffer_2_4_address0  |  14|          3|   10|         30|
    |p_ZL13result_buffer_2_4_address1  |  20|          4|   10|         40|
    |p_ZL13result_buffer_2_4_ce0       |  14|          3|    1|          3|
    |p_ZL13result_buffer_2_4_ce1       |  20|          4|    1|          4|
    |p_ZL13result_buffer_2_4_d1        |  20|          4|   64|        256|
    |p_ZL13result_buffer_2_4_we1       |  20|          4|    1|          4|
    |p_ZL13result_buffer_2_5_address0  |  14|          3|   10|         30|
    |p_ZL13result_buffer_2_5_address1  |  20|          4|   10|         40|
    |p_ZL13result_buffer_2_5_ce0       |  14|          3|    1|          3|
    |p_ZL13result_buffer_2_5_ce1       |  20|          4|    1|          4|
    |p_ZL13result_buffer_2_5_d1        |  20|          4|   64|        256|
    |p_ZL13result_buffer_2_5_we1       |  20|          4|    1|          4|
    |p_ZL13result_buffer_2_6_address0  |  14|          3|   10|         30|
    |p_ZL13result_buffer_2_6_address1  |  20|          4|   10|         40|
    |p_ZL13result_buffer_2_6_ce0       |  14|          3|    1|          3|
    |p_ZL13result_buffer_2_6_ce1       |  20|          4|    1|          4|
    |p_ZL13result_buffer_2_6_d1        |  20|          4|   64|        256|
    |p_ZL13result_buffer_2_6_we1       |  20|          4|    1|          4|
    |p_ZL13result_buffer_2_7_address0  |  14|          3|   10|         30|
    |p_ZL13result_buffer_2_7_address1  |  20|          4|   10|         40|
    |p_ZL13result_buffer_2_7_ce0       |  14|          3|    1|          3|
    |p_ZL13result_buffer_2_7_ce1       |  20|          4|    1|          4|
    |p_ZL13result_buffer_2_7_d1        |  20|          4|   64|        256|
    |p_ZL13result_buffer_2_7_we1       |  20|          4|    1|          4|
    |p_ZL13result_buffer_3_0_address0  |  14|          3|   10|         30|
    |p_ZL13result_buffer_3_0_address1  |  20|          4|   10|         40|
    |p_ZL13result_buffer_3_0_ce0       |  14|          3|    1|          3|
    |p_ZL13result_buffer_3_0_ce1       |  20|          4|    1|          4|
    |p_ZL13result_buffer_3_0_d1        |  20|          4|   64|        256|
    |p_ZL13result_buffer_3_0_we1       |  20|          4|    1|          4|
    |p_ZL13result_buffer_3_1_address0  |  14|          3|   10|         30|
    |p_ZL13result_buffer_3_1_address1  |  20|          4|   10|         40|
    |p_ZL13result_buffer_3_1_ce0       |  14|          3|    1|          3|
    |p_ZL13result_buffer_3_1_ce1       |  20|          4|    1|          4|
    |p_ZL13result_buffer_3_1_d1        |  20|          4|   64|        256|
    |p_ZL13result_buffer_3_1_we1       |  20|          4|    1|          4|
    |p_ZL13result_buffer_3_2_address0  |  14|          3|   10|         30|
    |p_ZL13result_buffer_3_2_address1  |  20|          4|   10|         40|
    |p_ZL13result_buffer_3_2_ce0       |  14|          3|    1|          3|
    |p_ZL13result_buffer_3_2_ce1       |  20|          4|    1|          4|
    |p_ZL13result_buffer_3_2_d1        |  20|          4|   64|        256|
    |p_ZL13result_buffer_3_2_we1       |  20|          4|    1|          4|
    |p_ZL13result_buffer_3_3_address0  |  14|          3|   10|         30|
    |p_ZL13result_buffer_3_3_address1  |  20|          4|   10|         40|
    |p_ZL13result_buffer_3_3_ce0       |  14|          3|    1|          3|
    |p_ZL13result_buffer_3_3_ce1       |  20|          4|    1|          4|
    |p_ZL13result_buffer_3_3_d1        |  20|          4|   64|        256|
    |p_ZL13result_buffer_3_3_we1       |  20|          4|    1|          4|
    |p_ZL13result_buffer_3_4_address0  |  14|          3|   10|         30|
    |p_ZL13result_buffer_3_4_address1  |  20|          4|   10|         40|
    |p_ZL13result_buffer_3_4_ce0       |  14|          3|    1|          3|
    |p_ZL13result_buffer_3_4_ce1       |  20|          4|    1|          4|
    |p_ZL13result_buffer_3_4_d1        |  20|          4|   64|        256|
    |p_ZL13result_buffer_3_4_we1       |  20|          4|    1|          4|
    |p_ZL13result_buffer_3_5_address0  |  14|          3|   10|         30|
    |p_ZL13result_buffer_3_5_address1  |  20|          4|   10|         40|
    |p_ZL13result_buffer_3_5_ce0       |  14|          3|    1|          3|
    |p_ZL13result_buffer_3_5_ce1       |  20|          4|    1|          4|
    |p_ZL13result_buffer_3_5_d1        |  20|          4|   64|        256|
    |p_ZL13result_buffer_3_5_we1       |  20|          4|    1|          4|
    |p_ZL13result_buffer_3_6_address0  |  14|          3|   10|         30|
    |p_ZL13result_buffer_3_6_address1  |  20|          4|   10|         40|
    |p_ZL13result_buffer_3_6_ce0       |  14|          3|    1|          3|
    |p_ZL13result_buffer_3_6_ce1       |  20|          4|    1|          4|
    |p_ZL13result_buffer_3_6_d1        |  20|          4|   64|        256|
    |p_ZL13result_buffer_3_6_we1       |  20|          4|    1|          4|
    |p_ZL13result_buffer_3_7_address0  |  14|          3|   10|         30|
    |p_ZL13result_buffer_3_7_address1  |  20|          4|   10|         40|
    |p_ZL13result_buffer_3_7_ce0       |  14|          3|    1|          3|
    |p_ZL13result_buffer_3_7_ce1       |  20|          4|    1|          4|
    |p_ZL13result_buffer_3_7_d1        |  20|          4|   64|        256|
    |p_ZL13result_buffer_3_7_we1       |  20|          4|    1|          4|
    |q_fu_638                          |   9|          2|   31|         62|
    +----------------------------------+----+-----------+-----+-----------+
    |Total                             |7207|       1512| 5394|      18512|
    +----------------------------------+----+-----------+-----+-----------+

    * Register: 
    +------------------------------------------------------------------------+----+----+-----+-----------+
    |                                  Name                                  | FF | LUT| Bits| Const Bits|
    +------------------------------------------------------------------------+----+----+-----+-----------+
    |add_ln294_reg_2243                                                      |   3|   0|    3|          0|
    |add_ln303_reg_2373                                                      |   3|   0|    3|          0|
    |ap_CS_fsm                                                               |  17|   0|   17|          0|
    |count_reg_2264                                                          |  32|   0|   32|          0|
    |empty_231_reg_2005                                                      |  31|   0|   31|          0|
    |empty_reg_1999                                                          |   3|   0|    3|          0|
    |global_limb_reg_2363                                                    |  32|   0|   32|          0|
    |grp_Compute_BConv_Systolic_34_35_fu_1038_ap_start_reg                   |   1|   0|    1|          0|
    |grp_Copy_HKS_Tower_1_fu_758_ap_start_reg                                |   1|   0|    1|          0|
    |grp_Copy_HKS_Tower_fu_1201_ap_start_reg                                 |   1|   0|    1|          0|
    |grp_Execute_HKS_Digit_Pipeline_HKS_VALIDATE_MODULI_fu_676_ap_start_reg  |   1|   0|    1|          0|
    |grp_Execute_INTT_fu_835_ap_start_reg                                    |   1|   0|    1|          0|
    |grp_Execute_NTT_fu_1399_ap_start_reg                                    |   1|   0|    1|          0|
    |grp_Load_28_29_1_fu_741_ap_start_reg                                    |   1|   0|    1|          0|
    |grp_Load_HKS_Params_fu_685_ap_start_reg                                 |   1|   0|    1|          0|
    |grp_Prepare_HKS_BConv_Input_fu_959_ap_start_reg                         |   1|   0|    1|          0|
    |grp_Store_40_41_1_fu_1578_ap_start_reg                                  |   1|   0|    1|          0|
    |inv_1_fu_570                                                            |  64|   0|   64|          0|
    |inv_2_fu_574                                                            |  64|   0|   64|          0|
    |inv_fu_566                                                              |  64|   0|   64|          0|
    |or_ln274_1_reg_2210                                                     |   1|   0|    1|          0|
    |out_m_1_fu_622                                                          |  64|   0|   64|          0|
    |out_m_2_fu_626                                                          |  64|   0|   64|          0|
    |out_m_3_fu_630                                                          |  64|   0|   64|          0|
    |out_m_4_fu_634                                                          |  64|   0|   64|          0|
    |out_m_fu_618                                                            |  64|   0|   64|          0|
    |out_mod_1_1_fu_578                                                      |  64|   0|   64|          0|
    |out_mod_1_fu_582                                                        |  64|   0|   64|          0|
    |out_mod_2_fu_586                                                        |  64|   0|   64|          0|
    |out_mod_3_fu_590                                                        |  64|   0|   64|          0|
    |out_mod_4_fu_594                                                        |  64|   0|   64|          0|
    |out_s_1_fu_602                                                          |  64|   0|   64|          0|
    |out_s_2_fu_606                                                          |  64|   0|   64|          0|
    |out_s_3_fu_610                                                          |  64|   0|   64|          0|
    |out_s_4_fu_614                                                          |  64|   0|   64|          0|
    |out_s_fu_598                                                            |  64|   0|   64|          0|
    |p_02_fu_642                                                             |  31|   0|   31|          0|
    |q_fu_638                                                                |  31|   0|   31|          0|
    |targetBlock_reg_2229                                                    |   1|   0|    1|          0|
    |trunc_ln302_reg_2368                                                    |   3|   0|    3|          0|
    |weights_10_fu_546                                                       |  64|   0|   64|          0|
    |weights_11_fu_550                                                       |  64|   0|   64|          0|
    |weights_12_fu_554                                                       |  64|   0|   64|          0|
    |weights_13_fu_558                                                       |  64|   0|   64|          0|
    |weights_14_fu_562                                                       |  64|   0|   64|          0|
    |weights_1_fu_510                                                        |  64|   0|   64|          0|
    |weights_2_fu_514                                                        |  64|   0|   64|          0|
    |weights_3_fu_518                                                        |  64|   0|   64|          0|
    |weights_4_fu_522                                                        |  64|   0|   64|          0|
    |weights_5_fu_526                                                        |  64|   0|   64|          0|
    |weights_6_fu_530                                                        |  64|   0|   64|          0|
    |weights_7_fu_534                                                        |  64|   0|   64|          0|
    |weights_8_fu_538                                                        |  64|   0|   64|          0|
    |weights_9_fu_542                                                        |  64|   0|   64|          0|
    |weights_fu_506                                                          |  64|   0|   64|          0|
    +------------------------------------------------------------------------+----+----+-----+-----------+
    |Total                                                                   |2310|   0| 2310|          0|
    +------------------------------------------------------------------------+----+----+-----+-----------+



================================================================
== Interface
================================================================
* Summary: 
+---------------------------------------+-----+-----+------------+------------------------------+--------------+
|               RTL Ports               | Dir | Bits|  Protocol  |         Source Object        |    C Type    |
+---------------------------------------+-----+-----+------------+------------------------------+--------------+
|ap_clk                                 |   in|    1|  ap_ctrl_hs|             Execute_HKS_Digit|  return value|
|ap_rst                                 |   in|    1|  ap_ctrl_hs|             Execute_HKS_Digit|  return value|
|ap_start                               |   in|    1|  ap_ctrl_hs|             Execute_HKS_Digit|  return value|
|ap_done                                |  out|    1|  ap_ctrl_hs|             Execute_HKS_Digit|  return value|
|ap_idle                                |  out|    1|  ap_ctrl_hs|             Execute_HKS_Digit|  return value|
|ap_ready                               |  out|    1|  ap_ctrl_hs|             Execute_HKS_Digit|  return value|
|grp_MultMod_1_fu_3301_p_din1           |  out|   64|  ap_ctrl_hs|             Execute_HKS_Digit|  return value|
|grp_MultMod_1_fu_3301_p_din2           |  out|   64|  ap_ctrl_hs|             Execute_HKS_Digit|  return value|
|grp_MultMod_1_fu_3301_p_din3           |  out|   64|  ap_ctrl_hs|             Execute_HKS_Digit|  return value|
|grp_MultMod_1_fu_3301_p_din4           |  out|   64|  ap_ctrl_hs|             Execute_HKS_Digit|  return value|
|grp_MultMod_1_fu_3301_p_din5           |  out|   64|  ap_ctrl_hs|             Execute_HKS_Digit|  return value|
|grp_MultMod_1_fu_3301_p_dout0          |   in|   64|  ap_ctrl_hs|             Execute_HKS_Digit|  return value|
|grp_MultMod_1_fu_3309_p_din1           |  out|   64|  ap_ctrl_hs|             Execute_HKS_Digit|  return value|
|grp_MultMod_1_fu_3309_p_din2           |  out|   64|  ap_ctrl_hs|             Execute_HKS_Digit|  return value|
|grp_MultMod_1_fu_3309_p_din3           |  out|   64|  ap_ctrl_hs|             Execute_HKS_Digit|  return value|
|grp_MultMod_1_fu_3309_p_din4           |  out|   64|  ap_ctrl_hs|             Execute_HKS_Digit|  return value|
|grp_MultMod_1_fu_3309_p_din5           |  out|   64|  ap_ctrl_hs|             Execute_HKS_Digit|  return value|
|grp_MultMod_1_fu_3309_p_dout0          |   in|   64|  ap_ctrl_hs|             Execute_HKS_Digit|  return value|
|grp_MultMod_1_fu_3317_p_din1           |  out|   64|  ap_ctrl_hs|             Execute_HKS_Digit|  return value|
|grp_MultMod_1_fu_3317_p_din2           |  out|   64|  ap_ctrl_hs|             Execute_HKS_Digit|  return value|
|grp_MultMod_1_fu_3317_p_din3           |  out|   64|  ap_ctrl_hs|             Execute_HKS_Digit|  return value|
|grp_MultMod_1_fu_3317_p_din4           |  out|   64|  ap_ctrl_hs|             Execute_HKS_Digit|  return value|
|grp_MultMod_1_fu_3317_p_din5           |  out|   64|  ap_ctrl_hs|             Execute_HKS_Digit|  return value|
|grp_MultMod_1_fu_3317_p_dout0          |   in|   64|  ap_ctrl_hs|             Execute_HKS_Digit|  return value|
|grp_MultMod_1_fu_3325_p_din1           |  out|   64|  ap_ctrl_hs|             Execute_HKS_Digit|  return value|
|grp_MultMod_1_fu_3325_p_din2           |  out|   64|  ap_ctrl_hs|             Execute_HKS_Digit|  return value|
|grp_MultMod_1_fu_3325_p_din3           |  out|   64|  ap_ctrl_hs|             Execute_HKS_Digit|  return value|
|grp_MultMod_1_fu_3325_p_din4           |  out|   64|  ap_ctrl_hs|             Execute_HKS_Digit|  return value|
|grp_MultMod_1_fu_3325_p_din5           |  out|   64|  ap_ctrl_hs|             Execute_HKS_Digit|  return value|
|grp_MultMod_1_fu_3325_p_dout0          |   in|   64|  ap_ctrl_hs|             Execute_HKS_Digit|  return value|
|grp_MultMod_1_fu_3333_p_din1           |  out|   64|  ap_ctrl_hs|             Execute_HKS_Digit|  return value|
|grp_MultMod_1_fu_3333_p_din2           |  out|   64|  ap_ctrl_hs|             Execute_HKS_Digit|  return value|
|grp_MultMod_1_fu_3333_p_din3           |  out|   64|  ap_ctrl_hs|             Execute_HKS_Digit|  return value|
|grp_MultMod_1_fu_3333_p_din4           |  out|   64|  ap_ctrl_hs|             Execute_HKS_Digit|  return value|
|grp_MultMod_1_fu_3333_p_din5           |  out|   64|  ap_ctrl_hs|             Execute_HKS_Digit|  return value|
|grp_MultMod_1_fu_3333_p_dout0          |   in|   64|  ap_ctrl_hs|             Execute_HKS_Digit|  return value|
|grp_MultMod_1_fu_3341_p_din1           |  out|   64|  ap_ctrl_hs|             Execute_HKS_Digit|  return value|
|grp_MultMod_1_fu_3341_p_din2           |  out|   64|  ap_ctrl_hs|             Execute_HKS_Digit|  return value|
|grp_MultMod_1_fu_3341_p_din3           |  out|   64|  ap_ctrl_hs|             Execute_HKS_Digit|  return value|
|grp_MultMod_1_fu_3341_p_din4           |  out|   64|  ap_ctrl_hs|             Execute_HKS_Digit|  return value|
|grp_MultMod_1_fu_3341_p_din5           |  out|   64|  ap_ctrl_hs|             Execute_HKS_Digit|  return value|
|grp_MultMod_1_fu_3341_p_dout0          |   in|   64|  ap_ctrl_hs|             Execute_HKS_Digit|  return value|
|grp_MultMod_1_fu_3349_p_din1           |  out|   64|  ap_ctrl_hs|             Execute_HKS_Digit|  return value|
|grp_MultMod_1_fu_3349_p_din2           |  out|   64|  ap_ctrl_hs|             Execute_HKS_Digit|  return value|
|grp_MultMod_1_fu_3349_p_din3           |  out|   64|  ap_ctrl_hs|             Execute_HKS_Digit|  return value|
|grp_MultMod_1_fu_3349_p_din4           |  out|   64|  ap_ctrl_hs|             Execute_HKS_Digit|  return value|
|grp_MultMod_1_fu_3349_p_din5           |  out|   64|  ap_ctrl_hs|             Execute_HKS_Digit|  return value|
|grp_MultMod_1_fu_3349_p_dout0          |   in|   64|  ap_ctrl_hs|             Execute_HKS_Digit|  return value|
|grp_MultMod_1_fu_3357_p_din1           |  out|   64|  ap_ctrl_hs|             Execute_HKS_Digit|  return value|
|grp_MultMod_1_fu_3357_p_din2           |  out|   64|  ap_ctrl_hs|             Execute_HKS_Digit|  return value|
|grp_MultMod_1_fu_3357_p_din3           |  out|   64|  ap_ctrl_hs|             Execute_HKS_Digit|  return value|
|grp_MultMod_1_fu_3357_p_din4           |  out|   64|  ap_ctrl_hs|             Execute_HKS_Digit|  return value|
|grp_MultMod_1_fu_3357_p_din5           |  out|   64|  ap_ctrl_hs|             Execute_HKS_Digit|  return value|
|grp_MultMod_1_fu_3357_p_dout0          |   in|   64|  ap_ctrl_hs|             Execute_HKS_Digit|  return value|
|grp_MultMod_1_fu_3365_p_din1           |  out|   64|  ap_ctrl_hs|             Execute_HKS_Digit|  return value|
|grp_MultMod_1_fu_3365_p_din2           |  out|   64|  ap_ctrl_hs|             Execute_HKS_Digit|  return value|
|grp_MultMod_1_fu_3365_p_din3           |  out|   64|  ap_ctrl_hs|             Execute_HKS_Digit|  return value|
|grp_MultMod_1_fu_3365_p_din4           |  out|   64|  ap_ctrl_hs|             Execute_HKS_Digit|  return value|
|grp_MultMod_1_fu_3365_p_din5           |  out|   64|  ap_ctrl_hs|             Execute_HKS_Digit|  return value|
|grp_MultMod_1_fu_3365_p_dout0          |   in|   64|  ap_ctrl_hs|             Execute_HKS_Digit|  return value|
|grp_MultMod_1_fu_3373_p_din1           |  out|   64|  ap_ctrl_hs|             Execute_HKS_Digit|  return value|
|grp_MultMod_1_fu_3373_p_din2           |  out|   64|  ap_ctrl_hs|             Execute_HKS_Digit|  return value|
|grp_MultMod_1_fu_3373_p_din3           |  out|   64|  ap_ctrl_hs|             Execute_HKS_Digit|  return value|
|grp_MultMod_1_fu_3373_p_din4           |  out|   64|  ap_ctrl_hs|             Execute_HKS_Digit|  return value|
|grp_MultMod_1_fu_3373_p_din5           |  out|   64|  ap_ctrl_hs|             Execute_HKS_Digit|  return value|
|grp_MultMod_1_fu_3373_p_dout0          |   in|   64|  ap_ctrl_hs|             Execute_HKS_Digit|  return value|
|grp_MultMod_1_fu_3381_p_din1           |  out|   64|  ap_ctrl_hs|             Execute_HKS_Digit|  return value|
|grp_MultMod_1_fu_3381_p_din2           |  out|   64|  ap_ctrl_hs|             Execute_HKS_Digit|  return value|
|grp_MultMod_1_fu_3381_p_din3           |  out|   64|  ap_ctrl_hs|             Execute_HKS_Digit|  return value|
|grp_MultMod_1_fu_3381_p_din4           |  out|   64|  ap_ctrl_hs|             Execute_HKS_Digit|  return value|
|grp_MultMod_1_fu_3381_p_din5           |  out|   64|  ap_ctrl_hs|             Execute_HKS_Digit|  return value|
|grp_MultMod_1_fu_3381_p_dout0          |   in|   64|  ap_ctrl_hs|             Execute_HKS_Digit|  return value|
|grp_MultMod_1_fu_3389_p_din1           |  out|   64|  ap_ctrl_hs|             Execute_HKS_Digit|  return value|
|grp_MultMod_1_fu_3389_p_din2           |  out|   64|  ap_ctrl_hs|             Execute_HKS_Digit|  return value|
|grp_MultMod_1_fu_3389_p_din3           |  out|   64|  ap_ctrl_hs|             Execute_HKS_Digit|  return value|
|grp_MultMod_1_fu_3389_p_din4           |  out|   64|  ap_ctrl_hs|             Execute_HKS_Digit|  return value|
|grp_MultMod_1_fu_3389_p_din5           |  out|   64|  ap_ctrl_hs|             Execute_HKS_Digit|  return value|
|grp_MultMod_1_fu_3389_p_dout0          |   in|   64|  ap_ctrl_hs|             Execute_HKS_Digit|  return value|
|grp_MultMod_1_fu_3397_p_din1           |  out|   64|  ap_ctrl_hs|             Execute_HKS_Digit|  return value|
|grp_MultMod_1_fu_3397_p_din2           |  out|   64|  ap_ctrl_hs|             Execute_HKS_Digit|  return value|
|grp_MultMod_1_fu_3397_p_din3           |  out|   64|  ap_ctrl_hs|             Execute_HKS_Digit|  return value|
|grp_MultMod_1_fu_3397_p_din4           |  out|   64|  ap_ctrl_hs|             Execute_HKS_Digit|  return value|
|grp_MultMod_1_fu_3397_p_din5           |  out|   64|  ap_ctrl_hs|             Execute_HKS_Digit|  return value|
|grp_MultMod_1_fu_3397_p_dout0          |   in|   64|  ap_ctrl_hs|             Execute_HKS_Digit|  return value|
|grp_MultMod_1_fu_3405_p_din1           |  out|   64|  ap_ctrl_hs|             Execute_HKS_Digit|  return value|
|grp_MultMod_1_fu_3405_p_din2           |  out|   64|  ap_ctrl_hs|             Execute_HKS_Digit|  return value|
|grp_MultMod_1_fu_3405_p_din3           |  out|   64|  ap_ctrl_hs|             Execute_HKS_Digit|  return value|
|grp_MultMod_1_fu_3405_p_din4           |  out|   64|  ap_ctrl_hs|             Execute_HKS_Digit|  return value|
|grp_MultMod_1_fu_3405_p_din5           |  out|   64|  ap_ctrl_hs|             Execute_HKS_Digit|  return value|
|grp_MultMod_1_fu_3405_p_dout0          |   in|   64|  ap_ctrl_hs|             Execute_HKS_Digit|  return value|
|grp_MultMod_1_fu_3413_p_din1           |  out|   64|  ap_ctrl_hs|             Execute_HKS_Digit|  return value|
|grp_MultMod_1_fu_3413_p_din2           |  out|   64|  ap_ctrl_hs|             Execute_HKS_Digit|  return value|
|grp_MultMod_1_fu_3413_p_din3           |  out|   64|  ap_ctrl_hs|             Execute_HKS_Digit|  return value|
|grp_MultMod_1_fu_3413_p_din4           |  out|   64|  ap_ctrl_hs|             Execute_HKS_Digit|  return value|
|grp_MultMod_1_fu_3413_p_din5           |  out|   64|  ap_ctrl_hs|             Execute_HKS_Digit|  return value|
|grp_MultMod_1_fu_3413_p_dout0          |   in|   64|  ap_ctrl_hs|             Execute_HKS_Digit|  return value|
|m_axi_gmem0_AWVALID                    |  out|    1|       m_axi|                         gmem0|       pointer|
|m_axi_gmem0_AWREADY                    |   in|    1|       m_axi|                         gmem0|       pointer|
|m_axi_gmem0_AWADDR                     |  out|   64|       m_axi|                         gmem0|       pointer|
|m_axi_gmem0_AWID                       |  out|    1|       m_axi|                         gmem0|       pointer|
|m_axi_gmem0_AWLEN                      |  out|   32|       m_axi|                         gmem0|       pointer|
|m_axi_gmem0_AWSIZE                     |  out|    3|       m_axi|                         gmem0|       pointer|
|m_axi_gmem0_AWBURST                    |  out|    2|       m_axi|                         gmem0|       pointer|
|m_axi_gmem0_AWLOCK                     |  out|    2|       m_axi|                         gmem0|       pointer|
|m_axi_gmem0_AWCACHE                    |  out|    4|       m_axi|                         gmem0|       pointer|
|m_axi_gmem0_AWPROT                     |  out|    3|       m_axi|                         gmem0|       pointer|
|m_axi_gmem0_AWQOS                      |  out|    4|       m_axi|                         gmem0|       pointer|
|m_axi_gmem0_AWREGION                   |  out|    4|       m_axi|                         gmem0|       pointer|
|m_axi_gmem0_AWUSER                     |  out|    1|       m_axi|                         gmem0|       pointer|
|m_axi_gmem0_WVALID                     |  out|    1|       m_axi|                         gmem0|       pointer|
|m_axi_gmem0_WREADY                     |   in|    1|       m_axi|                         gmem0|       pointer|
|m_axi_gmem0_WDATA                      |  out|   64|       m_axi|                         gmem0|       pointer|
|m_axi_gmem0_WSTRB                      |  out|    8|       m_axi|                         gmem0|       pointer|
|m_axi_gmem0_WLAST                      |  out|    1|       m_axi|                         gmem0|       pointer|
|m_axi_gmem0_WID                        |  out|    1|       m_axi|                         gmem0|       pointer|
|m_axi_gmem0_WUSER                      |  out|    1|       m_axi|                         gmem0|       pointer|
|m_axi_gmem0_ARVALID                    |  out|    1|       m_axi|                         gmem0|       pointer|
|m_axi_gmem0_ARREADY                    |   in|    1|       m_axi|                         gmem0|       pointer|
|m_axi_gmem0_ARADDR                     |  out|   64|       m_axi|                         gmem0|       pointer|
|m_axi_gmem0_ARID                       |  out|    1|       m_axi|                         gmem0|       pointer|
|m_axi_gmem0_ARLEN                      |  out|   32|       m_axi|                         gmem0|       pointer|
|m_axi_gmem0_ARSIZE                     |  out|    3|       m_axi|                         gmem0|       pointer|
|m_axi_gmem0_ARBURST                    |  out|    2|       m_axi|                         gmem0|       pointer|
|m_axi_gmem0_ARLOCK                     |  out|    2|       m_axi|                         gmem0|       pointer|
|m_axi_gmem0_ARCACHE                    |  out|    4|       m_axi|                         gmem0|       pointer|
|m_axi_gmem0_ARPROT                     |  out|    3|       m_axi|                         gmem0|       pointer|
|m_axi_gmem0_ARQOS                      |  out|    4|       m_axi|                         gmem0|       pointer|
|m_axi_gmem0_ARREGION                   |  out|    4|       m_axi|                         gmem0|       pointer|
|m_axi_gmem0_ARUSER                     |  out|    1|       m_axi|                         gmem0|       pointer|
|m_axi_gmem0_RVALID                     |   in|    1|       m_axi|                         gmem0|       pointer|
|m_axi_gmem0_RREADY                     |  out|    1|       m_axi|                         gmem0|       pointer|
|m_axi_gmem0_RDATA                      |   in|   64|       m_axi|                         gmem0|       pointer|
|m_axi_gmem0_RLAST                      |   in|    1|       m_axi|                         gmem0|       pointer|
|m_axi_gmem0_RID                        |   in|    1|       m_axi|                         gmem0|       pointer|
|m_axi_gmem0_RFIFONUM                   |   in|    9|       m_axi|                         gmem0|       pointer|
|m_axi_gmem0_RUSER                      |   in|    1|       m_axi|                         gmem0|       pointer|
|m_axi_gmem0_RRESP                      |   in|    2|       m_axi|                         gmem0|       pointer|
|m_axi_gmem0_BVALID                     |   in|    1|       m_axi|                         gmem0|       pointer|
|m_axi_gmem0_BREADY                     |  out|    1|       m_axi|                         gmem0|       pointer|
|m_axi_gmem0_BRESP                      |   in|    2|       m_axi|                         gmem0|       pointer|
|m_axi_gmem0_BID                        |   in|    1|       m_axi|                         gmem0|       pointer|
|m_axi_gmem0_BUSER                      |   in|    1|       m_axi|                         gmem0|       pointer|
|mem_in1                                |   in|   64|     ap_none|                       mem_in1|        scalar|
|m_axi_gmem1_AWVALID                    |  out|    1|       m_axi|                         gmem1|       pointer|
|m_axi_gmem1_AWREADY                    |   in|    1|       m_axi|                         gmem1|       pointer|
|m_axi_gmem1_AWADDR                     |  out|   64|       m_axi|                         gmem1|       pointer|
|m_axi_gmem1_AWID                       |  out|    1|       m_axi|                         gmem1|       pointer|
|m_axi_gmem1_AWLEN                      |  out|   32|       m_axi|                         gmem1|       pointer|
|m_axi_gmem1_AWSIZE                     |  out|    3|       m_axi|                         gmem1|       pointer|
|m_axi_gmem1_AWBURST                    |  out|    2|       m_axi|                         gmem1|       pointer|
|m_axi_gmem1_AWLOCK                     |  out|    2|       m_axi|                         gmem1|       pointer|
|m_axi_gmem1_AWCACHE                    |  out|    4|       m_axi|                         gmem1|       pointer|
|m_axi_gmem1_AWPROT                     |  out|    3|       m_axi|                         gmem1|       pointer|
|m_axi_gmem1_AWQOS                      |  out|    4|       m_axi|                         gmem1|       pointer|
|m_axi_gmem1_AWREGION                   |  out|    4|       m_axi|                         gmem1|       pointer|
|m_axi_gmem1_AWUSER                     |  out|    1|       m_axi|                         gmem1|       pointer|
|m_axi_gmem1_WVALID                     |  out|    1|       m_axi|                         gmem1|       pointer|
|m_axi_gmem1_WREADY                     |   in|    1|       m_axi|                         gmem1|       pointer|
|m_axi_gmem1_WDATA                      |  out|   64|       m_axi|                         gmem1|       pointer|
|m_axi_gmem1_WSTRB                      |  out|    8|       m_axi|                         gmem1|       pointer|
|m_axi_gmem1_WLAST                      |  out|    1|       m_axi|                         gmem1|       pointer|
|m_axi_gmem1_WID                        |  out|    1|       m_axi|                         gmem1|       pointer|
|m_axi_gmem1_WUSER                      |  out|    1|       m_axi|                         gmem1|       pointer|
|m_axi_gmem1_ARVALID                    |  out|    1|       m_axi|                         gmem1|       pointer|
|m_axi_gmem1_ARREADY                    |   in|    1|       m_axi|                         gmem1|       pointer|
|m_axi_gmem1_ARADDR                     |  out|   64|       m_axi|                         gmem1|       pointer|
|m_axi_gmem1_ARID                       |  out|    1|       m_axi|                         gmem1|       pointer|
|m_axi_gmem1_ARLEN                      |  out|   32|       m_axi|                         gmem1|       pointer|
|m_axi_gmem1_ARSIZE                     |  out|    3|       m_axi|                         gmem1|       pointer|
|m_axi_gmem1_ARBURST                    |  out|    2|       m_axi|                         gmem1|       pointer|
|m_axi_gmem1_ARLOCK                     |  out|    2|       m_axi|                         gmem1|       pointer|
|m_axi_gmem1_ARCACHE                    |  out|    4|       m_axi|                         gmem1|       pointer|
|m_axi_gmem1_ARPROT                     |  out|    3|       m_axi|                         gmem1|       pointer|
|m_axi_gmem1_ARQOS                      |  out|    4|       m_axi|                         gmem1|       pointer|
|m_axi_gmem1_ARREGION                   |  out|    4|       m_axi|                         gmem1|       pointer|
|m_axi_gmem1_ARUSER                     |  out|    1|       m_axi|                         gmem1|       pointer|
|m_axi_gmem1_RVALID                     |   in|    1|       m_axi|                         gmem1|       pointer|
|m_axi_gmem1_RREADY                     |  out|    1|       m_axi|                         gmem1|       pointer|
|m_axi_gmem1_RDATA                      |   in|   64|       m_axi|                         gmem1|       pointer|
|m_axi_gmem1_RLAST                      |   in|    1|       m_axi|                         gmem1|       pointer|
|m_axi_gmem1_RID                        |   in|    1|       m_axi|                         gmem1|       pointer|
|m_axi_gmem1_RFIFONUM                   |   in|    9|       m_axi|                         gmem1|       pointer|
|m_axi_gmem1_RUSER                      |   in|    1|       m_axi|                         gmem1|       pointer|
|m_axi_gmem1_RRESP                      |   in|    2|       m_axi|                         gmem1|       pointer|
|m_axi_gmem1_BVALID                     |   in|    1|       m_axi|                         gmem1|       pointer|
|m_axi_gmem1_BREADY                     |  out|    1|       m_axi|                         gmem1|       pointer|
|m_axi_gmem1_BRESP                      |   in|    2|       m_axi|                         gmem1|       pointer|
|m_axi_gmem1_BID                        |   in|    1|       m_axi|                         gmem1|       pointer|
|m_axi_gmem1_BUSER                      |   in|    1|       m_axi|                         gmem1|       pointer|
|mem_in2                                |   in|   64|     ap_none|                       mem_in2|        scalar|
|m_axi_gmem2_AWVALID                    |  out|    1|       m_axi|                         gmem2|       pointer|
|m_axi_gmem2_AWREADY                    |   in|    1|       m_axi|                         gmem2|       pointer|
|m_axi_gmem2_AWADDR                     |  out|   64|       m_axi|                         gmem2|       pointer|
|m_axi_gmem2_AWID                       |  out|    1|       m_axi|                         gmem2|       pointer|
|m_axi_gmem2_AWLEN                      |  out|   32|       m_axi|                         gmem2|       pointer|
|m_axi_gmem2_AWSIZE                     |  out|    3|       m_axi|                         gmem2|       pointer|
|m_axi_gmem2_AWBURST                    |  out|    2|       m_axi|                         gmem2|       pointer|
|m_axi_gmem2_AWLOCK                     |  out|    2|       m_axi|                         gmem2|       pointer|
|m_axi_gmem2_AWCACHE                    |  out|    4|       m_axi|                         gmem2|       pointer|
|m_axi_gmem2_AWPROT                     |  out|    3|       m_axi|                         gmem2|       pointer|
|m_axi_gmem2_AWQOS                      |  out|    4|       m_axi|                         gmem2|       pointer|
|m_axi_gmem2_AWREGION                   |  out|    4|       m_axi|                         gmem2|       pointer|
|m_axi_gmem2_AWUSER                     |  out|    1|       m_axi|                         gmem2|       pointer|
|m_axi_gmem2_WVALID                     |  out|    1|       m_axi|                         gmem2|       pointer|
|m_axi_gmem2_WREADY                     |   in|    1|       m_axi|                         gmem2|       pointer|
|m_axi_gmem2_WDATA                      |  out|   64|       m_axi|                         gmem2|       pointer|
|m_axi_gmem2_WSTRB                      |  out|    8|       m_axi|                         gmem2|       pointer|
|m_axi_gmem2_WLAST                      |  out|    1|       m_axi|                         gmem2|       pointer|
|m_axi_gmem2_WID                        |  out|    1|       m_axi|                         gmem2|       pointer|
|m_axi_gmem2_WUSER                      |  out|    1|       m_axi|                         gmem2|       pointer|
|m_axi_gmem2_ARVALID                    |  out|    1|       m_axi|                         gmem2|       pointer|
|m_axi_gmem2_ARREADY                    |   in|    1|       m_axi|                         gmem2|       pointer|
|m_axi_gmem2_ARADDR                     |  out|   64|       m_axi|                         gmem2|       pointer|
|m_axi_gmem2_ARID                       |  out|    1|       m_axi|                         gmem2|       pointer|
|m_axi_gmem2_ARLEN                      |  out|   32|       m_axi|                         gmem2|       pointer|
|m_axi_gmem2_ARSIZE                     |  out|    3|       m_axi|                         gmem2|       pointer|
|m_axi_gmem2_ARBURST                    |  out|    2|       m_axi|                         gmem2|       pointer|
|m_axi_gmem2_ARLOCK                     |  out|    2|       m_axi|                         gmem2|       pointer|
|m_axi_gmem2_ARCACHE                    |  out|    4|       m_axi|                         gmem2|       pointer|
|m_axi_gmem2_ARPROT                     |  out|    3|       m_axi|                         gmem2|       pointer|
|m_axi_gmem2_ARQOS                      |  out|    4|       m_axi|                         gmem2|       pointer|
|m_axi_gmem2_ARREGION                   |  out|    4|       m_axi|                         gmem2|       pointer|
|m_axi_gmem2_ARUSER                     |  out|    1|       m_axi|                         gmem2|       pointer|
|m_axi_gmem2_RVALID                     |   in|    1|       m_axi|                         gmem2|       pointer|
|m_axi_gmem2_RREADY                     |  out|    1|       m_axi|                         gmem2|       pointer|
|m_axi_gmem2_RDATA                      |   in|   64|       m_axi|                         gmem2|       pointer|
|m_axi_gmem2_RLAST                      |   in|    1|       m_axi|                         gmem2|       pointer|
|m_axi_gmem2_RID                        |   in|    1|       m_axi|                         gmem2|       pointer|
|m_axi_gmem2_RFIFONUM                   |   in|    9|       m_axi|                         gmem2|       pointer|
|m_axi_gmem2_RUSER                      |   in|    1|       m_axi|                         gmem2|       pointer|
|m_axi_gmem2_RRESP                      |   in|    2|       m_axi|                         gmem2|       pointer|
|m_axi_gmem2_BVALID                     |   in|    1|       m_axi|                         gmem2|       pointer|
|m_axi_gmem2_BREADY                     |  out|    1|       m_axi|                         gmem2|       pointer|
|m_axi_gmem2_BRESP                      |   in|    2|       m_axi|                         gmem2|       pointer|
|m_axi_gmem2_BID                        |   in|    1|       m_axi|                         gmem2|       pointer|
|m_axi_gmem2_BUSER                      |   in|    1|       m_axi|                         gmem2|       pointer|
|mem_out                                |   in|   64|     ap_none|                       mem_out|        scalar|
|alpha                                  |   in|   32|     ap_none|                         alpha|        scalar|
|digit_start                            |   in|   32|     ap_none|                   digit_start|        scalar|
|p_ZL7MODULUS_0                         |   in|   64|     ap_none|                p_ZL7MODULUS_0|       pointer|
|p_ZL7MODULUS_1                         |   in|   64|     ap_none|                p_ZL7MODULUS_1|       pointer|
|p_ZL7MODULUS_2                         |   in|   64|     ap_none|                p_ZL7MODULUS_2|       pointer|
|p_ZL7MODULUS_3                         |   in|   64|     ap_none|                p_ZL7MODULUS_3|       pointer|
|p_ZL7MODULUS_4                         |   in|   64|     ap_none|                p_ZL7MODULUS_4|       pointer|
|S_address0                             |  out|    3|   ap_memory|                             S|         array|
|S_ce0                                  |  out|    1|   ap_memory|                             S|         array|
|S_q0                                   |   in|   64|   ap_memory|                             S|         array|
|M_address0                             |  out|    3|   ap_memory|                             M|         array|
|M_ce0                                  |  out|    1|   ap_memory|                             M|         array|
|M_q0                                   |   in|   64|   ap_memory|                             M|         array|
|p_ZL13poly_buffer_2_0_address0         |  out|   13|   ap_memory|         p_ZL13poly_buffer_2_0|         array|
|p_ZL13poly_buffer_2_0_ce0              |  out|    1|   ap_memory|         p_ZL13poly_buffer_2_0|         array|
|p_ZL13poly_buffer_2_0_q0               |   in|   64|   ap_memory|         p_ZL13poly_buffer_2_0|         array|
|p_ZL13poly_buffer_2_0_address1         |  out|   13|   ap_memory|         p_ZL13poly_buffer_2_0|         array|
|p_ZL13poly_buffer_2_0_ce1              |  out|    1|   ap_memory|         p_ZL13poly_buffer_2_0|         array|
|p_ZL13poly_buffer_2_0_we1              |  out|    1|   ap_memory|         p_ZL13poly_buffer_2_0|         array|
|p_ZL13poly_buffer_2_0_d1               |  out|   64|   ap_memory|         p_ZL13poly_buffer_2_0|         array|
|p_ZL13poly_buffer_2_0_q1               |   in|   64|   ap_memory|         p_ZL13poly_buffer_2_0|         array|
|p_ZL13poly_buffer_2_1_address0         |  out|   13|   ap_memory|         p_ZL13poly_buffer_2_1|         array|
|p_ZL13poly_buffer_2_1_ce0              |  out|    1|   ap_memory|         p_ZL13poly_buffer_2_1|         array|
|p_ZL13poly_buffer_2_1_q0               |   in|   64|   ap_memory|         p_ZL13poly_buffer_2_1|         array|
|p_ZL13poly_buffer_2_1_address1         |  out|   13|   ap_memory|         p_ZL13poly_buffer_2_1|         array|
|p_ZL13poly_buffer_2_1_ce1              |  out|    1|   ap_memory|         p_ZL13poly_buffer_2_1|         array|
|p_ZL13poly_buffer_2_1_we1              |  out|    1|   ap_memory|         p_ZL13poly_buffer_2_1|         array|
|p_ZL13poly_buffer_2_1_d1               |  out|   64|   ap_memory|         p_ZL13poly_buffer_2_1|         array|
|p_ZL13poly_buffer_2_1_q1               |   in|   64|   ap_memory|         p_ZL13poly_buffer_2_1|         array|
|p_ZL13poly_buffer_2_2_address0         |  out|   13|   ap_memory|         p_ZL13poly_buffer_2_2|         array|
|p_ZL13poly_buffer_2_2_ce0              |  out|    1|   ap_memory|         p_ZL13poly_buffer_2_2|         array|
|p_ZL13poly_buffer_2_2_q0               |   in|   64|   ap_memory|         p_ZL13poly_buffer_2_2|         array|
|p_ZL13poly_buffer_2_2_address1         |  out|   13|   ap_memory|         p_ZL13poly_buffer_2_2|         array|
|p_ZL13poly_buffer_2_2_ce1              |  out|    1|   ap_memory|         p_ZL13poly_buffer_2_2|         array|
|p_ZL13poly_buffer_2_2_we1              |  out|    1|   ap_memory|         p_ZL13poly_buffer_2_2|         array|
|p_ZL13poly_buffer_2_2_d1               |  out|   64|   ap_memory|         p_ZL13poly_buffer_2_2|         array|
|p_ZL13poly_buffer_2_2_q1               |   in|   64|   ap_memory|         p_ZL13poly_buffer_2_2|         array|
|p_ZL13poly_buffer_2_3_address0         |  out|   13|   ap_memory|         p_ZL13poly_buffer_2_3|         array|
|p_ZL13poly_buffer_2_3_ce0              |  out|    1|   ap_memory|         p_ZL13poly_buffer_2_3|         array|
|p_ZL13poly_buffer_2_3_q0               |   in|   64|   ap_memory|         p_ZL13poly_buffer_2_3|         array|
|p_ZL13poly_buffer_2_3_address1         |  out|   13|   ap_memory|         p_ZL13poly_buffer_2_3|         array|
|p_ZL13poly_buffer_2_3_ce1              |  out|    1|   ap_memory|         p_ZL13poly_buffer_2_3|         array|
|p_ZL13poly_buffer_2_3_we1              |  out|    1|   ap_memory|         p_ZL13poly_buffer_2_3|         array|
|p_ZL13poly_buffer_2_3_d1               |  out|   64|   ap_memory|         p_ZL13poly_buffer_2_3|         array|
|p_ZL13poly_buffer_2_3_q1               |   in|   64|   ap_memory|         p_ZL13poly_buffer_2_3|         array|
|p_ZL13result_buffer_0_0_address0       |  out|   10|   ap_memory|       p_ZL13result_buffer_0_0|         array|
|p_ZL13result_buffer_0_0_ce0            |  out|    1|   ap_memory|       p_ZL13result_buffer_0_0|         array|
|p_ZL13result_buffer_0_0_q0             |   in|   64|   ap_memory|       p_ZL13result_buffer_0_0|         array|
|p_ZL13result_buffer_0_0_address1       |  out|   10|   ap_memory|       p_ZL13result_buffer_0_0|         array|
|p_ZL13result_buffer_0_0_ce1            |  out|    1|   ap_memory|       p_ZL13result_buffer_0_0|         array|
|p_ZL13result_buffer_0_0_we1            |  out|    1|   ap_memory|       p_ZL13result_buffer_0_0|         array|
|p_ZL13result_buffer_0_0_d1             |  out|   64|   ap_memory|       p_ZL13result_buffer_0_0|         array|
|p_ZL13result_buffer_0_0_q1             |   in|   64|   ap_memory|       p_ZL13result_buffer_0_0|         array|
|p_ZL13result_buffer_0_1_address0       |  out|   10|   ap_memory|       p_ZL13result_buffer_0_1|         array|
|p_ZL13result_buffer_0_1_ce0            |  out|    1|   ap_memory|       p_ZL13result_buffer_0_1|         array|
|p_ZL13result_buffer_0_1_q0             |   in|   64|   ap_memory|       p_ZL13result_buffer_0_1|         array|
|p_ZL13result_buffer_0_1_address1       |  out|   10|   ap_memory|       p_ZL13result_buffer_0_1|         array|
|p_ZL13result_buffer_0_1_ce1            |  out|    1|   ap_memory|       p_ZL13result_buffer_0_1|         array|
|p_ZL13result_buffer_0_1_we1            |  out|    1|   ap_memory|       p_ZL13result_buffer_0_1|         array|
|p_ZL13result_buffer_0_1_d1             |  out|   64|   ap_memory|       p_ZL13result_buffer_0_1|         array|
|p_ZL13result_buffer_0_1_q1             |   in|   64|   ap_memory|       p_ZL13result_buffer_0_1|         array|
|p_ZL13result_buffer_0_2_address0       |  out|   10|   ap_memory|       p_ZL13result_buffer_0_2|         array|
|p_ZL13result_buffer_0_2_ce0            |  out|    1|   ap_memory|       p_ZL13result_buffer_0_2|         array|
|p_ZL13result_buffer_0_2_q0             |   in|   64|   ap_memory|       p_ZL13result_buffer_0_2|         array|
|p_ZL13result_buffer_0_2_address1       |  out|   10|   ap_memory|       p_ZL13result_buffer_0_2|         array|
|p_ZL13result_buffer_0_2_ce1            |  out|    1|   ap_memory|       p_ZL13result_buffer_0_2|         array|
|p_ZL13result_buffer_0_2_we1            |  out|    1|   ap_memory|       p_ZL13result_buffer_0_2|         array|
|p_ZL13result_buffer_0_2_d1             |  out|   64|   ap_memory|       p_ZL13result_buffer_0_2|         array|
|p_ZL13result_buffer_0_2_q1             |   in|   64|   ap_memory|       p_ZL13result_buffer_0_2|         array|
|p_ZL13result_buffer_0_3_address0       |  out|   10|   ap_memory|       p_ZL13result_buffer_0_3|         array|
|p_ZL13result_buffer_0_3_ce0            |  out|    1|   ap_memory|       p_ZL13result_buffer_0_3|         array|
|p_ZL13result_buffer_0_3_q0             |   in|   64|   ap_memory|       p_ZL13result_buffer_0_3|         array|
|p_ZL13result_buffer_0_3_address1       |  out|   10|   ap_memory|       p_ZL13result_buffer_0_3|         array|
|p_ZL13result_buffer_0_3_ce1            |  out|    1|   ap_memory|       p_ZL13result_buffer_0_3|         array|
|p_ZL13result_buffer_0_3_we1            |  out|    1|   ap_memory|       p_ZL13result_buffer_0_3|         array|
|p_ZL13result_buffer_0_3_d1             |  out|   64|   ap_memory|       p_ZL13result_buffer_0_3|         array|
|p_ZL13result_buffer_0_3_q1             |   in|   64|   ap_memory|       p_ZL13result_buffer_0_3|         array|
|p_ZL13result_buffer_0_4_address0       |  out|   10|   ap_memory|       p_ZL13result_buffer_0_4|         array|
|p_ZL13result_buffer_0_4_ce0            |  out|    1|   ap_memory|       p_ZL13result_buffer_0_4|         array|
|p_ZL13result_buffer_0_4_q0             |   in|   64|   ap_memory|       p_ZL13result_buffer_0_4|         array|
|p_ZL13result_buffer_0_4_address1       |  out|   10|   ap_memory|       p_ZL13result_buffer_0_4|         array|
|p_ZL13result_buffer_0_4_ce1            |  out|    1|   ap_memory|       p_ZL13result_buffer_0_4|         array|
|p_ZL13result_buffer_0_4_we1            |  out|    1|   ap_memory|       p_ZL13result_buffer_0_4|         array|
|p_ZL13result_buffer_0_4_d1             |  out|   64|   ap_memory|       p_ZL13result_buffer_0_4|         array|
|p_ZL13result_buffer_0_4_q1             |   in|   64|   ap_memory|       p_ZL13result_buffer_0_4|         array|
|p_ZL13result_buffer_0_5_address0       |  out|   10|   ap_memory|       p_ZL13result_buffer_0_5|         array|
|p_ZL13result_buffer_0_5_ce0            |  out|    1|   ap_memory|       p_ZL13result_buffer_0_5|         array|
|p_ZL13result_buffer_0_5_q0             |   in|   64|   ap_memory|       p_ZL13result_buffer_0_5|         array|
|p_ZL13result_buffer_0_5_address1       |  out|   10|   ap_memory|       p_ZL13result_buffer_0_5|         array|
|p_ZL13result_buffer_0_5_ce1            |  out|    1|   ap_memory|       p_ZL13result_buffer_0_5|         array|
|p_ZL13result_buffer_0_5_we1            |  out|    1|   ap_memory|       p_ZL13result_buffer_0_5|         array|
|p_ZL13result_buffer_0_5_d1             |  out|   64|   ap_memory|       p_ZL13result_buffer_0_5|         array|
|p_ZL13result_buffer_0_5_q1             |   in|   64|   ap_memory|       p_ZL13result_buffer_0_5|         array|
|p_ZL13result_buffer_0_6_address0       |  out|   10|   ap_memory|       p_ZL13result_buffer_0_6|         array|
|p_ZL13result_buffer_0_6_ce0            |  out|    1|   ap_memory|       p_ZL13result_buffer_0_6|         array|
|p_ZL13result_buffer_0_6_q0             |   in|   64|   ap_memory|       p_ZL13result_buffer_0_6|         array|
|p_ZL13result_buffer_0_6_address1       |  out|   10|   ap_memory|       p_ZL13result_buffer_0_6|         array|
|p_ZL13result_buffer_0_6_ce1            |  out|    1|   ap_memory|       p_ZL13result_buffer_0_6|         array|
|p_ZL13result_buffer_0_6_we1            |  out|    1|   ap_memory|       p_ZL13result_buffer_0_6|         array|
|p_ZL13result_buffer_0_6_d1             |  out|   64|   ap_memory|       p_ZL13result_buffer_0_6|         array|
|p_ZL13result_buffer_0_6_q1             |   in|   64|   ap_memory|       p_ZL13result_buffer_0_6|         array|
|p_ZL13result_buffer_0_7_address0       |  out|   10|   ap_memory|       p_ZL13result_buffer_0_7|         array|
|p_ZL13result_buffer_0_7_ce0            |  out|    1|   ap_memory|       p_ZL13result_buffer_0_7|         array|
|p_ZL13result_buffer_0_7_q0             |   in|   64|   ap_memory|       p_ZL13result_buffer_0_7|         array|
|p_ZL13result_buffer_0_7_address1       |  out|   10|   ap_memory|       p_ZL13result_buffer_0_7|         array|
|p_ZL13result_buffer_0_7_ce1            |  out|    1|   ap_memory|       p_ZL13result_buffer_0_7|         array|
|p_ZL13result_buffer_0_7_we1            |  out|    1|   ap_memory|       p_ZL13result_buffer_0_7|         array|
|p_ZL13result_buffer_0_7_d1             |  out|   64|   ap_memory|       p_ZL13result_buffer_0_7|         array|
|p_ZL13result_buffer_0_7_q1             |   in|   64|   ap_memory|       p_ZL13result_buffer_0_7|         array|
|p_ZL13result_buffer_1_0_address0       |  out|   10|   ap_memory|       p_ZL13result_buffer_1_0|         array|
|p_ZL13result_buffer_1_0_ce0            |  out|    1|   ap_memory|       p_ZL13result_buffer_1_0|         array|
|p_ZL13result_buffer_1_0_q0             |   in|   64|   ap_memory|       p_ZL13result_buffer_1_0|         array|
|p_ZL13result_buffer_1_0_address1       |  out|   10|   ap_memory|       p_ZL13result_buffer_1_0|         array|
|p_ZL13result_buffer_1_0_ce1            |  out|    1|   ap_memory|       p_ZL13result_buffer_1_0|         array|
|p_ZL13result_buffer_1_0_we1            |  out|    1|   ap_memory|       p_ZL13result_buffer_1_0|         array|
|p_ZL13result_buffer_1_0_d1             |  out|   64|   ap_memory|       p_ZL13result_buffer_1_0|         array|
|p_ZL13result_buffer_1_0_q1             |   in|   64|   ap_memory|       p_ZL13result_buffer_1_0|         array|
|p_ZL13result_buffer_1_1_address0       |  out|   10|   ap_memory|       p_ZL13result_buffer_1_1|         array|
|p_ZL13result_buffer_1_1_ce0            |  out|    1|   ap_memory|       p_ZL13result_buffer_1_1|         array|
|p_ZL13result_buffer_1_1_q0             |   in|   64|   ap_memory|       p_ZL13result_buffer_1_1|         array|
|p_ZL13result_buffer_1_1_address1       |  out|   10|   ap_memory|       p_ZL13result_buffer_1_1|         array|
|p_ZL13result_buffer_1_1_ce1            |  out|    1|   ap_memory|       p_ZL13result_buffer_1_1|         array|
|p_ZL13result_buffer_1_1_we1            |  out|    1|   ap_memory|       p_ZL13result_buffer_1_1|         array|
|p_ZL13result_buffer_1_1_d1             |  out|   64|   ap_memory|       p_ZL13result_buffer_1_1|         array|
|p_ZL13result_buffer_1_1_q1             |   in|   64|   ap_memory|       p_ZL13result_buffer_1_1|         array|
|p_ZL13result_buffer_1_2_address0       |  out|   10|   ap_memory|       p_ZL13result_buffer_1_2|         array|
|p_ZL13result_buffer_1_2_ce0            |  out|    1|   ap_memory|       p_ZL13result_buffer_1_2|         array|
|p_ZL13result_buffer_1_2_q0             |   in|   64|   ap_memory|       p_ZL13result_buffer_1_2|         array|
|p_ZL13result_buffer_1_2_address1       |  out|   10|   ap_memory|       p_ZL13result_buffer_1_2|         array|
|p_ZL13result_buffer_1_2_ce1            |  out|    1|   ap_memory|       p_ZL13result_buffer_1_2|         array|
|p_ZL13result_buffer_1_2_we1            |  out|    1|   ap_memory|       p_ZL13result_buffer_1_2|         array|
|p_ZL13result_buffer_1_2_d1             |  out|   64|   ap_memory|       p_ZL13result_buffer_1_2|         array|
|p_ZL13result_buffer_1_2_q1             |   in|   64|   ap_memory|       p_ZL13result_buffer_1_2|         array|
|p_ZL13result_buffer_1_3_address0       |  out|   10|   ap_memory|       p_ZL13result_buffer_1_3|         array|
|p_ZL13result_buffer_1_3_ce0            |  out|    1|   ap_memory|       p_ZL13result_buffer_1_3|         array|
|p_ZL13result_buffer_1_3_q0             |   in|   64|   ap_memory|       p_ZL13result_buffer_1_3|         array|
|p_ZL13result_buffer_1_3_address1       |  out|   10|   ap_memory|       p_ZL13result_buffer_1_3|         array|
|p_ZL13result_buffer_1_3_ce1            |  out|    1|   ap_memory|       p_ZL13result_buffer_1_3|         array|
|p_ZL13result_buffer_1_3_we1            |  out|    1|   ap_memory|       p_ZL13result_buffer_1_3|         array|
|p_ZL13result_buffer_1_3_d1             |  out|   64|   ap_memory|       p_ZL13result_buffer_1_3|         array|
|p_ZL13result_buffer_1_3_q1             |   in|   64|   ap_memory|       p_ZL13result_buffer_1_3|         array|
|p_ZL13result_buffer_1_4_address0       |  out|   10|   ap_memory|       p_ZL13result_buffer_1_4|         array|
|p_ZL13result_buffer_1_4_ce0            |  out|    1|   ap_memory|       p_ZL13result_buffer_1_4|         array|
|p_ZL13result_buffer_1_4_q0             |   in|   64|   ap_memory|       p_ZL13result_buffer_1_4|         array|
|p_ZL13result_buffer_1_4_address1       |  out|   10|   ap_memory|       p_ZL13result_buffer_1_4|         array|
|p_ZL13result_buffer_1_4_ce1            |  out|    1|   ap_memory|       p_ZL13result_buffer_1_4|         array|
|p_ZL13result_buffer_1_4_we1            |  out|    1|   ap_memory|       p_ZL13result_buffer_1_4|         array|
|p_ZL13result_buffer_1_4_d1             |  out|   64|   ap_memory|       p_ZL13result_buffer_1_4|         array|
|p_ZL13result_buffer_1_4_q1             |   in|   64|   ap_memory|       p_ZL13result_buffer_1_4|         array|
|p_ZL13result_buffer_1_5_address0       |  out|   10|   ap_memory|       p_ZL13result_buffer_1_5|         array|
|p_ZL13result_buffer_1_5_ce0            |  out|    1|   ap_memory|       p_ZL13result_buffer_1_5|         array|
|p_ZL13result_buffer_1_5_q0             |   in|   64|   ap_memory|       p_ZL13result_buffer_1_5|         array|
|p_ZL13result_buffer_1_5_address1       |  out|   10|   ap_memory|       p_ZL13result_buffer_1_5|         array|
|p_ZL13result_buffer_1_5_ce1            |  out|    1|   ap_memory|       p_ZL13result_buffer_1_5|         array|
|p_ZL13result_buffer_1_5_we1            |  out|    1|   ap_memory|       p_ZL13result_buffer_1_5|         array|
|p_ZL13result_buffer_1_5_d1             |  out|   64|   ap_memory|       p_ZL13result_buffer_1_5|         array|
|p_ZL13result_buffer_1_5_q1             |   in|   64|   ap_memory|       p_ZL13result_buffer_1_5|         array|
|p_ZL13result_buffer_1_6_address0       |  out|   10|   ap_memory|       p_ZL13result_buffer_1_6|         array|
|p_ZL13result_buffer_1_6_ce0            |  out|    1|   ap_memory|       p_ZL13result_buffer_1_6|         array|
|p_ZL13result_buffer_1_6_q0             |   in|   64|   ap_memory|       p_ZL13result_buffer_1_6|         array|
|p_ZL13result_buffer_1_6_address1       |  out|   10|   ap_memory|       p_ZL13result_buffer_1_6|         array|
|p_ZL13result_buffer_1_6_ce1            |  out|    1|   ap_memory|       p_ZL13result_buffer_1_6|         array|
|p_ZL13result_buffer_1_6_we1            |  out|    1|   ap_memory|       p_ZL13result_buffer_1_6|         array|
|p_ZL13result_buffer_1_6_d1             |  out|   64|   ap_memory|       p_ZL13result_buffer_1_6|         array|
|p_ZL13result_buffer_1_6_q1             |   in|   64|   ap_memory|       p_ZL13result_buffer_1_6|         array|
|p_ZL13result_buffer_1_7_address0       |  out|   10|   ap_memory|       p_ZL13result_buffer_1_7|         array|
|p_ZL13result_buffer_1_7_ce0            |  out|    1|   ap_memory|       p_ZL13result_buffer_1_7|         array|
|p_ZL13result_buffer_1_7_q0             |   in|   64|   ap_memory|       p_ZL13result_buffer_1_7|         array|
|p_ZL13result_buffer_1_7_address1       |  out|   10|   ap_memory|       p_ZL13result_buffer_1_7|         array|
|p_ZL13result_buffer_1_7_ce1            |  out|    1|   ap_memory|       p_ZL13result_buffer_1_7|         array|
|p_ZL13result_buffer_1_7_we1            |  out|    1|   ap_memory|       p_ZL13result_buffer_1_7|         array|
|p_ZL13result_buffer_1_7_d1             |  out|   64|   ap_memory|       p_ZL13result_buffer_1_7|         array|
|p_ZL13result_buffer_1_7_q1             |   in|   64|   ap_memory|       p_ZL13result_buffer_1_7|         array|
|p_ZL13result_buffer_2_0_address0       |  out|   10|   ap_memory|       p_ZL13result_buffer_2_0|         array|
|p_ZL13result_buffer_2_0_ce0            |  out|    1|   ap_memory|       p_ZL13result_buffer_2_0|         array|
|p_ZL13result_buffer_2_0_q0             |   in|   64|   ap_memory|       p_ZL13result_buffer_2_0|         array|
|p_ZL13result_buffer_2_0_address1       |  out|   10|   ap_memory|       p_ZL13result_buffer_2_0|         array|
|p_ZL13result_buffer_2_0_ce1            |  out|    1|   ap_memory|       p_ZL13result_buffer_2_0|         array|
|p_ZL13result_buffer_2_0_we1            |  out|    1|   ap_memory|       p_ZL13result_buffer_2_0|         array|
|p_ZL13result_buffer_2_0_d1             |  out|   64|   ap_memory|       p_ZL13result_buffer_2_0|         array|
|p_ZL13result_buffer_2_0_q1             |   in|   64|   ap_memory|       p_ZL13result_buffer_2_0|         array|
|p_ZL13result_buffer_2_1_address0       |  out|   10|   ap_memory|       p_ZL13result_buffer_2_1|         array|
|p_ZL13result_buffer_2_1_ce0            |  out|    1|   ap_memory|       p_ZL13result_buffer_2_1|         array|
|p_ZL13result_buffer_2_1_q0             |   in|   64|   ap_memory|       p_ZL13result_buffer_2_1|         array|
|p_ZL13result_buffer_2_1_address1       |  out|   10|   ap_memory|       p_ZL13result_buffer_2_1|         array|
|p_ZL13result_buffer_2_1_ce1            |  out|    1|   ap_memory|       p_ZL13result_buffer_2_1|         array|
|p_ZL13result_buffer_2_1_we1            |  out|    1|   ap_memory|       p_ZL13result_buffer_2_1|         array|
|p_ZL13result_buffer_2_1_d1             |  out|   64|   ap_memory|       p_ZL13result_buffer_2_1|         array|
|p_ZL13result_buffer_2_1_q1             |   in|   64|   ap_memory|       p_ZL13result_buffer_2_1|         array|
|p_ZL13result_buffer_2_2_address0       |  out|   10|   ap_memory|       p_ZL13result_buffer_2_2|         array|
|p_ZL13result_buffer_2_2_ce0            |  out|    1|   ap_memory|       p_ZL13result_buffer_2_2|         array|
|p_ZL13result_buffer_2_2_q0             |   in|   64|   ap_memory|       p_ZL13result_buffer_2_2|         array|
|p_ZL13result_buffer_2_2_address1       |  out|   10|   ap_memory|       p_ZL13result_buffer_2_2|         array|
|p_ZL13result_buffer_2_2_ce1            |  out|    1|   ap_memory|       p_ZL13result_buffer_2_2|         array|
|p_ZL13result_buffer_2_2_we1            |  out|    1|   ap_memory|       p_ZL13result_buffer_2_2|         array|
|p_ZL13result_buffer_2_2_d1             |  out|   64|   ap_memory|       p_ZL13result_buffer_2_2|         array|
|p_ZL13result_buffer_2_2_q1             |   in|   64|   ap_memory|       p_ZL13result_buffer_2_2|         array|
|p_ZL13result_buffer_2_3_address0       |  out|   10|   ap_memory|       p_ZL13result_buffer_2_3|         array|
|p_ZL13result_buffer_2_3_ce0            |  out|    1|   ap_memory|       p_ZL13result_buffer_2_3|         array|
|p_ZL13result_buffer_2_3_q0             |   in|   64|   ap_memory|       p_ZL13result_buffer_2_3|         array|
|p_ZL13result_buffer_2_3_address1       |  out|   10|   ap_memory|       p_ZL13result_buffer_2_3|         array|
|p_ZL13result_buffer_2_3_ce1            |  out|    1|   ap_memory|       p_ZL13result_buffer_2_3|         array|
|p_ZL13result_buffer_2_3_we1            |  out|    1|   ap_memory|       p_ZL13result_buffer_2_3|         array|
|p_ZL13result_buffer_2_3_d1             |  out|   64|   ap_memory|       p_ZL13result_buffer_2_3|         array|
|p_ZL13result_buffer_2_3_q1             |   in|   64|   ap_memory|       p_ZL13result_buffer_2_3|         array|
|p_ZL13result_buffer_2_4_address0       |  out|   10|   ap_memory|       p_ZL13result_buffer_2_4|         array|
|p_ZL13result_buffer_2_4_ce0            |  out|    1|   ap_memory|       p_ZL13result_buffer_2_4|         array|
|p_ZL13result_buffer_2_4_q0             |   in|   64|   ap_memory|       p_ZL13result_buffer_2_4|         array|
|p_ZL13result_buffer_2_4_address1       |  out|   10|   ap_memory|       p_ZL13result_buffer_2_4|         array|
|p_ZL13result_buffer_2_4_ce1            |  out|    1|   ap_memory|       p_ZL13result_buffer_2_4|         array|
|p_ZL13result_buffer_2_4_we1            |  out|    1|   ap_memory|       p_ZL13result_buffer_2_4|         array|
|p_ZL13result_buffer_2_4_d1             |  out|   64|   ap_memory|       p_ZL13result_buffer_2_4|         array|
|p_ZL13result_buffer_2_4_q1             |   in|   64|   ap_memory|       p_ZL13result_buffer_2_4|         array|
|p_ZL13result_buffer_2_5_address0       |  out|   10|   ap_memory|       p_ZL13result_buffer_2_5|         array|
|p_ZL13result_buffer_2_5_ce0            |  out|    1|   ap_memory|       p_ZL13result_buffer_2_5|         array|
|p_ZL13result_buffer_2_5_q0             |   in|   64|   ap_memory|       p_ZL13result_buffer_2_5|         array|
|p_ZL13result_buffer_2_5_address1       |  out|   10|   ap_memory|       p_ZL13result_buffer_2_5|         array|
|p_ZL13result_buffer_2_5_ce1            |  out|    1|   ap_memory|       p_ZL13result_buffer_2_5|         array|
|p_ZL13result_buffer_2_5_we1            |  out|    1|   ap_memory|       p_ZL13result_buffer_2_5|         array|
|p_ZL13result_buffer_2_5_d1             |  out|   64|   ap_memory|       p_ZL13result_buffer_2_5|         array|
|p_ZL13result_buffer_2_5_q1             |   in|   64|   ap_memory|       p_ZL13result_buffer_2_5|         array|
|p_ZL13result_buffer_2_6_address0       |  out|   10|   ap_memory|       p_ZL13result_buffer_2_6|         array|
|p_ZL13result_buffer_2_6_ce0            |  out|    1|   ap_memory|       p_ZL13result_buffer_2_6|         array|
|p_ZL13result_buffer_2_6_q0             |   in|   64|   ap_memory|       p_ZL13result_buffer_2_6|         array|
|p_ZL13result_buffer_2_6_address1       |  out|   10|   ap_memory|       p_ZL13result_buffer_2_6|         array|
|p_ZL13result_buffer_2_6_ce1            |  out|    1|   ap_memory|       p_ZL13result_buffer_2_6|         array|
|p_ZL13result_buffer_2_6_we1            |  out|    1|   ap_memory|       p_ZL13result_buffer_2_6|         array|
|p_ZL13result_buffer_2_6_d1             |  out|   64|   ap_memory|       p_ZL13result_buffer_2_6|         array|
|p_ZL13result_buffer_2_6_q1             |   in|   64|   ap_memory|       p_ZL13result_buffer_2_6|         array|
|p_ZL13result_buffer_2_7_address0       |  out|   10|   ap_memory|       p_ZL13result_buffer_2_7|         array|
|p_ZL13result_buffer_2_7_ce0            |  out|    1|   ap_memory|       p_ZL13result_buffer_2_7|         array|
|p_ZL13result_buffer_2_7_q0             |   in|   64|   ap_memory|       p_ZL13result_buffer_2_7|         array|
|p_ZL13result_buffer_2_7_address1       |  out|   10|   ap_memory|       p_ZL13result_buffer_2_7|         array|
|p_ZL13result_buffer_2_7_ce1            |  out|    1|   ap_memory|       p_ZL13result_buffer_2_7|         array|
|p_ZL13result_buffer_2_7_we1            |  out|    1|   ap_memory|       p_ZL13result_buffer_2_7|         array|
|p_ZL13result_buffer_2_7_d1             |  out|   64|   ap_memory|       p_ZL13result_buffer_2_7|         array|
|p_ZL13result_buffer_2_7_q1             |   in|   64|   ap_memory|       p_ZL13result_buffer_2_7|         array|
|p_ZL13result_buffer_3_0_address0       |  out|   10|   ap_memory|       p_ZL13result_buffer_3_0|         array|
|p_ZL13result_buffer_3_0_ce0            |  out|    1|   ap_memory|       p_ZL13result_buffer_3_0|         array|
|p_ZL13result_buffer_3_0_q0             |   in|   64|   ap_memory|       p_ZL13result_buffer_3_0|         array|
|p_ZL13result_buffer_3_0_address1       |  out|   10|   ap_memory|       p_ZL13result_buffer_3_0|         array|
|p_ZL13result_buffer_3_0_ce1            |  out|    1|   ap_memory|       p_ZL13result_buffer_3_0|         array|
|p_ZL13result_buffer_3_0_we1            |  out|    1|   ap_memory|       p_ZL13result_buffer_3_0|         array|
|p_ZL13result_buffer_3_0_d1             |  out|   64|   ap_memory|       p_ZL13result_buffer_3_0|         array|
|p_ZL13result_buffer_3_0_q1             |   in|   64|   ap_memory|       p_ZL13result_buffer_3_0|         array|
|p_ZL13result_buffer_3_1_address0       |  out|   10|   ap_memory|       p_ZL13result_buffer_3_1|         array|
|p_ZL13result_buffer_3_1_ce0            |  out|    1|   ap_memory|       p_ZL13result_buffer_3_1|         array|
|p_ZL13result_buffer_3_1_q0             |   in|   64|   ap_memory|       p_ZL13result_buffer_3_1|         array|
|p_ZL13result_buffer_3_1_address1       |  out|   10|   ap_memory|       p_ZL13result_buffer_3_1|         array|
|p_ZL13result_buffer_3_1_ce1            |  out|    1|   ap_memory|       p_ZL13result_buffer_3_1|         array|
|p_ZL13result_buffer_3_1_we1            |  out|    1|   ap_memory|       p_ZL13result_buffer_3_1|         array|
|p_ZL13result_buffer_3_1_d1             |  out|   64|   ap_memory|       p_ZL13result_buffer_3_1|         array|
|p_ZL13result_buffer_3_1_q1             |   in|   64|   ap_memory|       p_ZL13result_buffer_3_1|         array|
|p_ZL13result_buffer_3_2_address0       |  out|   10|   ap_memory|       p_ZL13result_buffer_3_2|         array|
|p_ZL13result_buffer_3_2_ce0            |  out|    1|   ap_memory|       p_ZL13result_buffer_3_2|         array|
|p_ZL13result_buffer_3_2_q0             |   in|   64|   ap_memory|       p_ZL13result_buffer_3_2|         array|
|p_ZL13result_buffer_3_2_address1       |  out|   10|   ap_memory|       p_ZL13result_buffer_3_2|         array|
|p_ZL13result_buffer_3_2_ce1            |  out|    1|   ap_memory|       p_ZL13result_buffer_3_2|         array|
|p_ZL13result_buffer_3_2_we1            |  out|    1|   ap_memory|       p_ZL13result_buffer_3_2|         array|
|p_ZL13result_buffer_3_2_d1             |  out|   64|   ap_memory|       p_ZL13result_buffer_3_2|         array|
|p_ZL13result_buffer_3_2_q1             |   in|   64|   ap_memory|       p_ZL13result_buffer_3_2|         array|
|p_ZL13result_buffer_3_3_address0       |  out|   10|   ap_memory|       p_ZL13result_buffer_3_3|         array|
|p_ZL13result_buffer_3_3_ce0            |  out|    1|   ap_memory|       p_ZL13result_buffer_3_3|         array|
|p_ZL13result_buffer_3_3_q0             |   in|   64|   ap_memory|       p_ZL13result_buffer_3_3|         array|
|p_ZL13result_buffer_3_3_address1       |  out|   10|   ap_memory|       p_ZL13result_buffer_3_3|         array|
|p_ZL13result_buffer_3_3_ce1            |  out|    1|   ap_memory|       p_ZL13result_buffer_3_3|         array|
|p_ZL13result_buffer_3_3_we1            |  out|    1|   ap_memory|       p_ZL13result_buffer_3_3|         array|
|p_ZL13result_buffer_3_3_d1             |  out|   64|   ap_memory|       p_ZL13result_buffer_3_3|         array|
|p_ZL13result_buffer_3_3_q1             |   in|   64|   ap_memory|       p_ZL13result_buffer_3_3|         array|
|p_ZL13result_buffer_3_4_address0       |  out|   10|   ap_memory|       p_ZL13result_buffer_3_4|         array|
|p_ZL13result_buffer_3_4_ce0            |  out|    1|   ap_memory|       p_ZL13result_buffer_3_4|         array|
|p_ZL13result_buffer_3_4_q0             |   in|   64|   ap_memory|       p_ZL13result_buffer_3_4|         array|
|p_ZL13result_buffer_3_4_address1       |  out|   10|   ap_memory|       p_ZL13result_buffer_3_4|         array|
|p_ZL13result_buffer_3_4_ce1            |  out|    1|   ap_memory|       p_ZL13result_buffer_3_4|         array|
|p_ZL13result_buffer_3_4_we1            |  out|    1|   ap_memory|       p_ZL13result_buffer_3_4|         array|
|p_ZL13result_buffer_3_4_d1             |  out|   64|   ap_memory|       p_ZL13result_buffer_3_4|         array|
|p_ZL13result_buffer_3_4_q1             |   in|   64|   ap_memory|       p_ZL13result_buffer_3_4|         array|
|p_ZL13result_buffer_3_5_address0       |  out|   10|   ap_memory|       p_ZL13result_buffer_3_5|         array|
|p_ZL13result_buffer_3_5_ce0            |  out|    1|   ap_memory|       p_ZL13result_buffer_3_5|         array|
|p_ZL13result_buffer_3_5_q0             |   in|   64|   ap_memory|       p_ZL13result_buffer_3_5|         array|
|p_ZL13result_buffer_3_5_address1       |  out|   10|   ap_memory|       p_ZL13result_buffer_3_5|         array|
|p_ZL13result_buffer_3_5_ce1            |  out|    1|   ap_memory|       p_ZL13result_buffer_3_5|         array|
|p_ZL13result_buffer_3_5_we1            |  out|    1|   ap_memory|       p_ZL13result_buffer_3_5|         array|
|p_ZL13result_buffer_3_5_d1             |  out|   64|   ap_memory|       p_ZL13result_buffer_3_5|         array|
|p_ZL13result_buffer_3_5_q1             |   in|   64|   ap_memory|       p_ZL13result_buffer_3_5|         array|
|p_ZL13result_buffer_3_6_address0       |  out|   10|   ap_memory|       p_ZL13result_buffer_3_6|         array|
|p_ZL13result_buffer_3_6_ce0            |  out|    1|   ap_memory|       p_ZL13result_buffer_3_6|         array|
|p_ZL13result_buffer_3_6_q0             |   in|   64|   ap_memory|       p_ZL13result_buffer_3_6|         array|
|p_ZL13result_buffer_3_6_address1       |  out|   10|   ap_memory|       p_ZL13result_buffer_3_6|         array|
|p_ZL13result_buffer_3_6_ce1            |  out|    1|   ap_memory|       p_ZL13result_buffer_3_6|         array|
|p_ZL13result_buffer_3_6_we1            |  out|    1|   ap_memory|       p_ZL13result_buffer_3_6|         array|
|p_ZL13result_buffer_3_6_d1             |  out|   64|   ap_memory|       p_ZL13result_buffer_3_6|         array|
|p_ZL13result_buffer_3_6_q1             |   in|   64|   ap_memory|       p_ZL13result_buffer_3_6|         array|
|p_ZL13result_buffer_3_7_address0       |  out|   10|   ap_memory|       p_ZL13result_buffer_3_7|         array|
|p_ZL13result_buffer_3_7_ce0            |  out|    1|   ap_memory|       p_ZL13result_buffer_3_7|         array|
|p_ZL13result_buffer_3_7_q0             |   in|   64|   ap_memory|       p_ZL13result_buffer_3_7|         array|
|p_ZL13result_buffer_3_7_address1       |  out|   10|   ap_memory|       p_ZL13result_buffer_3_7|         array|
|p_ZL13result_buffer_3_7_ce1            |  out|    1|   ap_memory|       p_ZL13result_buffer_3_7|         array|
|p_ZL13result_buffer_3_7_we1            |  out|    1|   ap_memory|       p_ZL13result_buffer_3_7|         array|
|p_ZL13result_buffer_3_7_d1             |  out|   64|   ap_memory|       p_ZL13result_buffer_3_7|         array|
|p_ZL13result_buffer_3_7_q1             |   in|   64|   ap_memory|       p_ZL13result_buffer_3_7|         array|
|p_ZL17INTTTwiddleFactor_0_0_address0   |  out|   12|   ap_memory|   p_ZL17INTTTwiddleFactor_0_0|         array|
|p_ZL17INTTTwiddleFactor_0_0_ce0        |  out|    1|   ap_memory|   p_ZL17INTTTwiddleFactor_0_0|         array|
|p_ZL17INTTTwiddleFactor_0_0_q0         |   in|   64|   ap_memory|   p_ZL17INTTTwiddleFactor_0_0|         array|
|p_ZL17INTTTwiddleFactor_0_1_address0   |  out|   12|   ap_memory|   p_ZL17INTTTwiddleFactor_0_1|         array|
|p_ZL17INTTTwiddleFactor_0_1_ce0        |  out|    1|   ap_memory|   p_ZL17INTTTwiddleFactor_0_1|         array|
|p_ZL17INTTTwiddleFactor_0_1_q0         |   in|   64|   ap_memory|   p_ZL17INTTTwiddleFactor_0_1|         array|
|p_ZL17INTTTwiddleFactor_0_2_address0   |  out|   12|   ap_memory|   p_ZL17INTTTwiddleFactor_0_2|         array|
|p_ZL17INTTTwiddleFactor_0_2_ce0        |  out|    1|   ap_memory|   p_ZL17INTTTwiddleFactor_0_2|         array|
|p_ZL17INTTTwiddleFactor_0_2_q0         |   in|   64|   ap_memory|   p_ZL17INTTTwiddleFactor_0_2|         array|
|p_ZL17INTTTwiddleFactor_0_3_address0   |  out|   12|   ap_memory|   p_ZL17INTTTwiddleFactor_0_3|         array|
|p_ZL17INTTTwiddleFactor_0_3_ce0        |  out|    1|   ap_memory|   p_ZL17INTTTwiddleFactor_0_3|         array|
|p_ZL17INTTTwiddleFactor_0_3_q0         |   in|   64|   ap_memory|   p_ZL17INTTTwiddleFactor_0_3|         array|
|p_ZL17INTTTwiddleFactor_1_0_address0   |  out|   12|   ap_memory|   p_ZL17INTTTwiddleFactor_1_0|         array|
|p_ZL17INTTTwiddleFactor_1_0_ce0        |  out|    1|   ap_memory|   p_ZL17INTTTwiddleFactor_1_0|         array|
|p_ZL17INTTTwiddleFactor_1_0_q0         |   in|   64|   ap_memory|   p_ZL17INTTTwiddleFactor_1_0|         array|
|p_ZL17INTTTwiddleFactor_1_1_address0   |  out|   12|   ap_memory|   p_ZL17INTTTwiddleFactor_1_1|         array|
|p_ZL17INTTTwiddleFactor_1_1_ce0        |  out|    1|   ap_memory|   p_ZL17INTTTwiddleFactor_1_1|         array|
|p_ZL17INTTTwiddleFactor_1_1_q0         |   in|   64|   ap_memory|   p_ZL17INTTTwiddleFactor_1_1|         array|
|p_ZL17INTTTwiddleFactor_1_2_address0   |  out|   12|   ap_memory|   p_ZL17INTTTwiddleFactor_1_2|         array|
|p_ZL17INTTTwiddleFactor_1_2_ce0        |  out|    1|   ap_memory|   p_ZL17INTTTwiddleFactor_1_2|         array|
|p_ZL17INTTTwiddleFactor_1_2_q0         |   in|   64|   ap_memory|   p_ZL17INTTTwiddleFactor_1_2|         array|
|p_ZL17INTTTwiddleFactor_1_3_address0   |  out|   12|   ap_memory|   p_ZL17INTTTwiddleFactor_1_3|         array|
|p_ZL17INTTTwiddleFactor_1_3_ce0        |  out|    1|   ap_memory|   p_ZL17INTTTwiddleFactor_1_3|         array|
|p_ZL17INTTTwiddleFactor_1_3_q0         |   in|   64|   ap_memory|   p_ZL17INTTTwiddleFactor_1_3|         array|
|p_ZL17INTTTwiddleFactor_2_0_address0   |  out|   12|   ap_memory|   p_ZL17INTTTwiddleFactor_2_0|         array|
|p_ZL17INTTTwiddleFactor_2_0_ce0        |  out|    1|   ap_memory|   p_ZL17INTTTwiddleFactor_2_0|         array|
|p_ZL17INTTTwiddleFactor_2_0_q0         |   in|   64|   ap_memory|   p_ZL17INTTTwiddleFactor_2_0|         array|
|p_ZL17INTTTwiddleFactor_2_1_address0   |  out|   12|   ap_memory|   p_ZL17INTTTwiddleFactor_2_1|         array|
|p_ZL17INTTTwiddleFactor_2_1_ce0        |  out|    1|   ap_memory|   p_ZL17INTTTwiddleFactor_2_1|         array|
|p_ZL17INTTTwiddleFactor_2_1_q0         |   in|   64|   ap_memory|   p_ZL17INTTTwiddleFactor_2_1|         array|
|p_ZL17INTTTwiddleFactor_2_2_address0   |  out|   12|   ap_memory|   p_ZL17INTTTwiddleFactor_2_2|         array|
|p_ZL17INTTTwiddleFactor_2_2_ce0        |  out|    1|   ap_memory|   p_ZL17INTTTwiddleFactor_2_2|         array|
|p_ZL17INTTTwiddleFactor_2_2_q0         |   in|   64|   ap_memory|   p_ZL17INTTTwiddleFactor_2_2|         array|
|p_ZL17INTTTwiddleFactor_2_3_address0   |  out|   12|   ap_memory|   p_ZL17INTTTwiddleFactor_2_3|         array|
|p_ZL17INTTTwiddleFactor_2_3_ce0        |  out|    1|   ap_memory|   p_ZL17INTTTwiddleFactor_2_3|         array|
|p_ZL17INTTTwiddleFactor_2_3_q0         |   in|   64|   ap_memory|   p_ZL17INTTTwiddleFactor_2_3|         array|
|p_ZL17INTTTwiddleFactor_3_0_address0   |  out|   12|   ap_memory|   p_ZL17INTTTwiddleFactor_3_0|         array|
|p_ZL17INTTTwiddleFactor_3_0_ce0        |  out|    1|   ap_memory|   p_ZL17INTTTwiddleFactor_3_0|         array|
|p_ZL17INTTTwiddleFactor_3_0_q0         |   in|   64|   ap_memory|   p_ZL17INTTTwiddleFactor_3_0|         array|
|p_ZL17INTTTwiddleFactor_3_1_address0   |  out|   12|   ap_memory|   p_ZL17INTTTwiddleFactor_3_1|         array|
|p_ZL17INTTTwiddleFactor_3_1_ce0        |  out|    1|   ap_memory|   p_ZL17INTTTwiddleFactor_3_1|         array|
|p_ZL17INTTTwiddleFactor_3_1_q0         |   in|   64|   ap_memory|   p_ZL17INTTTwiddleFactor_3_1|         array|
|p_ZL17INTTTwiddleFactor_3_2_address0   |  out|   12|   ap_memory|   p_ZL17INTTTwiddleFactor_3_2|         array|
|p_ZL17INTTTwiddleFactor_3_2_ce0        |  out|    1|   ap_memory|   p_ZL17INTTTwiddleFactor_3_2|         array|
|p_ZL17INTTTwiddleFactor_3_2_q0         |   in|   64|   ap_memory|   p_ZL17INTTTwiddleFactor_3_2|         array|
|p_ZL17INTTTwiddleFactor_3_3_address0   |  out|   12|   ap_memory|   p_ZL17INTTTwiddleFactor_3_3|         array|
|p_ZL17INTTTwiddleFactor_3_3_ce0        |  out|    1|   ap_memory|   p_ZL17INTTTwiddleFactor_3_3|         array|
|p_ZL17INTTTwiddleFactor_3_3_q0         |   in|   64|   ap_memory|   p_ZL17INTTTwiddleFactor_3_3|         array|
|p_ZL17INTTTwiddleFactor_4_0_address0   |  out|   12|   ap_memory|   p_ZL17INTTTwiddleFactor_4_0|         array|
|p_ZL17INTTTwiddleFactor_4_0_ce0        |  out|    1|   ap_memory|   p_ZL17INTTTwiddleFactor_4_0|         array|
|p_ZL17INTTTwiddleFactor_4_0_q0         |   in|   64|   ap_memory|   p_ZL17INTTTwiddleFactor_4_0|         array|
|p_ZL17INTTTwiddleFactor_4_1_address0   |  out|   12|   ap_memory|   p_ZL17INTTTwiddleFactor_4_1|         array|
|p_ZL17INTTTwiddleFactor_4_1_ce0        |  out|    1|   ap_memory|   p_ZL17INTTTwiddleFactor_4_1|         array|
|p_ZL17INTTTwiddleFactor_4_1_q0         |   in|   64|   ap_memory|   p_ZL17INTTTwiddleFactor_4_1|         array|
|p_ZL17INTTTwiddleFactor_4_2_address0   |  out|   12|   ap_memory|   p_ZL17INTTTwiddleFactor_4_2|         array|
|p_ZL17INTTTwiddleFactor_4_2_ce0        |  out|    1|   ap_memory|   p_ZL17INTTTwiddleFactor_4_2|         array|
|p_ZL17INTTTwiddleFactor_4_2_q0         |   in|   64|   ap_memory|   p_ZL17INTTTwiddleFactor_4_2|         array|
|p_ZL17INTTTwiddleFactor_4_3_address0   |  out|   12|   ap_memory|   p_ZL17INTTTwiddleFactor_4_3|         array|
|p_ZL17INTTTwiddleFactor_4_3_ce0        |  out|    1|   ap_memory|   p_ZL17INTTTwiddleFactor_4_3|         array|
|p_ZL17INTTTwiddleFactor_4_3_q0         |   in|   64|   ap_memory|   p_ZL17INTTTwiddleFactor_4_3|         array|
|p_ZL17INTTTwiddleFactor_5_0_address0   |  out|   12|   ap_memory|   p_ZL17INTTTwiddleFactor_5_0|         array|
|p_ZL17INTTTwiddleFactor_5_0_ce0        |  out|    1|   ap_memory|   p_ZL17INTTTwiddleFactor_5_0|         array|
|p_ZL17INTTTwiddleFactor_5_0_q0         |   in|   64|   ap_memory|   p_ZL17INTTTwiddleFactor_5_0|         array|
|p_ZL17INTTTwiddleFactor_5_1_address0   |  out|   12|   ap_memory|   p_ZL17INTTTwiddleFactor_5_1|         array|
|p_ZL17INTTTwiddleFactor_5_1_ce0        |  out|    1|   ap_memory|   p_ZL17INTTTwiddleFactor_5_1|         array|
|p_ZL17INTTTwiddleFactor_5_1_q0         |   in|   64|   ap_memory|   p_ZL17INTTTwiddleFactor_5_1|         array|
|p_ZL17INTTTwiddleFactor_5_2_address0   |  out|   12|   ap_memory|   p_ZL17INTTTwiddleFactor_5_2|         array|
|p_ZL17INTTTwiddleFactor_5_2_ce0        |  out|    1|   ap_memory|   p_ZL17INTTTwiddleFactor_5_2|         array|
|p_ZL17INTTTwiddleFactor_5_2_q0         |   in|   64|   ap_memory|   p_ZL17INTTTwiddleFactor_5_2|         array|
|p_ZL17INTTTwiddleFactor_5_3_address0   |  out|   12|   ap_memory|   p_ZL17INTTTwiddleFactor_5_3|         array|
|p_ZL17INTTTwiddleFactor_5_3_ce0        |  out|    1|   ap_memory|   p_ZL17INTTTwiddleFactor_5_3|         array|
|p_ZL17INTTTwiddleFactor_5_3_q0         |   in|   64|   ap_memory|   p_ZL17INTTTwiddleFactor_5_3|         array|
|p_ZL17INTTTwiddleFactor_6_0_address0   |  out|   12|   ap_memory|   p_ZL17INTTTwiddleFactor_6_0|         array|
|p_ZL17INTTTwiddleFactor_6_0_ce0        |  out|    1|   ap_memory|   p_ZL17INTTTwiddleFactor_6_0|         array|
|p_ZL17INTTTwiddleFactor_6_0_q0         |   in|   64|   ap_memory|   p_ZL17INTTTwiddleFactor_6_0|         array|
|p_ZL17INTTTwiddleFactor_6_1_address0   |  out|   12|   ap_memory|   p_ZL17INTTTwiddleFactor_6_1|         array|
|p_ZL17INTTTwiddleFactor_6_1_ce0        |  out|    1|   ap_memory|   p_ZL17INTTTwiddleFactor_6_1|         array|
|p_ZL17INTTTwiddleFactor_6_1_q0         |   in|   64|   ap_memory|   p_ZL17INTTTwiddleFactor_6_1|         array|
|p_ZL17INTTTwiddleFactor_6_2_address0   |  out|   12|   ap_memory|   p_ZL17INTTTwiddleFactor_6_2|         array|
|p_ZL17INTTTwiddleFactor_6_2_ce0        |  out|    1|   ap_memory|   p_ZL17INTTTwiddleFactor_6_2|         array|
|p_ZL17INTTTwiddleFactor_6_2_q0         |   in|   64|   ap_memory|   p_ZL17INTTTwiddleFactor_6_2|         array|
|p_ZL17INTTTwiddleFactor_6_3_address0   |  out|   12|   ap_memory|   p_ZL17INTTTwiddleFactor_6_3|         array|
|p_ZL17INTTTwiddleFactor_6_3_ce0        |  out|    1|   ap_memory|   p_ZL17INTTTwiddleFactor_6_3|         array|
|p_ZL17INTTTwiddleFactor_6_3_q0         |   in|   64|   ap_memory|   p_ZL17INTTTwiddleFactor_6_3|         array|
|p_ZL17INTTTwiddleFactor_7_0_address0   |  out|   12|   ap_memory|   p_ZL17INTTTwiddleFactor_7_0|         array|
|p_ZL17INTTTwiddleFactor_7_0_ce0        |  out|    1|   ap_memory|   p_ZL17INTTTwiddleFactor_7_0|         array|
|p_ZL17INTTTwiddleFactor_7_0_q0         |   in|   64|   ap_memory|   p_ZL17INTTTwiddleFactor_7_0|         array|
|p_ZL17INTTTwiddleFactor_7_1_address0   |  out|   12|   ap_memory|   p_ZL17INTTTwiddleFactor_7_1|         array|
|p_ZL17INTTTwiddleFactor_7_1_ce0        |  out|    1|   ap_memory|   p_ZL17INTTTwiddleFactor_7_1|         array|
|p_ZL17INTTTwiddleFactor_7_1_q0         |   in|   64|   ap_memory|   p_ZL17INTTTwiddleFactor_7_1|         array|
|p_ZL17INTTTwiddleFactor_7_2_address0   |  out|   12|   ap_memory|   p_ZL17INTTTwiddleFactor_7_2|         array|
|p_ZL17INTTTwiddleFactor_7_2_ce0        |  out|    1|   ap_memory|   p_ZL17INTTTwiddleFactor_7_2|         array|
|p_ZL17INTTTwiddleFactor_7_2_q0         |   in|   64|   ap_memory|   p_ZL17INTTTwiddleFactor_7_2|         array|
|p_ZL17INTTTwiddleFactor_7_3_address0   |  out|   12|   ap_memory|   p_ZL17INTTTwiddleFactor_7_3|         array|
|p_ZL17INTTTwiddleFactor_7_3_ce0        |  out|    1|   ap_memory|   p_ZL17INTTTwiddleFactor_7_3|         array|
|p_ZL17INTTTwiddleFactor_7_3_q0         |   in|   64|   ap_memory|   p_ZL17INTTTwiddleFactor_7_3|         array|
|p_ZL17INTTTwiddleFactor_8_0_address0   |  out|   12|   ap_memory|   p_ZL17INTTTwiddleFactor_8_0|         array|
|p_ZL17INTTTwiddleFactor_8_0_ce0        |  out|    1|   ap_memory|   p_ZL17INTTTwiddleFactor_8_0|         array|
|p_ZL17INTTTwiddleFactor_8_0_q0         |   in|   64|   ap_memory|   p_ZL17INTTTwiddleFactor_8_0|         array|
|p_ZL17INTTTwiddleFactor_8_1_address0   |  out|   12|   ap_memory|   p_ZL17INTTTwiddleFactor_8_1|         array|
|p_ZL17INTTTwiddleFactor_8_1_ce0        |  out|    1|   ap_memory|   p_ZL17INTTTwiddleFactor_8_1|         array|
|p_ZL17INTTTwiddleFactor_8_1_q0         |   in|   64|   ap_memory|   p_ZL17INTTTwiddleFactor_8_1|         array|
|p_ZL17INTTTwiddleFactor_8_2_address0   |  out|   12|   ap_memory|   p_ZL17INTTTwiddleFactor_8_2|         array|
|p_ZL17INTTTwiddleFactor_8_2_ce0        |  out|    1|   ap_memory|   p_ZL17INTTTwiddleFactor_8_2|         array|
|p_ZL17INTTTwiddleFactor_8_2_q0         |   in|   64|   ap_memory|   p_ZL17INTTTwiddleFactor_8_2|         array|
|p_ZL17INTTTwiddleFactor_8_3_address0   |  out|   12|   ap_memory|   p_ZL17INTTTwiddleFactor_8_3|         array|
|p_ZL17INTTTwiddleFactor_8_3_ce0        |  out|    1|   ap_memory|   p_ZL17INTTTwiddleFactor_8_3|         array|
|p_ZL17INTTTwiddleFactor_8_3_q0         |   in|   64|   ap_memory|   p_ZL17INTTTwiddleFactor_8_3|         array|
|p_ZL17INTTTwiddleFactor_9_0_address0   |  out|   12|   ap_memory|   p_ZL17INTTTwiddleFactor_9_0|         array|
|p_ZL17INTTTwiddleFactor_9_0_ce0        |  out|    1|   ap_memory|   p_ZL17INTTTwiddleFactor_9_0|         array|
|p_ZL17INTTTwiddleFactor_9_0_q0         |   in|   64|   ap_memory|   p_ZL17INTTTwiddleFactor_9_0|         array|
|p_ZL17INTTTwiddleFactor_9_1_address0   |  out|   12|   ap_memory|   p_ZL17INTTTwiddleFactor_9_1|         array|
|p_ZL17INTTTwiddleFactor_9_1_ce0        |  out|    1|   ap_memory|   p_ZL17INTTTwiddleFactor_9_1|         array|
|p_ZL17INTTTwiddleFactor_9_1_q0         |   in|   64|   ap_memory|   p_ZL17INTTTwiddleFactor_9_1|         array|
|p_ZL17INTTTwiddleFactor_9_2_address0   |  out|   12|   ap_memory|   p_ZL17INTTTwiddleFactor_9_2|         array|
|p_ZL17INTTTwiddleFactor_9_2_ce0        |  out|    1|   ap_memory|   p_ZL17INTTTwiddleFactor_9_2|         array|
|p_ZL17INTTTwiddleFactor_9_2_q0         |   in|   64|   ap_memory|   p_ZL17INTTTwiddleFactor_9_2|         array|
|p_ZL17INTTTwiddleFactor_9_3_address0   |  out|   12|   ap_memory|   p_ZL17INTTTwiddleFactor_9_3|         array|
|p_ZL17INTTTwiddleFactor_9_3_ce0        |  out|    1|   ap_memory|   p_ZL17INTTTwiddleFactor_9_3|         array|
|p_ZL17INTTTwiddleFactor_9_3_q0         |   in|   64|   ap_memory|   p_ZL17INTTTwiddleFactor_9_3|         array|
|p_ZL17INTTTwiddleFactor_10_0_address0  |  out|   12|   ap_memory|  p_ZL17INTTTwiddleFactor_10_0|         array|
|p_ZL17INTTTwiddleFactor_10_0_ce0       |  out|    1|   ap_memory|  p_ZL17INTTTwiddleFactor_10_0|         array|
|p_ZL17INTTTwiddleFactor_10_0_q0        |   in|   64|   ap_memory|  p_ZL17INTTTwiddleFactor_10_0|         array|
|p_ZL17INTTTwiddleFactor_10_1_address0  |  out|   12|   ap_memory|  p_ZL17INTTTwiddleFactor_10_1|         array|
|p_ZL17INTTTwiddleFactor_10_1_ce0       |  out|    1|   ap_memory|  p_ZL17INTTTwiddleFactor_10_1|         array|
|p_ZL17INTTTwiddleFactor_10_1_q0        |   in|   64|   ap_memory|  p_ZL17INTTTwiddleFactor_10_1|         array|
|p_ZL17INTTTwiddleFactor_10_2_address0  |  out|   12|   ap_memory|  p_ZL17INTTTwiddleFactor_10_2|         array|
|p_ZL17INTTTwiddleFactor_10_2_ce0       |  out|    1|   ap_memory|  p_ZL17INTTTwiddleFactor_10_2|         array|
|p_ZL17INTTTwiddleFactor_10_2_q0        |   in|   64|   ap_memory|  p_ZL17INTTTwiddleFactor_10_2|         array|
|p_ZL17INTTTwiddleFactor_10_3_address0  |  out|   12|   ap_memory|  p_ZL17INTTTwiddleFactor_10_3|         array|
|p_ZL17INTTTwiddleFactor_10_3_ce0       |  out|    1|   ap_memory|  p_ZL17INTTTwiddleFactor_10_3|         array|
|p_ZL17INTTTwiddleFactor_10_3_q0        |   in|   64|   ap_memory|  p_ZL17INTTTwiddleFactor_10_3|         array|
|p_ZL17INTTTwiddleFactor_11_0_address0  |  out|   12|   ap_memory|  p_ZL17INTTTwiddleFactor_11_0|         array|
|p_ZL17INTTTwiddleFactor_11_0_ce0       |  out|    1|   ap_memory|  p_ZL17INTTTwiddleFactor_11_0|         array|
|p_ZL17INTTTwiddleFactor_11_0_q0        |   in|   64|   ap_memory|  p_ZL17INTTTwiddleFactor_11_0|         array|
|p_ZL17INTTTwiddleFactor_11_1_address0  |  out|   12|   ap_memory|  p_ZL17INTTTwiddleFactor_11_1|         array|
|p_ZL17INTTTwiddleFactor_11_1_ce0       |  out|    1|   ap_memory|  p_ZL17INTTTwiddleFactor_11_1|         array|
|p_ZL17INTTTwiddleFactor_11_1_q0        |   in|   64|   ap_memory|  p_ZL17INTTTwiddleFactor_11_1|         array|
|p_ZL17INTTTwiddleFactor_11_2_address0  |  out|   12|   ap_memory|  p_ZL17INTTTwiddleFactor_11_2|         array|
|p_ZL17INTTTwiddleFactor_11_2_ce0       |  out|    1|   ap_memory|  p_ZL17INTTTwiddleFactor_11_2|         array|
|p_ZL17INTTTwiddleFactor_11_2_q0        |   in|   64|   ap_memory|  p_ZL17INTTTwiddleFactor_11_2|         array|
|p_ZL17INTTTwiddleFactor_11_3_address0  |  out|   12|   ap_memory|  p_ZL17INTTTwiddleFactor_11_3|         array|
|p_ZL17INTTTwiddleFactor_11_3_ce0       |  out|    1|   ap_memory|  p_ZL17INTTTwiddleFactor_11_3|         array|
|p_ZL17INTTTwiddleFactor_11_3_q0        |   in|   64|   ap_memory|  p_ZL17INTTTwiddleFactor_11_3|         array|
|p_ZL13poly_buffer_1_0_0_address0       |  out|    9|   ap_memory|       p_ZL13poly_buffer_1_0_0|         array|
|p_ZL13poly_buffer_1_0_0_ce0            |  out|    1|   ap_memory|       p_ZL13poly_buffer_1_0_0|         array|
|p_ZL13poly_buffer_1_0_0_q0             |   in|   64|   ap_memory|       p_ZL13poly_buffer_1_0_0|         array|
|p_ZL13poly_buffer_1_0_0_address1       |  out|    9|   ap_memory|       p_ZL13poly_buffer_1_0_0|         array|
|p_ZL13poly_buffer_1_0_0_ce1            |  out|    1|   ap_memory|       p_ZL13poly_buffer_1_0_0|         array|
|p_ZL13poly_buffer_1_0_0_we1            |  out|    1|   ap_memory|       p_ZL13poly_buffer_1_0_0|         array|
|p_ZL13poly_buffer_1_0_0_d1             |  out|   64|   ap_memory|       p_ZL13poly_buffer_1_0_0|         array|
|p_ZL13poly_buffer_1_0_1_address0       |  out|    9|   ap_memory|       p_ZL13poly_buffer_1_0_1|         array|
|p_ZL13poly_buffer_1_0_1_ce0            |  out|    1|   ap_memory|       p_ZL13poly_buffer_1_0_1|         array|
|p_ZL13poly_buffer_1_0_1_q0             |   in|   64|   ap_memory|       p_ZL13poly_buffer_1_0_1|         array|
|p_ZL13poly_buffer_1_0_1_address1       |  out|    9|   ap_memory|       p_ZL13poly_buffer_1_0_1|         array|
|p_ZL13poly_buffer_1_0_1_ce1            |  out|    1|   ap_memory|       p_ZL13poly_buffer_1_0_1|         array|
|p_ZL13poly_buffer_1_0_1_we1            |  out|    1|   ap_memory|       p_ZL13poly_buffer_1_0_1|         array|
|p_ZL13poly_buffer_1_0_1_d1             |  out|   64|   ap_memory|       p_ZL13poly_buffer_1_0_1|         array|
|p_ZL13poly_buffer_1_0_2_address0       |  out|    9|   ap_memory|       p_ZL13poly_buffer_1_0_2|         array|
|p_ZL13poly_buffer_1_0_2_ce0            |  out|    1|   ap_memory|       p_ZL13poly_buffer_1_0_2|         array|
|p_ZL13poly_buffer_1_0_2_q0             |   in|   64|   ap_memory|       p_ZL13poly_buffer_1_0_2|         array|
|p_ZL13poly_buffer_1_0_2_address1       |  out|    9|   ap_memory|       p_ZL13poly_buffer_1_0_2|         array|
|p_ZL13poly_buffer_1_0_2_ce1            |  out|    1|   ap_memory|       p_ZL13poly_buffer_1_0_2|         array|
|p_ZL13poly_buffer_1_0_2_we1            |  out|    1|   ap_memory|       p_ZL13poly_buffer_1_0_2|         array|
|p_ZL13poly_buffer_1_0_2_d1             |  out|   64|   ap_memory|       p_ZL13poly_buffer_1_0_2|         array|
|p_ZL13poly_buffer_1_1_0_address0       |  out|    9|   ap_memory|       p_ZL13poly_buffer_1_1_0|         array|
|p_ZL13poly_buffer_1_1_0_ce0            |  out|    1|   ap_memory|       p_ZL13poly_buffer_1_1_0|         array|
|p_ZL13poly_buffer_1_1_0_q0             |   in|   64|   ap_memory|       p_ZL13poly_buffer_1_1_0|         array|
|p_ZL13poly_buffer_1_1_0_address1       |  out|    9|   ap_memory|       p_ZL13poly_buffer_1_1_0|         array|
|p_ZL13poly_buffer_1_1_0_ce1            |  out|    1|   ap_memory|       p_ZL13poly_buffer_1_1_0|         array|
|p_ZL13poly_buffer_1_1_0_we1            |  out|    1|   ap_memory|       p_ZL13poly_buffer_1_1_0|         array|
|p_ZL13poly_buffer_1_1_0_d1             |  out|   64|   ap_memory|       p_ZL13poly_buffer_1_1_0|         array|
|p_ZL13poly_buffer_1_1_1_address0       |  out|    9|   ap_memory|       p_ZL13poly_buffer_1_1_1|         array|
|p_ZL13poly_buffer_1_1_1_ce0            |  out|    1|   ap_memory|       p_ZL13poly_buffer_1_1_1|         array|
|p_ZL13poly_buffer_1_1_1_q0             |   in|   64|   ap_memory|       p_ZL13poly_buffer_1_1_1|         array|
|p_ZL13poly_buffer_1_1_1_address1       |  out|    9|   ap_memory|       p_ZL13poly_buffer_1_1_1|         array|
|p_ZL13poly_buffer_1_1_1_ce1            |  out|    1|   ap_memory|       p_ZL13poly_buffer_1_1_1|         array|
|p_ZL13poly_buffer_1_1_1_we1            |  out|    1|   ap_memory|       p_ZL13poly_buffer_1_1_1|         array|
|p_ZL13poly_buffer_1_1_1_d1             |  out|   64|   ap_memory|       p_ZL13poly_buffer_1_1_1|         array|
|p_ZL13poly_buffer_1_1_2_address0       |  out|    9|   ap_memory|       p_ZL13poly_buffer_1_1_2|         array|
|p_ZL13poly_buffer_1_1_2_ce0            |  out|    1|   ap_memory|       p_ZL13poly_buffer_1_1_2|         array|
|p_ZL13poly_buffer_1_1_2_q0             |   in|   64|   ap_memory|       p_ZL13poly_buffer_1_1_2|         array|
|p_ZL13poly_buffer_1_1_2_address1       |  out|    9|   ap_memory|       p_ZL13poly_buffer_1_1_2|         array|
|p_ZL13poly_buffer_1_1_2_ce1            |  out|    1|   ap_memory|       p_ZL13poly_buffer_1_1_2|         array|
|p_ZL13poly_buffer_1_1_2_we1            |  out|    1|   ap_memory|       p_ZL13poly_buffer_1_1_2|         array|
|p_ZL13poly_buffer_1_1_2_d1             |  out|   64|   ap_memory|       p_ZL13poly_buffer_1_1_2|         array|
|p_ZL13poly_buffer_1_2_0_address0       |  out|    9|   ap_memory|       p_ZL13poly_buffer_1_2_0|         array|
|p_ZL13poly_buffer_1_2_0_ce0            |  out|    1|   ap_memory|       p_ZL13poly_buffer_1_2_0|         array|
|p_ZL13poly_buffer_1_2_0_q0             |   in|   64|   ap_memory|       p_ZL13poly_buffer_1_2_0|         array|
|p_ZL13poly_buffer_1_2_0_address1       |  out|    9|   ap_memory|       p_ZL13poly_buffer_1_2_0|         array|
|p_ZL13poly_buffer_1_2_0_ce1            |  out|    1|   ap_memory|       p_ZL13poly_buffer_1_2_0|         array|
|p_ZL13poly_buffer_1_2_0_we1            |  out|    1|   ap_memory|       p_ZL13poly_buffer_1_2_0|         array|
|p_ZL13poly_buffer_1_2_0_d1             |  out|   64|   ap_memory|       p_ZL13poly_buffer_1_2_0|         array|
|p_ZL13poly_buffer_1_2_1_address0       |  out|    9|   ap_memory|       p_ZL13poly_buffer_1_2_1|         array|
|p_ZL13poly_buffer_1_2_1_ce0            |  out|    1|   ap_memory|       p_ZL13poly_buffer_1_2_1|         array|
|p_ZL13poly_buffer_1_2_1_q0             |   in|   64|   ap_memory|       p_ZL13poly_buffer_1_2_1|         array|
|p_ZL13poly_buffer_1_2_1_address1       |  out|    9|   ap_memory|       p_ZL13poly_buffer_1_2_1|         array|
|p_ZL13poly_buffer_1_2_1_ce1            |  out|    1|   ap_memory|       p_ZL13poly_buffer_1_2_1|         array|
|p_ZL13poly_buffer_1_2_1_we1            |  out|    1|   ap_memory|       p_ZL13poly_buffer_1_2_1|         array|
|p_ZL13poly_buffer_1_2_1_d1             |  out|   64|   ap_memory|       p_ZL13poly_buffer_1_2_1|         array|
|p_ZL13poly_buffer_1_2_2_address0       |  out|    9|   ap_memory|       p_ZL13poly_buffer_1_2_2|         array|
|p_ZL13poly_buffer_1_2_2_ce0            |  out|    1|   ap_memory|       p_ZL13poly_buffer_1_2_2|         array|
|p_ZL13poly_buffer_1_2_2_q0             |   in|   64|   ap_memory|       p_ZL13poly_buffer_1_2_2|         array|
|p_ZL13poly_buffer_1_2_2_address1       |  out|    9|   ap_memory|       p_ZL13poly_buffer_1_2_2|         array|
|p_ZL13poly_buffer_1_2_2_ce1            |  out|    1|   ap_memory|       p_ZL13poly_buffer_1_2_2|         array|
|p_ZL13poly_buffer_1_2_2_we1            |  out|    1|   ap_memory|       p_ZL13poly_buffer_1_2_2|         array|
|p_ZL13poly_buffer_1_2_2_d1             |  out|   64|   ap_memory|       p_ZL13poly_buffer_1_2_2|         array|
|p_ZL13poly_buffer_1_3_0_address0       |  out|    9|   ap_memory|       p_ZL13poly_buffer_1_3_0|         array|
|p_ZL13poly_buffer_1_3_0_ce0            |  out|    1|   ap_memory|       p_ZL13poly_buffer_1_3_0|         array|
|p_ZL13poly_buffer_1_3_0_q0             |   in|   64|   ap_memory|       p_ZL13poly_buffer_1_3_0|         array|
|p_ZL13poly_buffer_1_3_0_address1       |  out|    9|   ap_memory|       p_ZL13poly_buffer_1_3_0|         array|
|p_ZL13poly_buffer_1_3_0_ce1            |  out|    1|   ap_memory|       p_ZL13poly_buffer_1_3_0|         array|
|p_ZL13poly_buffer_1_3_0_we1            |  out|    1|   ap_memory|       p_ZL13poly_buffer_1_3_0|         array|
|p_ZL13poly_buffer_1_3_0_d1             |  out|   64|   ap_memory|       p_ZL13poly_buffer_1_3_0|         array|
|p_ZL13poly_buffer_1_3_1_address0       |  out|    9|   ap_memory|       p_ZL13poly_buffer_1_3_1|         array|
|p_ZL13poly_buffer_1_3_1_ce0            |  out|    1|   ap_memory|       p_ZL13poly_buffer_1_3_1|         array|
|p_ZL13poly_buffer_1_3_1_q0             |   in|   64|   ap_memory|       p_ZL13poly_buffer_1_3_1|         array|
|p_ZL13poly_buffer_1_3_1_address1       |  out|    9|   ap_memory|       p_ZL13poly_buffer_1_3_1|         array|
|p_ZL13poly_buffer_1_3_1_ce1            |  out|    1|   ap_memory|       p_ZL13poly_buffer_1_3_1|         array|
|p_ZL13poly_buffer_1_3_1_we1            |  out|    1|   ap_memory|       p_ZL13poly_buffer_1_3_1|         array|
|p_ZL13poly_buffer_1_3_1_d1             |  out|   64|   ap_memory|       p_ZL13poly_buffer_1_3_1|         array|
|p_ZL13poly_buffer_1_3_2_address0       |  out|    9|   ap_memory|       p_ZL13poly_buffer_1_3_2|         array|
|p_ZL13poly_buffer_1_3_2_ce0            |  out|    1|   ap_memory|       p_ZL13poly_buffer_1_3_2|         array|
|p_ZL13poly_buffer_1_3_2_q0             |   in|   64|   ap_memory|       p_ZL13poly_buffer_1_3_2|         array|
|p_ZL13poly_buffer_1_3_2_address1       |  out|    9|   ap_memory|       p_ZL13poly_buffer_1_3_2|         array|
|p_ZL13poly_buffer_1_3_2_ce1            |  out|    1|   ap_memory|       p_ZL13poly_buffer_1_3_2|         array|
|p_ZL13poly_buffer_1_3_2_we1            |  out|    1|   ap_memory|       p_ZL13poly_buffer_1_3_2|         array|
|p_ZL13poly_buffer_1_3_2_d1             |  out|   64|   ap_memory|       p_ZL13poly_buffer_1_3_2|         array|
|p_ZL13poly_buffer_1_4_0_address0       |  out|    9|   ap_memory|       p_ZL13poly_buffer_1_4_0|         array|
|p_ZL13poly_buffer_1_4_0_ce0            |  out|    1|   ap_memory|       p_ZL13poly_buffer_1_4_0|         array|
|p_ZL13poly_buffer_1_4_0_q0             |   in|   64|   ap_memory|       p_ZL13poly_buffer_1_4_0|         array|
|p_ZL13poly_buffer_1_4_0_address1       |  out|    9|   ap_memory|       p_ZL13poly_buffer_1_4_0|         array|
|p_ZL13poly_buffer_1_4_0_ce1            |  out|    1|   ap_memory|       p_ZL13poly_buffer_1_4_0|         array|
|p_ZL13poly_buffer_1_4_0_we1            |  out|    1|   ap_memory|       p_ZL13poly_buffer_1_4_0|         array|
|p_ZL13poly_buffer_1_4_0_d1             |  out|   64|   ap_memory|       p_ZL13poly_buffer_1_4_0|         array|
|p_ZL13poly_buffer_1_4_1_address0       |  out|    9|   ap_memory|       p_ZL13poly_buffer_1_4_1|         array|
|p_ZL13poly_buffer_1_4_1_ce0            |  out|    1|   ap_memory|       p_ZL13poly_buffer_1_4_1|         array|
|p_ZL13poly_buffer_1_4_1_q0             |   in|   64|   ap_memory|       p_ZL13poly_buffer_1_4_1|         array|
|p_ZL13poly_buffer_1_4_1_address1       |  out|    9|   ap_memory|       p_ZL13poly_buffer_1_4_1|         array|
|p_ZL13poly_buffer_1_4_1_ce1            |  out|    1|   ap_memory|       p_ZL13poly_buffer_1_4_1|         array|
|p_ZL13poly_buffer_1_4_1_we1            |  out|    1|   ap_memory|       p_ZL13poly_buffer_1_4_1|         array|
|p_ZL13poly_buffer_1_4_1_d1             |  out|   64|   ap_memory|       p_ZL13poly_buffer_1_4_1|         array|
|p_ZL13poly_buffer_1_4_2_address0       |  out|    9|   ap_memory|       p_ZL13poly_buffer_1_4_2|         array|
|p_ZL13poly_buffer_1_4_2_ce0            |  out|    1|   ap_memory|       p_ZL13poly_buffer_1_4_2|         array|
|p_ZL13poly_buffer_1_4_2_q0             |   in|   64|   ap_memory|       p_ZL13poly_buffer_1_4_2|         array|
|p_ZL13poly_buffer_1_4_2_address1       |  out|    9|   ap_memory|       p_ZL13poly_buffer_1_4_2|         array|
|p_ZL13poly_buffer_1_4_2_ce1            |  out|    1|   ap_memory|       p_ZL13poly_buffer_1_4_2|         array|
|p_ZL13poly_buffer_1_4_2_we1            |  out|    1|   ap_memory|       p_ZL13poly_buffer_1_4_2|         array|
|p_ZL13poly_buffer_1_4_2_d1             |  out|   64|   ap_memory|       p_ZL13poly_buffer_1_4_2|         array|
|p_ZL13poly_buffer_1_5_0_address0       |  out|    9|   ap_memory|       p_ZL13poly_buffer_1_5_0|         array|
|p_ZL13poly_buffer_1_5_0_ce0            |  out|    1|   ap_memory|       p_ZL13poly_buffer_1_5_0|         array|
|p_ZL13poly_buffer_1_5_0_q0             |   in|   64|   ap_memory|       p_ZL13poly_buffer_1_5_0|         array|
|p_ZL13poly_buffer_1_5_0_address1       |  out|    9|   ap_memory|       p_ZL13poly_buffer_1_5_0|         array|
|p_ZL13poly_buffer_1_5_0_ce1            |  out|    1|   ap_memory|       p_ZL13poly_buffer_1_5_0|         array|
|p_ZL13poly_buffer_1_5_0_we1            |  out|    1|   ap_memory|       p_ZL13poly_buffer_1_5_0|         array|
|p_ZL13poly_buffer_1_5_0_d1             |  out|   64|   ap_memory|       p_ZL13poly_buffer_1_5_0|         array|
|p_ZL13poly_buffer_1_5_1_address0       |  out|    9|   ap_memory|       p_ZL13poly_buffer_1_5_1|         array|
|p_ZL13poly_buffer_1_5_1_ce0            |  out|    1|   ap_memory|       p_ZL13poly_buffer_1_5_1|         array|
|p_ZL13poly_buffer_1_5_1_q0             |   in|   64|   ap_memory|       p_ZL13poly_buffer_1_5_1|         array|
|p_ZL13poly_buffer_1_5_1_address1       |  out|    9|   ap_memory|       p_ZL13poly_buffer_1_5_1|         array|
|p_ZL13poly_buffer_1_5_1_ce1            |  out|    1|   ap_memory|       p_ZL13poly_buffer_1_5_1|         array|
|p_ZL13poly_buffer_1_5_1_we1            |  out|    1|   ap_memory|       p_ZL13poly_buffer_1_5_1|         array|
|p_ZL13poly_buffer_1_5_1_d1             |  out|   64|   ap_memory|       p_ZL13poly_buffer_1_5_1|         array|
|p_ZL13poly_buffer_1_5_2_address0       |  out|    9|   ap_memory|       p_ZL13poly_buffer_1_5_2|         array|
|p_ZL13poly_buffer_1_5_2_ce0            |  out|    1|   ap_memory|       p_ZL13poly_buffer_1_5_2|         array|
|p_ZL13poly_buffer_1_5_2_q0             |   in|   64|   ap_memory|       p_ZL13poly_buffer_1_5_2|         array|
|p_ZL13poly_buffer_1_5_2_address1       |  out|    9|   ap_memory|       p_ZL13poly_buffer_1_5_2|         array|
|p_ZL13poly_buffer_1_5_2_ce1            |  out|    1|   ap_memory|       p_ZL13poly_buffer_1_5_2|         array|
|p_ZL13poly_buffer_1_5_2_we1            |  out|    1|   ap_memory|       p_ZL13poly_buffer_1_5_2|         array|
|p_ZL13poly_buffer_1_5_2_d1             |  out|   64|   ap_memory|       p_ZL13poly_buffer_1_5_2|         array|
|p_ZL13poly_buffer_1_6_0_address0       |  out|    9|   ap_memory|       p_ZL13poly_buffer_1_6_0|         array|
|p_ZL13poly_buffer_1_6_0_ce0            |  out|    1|   ap_memory|       p_ZL13poly_buffer_1_6_0|         array|
|p_ZL13poly_buffer_1_6_0_q0             |   in|   64|   ap_memory|       p_ZL13poly_buffer_1_6_0|         array|
|p_ZL13poly_buffer_1_6_0_address1       |  out|    9|   ap_memory|       p_ZL13poly_buffer_1_6_0|         array|
|p_ZL13poly_buffer_1_6_0_ce1            |  out|    1|   ap_memory|       p_ZL13poly_buffer_1_6_0|         array|
|p_ZL13poly_buffer_1_6_0_we1            |  out|    1|   ap_memory|       p_ZL13poly_buffer_1_6_0|         array|
|p_ZL13poly_buffer_1_6_0_d1             |  out|   64|   ap_memory|       p_ZL13poly_buffer_1_6_0|         array|
|p_ZL13poly_buffer_1_6_1_address0       |  out|    9|   ap_memory|       p_ZL13poly_buffer_1_6_1|         array|
|p_ZL13poly_buffer_1_6_1_ce0            |  out|    1|   ap_memory|       p_ZL13poly_buffer_1_6_1|         array|
|p_ZL13poly_buffer_1_6_1_q0             |   in|   64|   ap_memory|       p_ZL13poly_buffer_1_6_1|         array|
|p_ZL13poly_buffer_1_6_1_address1       |  out|    9|   ap_memory|       p_ZL13poly_buffer_1_6_1|         array|
|p_ZL13poly_buffer_1_6_1_ce1            |  out|    1|   ap_memory|       p_ZL13poly_buffer_1_6_1|         array|
|p_ZL13poly_buffer_1_6_1_we1            |  out|    1|   ap_memory|       p_ZL13poly_buffer_1_6_1|         array|
|p_ZL13poly_buffer_1_6_1_d1             |  out|   64|   ap_memory|       p_ZL13poly_buffer_1_6_1|         array|
|p_ZL13poly_buffer_1_6_2_address0       |  out|    9|   ap_memory|       p_ZL13poly_buffer_1_6_2|         array|
|p_ZL13poly_buffer_1_6_2_ce0            |  out|    1|   ap_memory|       p_ZL13poly_buffer_1_6_2|         array|
|p_ZL13poly_buffer_1_6_2_q0             |   in|   64|   ap_memory|       p_ZL13poly_buffer_1_6_2|         array|
|p_ZL13poly_buffer_1_6_2_address1       |  out|    9|   ap_memory|       p_ZL13poly_buffer_1_6_2|         array|
|p_ZL13poly_buffer_1_6_2_ce1            |  out|    1|   ap_memory|       p_ZL13poly_buffer_1_6_2|         array|
|p_ZL13poly_buffer_1_6_2_we1            |  out|    1|   ap_memory|       p_ZL13poly_buffer_1_6_2|         array|
|p_ZL13poly_buffer_1_6_2_d1             |  out|   64|   ap_memory|       p_ZL13poly_buffer_1_6_2|         array|
|p_ZL13poly_buffer_1_7_0_address0       |  out|    9|   ap_memory|       p_ZL13poly_buffer_1_7_0|         array|
|p_ZL13poly_buffer_1_7_0_ce0            |  out|    1|   ap_memory|       p_ZL13poly_buffer_1_7_0|         array|
|p_ZL13poly_buffer_1_7_0_q0             |   in|   64|   ap_memory|       p_ZL13poly_buffer_1_7_0|         array|
|p_ZL13poly_buffer_1_7_0_address1       |  out|    9|   ap_memory|       p_ZL13poly_buffer_1_7_0|         array|
|p_ZL13poly_buffer_1_7_0_ce1            |  out|    1|   ap_memory|       p_ZL13poly_buffer_1_7_0|         array|
|p_ZL13poly_buffer_1_7_0_we1            |  out|    1|   ap_memory|       p_ZL13poly_buffer_1_7_0|         array|
|p_ZL13poly_buffer_1_7_0_d1             |  out|   64|   ap_memory|       p_ZL13poly_buffer_1_7_0|         array|
|p_ZL13poly_buffer_1_7_1_address0       |  out|    9|   ap_memory|       p_ZL13poly_buffer_1_7_1|         array|
|p_ZL13poly_buffer_1_7_1_ce0            |  out|    1|   ap_memory|       p_ZL13poly_buffer_1_7_1|         array|
|p_ZL13poly_buffer_1_7_1_q0             |   in|   64|   ap_memory|       p_ZL13poly_buffer_1_7_1|         array|
|p_ZL13poly_buffer_1_7_1_address1       |  out|    9|   ap_memory|       p_ZL13poly_buffer_1_7_1|         array|
|p_ZL13poly_buffer_1_7_1_ce1            |  out|    1|   ap_memory|       p_ZL13poly_buffer_1_7_1|         array|
|p_ZL13poly_buffer_1_7_1_we1            |  out|    1|   ap_memory|       p_ZL13poly_buffer_1_7_1|         array|
|p_ZL13poly_buffer_1_7_1_d1             |  out|   64|   ap_memory|       p_ZL13poly_buffer_1_7_1|         array|
|p_ZL13poly_buffer_1_7_2_address0       |  out|    9|   ap_memory|       p_ZL13poly_buffer_1_7_2|         array|
|p_ZL13poly_buffer_1_7_2_ce0            |  out|    1|   ap_memory|       p_ZL13poly_buffer_1_7_2|         array|
|p_ZL13poly_buffer_1_7_2_q0             |   in|   64|   ap_memory|       p_ZL13poly_buffer_1_7_2|         array|
|p_ZL13poly_buffer_1_7_2_address1       |  out|    9|   ap_memory|       p_ZL13poly_buffer_1_7_2|         array|
|p_ZL13poly_buffer_1_7_2_ce1            |  out|    1|   ap_memory|       p_ZL13poly_buffer_1_7_2|         array|
|p_ZL13poly_buffer_1_7_2_we1            |  out|    1|   ap_memory|       p_ZL13poly_buffer_1_7_2|         array|
|p_ZL13poly_buffer_1_7_2_d1             |  out|   64|   ap_memory|       p_ZL13poly_buffer_1_7_2|         array|
|p_ZL13poly_buffer_1_0_3_address0       |  out|    9|   ap_memory|       p_ZL13poly_buffer_1_0_3|         array|
|p_ZL13poly_buffer_1_0_3_ce0            |  out|    1|   ap_memory|       p_ZL13poly_buffer_1_0_3|         array|
|p_ZL13poly_buffer_1_0_3_q0             |   in|   64|   ap_memory|       p_ZL13poly_buffer_1_0_3|         array|
|p_ZL13poly_buffer_1_0_3_address1       |  out|    9|   ap_memory|       p_ZL13poly_buffer_1_0_3|         array|
|p_ZL13poly_buffer_1_0_3_ce1            |  out|    1|   ap_memory|       p_ZL13poly_buffer_1_0_3|         array|
|p_ZL13poly_buffer_1_0_3_we1            |  out|    1|   ap_memory|       p_ZL13poly_buffer_1_0_3|         array|
|p_ZL13poly_buffer_1_0_3_d1             |  out|   64|   ap_memory|       p_ZL13poly_buffer_1_0_3|         array|
|p_ZL13poly_buffer_1_1_3_address0       |  out|    9|   ap_memory|       p_ZL13poly_buffer_1_1_3|         array|
|p_ZL13poly_buffer_1_1_3_ce0            |  out|    1|   ap_memory|       p_ZL13poly_buffer_1_1_3|         array|
|p_ZL13poly_buffer_1_1_3_q0             |   in|   64|   ap_memory|       p_ZL13poly_buffer_1_1_3|         array|
|p_ZL13poly_buffer_1_1_3_address1       |  out|    9|   ap_memory|       p_ZL13poly_buffer_1_1_3|         array|
|p_ZL13poly_buffer_1_1_3_ce1            |  out|    1|   ap_memory|       p_ZL13poly_buffer_1_1_3|         array|
|p_ZL13poly_buffer_1_1_3_we1            |  out|    1|   ap_memory|       p_ZL13poly_buffer_1_1_3|         array|
|p_ZL13poly_buffer_1_1_3_d1             |  out|   64|   ap_memory|       p_ZL13poly_buffer_1_1_3|         array|
|p_ZL13poly_buffer_1_2_3_address0       |  out|    9|   ap_memory|       p_ZL13poly_buffer_1_2_3|         array|
|p_ZL13poly_buffer_1_2_3_ce0            |  out|    1|   ap_memory|       p_ZL13poly_buffer_1_2_3|         array|
|p_ZL13poly_buffer_1_2_3_q0             |   in|   64|   ap_memory|       p_ZL13poly_buffer_1_2_3|         array|
|p_ZL13poly_buffer_1_2_3_address1       |  out|    9|   ap_memory|       p_ZL13poly_buffer_1_2_3|         array|
|p_ZL13poly_buffer_1_2_3_ce1            |  out|    1|   ap_memory|       p_ZL13poly_buffer_1_2_3|         array|
|p_ZL13poly_buffer_1_2_3_we1            |  out|    1|   ap_memory|       p_ZL13poly_buffer_1_2_3|         array|
|p_ZL13poly_buffer_1_2_3_d1             |  out|   64|   ap_memory|       p_ZL13poly_buffer_1_2_3|         array|
|p_ZL13poly_buffer_1_3_3_address0       |  out|    9|   ap_memory|       p_ZL13poly_buffer_1_3_3|         array|
|p_ZL13poly_buffer_1_3_3_ce0            |  out|    1|   ap_memory|       p_ZL13poly_buffer_1_3_3|         array|
|p_ZL13poly_buffer_1_3_3_q0             |   in|   64|   ap_memory|       p_ZL13poly_buffer_1_3_3|         array|
|p_ZL13poly_buffer_1_3_3_address1       |  out|    9|   ap_memory|       p_ZL13poly_buffer_1_3_3|         array|
|p_ZL13poly_buffer_1_3_3_ce1            |  out|    1|   ap_memory|       p_ZL13poly_buffer_1_3_3|         array|
|p_ZL13poly_buffer_1_3_3_we1            |  out|    1|   ap_memory|       p_ZL13poly_buffer_1_3_3|         array|
|p_ZL13poly_buffer_1_3_3_d1             |  out|   64|   ap_memory|       p_ZL13poly_buffer_1_3_3|         array|
|p_ZL13poly_buffer_1_4_3_address0       |  out|    9|   ap_memory|       p_ZL13poly_buffer_1_4_3|         array|
|p_ZL13poly_buffer_1_4_3_ce0            |  out|    1|   ap_memory|       p_ZL13poly_buffer_1_4_3|         array|
|p_ZL13poly_buffer_1_4_3_q0             |   in|   64|   ap_memory|       p_ZL13poly_buffer_1_4_3|         array|
|p_ZL13poly_buffer_1_4_3_address1       |  out|    9|   ap_memory|       p_ZL13poly_buffer_1_4_3|         array|
|p_ZL13poly_buffer_1_4_3_ce1            |  out|    1|   ap_memory|       p_ZL13poly_buffer_1_4_3|         array|
|p_ZL13poly_buffer_1_4_3_we1            |  out|    1|   ap_memory|       p_ZL13poly_buffer_1_4_3|         array|
|p_ZL13poly_buffer_1_4_3_d1             |  out|   64|   ap_memory|       p_ZL13poly_buffer_1_4_3|         array|
|p_ZL13poly_buffer_1_5_3_address0       |  out|    9|   ap_memory|       p_ZL13poly_buffer_1_5_3|         array|
|p_ZL13poly_buffer_1_5_3_ce0            |  out|    1|   ap_memory|       p_ZL13poly_buffer_1_5_3|         array|
|p_ZL13poly_buffer_1_5_3_q0             |   in|   64|   ap_memory|       p_ZL13poly_buffer_1_5_3|         array|
|p_ZL13poly_buffer_1_5_3_address1       |  out|    9|   ap_memory|       p_ZL13poly_buffer_1_5_3|         array|
|p_ZL13poly_buffer_1_5_3_ce1            |  out|    1|   ap_memory|       p_ZL13poly_buffer_1_5_3|         array|
|p_ZL13poly_buffer_1_5_3_we1            |  out|    1|   ap_memory|       p_ZL13poly_buffer_1_5_3|         array|
|p_ZL13poly_buffer_1_5_3_d1             |  out|   64|   ap_memory|       p_ZL13poly_buffer_1_5_3|         array|
|p_ZL13poly_buffer_1_6_3_address0       |  out|    9|   ap_memory|       p_ZL13poly_buffer_1_6_3|         array|
|p_ZL13poly_buffer_1_6_3_ce0            |  out|    1|   ap_memory|       p_ZL13poly_buffer_1_6_3|         array|
|p_ZL13poly_buffer_1_6_3_q0             |   in|   64|   ap_memory|       p_ZL13poly_buffer_1_6_3|         array|
|p_ZL13poly_buffer_1_6_3_address1       |  out|    9|   ap_memory|       p_ZL13poly_buffer_1_6_3|         array|
|p_ZL13poly_buffer_1_6_3_ce1            |  out|    1|   ap_memory|       p_ZL13poly_buffer_1_6_3|         array|
|p_ZL13poly_buffer_1_6_3_we1            |  out|    1|   ap_memory|       p_ZL13poly_buffer_1_6_3|         array|
|p_ZL13poly_buffer_1_6_3_d1             |  out|   64|   ap_memory|       p_ZL13poly_buffer_1_6_3|         array|
|p_ZL13poly_buffer_1_7_3_address0       |  out|    9|   ap_memory|       p_ZL13poly_buffer_1_7_3|         array|
|p_ZL13poly_buffer_1_7_3_ce0            |  out|    1|   ap_memory|       p_ZL13poly_buffer_1_7_3|         array|
|p_ZL13poly_buffer_1_7_3_q0             |   in|   64|   ap_memory|       p_ZL13poly_buffer_1_7_3|         array|
|p_ZL13poly_buffer_1_7_3_address1       |  out|    9|   ap_memory|       p_ZL13poly_buffer_1_7_3|         array|
|p_ZL13poly_buffer_1_7_3_ce1            |  out|    1|   ap_memory|       p_ZL13poly_buffer_1_7_3|         array|
|p_ZL13poly_buffer_1_7_3_we1            |  out|    1|   ap_memory|       p_ZL13poly_buffer_1_7_3|         array|
|p_ZL13poly_buffer_1_7_3_d1             |  out|   64|   ap_memory|       p_ZL13poly_buffer_1_7_3|         array|
|p_ZL13poly_buffer_1_0_4_address0       |  out|    9|   ap_memory|       p_ZL13poly_buffer_1_0_4|         array|
|p_ZL13poly_buffer_1_0_4_ce0            |  out|    1|   ap_memory|       p_ZL13poly_buffer_1_0_4|         array|
|p_ZL13poly_buffer_1_0_4_q0             |   in|   64|   ap_memory|       p_ZL13poly_buffer_1_0_4|         array|
|p_ZL13poly_buffer_1_0_4_address1       |  out|    9|   ap_memory|       p_ZL13poly_buffer_1_0_4|         array|
|p_ZL13poly_buffer_1_0_4_ce1            |  out|    1|   ap_memory|       p_ZL13poly_buffer_1_0_4|         array|
|p_ZL13poly_buffer_1_0_4_we1            |  out|    1|   ap_memory|       p_ZL13poly_buffer_1_0_4|         array|
|p_ZL13poly_buffer_1_0_4_d1             |  out|   64|   ap_memory|       p_ZL13poly_buffer_1_0_4|         array|
|p_ZL13poly_buffer_1_1_4_address0       |  out|    9|   ap_memory|       p_ZL13poly_buffer_1_1_4|         array|
|p_ZL13poly_buffer_1_1_4_ce0            |  out|    1|   ap_memory|       p_ZL13poly_buffer_1_1_4|         array|
|p_ZL13poly_buffer_1_1_4_q0             |   in|   64|   ap_memory|       p_ZL13poly_buffer_1_1_4|         array|
|p_ZL13poly_buffer_1_1_4_address1       |  out|    9|   ap_memory|       p_ZL13poly_buffer_1_1_4|         array|
|p_ZL13poly_buffer_1_1_4_ce1            |  out|    1|   ap_memory|       p_ZL13poly_buffer_1_1_4|         array|
|p_ZL13poly_buffer_1_1_4_we1            |  out|    1|   ap_memory|       p_ZL13poly_buffer_1_1_4|         array|
|p_ZL13poly_buffer_1_1_4_d1             |  out|   64|   ap_memory|       p_ZL13poly_buffer_1_1_4|         array|
|p_ZL13poly_buffer_1_2_4_address0       |  out|    9|   ap_memory|       p_ZL13poly_buffer_1_2_4|         array|
|p_ZL13poly_buffer_1_2_4_ce0            |  out|    1|   ap_memory|       p_ZL13poly_buffer_1_2_4|         array|
|p_ZL13poly_buffer_1_2_4_q0             |   in|   64|   ap_memory|       p_ZL13poly_buffer_1_2_4|         array|
|p_ZL13poly_buffer_1_2_4_address1       |  out|    9|   ap_memory|       p_ZL13poly_buffer_1_2_4|         array|
|p_ZL13poly_buffer_1_2_4_ce1            |  out|    1|   ap_memory|       p_ZL13poly_buffer_1_2_4|         array|
|p_ZL13poly_buffer_1_2_4_we1            |  out|    1|   ap_memory|       p_ZL13poly_buffer_1_2_4|         array|
|p_ZL13poly_buffer_1_2_4_d1             |  out|   64|   ap_memory|       p_ZL13poly_buffer_1_2_4|         array|
|p_ZL13poly_buffer_1_3_4_address0       |  out|    9|   ap_memory|       p_ZL13poly_buffer_1_3_4|         array|
|p_ZL13poly_buffer_1_3_4_ce0            |  out|    1|   ap_memory|       p_ZL13poly_buffer_1_3_4|         array|
|p_ZL13poly_buffer_1_3_4_q0             |   in|   64|   ap_memory|       p_ZL13poly_buffer_1_3_4|         array|
|p_ZL13poly_buffer_1_3_4_address1       |  out|    9|   ap_memory|       p_ZL13poly_buffer_1_3_4|         array|
|p_ZL13poly_buffer_1_3_4_ce1            |  out|    1|   ap_memory|       p_ZL13poly_buffer_1_3_4|         array|
|p_ZL13poly_buffer_1_3_4_we1            |  out|    1|   ap_memory|       p_ZL13poly_buffer_1_3_4|         array|
|p_ZL13poly_buffer_1_3_4_d1             |  out|   64|   ap_memory|       p_ZL13poly_buffer_1_3_4|         array|
|p_ZL13poly_buffer_1_4_4_address0       |  out|    9|   ap_memory|       p_ZL13poly_buffer_1_4_4|         array|
|p_ZL13poly_buffer_1_4_4_ce0            |  out|    1|   ap_memory|       p_ZL13poly_buffer_1_4_4|         array|
|p_ZL13poly_buffer_1_4_4_q0             |   in|   64|   ap_memory|       p_ZL13poly_buffer_1_4_4|         array|
|p_ZL13poly_buffer_1_4_4_address1       |  out|    9|   ap_memory|       p_ZL13poly_buffer_1_4_4|         array|
|p_ZL13poly_buffer_1_4_4_ce1            |  out|    1|   ap_memory|       p_ZL13poly_buffer_1_4_4|         array|
|p_ZL13poly_buffer_1_4_4_we1            |  out|    1|   ap_memory|       p_ZL13poly_buffer_1_4_4|         array|
|p_ZL13poly_buffer_1_4_4_d1             |  out|   64|   ap_memory|       p_ZL13poly_buffer_1_4_4|         array|
|p_ZL13poly_buffer_1_5_4_address0       |  out|    9|   ap_memory|       p_ZL13poly_buffer_1_5_4|         array|
|p_ZL13poly_buffer_1_5_4_ce0            |  out|    1|   ap_memory|       p_ZL13poly_buffer_1_5_4|         array|
|p_ZL13poly_buffer_1_5_4_q0             |   in|   64|   ap_memory|       p_ZL13poly_buffer_1_5_4|         array|
|p_ZL13poly_buffer_1_5_4_address1       |  out|    9|   ap_memory|       p_ZL13poly_buffer_1_5_4|         array|
|p_ZL13poly_buffer_1_5_4_ce1            |  out|    1|   ap_memory|       p_ZL13poly_buffer_1_5_4|         array|
|p_ZL13poly_buffer_1_5_4_we1            |  out|    1|   ap_memory|       p_ZL13poly_buffer_1_5_4|         array|
|p_ZL13poly_buffer_1_5_4_d1             |  out|   64|   ap_memory|       p_ZL13poly_buffer_1_5_4|         array|
|p_ZL13poly_buffer_1_6_4_address0       |  out|    9|   ap_memory|       p_ZL13poly_buffer_1_6_4|         array|
|p_ZL13poly_buffer_1_6_4_ce0            |  out|    1|   ap_memory|       p_ZL13poly_buffer_1_6_4|         array|
|p_ZL13poly_buffer_1_6_4_q0             |   in|   64|   ap_memory|       p_ZL13poly_buffer_1_6_4|         array|
|p_ZL13poly_buffer_1_6_4_address1       |  out|    9|   ap_memory|       p_ZL13poly_buffer_1_6_4|         array|
|p_ZL13poly_buffer_1_6_4_ce1            |  out|    1|   ap_memory|       p_ZL13poly_buffer_1_6_4|         array|
|p_ZL13poly_buffer_1_6_4_we1            |  out|    1|   ap_memory|       p_ZL13poly_buffer_1_6_4|         array|
|p_ZL13poly_buffer_1_6_4_d1             |  out|   64|   ap_memory|       p_ZL13poly_buffer_1_6_4|         array|
|p_ZL13poly_buffer_1_7_4_address0       |  out|    9|   ap_memory|       p_ZL13poly_buffer_1_7_4|         array|
|p_ZL13poly_buffer_1_7_4_ce0            |  out|    1|   ap_memory|       p_ZL13poly_buffer_1_7_4|         array|
|p_ZL13poly_buffer_1_7_4_q0             |   in|   64|   ap_memory|       p_ZL13poly_buffer_1_7_4|         array|
|p_ZL13poly_buffer_1_7_4_address1       |  out|    9|   ap_memory|       p_ZL13poly_buffer_1_7_4|         array|
|p_ZL13poly_buffer_1_7_4_ce1            |  out|    1|   ap_memory|       p_ZL13poly_buffer_1_7_4|         array|
|p_ZL13poly_buffer_1_7_4_we1            |  out|    1|   ap_memory|       p_ZL13poly_buffer_1_7_4|         array|
|p_ZL13poly_buffer_1_7_4_d1             |  out|   64|   ap_memory|       p_ZL13poly_buffer_1_7_4|         array|
|p_ZL13poly_buffer_1_0_5_address0       |  out|    9|   ap_memory|       p_ZL13poly_buffer_1_0_5|         array|
|p_ZL13poly_buffer_1_0_5_ce0            |  out|    1|   ap_memory|       p_ZL13poly_buffer_1_0_5|         array|
|p_ZL13poly_buffer_1_0_5_q0             |   in|   64|   ap_memory|       p_ZL13poly_buffer_1_0_5|         array|
|p_ZL13poly_buffer_1_0_5_address1       |  out|    9|   ap_memory|       p_ZL13poly_buffer_1_0_5|         array|
|p_ZL13poly_buffer_1_0_5_ce1            |  out|    1|   ap_memory|       p_ZL13poly_buffer_1_0_5|         array|
|p_ZL13poly_buffer_1_0_5_we1            |  out|    1|   ap_memory|       p_ZL13poly_buffer_1_0_5|         array|
|p_ZL13poly_buffer_1_0_5_d1             |  out|   64|   ap_memory|       p_ZL13poly_buffer_1_0_5|         array|
|p_ZL13poly_buffer_1_1_5_address0       |  out|    9|   ap_memory|       p_ZL13poly_buffer_1_1_5|         array|
|p_ZL13poly_buffer_1_1_5_ce0            |  out|    1|   ap_memory|       p_ZL13poly_buffer_1_1_5|         array|
|p_ZL13poly_buffer_1_1_5_q0             |   in|   64|   ap_memory|       p_ZL13poly_buffer_1_1_5|         array|
|p_ZL13poly_buffer_1_1_5_address1       |  out|    9|   ap_memory|       p_ZL13poly_buffer_1_1_5|         array|
|p_ZL13poly_buffer_1_1_5_ce1            |  out|    1|   ap_memory|       p_ZL13poly_buffer_1_1_5|         array|
|p_ZL13poly_buffer_1_1_5_we1            |  out|    1|   ap_memory|       p_ZL13poly_buffer_1_1_5|         array|
|p_ZL13poly_buffer_1_1_5_d1             |  out|   64|   ap_memory|       p_ZL13poly_buffer_1_1_5|         array|
|p_ZL13poly_buffer_1_2_5_address0       |  out|    9|   ap_memory|       p_ZL13poly_buffer_1_2_5|         array|
|p_ZL13poly_buffer_1_2_5_ce0            |  out|    1|   ap_memory|       p_ZL13poly_buffer_1_2_5|         array|
|p_ZL13poly_buffer_1_2_5_q0             |   in|   64|   ap_memory|       p_ZL13poly_buffer_1_2_5|         array|
|p_ZL13poly_buffer_1_2_5_address1       |  out|    9|   ap_memory|       p_ZL13poly_buffer_1_2_5|         array|
|p_ZL13poly_buffer_1_2_5_ce1            |  out|    1|   ap_memory|       p_ZL13poly_buffer_1_2_5|         array|
|p_ZL13poly_buffer_1_2_5_we1            |  out|    1|   ap_memory|       p_ZL13poly_buffer_1_2_5|         array|
|p_ZL13poly_buffer_1_2_5_d1             |  out|   64|   ap_memory|       p_ZL13poly_buffer_1_2_5|         array|
|p_ZL13poly_buffer_1_3_5_address0       |  out|    9|   ap_memory|       p_ZL13poly_buffer_1_3_5|         array|
|p_ZL13poly_buffer_1_3_5_ce0            |  out|    1|   ap_memory|       p_ZL13poly_buffer_1_3_5|         array|
|p_ZL13poly_buffer_1_3_5_q0             |   in|   64|   ap_memory|       p_ZL13poly_buffer_1_3_5|         array|
|p_ZL13poly_buffer_1_3_5_address1       |  out|    9|   ap_memory|       p_ZL13poly_buffer_1_3_5|         array|
|p_ZL13poly_buffer_1_3_5_ce1            |  out|    1|   ap_memory|       p_ZL13poly_buffer_1_3_5|         array|
|p_ZL13poly_buffer_1_3_5_we1            |  out|    1|   ap_memory|       p_ZL13poly_buffer_1_3_5|         array|
|p_ZL13poly_buffer_1_3_5_d1             |  out|   64|   ap_memory|       p_ZL13poly_buffer_1_3_5|         array|
|p_ZL13poly_buffer_1_4_5_address0       |  out|    9|   ap_memory|       p_ZL13poly_buffer_1_4_5|         array|
|p_ZL13poly_buffer_1_4_5_ce0            |  out|    1|   ap_memory|       p_ZL13poly_buffer_1_4_5|         array|
|p_ZL13poly_buffer_1_4_5_q0             |   in|   64|   ap_memory|       p_ZL13poly_buffer_1_4_5|         array|
|p_ZL13poly_buffer_1_4_5_address1       |  out|    9|   ap_memory|       p_ZL13poly_buffer_1_4_5|         array|
|p_ZL13poly_buffer_1_4_5_ce1            |  out|    1|   ap_memory|       p_ZL13poly_buffer_1_4_5|         array|
|p_ZL13poly_buffer_1_4_5_we1            |  out|    1|   ap_memory|       p_ZL13poly_buffer_1_4_5|         array|
|p_ZL13poly_buffer_1_4_5_d1             |  out|   64|   ap_memory|       p_ZL13poly_buffer_1_4_5|         array|
|p_ZL13poly_buffer_1_5_5_address0       |  out|    9|   ap_memory|       p_ZL13poly_buffer_1_5_5|         array|
|p_ZL13poly_buffer_1_5_5_ce0            |  out|    1|   ap_memory|       p_ZL13poly_buffer_1_5_5|         array|
|p_ZL13poly_buffer_1_5_5_q0             |   in|   64|   ap_memory|       p_ZL13poly_buffer_1_5_5|         array|
|p_ZL13poly_buffer_1_5_5_address1       |  out|    9|   ap_memory|       p_ZL13poly_buffer_1_5_5|         array|
|p_ZL13poly_buffer_1_5_5_ce1            |  out|    1|   ap_memory|       p_ZL13poly_buffer_1_5_5|         array|
|p_ZL13poly_buffer_1_5_5_we1            |  out|    1|   ap_memory|       p_ZL13poly_buffer_1_5_5|         array|
|p_ZL13poly_buffer_1_5_5_d1             |  out|   64|   ap_memory|       p_ZL13poly_buffer_1_5_5|         array|
|p_ZL13poly_buffer_1_6_5_address0       |  out|    9|   ap_memory|       p_ZL13poly_buffer_1_6_5|         array|
|p_ZL13poly_buffer_1_6_5_ce0            |  out|    1|   ap_memory|       p_ZL13poly_buffer_1_6_5|         array|
|p_ZL13poly_buffer_1_6_5_q0             |   in|   64|   ap_memory|       p_ZL13poly_buffer_1_6_5|         array|
|p_ZL13poly_buffer_1_6_5_address1       |  out|    9|   ap_memory|       p_ZL13poly_buffer_1_6_5|         array|
|p_ZL13poly_buffer_1_6_5_ce1            |  out|    1|   ap_memory|       p_ZL13poly_buffer_1_6_5|         array|
|p_ZL13poly_buffer_1_6_5_we1            |  out|    1|   ap_memory|       p_ZL13poly_buffer_1_6_5|         array|
|p_ZL13poly_buffer_1_6_5_d1             |  out|   64|   ap_memory|       p_ZL13poly_buffer_1_6_5|         array|
|p_ZL13poly_buffer_1_7_5_address0       |  out|    9|   ap_memory|       p_ZL13poly_buffer_1_7_5|         array|
|p_ZL13poly_buffer_1_7_5_ce0            |  out|    1|   ap_memory|       p_ZL13poly_buffer_1_7_5|         array|
|p_ZL13poly_buffer_1_7_5_q0             |   in|   64|   ap_memory|       p_ZL13poly_buffer_1_7_5|         array|
|p_ZL13poly_buffer_1_7_5_address1       |  out|    9|   ap_memory|       p_ZL13poly_buffer_1_7_5|         array|
|p_ZL13poly_buffer_1_7_5_ce1            |  out|    1|   ap_memory|       p_ZL13poly_buffer_1_7_5|         array|
|p_ZL13poly_buffer_1_7_5_we1            |  out|    1|   ap_memory|       p_ZL13poly_buffer_1_7_5|         array|
|p_ZL13poly_buffer_1_7_5_d1             |  out|   64|   ap_memory|       p_ZL13poly_buffer_1_7_5|         array|
|p_ZL13poly_buffer_1_0_6_address0       |  out|    9|   ap_memory|       p_ZL13poly_buffer_1_0_6|         array|
|p_ZL13poly_buffer_1_0_6_ce0            |  out|    1|   ap_memory|       p_ZL13poly_buffer_1_0_6|         array|
|p_ZL13poly_buffer_1_0_6_q0             |   in|   64|   ap_memory|       p_ZL13poly_buffer_1_0_6|         array|
|p_ZL13poly_buffer_1_0_6_address1       |  out|    9|   ap_memory|       p_ZL13poly_buffer_1_0_6|         array|
|p_ZL13poly_buffer_1_0_6_ce1            |  out|    1|   ap_memory|       p_ZL13poly_buffer_1_0_6|         array|
|p_ZL13poly_buffer_1_0_6_we1            |  out|    1|   ap_memory|       p_ZL13poly_buffer_1_0_6|         array|
|p_ZL13poly_buffer_1_0_6_d1             |  out|   64|   ap_memory|       p_ZL13poly_buffer_1_0_6|         array|
|p_ZL13poly_buffer_1_1_6_address0       |  out|    9|   ap_memory|       p_ZL13poly_buffer_1_1_6|         array|
|p_ZL13poly_buffer_1_1_6_ce0            |  out|    1|   ap_memory|       p_ZL13poly_buffer_1_1_6|         array|
|p_ZL13poly_buffer_1_1_6_q0             |   in|   64|   ap_memory|       p_ZL13poly_buffer_1_1_6|         array|
|p_ZL13poly_buffer_1_1_6_address1       |  out|    9|   ap_memory|       p_ZL13poly_buffer_1_1_6|         array|
|p_ZL13poly_buffer_1_1_6_ce1            |  out|    1|   ap_memory|       p_ZL13poly_buffer_1_1_6|         array|
|p_ZL13poly_buffer_1_1_6_we1            |  out|    1|   ap_memory|       p_ZL13poly_buffer_1_1_6|         array|
|p_ZL13poly_buffer_1_1_6_d1             |  out|   64|   ap_memory|       p_ZL13poly_buffer_1_1_6|         array|
|p_ZL13poly_buffer_1_2_6_address0       |  out|    9|   ap_memory|       p_ZL13poly_buffer_1_2_6|         array|
|p_ZL13poly_buffer_1_2_6_ce0            |  out|    1|   ap_memory|       p_ZL13poly_buffer_1_2_6|         array|
|p_ZL13poly_buffer_1_2_6_q0             |   in|   64|   ap_memory|       p_ZL13poly_buffer_1_2_6|         array|
|p_ZL13poly_buffer_1_2_6_address1       |  out|    9|   ap_memory|       p_ZL13poly_buffer_1_2_6|         array|
|p_ZL13poly_buffer_1_2_6_ce1            |  out|    1|   ap_memory|       p_ZL13poly_buffer_1_2_6|         array|
|p_ZL13poly_buffer_1_2_6_we1            |  out|    1|   ap_memory|       p_ZL13poly_buffer_1_2_6|         array|
|p_ZL13poly_buffer_1_2_6_d1             |  out|   64|   ap_memory|       p_ZL13poly_buffer_1_2_6|         array|
|p_ZL13poly_buffer_1_3_6_address0       |  out|    9|   ap_memory|       p_ZL13poly_buffer_1_3_6|         array|
|p_ZL13poly_buffer_1_3_6_ce0            |  out|    1|   ap_memory|       p_ZL13poly_buffer_1_3_6|         array|
|p_ZL13poly_buffer_1_3_6_q0             |   in|   64|   ap_memory|       p_ZL13poly_buffer_1_3_6|         array|
|p_ZL13poly_buffer_1_3_6_address1       |  out|    9|   ap_memory|       p_ZL13poly_buffer_1_3_6|         array|
|p_ZL13poly_buffer_1_3_6_ce1            |  out|    1|   ap_memory|       p_ZL13poly_buffer_1_3_6|         array|
|p_ZL13poly_buffer_1_3_6_we1            |  out|    1|   ap_memory|       p_ZL13poly_buffer_1_3_6|         array|
|p_ZL13poly_buffer_1_3_6_d1             |  out|   64|   ap_memory|       p_ZL13poly_buffer_1_3_6|         array|
|p_ZL13poly_buffer_1_4_6_address0       |  out|    9|   ap_memory|       p_ZL13poly_buffer_1_4_6|         array|
|p_ZL13poly_buffer_1_4_6_ce0            |  out|    1|   ap_memory|       p_ZL13poly_buffer_1_4_6|         array|
|p_ZL13poly_buffer_1_4_6_q0             |   in|   64|   ap_memory|       p_ZL13poly_buffer_1_4_6|         array|
|p_ZL13poly_buffer_1_4_6_address1       |  out|    9|   ap_memory|       p_ZL13poly_buffer_1_4_6|         array|
|p_ZL13poly_buffer_1_4_6_ce1            |  out|    1|   ap_memory|       p_ZL13poly_buffer_1_4_6|         array|
|p_ZL13poly_buffer_1_4_6_we1            |  out|    1|   ap_memory|       p_ZL13poly_buffer_1_4_6|         array|
|p_ZL13poly_buffer_1_4_6_d1             |  out|   64|   ap_memory|       p_ZL13poly_buffer_1_4_6|         array|
|p_ZL13poly_buffer_1_5_6_address0       |  out|    9|   ap_memory|       p_ZL13poly_buffer_1_5_6|         array|
|p_ZL13poly_buffer_1_5_6_ce0            |  out|    1|   ap_memory|       p_ZL13poly_buffer_1_5_6|         array|
|p_ZL13poly_buffer_1_5_6_q0             |   in|   64|   ap_memory|       p_ZL13poly_buffer_1_5_6|         array|
|p_ZL13poly_buffer_1_5_6_address1       |  out|    9|   ap_memory|       p_ZL13poly_buffer_1_5_6|         array|
|p_ZL13poly_buffer_1_5_6_ce1            |  out|    1|   ap_memory|       p_ZL13poly_buffer_1_5_6|         array|
|p_ZL13poly_buffer_1_5_6_we1            |  out|    1|   ap_memory|       p_ZL13poly_buffer_1_5_6|         array|
|p_ZL13poly_buffer_1_5_6_d1             |  out|   64|   ap_memory|       p_ZL13poly_buffer_1_5_6|         array|
|p_ZL13poly_buffer_1_6_6_address0       |  out|    9|   ap_memory|       p_ZL13poly_buffer_1_6_6|         array|
|p_ZL13poly_buffer_1_6_6_ce0            |  out|    1|   ap_memory|       p_ZL13poly_buffer_1_6_6|         array|
|p_ZL13poly_buffer_1_6_6_q0             |   in|   64|   ap_memory|       p_ZL13poly_buffer_1_6_6|         array|
|p_ZL13poly_buffer_1_6_6_address1       |  out|    9|   ap_memory|       p_ZL13poly_buffer_1_6_6|         array|
|p_ZL13poly_buffer_1_6_6_ce1            |  out|    1|   ap_memory|       p_ZL13poly_buffer_1_6_6|         array|
|p_ZL13poly_buffer_1_6_6_we1            |  out|    1|   ap_memory|       p_ZL13poly_buffer_1_6_6|         array|
|p_ZL13poly_buffer_1_6_6_d1             |  out|   64|   ap_memory|       p_ZL13poly_buffer_1_6_6|         array|
|p_ZL13poly_buffer_1_7_6_address0       |  out|    9|   ap_memory|       p_ZL13poly_buffer_1_7_6|         array|
|p_ZL13poly_buffer_1_7_6_ce0            |  out|    1|   ap_memory|       p_ZL13poly_buffer_1_7_6|         array|
|p_ZL13poly_buffer_1_7_6_q0             |   in|   64|   ap_memory|       p_ZL13poly_buffer_1_7_6|         array|
|p_ZL13poly_buffer_1_7_6_address1       |  out|    9|   ap_memory|       p_ZL13poly_buffer_1_7_6|         array|
|p_ZL13poly_buffer_1_7_6_ce1            |  out|    1|   ap_memory|       p_ZL13poly_buffer_1_7_6|         array|
|p_ZL13poly_buffer_1_7_6_we1            |  out|    1|   ap_memory|       p_ZL13poly_buffer_1_7_6|         array|
|p_ZL13poly_buffer_1_7_6_d1             |  out|   64|   ap_memory|       p_ZL13poly_buffer_1_7_6|         array|
|p_ZL13poly_buffer_1_0_7_address0       |  out|    9|   ap_memory|       p_ZL13poly_buffer_1_0_7|         array|
|p_ZL13poly_buffer_1_0_7_ce0            |  out|    1|   ap_memory|       p_ZL13poly_buffer_1_0_7|         array|
|p_ZL13poly_buffer_1_0_7_q0             |   in|   64|   ap_memory|       p_ZL13poly_buffer_1_0_7|         array|
|p_ZL13poly_buffer_1_0_7_address1       |  out|    9|   ap_memory|       p_ZL13poly_buffer_1_0_7|         array|
|p_ZL13poly_buffer_1_0_7_ce1            |  out|    1|   ap_memory|       p_ZL13poly_buffer_1_0_7|         array|
|p_ZL13poly_buffer_1_0_7_we1            |  out|    1|   ap_memory|       p_ZL13poly_buffer_1_0_7|         array|
|p_ZL13poly_buffer_1_0_7_d1             |  out|   64|   ap_memory|       p_ZL13poly_buffer_1_0_7|         array|
|p_ZL13poly_buffer_1_1_7_address0       |  out|    9|   ap_memory|       p_ZL13poly_buffer_1_1_7|         array|
|p_ZL13poly_buffer_1_1_7_ce0            |  out|    1|   ap_memory|       p_ZL13poly_buffer_1_1_7|         array|
|p_ZL13poly_buffer_1_1_7_q0             |   in|   64|   ap_memory|       p_ZL13poly_buffer_1_1_7|         array|
|p_ZL13poly_buffer_1_1_7_address1       |  out|    9|   ap_memory|       p_ZL13poly_buffer_1_1_7|         array|
|p_ZL13poly_buffer_1_1_7_ce1            |  out|    1|   ap_memory|       p_ZL13poly_buffer_1_1_7|         array|
|p_ZL13poly_buffer_1_1_7_we1            |  out|    1|   ap_memory|       p_ZL13poly_buffer_1_1_7|         array|
|p_ZL13poly_buffer_1_1_7_d1             |  out|   64|   ap_memory|       p_ZL13poly_buffer_1_1_7|         array|
|p_ZL13poly_buffer_1_2_7_address0       |  out|    9|   ap_memory|       p_ZL13poly_buffer_1_2_7|         array|
|p_ZL13poly_buffer_1_2_7_ce0            |  out|    1|   ap_memory|       p_ZL13poly_buffer_1_2_7|         array|
|p_ZL13poly_buffer_1_2_7_q0             |   in|   64|   ap_memory|       p_ZL13poly_buffer_1_2_7|         array|
|p_ZL13poly_buffer_1_2_7_address1       |  out|    9|   ap_memory|       p_ZL13poly_buffer_1_2_7|         array|
|p_ZL13poly_buffer_1_2_7_ce1            |  out|    1|   ap_memory|       p_ZL13poly_buffer_1_2_7|         array|
|p_ZL13poly_buffer_1_2_7_we1            |  out|    1|   ap_memory|       p_ZL13poly_buffer_1_2_7|         array|
|p_ZL13poly_buffer_1_2_7_d1             |  out|   64|   ap_memory|       p_ZL13poly_buffer_1_2_7|         array|
|p_ZL13poly_buffer_1_3_7_address0       |  out|    9|   ap_memory|       p_ZL13poly_buffer_1_3_7|         array|
|p_ZL13poly_buffer_1_3_7_ce0            |  out|    1|   ap_memory|       p_ZL13poly_buffer_1_3_7|         array|
|p_ZL13poly_buffer_1_3_7_q0             |   in|   64|   ap_memory|       p_ZL13poly_buffer_1_3_7|         array|
|p_ZL13poly_buffer_1_3_7_address1       |  out|    9|   ap_memory|       p_ZL13poly_buffer_1_3_7|         array|
|p_ZL13poly_buffer_1_3_7_ce1            |  out|    1|   ap_memory|       p_ZL13poly_buffer_1_3_7|         array|
|p_ZL13poly_buffer_1_3_7_we1            |  out|    1|   ap_memory|       p_ZL13poly_buffer_1_3_7|         array|
|p_ZL13poly_buffer_1_3_7_d1             |  out|   64|   ap_memory|       p_ZL13poly_buffer_1_3_7|         array|
|p_ZL13poly_buffer_1_4_7_address0       |  out|    9|   ap_memory|       p_ZL13poly_buffer_1_4_7|         array|
|p_ZL13poly_buffer_1_4_7_ce0            |  out|    1|   ap_memory|       p_ZL13poly_buffer_1_4_7|         array|
|p_ZL13poly_buffer_1_4_7_q0             |   in|   64|   ap_memory|       p_ZL13poly_buffer_1_4_7|         array|
|p_ZL13poly_buffer_1_4_7_address1       |  out|    9|   ap_memory|       p_ZL13poly_buffer_1_4_7|         array|
|p_ZL13poly_buffer_1_4_7_ce1            |  out|    1|   ap_memory|       p_ZL13poly_buffer_1_4_7|         array|
|p_ZL13poly_buffer_1_4_7_we1            |  out|    1|   ap_memory|       p_ZL13poly_buffer_1_4_7|         array|
|p_ZL13poly_buffer_1_4_7_d1             |  out|   64|   ap_memory|       p_ZL13poly_buffer_1_4_7|         array|
|p_ZL13poly_buffer_1_5_7_address0       |  out|    9|   ap_memory|       p_ZL13poly_buffer_1_5_7|         array|
|p_ZL13poly_buffer_1_5_7_ce0            |  out|    1|   ap_memory|       p_ZL13poly_buffer_1_5_7|         array|
|p_ZL13poly_buffer_1_5_7_q0             |   in|   64|   ap_memory|       p_ZL13poly_buffer_1_5_7|         array|
|p_ZL13poly_buffer_1_5_7_address1       |  out|    9|   ap_memory|       p_ZL13poly_buffer_1_5_7|         array|
|p_ZL13poly_buffer_1_5_7_ce1            |  out|    1|   ap_memory|       p_ZL13poly_buffer_1_5_7|         array|
|p_ZL13poly_buffer_1_5_7_we1            |  out|    1|   ap_memory|       p_ZL13poly_buffer_1_5_7|         array|
|p_ZL13poly_buffer_1_5_7_d1             |  out|   64|   ap_memory|       p_ZL13poly_buffer_1_5_7|         array|
|p_ZL13poly_buffer_1_6_7_address0       |  out|    9|   ap_memory|       p_ZL13poly_buffer_1_6_7|         array|
|p_ZL13poly_buffer_1_6_7_ce0            |  out|    1|   ap_memory|       p_ZL13poly_buffer_1_6_7|         array|
|p_ZL13poly_buffer_1_6_7_q0             |   in|   64|   ap_memory|       p_ZL13poly_buffer_1_6_7|         array|
|p_ZL13poly_buffer_1_6_7_address1       |  out|    9|   ap_memory|       p_ZL13poly_buffer_1_6_7|         array|
|p_ZL13poly_buffer_1_6_7_ce1            |  out|    1|   ap_memory|       p_ZL13poly_buffer_1_6_7|         array|
|p_ZL13poly_buffer_1_6_7_we1            |  out|    1|   ap_memory|       p_ZL13poly_buffer_1_6_7|         array|
|p_ZL13poly_buffer_1_6_7_d1             |  out|   64|   ap_memory|       p_ZL13poly_buffer_1_6_7|         array|
|p_ZL13poly_buffer_1_7_7_address0       |  out|    9|   ap_memory|       p_ZL13poly_buffer_1_7_7|         array|
|p_ZL13poly_buffer_1_7_7_ce0            |  out|    1|   ap_memory|       p_ZL13poly_buffer_1_7_7|         array|
|p_ZL13poly_buffer_1_7_7_q0             |   in|   64|   ap_memory|       p_ZL13poly_buffer_1_7_7|         array|
|p_ZL13poly_buffer_1_7_7_address1       |  out|    9|   ap_memory|       p_ZL13poly_buffer_1_7_7|         array|
|p_ZL13poly_buffer_1_7_7_ce1            |  out|    1|   ap_memory|       p_ZL13poly_buffer_1_7_7|         array|
|p_ZL13poly_buffer_1_7_7_we1            |  out|    1|   ap_memory|       p_ZL13poly_buffer_1_7_7|         array|
|p_ZL13poly_buffer_1_7_7_d1             |  out|   64|   ap_memory|       p_ZL13poly_buffer_1_7_7|         array|
|p_ZL16NTTTwiddleFactor_0_0_address0    |  out|   12|   ap_memory|    p_ZL16NTTTwiddleFactor_0_0|         array|
|p_ZL16NTTTwiddleFactor_0_0_ce0         |  out|    1|   ap_memory|    p_ZL16NTTTwiddleFactor_0_0|         array|
|p_ZL16NTTTwiddleFactor_0_0_q0          |   in|   64|   ap_memory|    p_ZL16NTTTwiddleFactor_0_0|         array|
|p_ZL16NTTTwiddleFactor_0_1_address0    |  out|   12|   ap_memory|    p_ZL16NTTTwiddleFactor_0_1|         array|
|p_ZL16NTTTwiddleFactor_0_1_ce0         |  out|    1|   ap_memory|    p_ZL16NTTTwiddleFactor_0_1|         array|
|p_ZL16NTTTwiddleFactor_0_1_q0          |   in|   64|   ap_memory|    p_ZL16NTTTwiddleFactor_0_1|         array|
|p_ZL16NTTTwiddleFactor_0_2_address0    |  out|   12|   ap_memory|    p_ZL16NTTTwiddleFactor_0_2|         array|
|p_ZL16NTTTwiddleFactor_0_2_ce0         |  out|    1|   ap_memory|    p_ZL16NTTTwiddleFactor_0_2|         array|
|p_ZL16NTTTwiddleFactor_0_2_q0          |   in|   64|   ap_memory|    p_ZL16NTTTwiddleFactor_0_2|         array|
|p_ZL16NTTTwiddleFactor_0_3_address0    |  out|   12|   ap_memory|    p_ZL16NTTTwiddleFactor_0_3|         array|
|p_ZL16NTTTwiddleFactor_0_3_ce0         |  out|    1|   ap_memory|    p_ZL16NTTTwiddleFactor_0_3|         array|
|p_ZL16NTTTwiddleFactor_0_3_q0          |   in|   64|   ap_memory|    p_ZL16NTTTwiddleFactor_0_3|         array|
|p_ZL16NTTTwiddleFactor_1_0_address0    |  out|   12|   ap_memory|    p_ZL16NTTTwiddleFactor_1_0|         array|
|p_ZL16NTTTwiddleFactor_1_0_ce0         |  out|    1|   ap_memory|    p_ZL16NTTTwiddleFactor_1_0|         array|
|p_ZL16NTTTwiddleFactor_1_0_q0          |   in|   64|   ap_memory|    p_ZL16NTTTwiddleFactor_1_0|         array|
|p_ZL16NTTTwiddleFactor_1_1_address0    |  out|   12|   ap_memory|    p_ZL16NTTTwiddleFactor_1_1|         array|
|p_ZL16NTTTwiddleFactor_1_1_ce0         |  out|    1|   ap_memory|    p_ZL16NTTTwiddleFactor_1_1|         array|
|p_ZL16NTTTwiddleFactor_1_1_q0          |   in|   64|   ap_memory|    p_ZL16NTTTwiddleFactor_1_1|         array|
|p_ZL16NTTTwiddleFactor_1_2_address0    |  out|   12|   ap_memory|    p_ZL16NTTTwiddleFactor_1_2|         array|
|p_ZL16NTTTwiddleFactor_1_2_ce0         |  out|    1|   ap_memory|    p_ZL16NTTTwiddleFactor_1_2|         array|
|p_ZL16NTTTwiddleFactor_1_2_q0          |   in|   64|   ap_memory|    p_ZL16NTTTwiddleFactor_1_2|         array|
|p_ZL16NTTTwiddleFactor_1_3_address0    |  out|   12|   ap_memory|    p_ZL16NTTTwiddleFactor_1_3|         array|
|p_ZL16NTTTwiddleFactor_1_3_ce0         |  out|    1|   ap_memory|    p_ZL16NTTTwiddleFactor_1_3|         array|
|p_ZL16NTTTwiddleFactor_1_3_q0          |   in|   64|   ap_memory|    p_ZL16NTTTwiddleFactor_1_3|         array|
|p_ZL16NTTTwiddleFactor_2_0_address0    |  out|   12|   ap_memory|    p_ZL16NTTTwiddleFactor_2_0|         array|
|p_ZL16NTTTwiddleFactor_2_0_ce0         |  out|    1|   ap_memory|    p_ZL16NTTTwiddleFactor_2_0|         array|
|p_ZL16NTTTwiddleFactor_2_0_q0          |   in|   64|   ap_memory|    p_ZL16NTTTwiddleFactor_2_0|         array|
|p_ZL16NTTTwiddleFactor_2_1_address0    |  out|   12|   ap_memory|    p_ZL16NTTTwiddleFactor_2_1|         array|
|p_ZL16NTTTwiddleFactor_2_1_ce0         |  out|    1|   ap_memory|    p_ZL16NTTTwiddleFactor_2_1|         array|
|p_ZL16NTTTwiddleFactor_2_1_q0          |   in|   64|   ap_memory|    p_ZL16NTTTwiddleFactor_2_1|         array|
|p_ZL16NTTTwiddleFactor_2_2_address0    |  out|   12|   ap_memory|    p_ZL16NTTTwiddleFactor_2_2|         array|
|p_ZL16NTTTwiddleFactor_2_2_ce0         |  out|    1|   ap_memory|    p_ZL16NTTTwiddleFactor_2_2|         array|
|p_ZL16NTTTwiddleFactor_2_2_q0          |   in|   64|   ap_memory|    p_ZL16NTTTwiddleFactor_2_2|         array|
|p_ZL16NTTTwiddleFactor_2_3_address0    |  out|   12|   ap_memory|    p_ZL16NTTTwiddleFactor_2_3|         array|
|p_ZL16NTTTwiddleFactor_2_3_ce0         |  out|    1|   ap_memory|    p_ZL16NTTTwiddleFactor_2_3|         array|
|p_ZL16NTTTwiddleFactor_2_3_q0          |   in|   64|   ap_memory|    p_ZL16NTTTwiddleFactor_2_3|         array|
|p_ZL16NTTTwiddleFactor_3_0_address0    |  out|   12|   ap_memory|    p_ZL16NTTTwiddleFactor_3_0|         array|
|p_ZL16NTTTwiddleFactor_3_0_ce0         |  out|    1|   ap_memory|    p_ZL16NTTTwiddleFactor_3_0|         array|
|p_ZL16NTTTwiddleFactor_3_0_q0          |   in|   64|   ap_memory|    p_ZL16NTTTwiddleFactor_3_0|         array|
|p_ZL16NTTTwiddleFactor_3_1_address0    |  out|   12|   ap_memory|    p_ZL16NTTTwiddleFactor_3_1|         array|
|p_ZL16NTTTwiddleFactor_3_1_ce0         |  out|    1|   ap_memory|    p_ZL16NTTTwiddleFactor_3_1|         array|
|p_ZL16NTTTwiddleFactor_3_1_q0          |   in|   64|   ap_memory|    p_ZL16NTTTwiddleFactor_3_1|         array|
|p_ZL16NTTTwiddleFactor_3_2_address0    |  out|   12|   ap_memory|    p_ZL16NTTTwiddleFactor_3_2|         array|
|p_ZL16NTTTwiddleFactor_3_2_ce0         |  out|    1|   ap_memory|    p_ZL16NTTTwiddleFactor_3_2|         array|
|p_ZL16NTTTwiddleFactor_3_2_q0          |   in|   64|   ap_memory|    p_ZL16NTTTwiddleFactor_3_2|         array|
|p_ZL16NTTTwiddleFactor_3_3_address0    |  out|   12|   ap_memory|    p_ZL16NTTTwiddleFactor_3_3|         array|
|p_ZL16NTTTwiddleFactor_3_3_ce0         |  out|    1|   ap_memory|    p_ZL16NTTTwiddleFactor_3_3|         array|
|p_ZL16NTTTwiddleFactor_3_3_q0          |   in|   64|   ap_memory|    p_ZL16NTTTwiddleFactor_3_3|         array|
|p_ZL16NTTTwiddleFactor_4_0_address0    |  out|   12|   ap_memory|    p_ZL16NTTTwiddleFactor_4_0|         array|
|p_ZL16NTTTwiddleFactor_4_0_ce0         |  out|    1|   ap_memory|    p_ZL16NTTTwiddleFactor_4_0|         array|
|p_ZL16NTTTwiddleFactor_4_0_q0          |   in|   64|   ap_memory|    p_ZL16NTTTwiddleFactor_4_0|         array|
|p_ZL16NTTTwiddleFactor_4_1_address0    |  out|   12|   ap_memory|    p_ZL16NTTTwiddleFactor_4_1|         array|
|p_ZL16NTTTwiddleFactor_4_1_ce0         |  out|    1|   ap_memory|    p_ZL16NTTTwiddleFactor_4_1|         array|
|p_ZL16NTTTwiddleFactor_4_1_q0          |   in|   64|   ap_memory|    p_ZL16NTTTwiddleFactor_4_1|         array|
|p_ZL16NTTTwiddleFactor_4_2_address0    |  out|   12|   ap_memory|    p_ZL16NTTTwiddleFactor_4_2|         array|
|p_ZL16NTTTwiddleFactor_4_2_ce0         |  out|    1|   ap_memory|    p_ZL16NTTTwiddleFactor_4_2|         array|
|p_ZL16NTTTwiddleFactor_4_2_q0          |   in|   64|   ap_memory|    p_ZL16NTTTwiddleFactor_4_2|         array|
|p_ZL16NTTTwiddleFactor_4_3_address0    |  out|   12|   ap_memory|    p_ZL16NTTTwiddleFactor_4_3|         array|
|p_ZL16NTTTwiddleFactor_4_3_ce0         |  out|    1|   ap_memory|    p_ZL16NTTTwiddleFactor_4_3|         array|
|p_ZL16NTTTwiddleFactor_4_3_q0          |   in|   64|   ap_memory|    p_ZL16NTTTwiddleFactor_4_3|         array|
|p_ZL16NTTTwiddleFactor_5_0_address0    |  out|   12|   ap_memory|    p_ZL16NTTTwiddleFactor_5_0|         array|
|p_ZL16NTTTwiddleFactor_5_0_ce0         |  out|    1|   ap_memory|    p_ZL16NTTTwiddleFactor_5_0|         array|
|p_ZL16NTTTwiddleFactor_5_0_q0          |   in|   64|   ap_memory|    p_ZL16NTTTwiddleFactor_5_0|         array|
|p_ZL16NTTTwiddleFactor_5_1_address0    |  out|   12|   ap_memory|    p_ZL16NTTTwiddleFactor_5_1|         array|
|p_ZL16NTTTwiddleFactor_5_1_ce0         |  out|    1|   ap_memory|    p_ZL16NTTTwiddleFactor_5_1|         array|
|p_ZL16NTTTwiddleFactor_5_1_q0          |   in|   64|   ap_memory|    p_ZL16NTTTwiddleFactor_5_1|         array|
|p_ZL16NTTTwiddleFactor_5_2_address0    |  out|   12|   ap_memory|    p_ZL16NTTTwiddleFactor_5_2|         array|
|p_ZL16NTTTwiddleFactor_5_2_ce0         |  out|    1|   ap_memory|    p_ZL16NTTTwiddleFactor_5_2|         array|
|p_ZL16NTTTwiddleFactor_5_2_q0          |   in|   64|   ap_memory|    p_ZL16NTTTwiddleFactor_5_2|         array|
|p_ZL16NTTTwiddleFactor_5_3_address0    |  out|   12|   ap_memory|    p_ZL16NTTTwiddleFactor_5_3|         array|
|p_ZL16NTTTwiddleFactor_5_3_ce0         |  out|    1|   ap_memory|    p_ZL16NTTTwiddleFactor_5_3|         array|
|p_ZL16NTTTwiddleFactor_5_3_q0          |   in|   64|   ap_memory|    p_ZL16NTTTwiddleFactor_5_3|         array|
|p_ZL16NTTTwiddleFactor_6_0_address0    |  out|   12|   ap_memory|    p_ZL16NTTTwiddleFactor_6_0|         array|
|p_ZL16NTTTwiddleFactor_6_0_ce0         |  out|    1|   ap_memory|    p_ZL16NTTTwiddleFactor_6_0|         array|
|p_ZL16NTTTwiddleFactor_6_0_q0          |   in|   64|   ap_memory|    p_ZL16NTTTwiddleFactor_6_0|         array|
|p_ZL16NTTTwiddleFactor_6_1_address0    |  out|   12|   ap_memory|    p_ZL16NTTTwiddleFactor_6_1|         array|
|p_ZL16NTTTwiddleFactor_6_1_ce0         |  out|    1|   ap_memory|    p_ZL16NTTTwiddleFactor_6_1|         array|
|p_ZL16NTTTwiddleFactor_6_1_q0          |   in|   64|   ap_memory|    p_ZL16NTTTwiddleFactor_6_1|         array|
|p_ZL16NTTTwiddleFactor_6_2_address0    |  out|   12|   ap_memory|    p_ZL16NTTTwiddleFactor_6_2|         array|
|p_ZL16NTTTwiddleFactor_6_2_ce0         |  out|    1|   ap_memory|    p_ZL16NTTTwiddleFactor_6_2|         array|
|p_ZL16NTTTwiddleFactor_6_2_q0          |   in|   64|   ap_memory|    p_ZL16NTTTwiddleFactor_6_2|         array|
|p_ZL16NTTTwiddleFactor_6_3_address0    |  out|   12|   ap_memory|    p_ZL16NTTTwiddleFactor_6_3|         array|
|p_ZL16NTTTwiddleFactor_6_3_ce0         |  out|    1|   ap_memory|    p_ZL16NTTTwiddleFactor_6_3|         array|
|p_ZL16NTTTwiddleFactor_6_3_q0          |   in|   64|   ap_memory|    p_ZL16NTTTwiddleFactor_6_3|         array|
|p_ZL16NTTTwiddleFactor_7_0_address0    |  out|   12|   ap_memory|    p_ZL16NTTTwiddleFactor_7_0|         array|
|p_ZL16NTTTwiddleFactor_7_0_ce0         |  out|    1|   ap_memory|    p_ZL16NTTTwiddleFactor_7_0|         array|
|p_ZL16NTTTwiddleFactor_7_0_q0          |   in|   64|   ap_memory|    p_ZL16NTTTwiddleFactor_7_0|         array|
|p_ZL16NTTTwiddleFactor_7_1_address0    |  out|   12|   ap_memory|    p_ZL16NTTTwiddleFactor_7_1|         array|
|p_ZL16NTTTwiddleFactor_7_1_ce0         |  out|    1|   ap_memory|    p_ZL16NTTTwiddleFactor_7_1|         array|
|p_ZL16NTTTwiddleFactor_7_1_q0          |   in|   64|   ap_memory|    p_ZL16NTTTwiddleFactor_7_1|         array|
|p_ZL16NTTTwiddleFactor_7_2_address0    |  out|   12|   ap_memory|    p_ZL16NTTTwiddleFactor_7_2|         array|
|p_ZL16NTTTwiddleFactor_7_2_ce0         |  out|    1|   ap_memory|    p_ZL16NTTTwiddleFactor_7_2|         array|
|p_ZL16NTTTwiddleFactor_7_2_q0          |   in|   64|   ap_memory|    p_ZL16NTTTwiddleFactor_7_2|         array|
|p_ZL16NTTTwiddleFactor_7_3_address0    |  out|   12|   ap_memory|    p_ZL16NTTTwiddleFactor_7_3|         array|
|p_ZL16NTTTwiddleFactor_7_3_ce0         |  out|    1|   ap_memory|    p_ZL16NTTTwiddleFactor_7_3|         array|
|p_ZL16NTTTwiddleFactor_7_3_q0          |   in|   64|   ap_memory|    p_ZL16NTTTwiddleFactor_7_3|         array|
|p_ZL16NTTTwiddleFactor_8_0_address0    |  out|   12|   ap_memory|    p_ZL16NTTTwiddleFactor_8_0|         array|
|p_ZL16NTTTwiddleFactor_8_0_ce0         |  out|    1|   ap_memory|    p_ZL16NTTTwiddleFactor_8_0|         array|
|p_ZL16NTTTwiddleFactor_8_0_q0          |   in|   64|   ap_memory|    p_ZL16NTTTwiddleFactor_8_0|         array|
|p_ZL16NTTTwiddleFactor_8_1_address0    |  out|   12|   ap_memory|    p_ZL16NTTTwiddleFactor_8_1|         array|
|p_ZL16NTTTwiddleFactor_8_1_ce0         |  out|    1|   ap_memory|    p_ZL16NTTTwiddleFactor_8_1|         array|
|p_ZL16NTTTwiddleFactor_8_1_q0          |   in|   64|   ap_memory|    p_ZL16NTTTwiddleFactor_8_1|         array|
|p_ZL16NTTTwiddleFactor_8_2_address0    |  out|   12|   ap_memory|    p_ZL16NTTTwiddleFactor_8_2|         array|
|p_ZL16NTTTwiddleFactor_8_2_ce0         |  out|    1|   ap_memory|    p_ZL16NTTTwiddleFactor_8_2|         array|
|p_ZL16NTTTwiddleFactor_8_2_q0          |   in|   64|   ap_memory|    p_ZL16NTTTwiddleFactor_8_2|         array|
|p_ZL16NTTTwiddleFactor_8_3_address0    |  out|   12|   ap_memory|    p_ZL16NTTTwiddleFactor_8_3|         array|
|p_ZL16NTTTwiddleFactor_8_3_ce0         |  out|    1|   ap_memory|    p_ZL16NTTTwiddleFactor_8_3|         array|
|p_ZL16NTTTwiddleFactor_8_3_q0          |   in|   64|   ap_memory|    p_ZL16NTTTwiddleFactor_8_3|         array|
|p_ZL16NTTTwiddleFactor_9_0_address0    |  out|   12|   ap_memory|    p_ZL16NTTTwiddleFactor_9_0|         array|
|p_ZL16NTTTwiddleFactor_9_0_ce0         |  out|    1|   ap_memory|    p_ZL16NTTTwiddleFactor_9_0|         array|
|p_ZL16NTTTwiddleFactor_9_0_q0          |   in|   64|   ap_memory|    p_ZL16NTTTwiddleFactor_9_0|         array|
|p_ZL16NTTTwiddleFactor_9_1_address0    |  out|   12|   ap_memory|    p_ZL16NTTTwiddleFactor_9_1|         array|
|p_ZL16NTTTwiddleFactor_9_1_ce0         |  out|    1|   ap_memory|    p_ZL16NTTTwiddleFactor_9_1|         array|
|p_ZL16NTTTwiddleFactor_9_1_q0          |   in|   64|   ap_memory|    p_ZL16NTTTwiddleFactor_9_1|         array|
|p_ZL16NTTTwiddleFactor_9_2_address0    |  out|   12|   ap_memory|    p_ZL16NTTTwiddleFactor_9_2|         array|
|p_ZL16NTTTwiddleFactor_9_2_ce0         |  out|    1|   ap_memory|    p_ZL16NTTTwiddleFactor_9_2|         array|
|p_ZL16NTTTwiddleFactor_9_2_q0          |   in|   64|   ap_memory|    p_ZL16NTTTwiddleFactor_9_2|         array|
|p_ZL16NTTTwiddleFactor_9_3_address0    |  out|   12|   ap_memory|    p_ZL16NTTTwiddleFactor_9_3|         array|
|p_ZL16NTTTwiddleFactor_9_3_ce0         |  out|    1|   ap_memory|    p_ZL16NTTTwiddleFactor_9_3|         array|
|p_ZL16NTTTwiddleFactor_9_3_q0          |   in|   64|   ap_memory|    p_ZL16NTTTwiddleFactor_9_3|         array|
|p_ZL16NTTTwiddleFactor_10_0_address0   |  out|   12|   ap_memory|   p_ZL16NTTTwiddleFactor_10_0|         array|
|p_ZL16NTTTwiddleFactor_10_0_ce0        |  out|    1|   ap_memory|   p_ZL16NTTTwiddleFactor_10_0|         array|
|p_ZL16NTTTwiddleFactor_10_0_q0         |   in|   64|   ap_memory|   p_ZL16NTTTwiddleFactor_10_0|         array|
|p_ZL16NTTTwiddleFactor_10_1_address0   |  out|   12|   ap_memory|   p_ZL16NTTTwiddleFactor_10_1|         array|
|p_ZL16NTTTwiddleFactor_10_1_ce0        |  out|    1|   ap_memory|   p_ZL16NTTTwiddleFactor_10_1|         array|
|p_ZL16NTTTwiddleFactor_10_1_q0         |   in|   64|   ap_memory|   p_ZL16NTTTwiddleFactor_10_1|         array|
|p_ZL16NTTTwiddleFactor_10_2_address0   |  out|   12|   ap_memory|   p_ZL16NTTTwiddleFactor_10_2|         array|
|p_ZL16NTTTwiddleFactor_10_2_ce0        |  out|    1|   ap_memory|   p_ZL16NTTTwiddleFactor_10_2|         array|
|p_ZL16NTTTwiddleFactor_10_2_q0         |   in|   64|   ap_memory|   p_ZL16NTTTwiddleFactor_10_2|         array|
|p_ZL16NTTTwiddleFactor_10_3_address0   |  out|   12|   ap_memory|   p_ZL16NTTTwiddleFactor_10_3|         array|
|p_ZL16NTTTwiddleFactor_10_3_ce0        |  out|    1|   ap_memory|   p_ZL16NTTTwiddleFactor_10_3|         array|
|p_ZL16NTTTwiddleFactor_10_3_q0         |   in|   64|   ap_memory|   p_ZL16NTTTwiddleFactor_10_3|         array|
|p_ZL16NTTTwiddleFactor_11_0_address0   |  out|   12|   ap_memory|   p_ZL16NTTTwiddleFactor_11_0|         array|
|p_ZL16NTTTwiddleFactor_11_0_ce0        |  out|    1|   ap_memory|   p_ZL16NTTTwiddleFactor_11_0|         array|
|p_ZL16NTTTwiddleFactor_11_0_q0         |   in|   64|   ap_memory|   p_ZL16NTTTwiddleFactor_11_0|         array|
|p_ZL16NTTTwiddleFactor_11_1_address0   |  out|   12|   ap_memory|   p_ZL16NTTTwiddleFactor_11_1|         array|
|p_ZL16NTTTwiddleFactor_11_1_ce0        |  out|    1|   ap_memory|   p_ZL16NTTTwiddleFactor_11_1|         array|
|p_ZL16NTTTwiddleFactor_11_1_q0         |   in|   64|   ap_memory|   p_ZL16NTTTwiddleFactor_11_1|         array|
|p_ZL16NTTTwiddleFactor_11_2_address0   |  out|   12|   ap_memory|   p_ZL16NTTTwiddleFactor_11_2|         array|
|p_ZL16NTTTwiddleFactor_11_2_ce0        |  out|    1|   ap_memory|   p_ZL16NTTTwiddleFactor_11_2|         array|
|p_ZL16NTTTwiddleFactor_11_2_q0         |   in|   64|   ap_memory|   p_ZL16NTTTwiddleFactor_11_2|         array|
|p_ZL16NTTTwiddleFactor_11_3_address0   |  out|   12|   ap_memory|   p_ZL16NTTTwiddleFactor_11_3|         array|
|p_ZL16NTTTwiddleFactor_11_3_ce0        |  out|    1|   ap_memory|   p_ZL16NTTTwiddleFactor_11_3|         array|
|p_ZL16NTTTwiddleFactor_11_3_q0         |   in|   64|   ap_memory|   p_ZL16NTTTwiddleFactor_11_3|         array|
+---------------------------------------+-----+-----+------------+------------------------------+--------------+

