

================================================================
== Synthesis Summary Report of 'Top'
================================================================
+ General Information: 
    * Date:           Fri Sep  4 21:07:06 2026
    * Version:        2023.2 (Build 4023990 on Oct 11 2023)
    * Project:        hks_digit_csynth_mem_p2_r1
    * Solution:       solution1 (Vivado IP Flow Target)
    * Product family: virtexuplusHBM
    * Target device:  xcu55c-fsvh2892-2L-e
    

+ Performance & Resource Estimates: 
    
    PS: '+' for module; 'o' for loop; '*' for dataflow
    +---------------------------------------------------------------------------------------+------+------+---------+-----------+----------+---------+--------+----------+-----------+------------+-------------+--------------+----------+
    |                                        Modules                                        | Issue|      | Latency |  Latency  | Iteration|         |  Trip  |          |           |            |             |              |          |
    |                                        & Loops                                        | Type | Slack| (cycles)|    (ns)   |  Latency | Interval|  Count | Pipelined|   BRAM    |     DSP    |      FF     |      LUT     |   URAM   |
    +---------------------------------------------------------------------------------------+------+------+---------+-----------+----------+---------+--------+----------+-----------+------------+-------------+--------------+----------+
    |+ Top                                                                                  |     -|  0.00|        -|          -|         -|        -|       -|        no|  440 (10%)|  1160 (12%)|   76770 (2%)|  154852 (11%)|  96 (10%)|
    | + Load_1                                                                              |     -|  0.00|        -|          -|         -|        -|       -|        no|          -|           -|    482 (~0%)|     586 (~0%)|         -|
    |  o VITIS_LOOP_32_1                                                                    |     -|  5.25|        -|          -|      1039|        -|       -|        no|          -|           -|            -|             -|         -|
    |   + Load_Tower                                                                        |     -|  0.00|     1037|  6.222e+03|         -|     1037|       -|        no|          -|           -|    371 (~0%)|     395 (~0%)|         -|
    |    + Load_Tower_Pipeline_LOAD_COEFF                                                   |     -|  0.00|     1027|  6.162e+03|         -|     1027|       -|        no|          -|           -|    300 (~0%)|     118 (~0%)|         -|
    |     o LOAD_COEFF                                                                      |     -|  5.25|     1025|  6.150e+03|         3|        1|    1024|       yes|          -|           -|            -|             -|         -|
    | + Load_BConv_Params                                                                   |     -|  0.00|       55|    330.000|         -|       55|       -|        no|          -|           -|   1796 (~0%)|    4915 (~0%)|         -|
    |  + Load_BConv_Params_Pipeline_load_bconv_w_VITIS_LOOP_126_1                           |     -|  0.00|       26|    156.000|         -|       26|       -|        no|          -|           -|    482 (~0%)|    1271 (~0%)|         -|
    |   o load_bconv_w_VITIS_LOOP_126_1                                                     |     -|  5.25|       24|    144.000|        11|        1|      15|       yes|          -|           -|            -|             -|         -|
    |  + Load_BConv_Params_Pipeline_load_bconv_meta                                         |     -|  0.00|       26|    156.000|         -|       26|       -|        no|          -|           -|   1308 (~0%)|    3436 (~0%)|         -|
    |   o load_bconv_meta                                                                   |    II|  5.25|       24|    144.000|        13|        3|       5|       yes|          -|           -|            -|             -|         -|
    | + Load_clone_1                                                                        |     -|  0.00|        -|          -|         -|        -|       -|        no|          -|           -|    476 (~0%)|     537 (~0%)|         -|
    |  o VITIS_LOOP_32_1                                                                    |     -|  5.25|        -|          -|      1039|        -|       -|        no|          -|           -|            -|             -|         -|
    |   + Load_Tower_1                                                                      |     -|  0.00|     1037|  6.222e+03|         -|     1037|       -|        no|          -|           -|    365 (~0%)|     346 (~0%)|         -|
    |    + Load_Tower_1_Pipeline_LOAD_COEFF                                                 |     -|  0.00|     1027|  6.162e+03|         -|     1027|       -|        no|          -|           -|    294 (~0%)|      69 (~0%)|         -|
    |     o LOAD_COEFF                                                                      |     -|  5.25|     1025|  6.150e+03|         3|        1|    1024|       yes|          -|           -|            -|             -|         -|
    | + Execute_Transform_Operation                                                         |     -|  0.00|        -|          -|         -|        -|       -|        no|   32 (~0%)|    58 (~0%)|  23064 (~0%)|    43817 (3%)|         -|
    |  + Execute_Transform_Operation_Pipeline_HKS_VALIDATE_MODULI                           |     -|  2.89|       13|     78.000|         -|       13|       -|        no|          -|           -|     12 (~0%)|     164 (~0%)|         -|
    |   o HKS_VALIDATE_MODULI                                                               |    II|  5.25|       11|     66.000|         2|        2|       5|       yes|          -|           -|            -|             -|         -|
    |  + Load_HKS_Params                                                                    |     -|  0.00|       43|    258.000|         -|       43|       -|        no|          -|           -|   2627 (~0%)|    3470 (~0%)|         -|
    |   + Load_HKS_Params_Pipeline_HKS_LOAD_WEIGHTS_VITIS_LOOP_218_1                        |     -|  0.00|       26|    156.000|         -|       26|       -|        no|          -|           -|   1332 (~0%)|    1544 (~0%)|         -|
    |    o HKS_LOAD_WEIGHTS_VITIS_LOOP_218_1                                                |     -|  5.25|       24|    144.000|        11|        1|      15|       yes|          -|           -|            -|             -|         -|
    |   + Load_HKS_Params_Pipeline_HKS_OUTPUT_PARAMS                                        |     -|  3.00|        7|     42.000|         -|        7|       -|        no|          -|           -|     10 (~0%)|     368 (~0%)|         -|
    |    o HKS_OUTPUT_PARAMS                                                                |     -|  5.25|        5|     30.000|         2|        1|       5|       yes|          -|           -|            -|             -|         -|
    |   + Load_HKS_Params_Pipeline_HKS_LOAD_INV                                             |     -|  0.00|       14|     84.000|         -|       14|       -|        no|          -|           -|   1243 (~0%)|    1309 (~0%)|         -|
    |    o HKS_LOAD_INV                                                                     |     -|  5.25|       12|     72.000|        11|        1|       3|       yes|          -|           -|            -|             -|         -|
    |  + Load_Transform_Input                                                               |     -|  0.00|        -|          -|         -|        -|       -|        no|          -|           -|    423 (~0%)|     480 (~0%)|         -|
    |   o LOAD_TRANSFORM_LIMB                                                               |     -|  5.25|        -|          -|      1039|        -|       -|        no|          -|           -|            -|             -|         -|
    |    + Load_Transform_Tower                                                             |     -|  0.00|     1037|  6.222e+03|         -|     1037|       -|        no|          -|           -|    365 (~0%)|     346 (~0%)|         -|
    |     + Load_Transform_Tower_Pipeline_LOAD_TRANSFORM_WORD                               |     -|  0.00|     1027|  6.162e+03|         -|     1027|       -|        no|          -|           -|    294 (~0%)|      69 (~0%)|         -|
    |      o LOAD_TRANSFORM_WORD                                                            |     -|  5.25|     1025|  6.150e+03|         3|        1|    1024|       yes|          -|           -|            -|             -|         -|
    |  + Store_26_29_1                                                                      |     -|  0.00|        -|          -|         -|        -|       -|        no|          -|           -|    454 (~0%)|     558 (~0%)|         -|
    |   o VITIS_LOOP_45_1                                                                   |     -|  5.25|        -|          -|      1037|        -|       -|        no|          -|           -|            -|             -|         -|
    |    + Store_Tower_2                                                                    |     -|  0.00|     1035|  6.210e+03|         -|     1035|       -|        no|          -|           -|    343 (~0%)|     358 (~0%)|         -|
    |     + Store_Tower_2_Pipeline_STORE_COEFF                                              |     -|  0.00|     1027|  6.162e+03|         -|     1027|       -|        no|          -|           -|    274 (~0%)|      69 (~0%)|         -|
    |      o STORE_COEFF                                                                    |     -|  5.25|     1025|  6.150e+03|         3|        1|    1024|       yes|          -|           -|            -|             -|         -|
    |  o TRANSFORM_STEPS                                                                    |     -|  5.25|   199912|  1.199e+06|     24989|        -|       8|        no|          -|           -|            -|             -|         -|
    |   + Prepare_HKS_BConv_Input                                                           |     -|  0.23|    12312|  7.387e+04|         -|    12312|       -|        no|          -|    58 (~0%)|   2730 (~0%)|    4109 (~0%)|         -|
    |    o HKS_SCALE_LIMB_HKS_SCALE_ROW_HKS_SCALE_COL                                       |     -|  5.25|    12310|  7.386e+04|        24|        1|   12288|       yes|          -|           -|            -|             -|         -|
    |     + MultMod_2                                                                       |     -|  0.57|       19|    114.000|         -|        1|       -|       yes|          -|    58 (~0%)|   1757 (~0%)|    3283 (~0%)|         -|
    |   + Compute_BConv_Systolic_32_33                                                      |     -|  0.08|     4145|  2.487e+04|         -|     4145|       -|        no|          -|           -|   3942 (~0%)|    5517 (~0%)|         -|
    |    + Compute_BConv_Systolic_32_33_Pipeline_Load_W_VITIS_LOOP_163_1                    |     -|  3.05|       17|    102.000|         -|       17|       -|        no|          -|           -|    971 (~0%)|     213 (~0%)|         -|
    |     o Load_W_VITIS_LOOP_163_1                                                         |     -|  5.25|       15|     90.000|         1|        1|      15|       yes|          -|           -|            -|             -|         -|
    |    + Compute_BConv_Systolic_32_33_Pipeline_Load_Mod                                   |     -|  3.90|        7|     42.000|         -|        7|       -|        no|          -|           -|    965 (~0%)|     125 (~0%)|         -|
    |     o Load_Mod                                                                        |     -|  5.25|        5|     30.000|         1|        1|       5|       yes|          -|           -|            -|             -|         -|
    |    + Compute_BConv_Systolic_32_33_Pipeline_Systolic_Loop                              |     -|  0.08|     4125|  2.475e+04|         -|     4125|       -|        no|          -|           -|   1991 (~0%)|    4846 (~0%)|         -|
    |     o Systolic_Loop                                                                   |     -|  5.25|     4123|  2.474e+04|        22|        1|    4103|       yes|          -|           -|            -|             -|         -|
    |      + MultMod                                                                        |     -|  0.57|       19|    114.000|         -|        1|       -|       yes|          -|    58 (~0%)|   1692 (~0%)|    3269 (~0%)|         -|
    |      + MultMod                                                                        |     -|  0.57|       19|    114.000|         -|        1|       -|       yes|          -|    58 (~0%)|   1692 (~0%)|    3269 (~0%)|         -|
    |      + MultMod                                                                        |     -|  0.57|       19|    114.000|         -|        1|       -|       yes|          -|    58 (~0%)|   1692 (~0%)|    3269 (~0%)|         -|
    |      + MultMod                                                                        |     -|  0.57|       19|    114.000|         -|        1|       -|       yes|          -|    58 (~0%)|   1692 (~0%)|    3269 (~0%)|         -|
    |      + MultMod                                                                        |     -|  0.57|       19|    114.000|         -|        1|       -|       yes|          -|    58 (~0%)|   1692 (~0%)|    3269 (~0%)|         -|
    |      + MultMod                                                                        |     -|  0.57|       19|    114.000|         -|        1|       -|       yes|          -|    58 (~0%)|   1692 (~0%)|    3269 (~0%)|         -|
    |      + MultMod                                                                        |     -|  0.57|       19|    114.000|         -|        1|       -|       yes|          -|    58 (~0%)|   1692 (~0%)|    3269 (~0%)|         -|
    |      + MultMod                                                                        |     -|  0.57|       19|    114.000|         -|        1|       -|       yes|          -|    58 (~0%)|   1692 (~0%)|    3269 (~0%)|         -|
    |      + MultMod                                                                        |     -|  0.57|       19|    114.000|         -|        1|       -|       yes|          -|    58 (~0%)|   1692 (~0%)|    3269 (~0%)|         -|
    |      + MultMod                                                                        |     -|  0.57|       19|    114.000|         -|        1|       -|       yes|          -|    58 (~0%)|   1692 (~0%)|    3269 (~0%)|         -|
    |      + MultMod                                                                        |     -|  0.57|       19|    114.000|         -|        1|       -|       yes|          -|    58 (~0%)|   1692 (~0%)|    3269 (~0%)|         -|
    |      + MultMod                                                                        |     -|  0.57|       19|    114.000|         -|        1|       -|       yes|          -|    58 (~0%)|   1692 (~0%)|    3269 (~0%)|         -|
    |      + MultMod                                                                        |     -|  0.57|       19|    114.000|         -|        1|       -|       yes|          -|    58 (~0%)|   1692 (~0%)|    3269 (~0%)|         -|
    |      + MultMod                                                                        |     -|  0.57|       19|    114.000|         -|        1|       -|       yes|          -|    58 (~0%)|   1692 (~0%)|    3269 (~0%)|         -|
    |      + MultMod                                                                        |     -|  0.57|       19|    114.000|         -|        1|       -|       yes|          -|    58 (~0%)|   1692 (~0%)|    3269 (~0%)|         -|
    |   + Execute_Transform                                                                 |     -|  0.21|     8526|  5.116e+04|         -|     8526|       -|        no|   32 (~0%)|           -|  10505 (~0%)|    24253 (1%)|         -|
    |    + Execute_Transform_Pipeline_TRANSFORM_LOAD                                        |     -|  0.66|     1026|  6.156e+03|         -|     1026|       -|        no|          -|           -|     24 (~0%)|     972 (~0%)|         -|
    |     o TRANSFORM_LOAD                                                                  |     -|  5.25|     1024|  6.144e+03|         2|        1|    1024|       yes|          -|           -|            -|             -|         -|
    |    + CG_Transform_Banks                                                               |     -|  0.21|     6469|  3.881e+04|         -|     6469|       -|        no|          -|           -|  10255 (~0%)|    22121 (1%)|         -|
    |     o STAGE_LOOP                                                                      |     -|  5.25|     6468|  3.881e+04|      1078|        -|       6|        no|          -|           -|            -|             -|         -|
    |      + CG_Transform_Banks_Pipeline_BUTTERFLY_LOOP                                     |     -|  0.21|      537|  3.222e+03|         -|      537|       -|        no|          -|           -|   5083 (~0%)|    8899 (~0%)|         -|
    |       o BUTTERFLY_LOOP                                                                |     -|  5.25|      535|  3.210e+03|        25|        1|     512|       yes|          -|           -|            -|             -|         -|
    |        + MultMod_1                                                                    |     -|  0.57|       19|    114.000|         -|        1|       -|       yes|          -|    58 (~0%)|   1692 (~0%)|    3269 (~0%)|         -|
    |        + MultMod_1                                                                    |     -|  0.57|       19|    114.000|         -|        1|       -|       yes|          -|    58 (~0%)|   1692 (~0%)|    3269 (~0%)|         -|
    |        + MultMod_1                                                                    |     -|  0.57|       19|    114.000|         -|        1|       -|       yes|          -|    58 (~0%)|   1692 (~0%)|    3269 (~0%)|         -|
    |        + MultMod_1                                                                    |     -|  0.57|       19|    114.000|         -|        1|       -|       yes|          -|    58 (~0%)|   1692 (~0%)|    3269 (~0%)|         -|
    |      + CG_Transform_Banks_Pipeline_BUTTERFLY_LOOP3                                    |     -|  0.21|      537|  3.222e+03|         -|      537|       -|        no|          -|           -|   5083 (~0%)|    8899 (~0%)|         -|
    |       o BUTTERFLY_LOOP                                                                |     -|  5.25|      535|  3.210e+03|        25|        1|     512|       yes|          -|           -|            -|             -|         -|
    |        + MultMod_1                                                                    |     -|  0.57|       19|    114.000|         -|        1|       -|       yes|          -|    58 (~0%)|   1692 (~0%)|    3269 (~0%)|         -|
    |        + MultMod_1                                                                    |     -|  0.57|       19|    114.000|         -|        1|       -|       yes|          -|    58 (~0%)|   1692 (~0%)|    3269 (~0%)|         -|
    |        + MultMod_1                                                                    |     -|  0.57|       19|    114.000|         -|        1|       -|       yes|          -|    58 (~0%)|   1692 (~0%)|    3269 (~0%)|         -|
    |        + MultMod_1                                                                    |     -|  0.57|       19|    114.000|         -|        1|       -|       yes|          -|    58 (~0%)|   1692 (~0%)|    3269 (~0%)|         -|
    |    + Execute_Transform_Pipeline_TRANSFORM_STORE                                       |     -|  0.66|     1026|  6.156e+03|         -|     1026|       -|        no|          -|           -|     25 (~0%)|     327 (~0%)|         -|
    |     o TRANSFORM_STORE                                                                 |     -|  5.25|     1024|  6.144e+03|         2|        1|    1024|       yes|          -|           -|            -|             -|         -|
    | + Compute_BConv_Systolic                                                              |     -|  0.08|     4145|  2.487e+04|         -|     4145|       -|        no|          -|           -|   3949 (~0%)|    5260 (~0%)|         -|
    |  + Compute_BConv_Systolic_Pipeline_Load_W_VITIS_LOOP_163_1                            |     -|  2.59|       17|    102.000|         -|       17|       -|        no|          -|           -|    977 (~0%)|     144 (~0%)|         -|
    |   o Load_W_VITIS_LOOP_163_1                                                           |     -|  5.25|       15|     90.000|         2|        1|      15|       yes|          -|           -|            -|             -|         -|
    |  + Compute_BConv_Systolic_Pipeline_Load_Mod                                           |     -|  3.90|        7|     42.000|         -|        7|       -|        no|          -|           -|    969 (~0%)|      58 (~0%)|         -|
    |   o Load_Mod                                                                          |     -|  5.25|        5|     30.000|         2|        1|       5|       yes|          -|           -|            -|             -|         -|
    |  + Compute_BConv_Systolic_Pipeline_Systolic_Loop                                      |     -|  0.08|     4125|  2.475e+04|         -|     4125|       -|        no|          -|           -|   1991 (~0%)|    4838 (~0%)|         -|
    |   o Systolic_Loop                                                                     |     -|  5.25|     4123|  2.474e+04|        22|        1|    4103|       yes|          -|           -|            -|             -|         -|
    |    + MultMod                                                                          |     -|  0.57|       19|    114.000|         -|        1|       -|       yes|          -|    58 (~0%)|   1692 (~0%)|    3269 (~0%)|         -|
    |    + MultMod                                                                          |     -|  0.57|       19|    114.000|         -|        1|       -|       yes|          -|    58 (~0%)|   1692 (~0%)|    3269 (~0%)|         -|
    |    + MultMod                                                                          |     -|  0.57|       19|    114.000|         -|        1|       -|       yes|          -|    58 (~0%)|   1692 (~0%)|    3269 (~0%)|         -|
    |    + MultMod                                                                          |     -|  0.57|       19|    114.000|         -|        1|       -|       yes|          -|    58 (~0%)|   1692 (~0%)|    3269 (~0%)|         -|
    |    + MultMod                                                                          |     -|  0.57|       19|    114.000|         -|        1|       -|       yes|          -|    58 (~0%)|   1692 (~0%)|    3269 (~0%)|         -|
    |    + MultMod                                                                          |     -|  0.57|       19|    114.000|         -|        1|       -|       yes|          -|    58 (~0%)|   1692 (~0%)|    3269 (~0%)|         -|
    |    + MultMod                                                                          |     -|  0.57|       19|    114.000|         -|        1|       -|       yes|          -|    58 (~0%)|   1692 (~0%)|    3269 (~0%)|         -|
    |    + MultMod                                                                          |     -|  0.57|       19|    114.000|         -|        1|       -|       yes|          -|    58 (~0%)|   1692 (~0%)|    3269 (~0%)|         -|
    |    + MultMod                                                                          |     -|  0.57|       19|    114.000|         -|        1|       -|       yes|          -|    58 (~0%)|   1692 (~0%)|    3269 (~0%)|         -|
    |    + MultMod                                                                          |     -|  0.57|       19|    114.000|         -|        1|       -|       yes|          -|    58 (~0%)|   1692 (~0%)|    3269 (~0%)|         -|
    |    + MultMod                                                                          |     -|  0.57|       19|    114.000|         -|        1|       -|       yes|          -|    58 (~0%)|   1692 (~0%)|    3269 (~0%)|         -|
    |    + MultMod                                                                          |     -|  0.57|       19|    114.000|         -|        1|       -|       yes|          -|    58 (~0%)|   1692 (~0%)|    3269 (~0%)|         -|
    |    + MultMod                                                                          |     -|  0.57|       19|    114.000|         -|        1|       -|       yes|          -|    58 (~0%)|   1692 (~0%)|    3269 (~0%)|         -|
    |    + MultMod                                                                          |     -|  0.57|       19|    114.000|         -|        1|       -|       yes|          -|    58 (~0%)|   1692 (~0%)|    3269 (~0%)|         -|
    |    + MultMod                                                                          |     -|  0.57|       19|    114.000|         -|        1|       -|       yes|          -|    58 (~0%)|   1692 (~0%)|    3269 (~0%)|         -|
    | + Compute_Mult                                                                        |     -|  0.23|        -|          -|         -|        -|       -|        no|          -|           -|    862 (~0%)|    1346 (~0%)|         -|
    |  + Compute_Mult_Pipeline_Limb_Loop_Row_Loop_Col_Loop                                  |     -|  0.23|        -|          -|         -|        -|       -|        no|          -|           -|    826 (~0%)|    1182 (~0%)|         -|
    |   o Limb_Loop_Row_Loop_Col_Loop                                                       |     -|  5.25|        -|          -|        24|        1|       -|       yes|          -|           -|            -|             -|         -|
    |    + MultMod_1                                                                        |     -|  0.57|       19|    114.000|         -|        1|       -|       yes|          -|    58 (~0%)|   1692 (~0%)|    3269 (~0%)|         -|
    |    + MultMod_1                                                                        |     -|  0.57|       19|    114.000|         -|        1|       -|       yes|          -|    58 (~0%)|   1692 (~0%)|    3269 (~0%)|         -|
    |    + MultMod_1                                                                        |     -|  0.57|       19|    114.000|         -|        1|       -|       yes|          -|    58 (~0%)|   1692 (~0%)|    3269 (~0%)|         -|
    |    + MultMod_1                                                                        |     -|  0.57|       19|    114.000|         -|        1|       -|       yes|          -|    58 (~0%)|   1692 (~0%)|    3269 (~0%)|         -|
    | + Top_Pipeline_Limb_Loop_Row_Loop_Col_Loop2                                           |     -|  0.23|        -|          -|         -|        -|       -|        no|          -|           -|    920 (~0%)|    2458 (~0%)|         -|
    |  o Limb_Loop_Row_Loop_Col_Loop                                                        |     -|  5.25|        -|          -|         4|        1|       -|       yes|          -|           -|            -|             -|         -|
    | + Top_Pipeline_Limb_Loop_Row_Loop_Col_Loop                                            |     -|  0.23|        -|          -|         -|        -|       -|        no|          -|           -|    717 (~0%)|    2262 (~0%)|         -|
    |  o Limb_Loop_Row_Loop_Col_Loop                                                        |     -|  5.25|        -|          -|         5|        1|       -|       yes|          -|           -|            -|             -|         -|
    | + Store_40_43_1                                                                       |     -|  0.00|        -|          -|         -|        -|       -|        no|          -|           -|    436 (~0%)|    1202 (~0%)|         -|
    |  o VITIS_LOOP_45_1                                                                    |     -|  5.25|        -|          -|      1037|        -|       -|        no|          -|           -|            -|             -|         -|
    |   + Store_Tower                                                                       |     -|  0.00|     1035|  6.210e+03|         -|     1035|       -|        no|          -|           -|    346 (~0%)|    1003 (~0%)|         -|
    |    + Store_Tower_Pipeline_STORE_COEFF                                                 |     -|  0.00|     1027|  6.162e+03|         -|     1027|       -|        no|          -|           -|    277 (~0%)|     714 (~0%)|         -|
    |     o STORE_COEFF                                                                     |     -|  5.25|     1025|  6.150e+03|         3|        1|    1024|       yes|          -|           -|            -|             -|         -|
    | + Store_26_29_1                                                                       |     -|  0.00|        -|          -|         -|        -|       -|        no|          -|           -|    454 (~0%)|     558 (~0%)|         -|
    |  o VITIS_LOOP_45_1                                                                    |     -|  5.25|        -|          -|      1037|        -|       -|        no|          -|           -|            -|             -|         -|
    |   + Store_Tower_2                                                                     |     -|  0.00|     1035|  6.210e+03|         -|     1035|       -|        no|          -|           -|    343 (~0%)|     358 (~0%)|         -|
    |    + Store_Tower_2_Pipeline_STORE_COEFF                                               |     -|  0.00|     1027|  6.162e+03|         -|     1027|       -|        no|          -|           -|    274 (~0%)|      69 (~0%)|         -|
    |     o STORE_COEFF                                                                     |     -|  5.25|     1025|  6.150e+03|         3|        1|    1024|       yes|          -|           -|            -|             -|         -|
    | + Load_Init_Params                                                                    |     -|  0.00|   196674|  1.180e+06|         -|   196674|       -|        no|          -|           -|   4426 (~0%)|    9050 (~0%)|         -|
    |  + Load_Init_Params_Pipeline_init_Q_MOD                                               |     -|  0.00|       14|     84.000|         -|       14|       -|        no|          -|           -|    473 (~0%)|    1161 (~0%)|         -|
    |   o init_Q_MOD                                                                        |     -|  5.25|       12|     72.000|        11|        1|       3|       yes|          -|           -|            -|             -|         -|
    |  + Load_Init_Params_Pipeline_init_Q_S                                                 |     -|  0.00|       14|     84.000|         -|       14|       -|        no|          -|           -|    473 (~0%)|    1174 (~0%)|         -|
    |   o init_Q_S                                                                          |     -|  5.25|       12|     72.000|        11|        1|       3|       yes|          -|           -|            -|             -|         -|
    |  + Load_Init_Params_Pipeline_init_Q_M                                                 |     -|  0.00|       14|     84.000|         -|       14|       -|        no|          -|           -|    473 (~0%)|    1175 (~0%)|         -|
    |   o init_Q_M                                                                          |     -|  5.25|       12|     72.000|        11|        1|       3|       yes|          -|           -|            -|             -|         -|
    |  + Load_Init_Params_Pipeline_init_P_MOD                                               |     -|  3.96|        4|     24.000|         -|        4|       -|        no|          -|           -|    133 (~0%)|      67 (~0%)|         -|
    |   o init_P_MOD                                                                        |     -|  5.25|        2|     12.000|         1|        1|       2|       yes|          -|           -|            -|             -|         -|
    |  + Load_Init_Params_Pipeline_init_P_S                                                 |     -|  3.96|        4|     24.000|         -|        4|       -|        no|          -|           -|    133 (~0%)|      67 (~0%)|         -|
    |   o init_P_S                                                                          |     -|  5.25|        2|     12.000|         1|        1|       2|       yes|          -|           -|            -|             -|         -|
    |  + Load_Init_Params_Pipeline_init_P_M                                                 |     -|  3.96|        4|     24.000|         -|        4|       -|        no|          -|           -|    133 (~0%)|      67 (~0%)|         -|
    |   o init_P_M                                                                          |     -|  5.25|        2|     12.000|         1|        1|       2|       yes|          -|           -|            -|             -|         -|
    |  + Load_Init_Params_Pipeline_init_NTTTwiddle_Loop_VITIS_LOOP_92_1_VITIS_LOOP_93_2     |     -|  0.00|   196619|  1.180e+06|         -|   196619|       -|        no|          -|           -|    782 (~0%)|    1658 (~0%)|         -|
    |   o init_NTTTwiddle_Loop_VITIS_LOOP_92_1_VITIS_LOOP_93_2                              |     -|  5.25|   196617|  1.180e+06|        11|        1|  196608|       yes|          -|           -|            -|             -|         -|
    |  + Load_Init_Params_Pipeline_init_INTTTwiddle_Loop_VITIS_LOOP_102_3_VITIS_LOOP_103_s  |     -|  0.00|   196619|  1.180e+06|         -|   196619|       -|        no|          -|           -|   1041 (~0%)|    1847 (~0%)|         -|
    |   o init_INTTTwiddle_Loop_VITIS_LOOP_102_3_VITIS_LOOP_103_4                           |     -|  5.25|   196617|  1.180e+06|        11|        1|  196608|       yes|          -|           -|            -|             -|         -|
    +---------------------------------------------------------------------------------------+------+------+---------+-----------+----------+---------+--------+----------+-----------+------------+-------------+--------------+----------+


================================================================
== HW Interfaces
================================================================
* M_AXI
+-------------+------------+---------------+---------+--------+----------+-----------+--------------+--------------+-------------+-------------+-------------------+
| Interface   | Data Width | Address Width | Latency | Offset | Register | Max Widen | Max Read     | Max Write    | Num Read    | Num Write   | Resource Estimate |
|             | (SW->HW)   |               |         |        |          | Bitwidth  | Burst Length | Burst Length | Outstanding | Outstanding |                   |
+-------------+------------+---------------+---------+--------+----------+-----------+--------------+--------------+-------------+-------------+-------------------+
| m_axi_gmem0 | 64 -> 256  | 64            | 0       | slave  | 0        | 256       | 16           | 16           | 16          | 16          | BRAM=16           |
| m_axi_gmem1 | 64 -> 256  | 64            | 0       | slave  | 0        | 256       | 16           | 16           | 16          | 16          | BRAM=16           |
| m_axi_gmem2 | 64 -> 256  | 64            | 0       | slave  | 0        | 256       | 16           | 16           | 16          | 16          | BRAM=16           |
+-------------+------------+---------------+---------+--------+----------+-----------+--------------+--------------+-------------+-------------+-------------------+

* S_AXILITE Interfaces
+---------------+------------+---------------+--------+----------+
| Interface     | Data Width | Address Width | Offset | Register |
+---------------+------------+---------------+--------+----------+
| s_axi_control | 32         | 7             | 16     | 0        |
+---------------+------------+---------------+--------+----------+

* S_AXILITE Registers
+---------------+------------------+--------+-------+--------+----------------------------------+----------------------------------------------------------------------+
| Interface     | Register         | Offset | Width | Access | Description                      | Bit Fields                                                           |
+---------------+------------------+--------+-------+--------+----------------------------------+----------------------------------------------------------------------+
| s_axi_control | CTRL             | 0x00   | 32    | RW     | Control signals                  | 0=AP_START 1=AP_DONE 2=AP_IDLE 3=AP_READY 7=AUTO_RESTART 9=INTERRUPT |
| s_axi_control | GIER             | 0x04   | 32    | RW     | Global Interrupt Enable Register | 0=Enable                                                             |
| s_axi_control | IP_IER           | 0x08   | 32    | RW     | IP Interrupt Enable Register     | 0=CHAN0_INT_EN 1=CHAN1_INT_EN                                        |
| s_axi_control | IP_ISR           | 0x0c   | 32    | RW     | IP Interrupt Status Register     | 0=CHAN0_INT_ST 1=CHAN1_INT_ST                                        |
| s_axi_control | mem_in1_1        | 0x10   | 32    | W      | Data signal of mem_in1           |                                                                      |
| s_axi_control | mem_in1_2        | 0x14   | 32    | W      | Data signal of mem_in1           |                                                                      |
| s_axi_control | mem_in2_1        | 0x1c   | 32    | W      | Data signal of mem_in2           |                                                                      |
| s_axi_control | mem_in2_2        | 0x20   | 32    | W      | Data signal of mem_in2           |                                                                      |
| s_axi_control | mem_out_1        | 0x28   | 32    | W      | Data signal of mem_out           |                                                                      |
| s_axi_control | mem_out_2        | 0x2c   | 32    | W      | Data signal of mem_out           |                                                                      |
| s_axi_control | opcode           | 0x34   | 32    | W      | Data signal of opcode            |                                                                      |
| s_axi_control | num_active_limbs | 0x3c   | 32    | W      | Data signal of num_active_limbs  |                                                                      |
| s_axi_control | mod_index        | 0x44   | 32    | W      | Data signal of mod_index         |                                                                      |
+---------------+------------------+--------+-------+--------+----------------------------------+----------------------------------------------------------------------+

* TOP LEVEL CONTROL
+-----------+------------+-----------+
| Interface | Type       | Ports     |
+-----------+------------+-----------+
| ap_clk    | clock      | ap_clk    |
| ap_rst_n  | reset      | ap_rst_n  |
| interrupt | interrupt  | interrupt |
| ap_ctrl   | ap_ctrl_hs |           |
+-----------+------------+-----------+


================================================================
== SW I/O Information
================================================================
* Top Function Arguments
+------------------+-----------+---------------------------+
| Argument         | Direction | Datatype                  |
+------------------+-----------+---------------------------+
| mem_in1          | in        | long unsigned int const * |
| mem_in2          | in        | long unsigned int const * |
| mem_out          | out       | long unsigned int*        |
| opcode           | in        | unsigned char const       |
| num_active_limbs | in        | int const                 |
| mod_index        | in        | int const                 |
+------------------+-----------+---------------------------+

* SW-to-HW Mapping
+------------------+---------------+-----------+----------+--------------------------------------------+
| Argument         | HW Interface  | HW Type   | HW Usage | HW Info                                    |
+------------------+---------------+-----------+----------+--------------------------------------------+
| mem_in1          | m_axi_gmem0   | interface |          |                                            |
| mem_in1          | s_axi_control | register  | offset   | name=mem_in1_1 offset=0x10 range=32        |
| mem_in1          | s_axi_control | register  | offset   | name=mem_in1_2 offset=0x14 range=32        |
| mem_in2          | m_axi_gmem1   | interface |          |                                            |
| mem_in2          | s_axi_control | register  | offset   | name=mem_in2_1 offset=0x1c range=32        |
| mem_in2          | s_axi_control | register  | offset   | name=mem_in2_2 offset=0x20 range=32        |
| mem_out          | m_axi_gmem2   | interface |          |                                            |
| mem_out          | s_axi_control | register  | offset   | name=mem_out_1 offset=0x28 range=32        |
| mem_out          | s_axi_control | register  | offset   | name=mem_out_2 offset=0x2c range=32        |
| opcode           | s_axi_control | register  |          | name=opcode offset=0x34 range=32           |
| num_active_limbs | s_axi_control | register  |          | name=num_active_limbs offset=0x3c range=32 |
| mod_index        | s_axi_control | register  |          | name=mod_index offset=0x44 range=32        |
+------------------+---------------+-----------+----------+--------------------------------------------+


================================================================
== M_AXI Burst Information
================================================================
 Note: All burst requests might be further partitioned into multiple requests during RTL generation based on max_read_burst_length or max_write_burst_length settings.

* Inferred Burst Summary
+--------------+-----------+--------+-------+---------------------+--------------------------------------------------------------------------+
| HW Interface | Direction | Length | Width | Loop                | Loop Location                                                            |
+--------------+-----------+--------+-------+---------------------+--------------------------------------------------------------------------+
| m_axi_gmem0  | read      | 1024   | 256   | LOAD_COEFF          | /home/timhan/FHE/openfhe-for-HKS-ACC/src/fpga_backend/src/load.cpp:8:14  |
| m_axi_gmem0  | read      | 1024   | 256   | LOAD_TRANSFORM_WORD | /home/timhan/FHE/openfhe-for-HKS-ACC/src/fpga_backend/src/top.cpp:189:23 |
| m_axi_gmem1  | read      | 1024   | 256   | LOAD_COEFF          | /home/timhan/FHE/openfhe-for-HKS-ACC/src/fpga_backend/src/load.cpp:8:14  |
| m_axi_gmem2  | write     | 1024   | 256   | STORE_COEFF         | /home/timhan/FHE/openfhe-for-HKS-ACC/src/fpga_backend/src/load.cpp:18:15 |
+--------------+-----------+--------+-------+---------------------+--------------------------------------------------------------------------+

* All M_AXI Variable Accesses
+-------------------+----------+--------------------------------------------------------------------------+-----------+--------------+----------+-----------------------+--------------------------------------------------------------------------+------------+----------------------------------------------------------------------------------------------------------+
| HW Interface      | Variable | Access Location                                                          | Direction | Burst Status | Length   | Loop                  | Loop Location                                                            | Resolution | Problem                                                                                                  |
+-------------------+----------+--------------------------------------------------------------------------+-----------+--------------+----------+-----------------------+--------------------------------------------------------------------------+------------+----------------------------------------------------------------------------------------------------------+
| m_axi_gmem0       | mem_in1  | /home/timhan/FHE/openfhe-for-HKS-ACC/src/fpga_backend/src/top.cpp:56:15  | read      | Widen Fail   |          | init_Q_MOD            | /home/timhan/FHE/openfhe-for-HKS-ACC/src/fpga_backend/src/top.cpp:54:5   | 214-234    | Sequential access length is not divisible by 2                                                           |
| m_axi_gmem0       | mem_in1  | /home/timhan/FHE/openfhe-for-HKS-ACC/src/fpga_backend/src/top.cpp:56:15  | read      | Inferred     | 3        | init_Q_MOD            | /home/timhan/FHE/openfhe-for-HKS-ACC/src/fpga_backend/src/top.cpp:54:5   |            |                                                                                                          |
| m_axi_gmem0       | input    | /home/timhan/FHE/openfhe-for-HKS-ACC/src/fpga_backend/src/top.cpp:61:9   | read      | Widened      | 1024     | LOAD_TRANSFORM_WORD   | /home/timhan/FHE/openfhe-for-HKS-ACC/src/fpga_backend/src/top.cpp:189:23 |            |                                                                                                          |
| m_axi_gmem0       | mem_in1  | /home/timhan/FHE/openfhe-for-HKS-ACC/src/fpga_backend/src/top.cpp:61:9   | read      | Widen Fail   |          | init_Q_S              | /home/timhan/FHE/openfhe-for-HKS-ACC/src/fpga_backend/src/top.cpp:59:5   | 214-307    | Could not widen since type i64 size is greater than or equal to alignment 8(bytes)                       |
| m_axi_gmem0       | mem_in1  | /home/timhan/FHE/openfhe-for-HKS-ACC/src/fpga_backend/src/top.cpp:61:9   | read      | Inferred     | 3        | init_Q_S              | /home/timhan/FHE/openfhe-for-HKS-ACC/src/fpga_backend/src/top.cpp:59:5   |            |                                                                                                          |
| m_axi_gmem0       | mem_in1  | /home/timhan/FHE/openfhe-for-HKS-ACC/src/fpga_backend/src/top.cpp:66:9   | read      | Widen Fail   |          | init_Q_M              | /home/timhan/FHE/openfhe-for-HKS-ACC/src/fpga_backend/src/top.cpp:64:5   | 214-234    | Sequential access length is not divisible by 2                                                           |
| m_axi_gmem0       | mem_in1  | /home/timhan/FHE/openfhe-for-HKS-ACC/src/fpga_backend/src/top.cpp:66:9   | read      | Inferred     | 3        | init_Q_M              | /home/timhan/FHE/openfhe-for-HKS-ACC/src/fpga_backend/src/top.cpp:64:5   |            |                                                                                                          |
| m_axi_gmem0       | mem_in1  | /home/timhan/FHE/openfhe-for-HKS-ACC/src/fpga_backend/src/top.cpp:96:21  | read      | Widen Fail   |          | VITIS_LOOP_93_2       | /home/timhan/FHE/openfhe-for-HKS-ACC/src/fpga_backend/src/top.cpp:93:30  | 214-307    | Could not widen since type i64 size is greater than or equal to alignment 8(bytes)                       |
| m_axi_gmem0       | mem_in1  | /home/timhan/FHE/openfhe-for-HKS-ACC/src/fpga_backend/src/top.cpp:96:21  | read      | Inferred     | 196608   | init_NTTTwiddle_Loop  | /home/timhan/FHE/openfhe-for-HKS-ACC/src/fpga_backend/src/top.cpp:91:5   |            |                                                                                                          |
| m_axi_gmem0       | input    | /home/timhan/FHE/openfhe-for-HKS-ACC/src/fpga_backend/src/top.cpp:101:5  | read      | Widen Fail   |          | LOAD_TRANSFORM_WORD   | /home/timhan/FHE/openfhe-for-HKS-ACC/src/fpga_backend/src/top.cpp:189:23 | 214-353    | Could not widen since type i256 size is greater than or equal to the max_widen_bitwidth threshold of 256 |
| m_axi_gmem0       | input    | /home/timhan/FHE/openfhe-for-HKS-ACC/src/fpga_backend/src/top.cpp:192:25 | read      | Inferred     | 4096     | LOAD_TRANSFORM_WORD   | /home/timhan/FHE/openfhe-for-HKS-ACC/src/fpga_backend/src/top.cpp:189:23 |            |                                                                                                          |
| m_axi_gmem0,gmem1 | mem_in   | /home/timhan/FHE/openfhe-for-HKS-ACC/src/fpga_backend/src/load.cpp:11:36 | read      | Inferred     | 4096     | LOAD_COEFF            | /home/timhan/FHE/openfhe-for-HKS-ACC/src/fpga_backend/src/load.cpp:8:14  |            |                                                                                                          |
| m_axi_gmem0,gmem1 | mem_in   | /home/timhan/FHE/openfhe-for-HKS-ACC/src/fpga_backend/src/top.cpp:61:9   | read      | Widened      | 1024     | LOAD_COEFF            | /home/timhan/FHE/openfhe-for-HKS-ACC/src/fpga_backend/src/load.cpp:8:14  |            |                                                                                                          |
| m_axi_gmem0,gmem1 | mem_in   | /home/timhan/FHE/openfhe-for-HKS-ACC/src/fpga_backend/src/top.cpp:101:5  | read      | Widen Fail   |          | LOAD_COEFF            | /home/timhan/FHE/openfhe-for-HKS-ACC/src/fpga_backend/src/load.cpp:8:14  | 214-353    | Could not widen since type i256 size is greater than or equal to the max_widen_bitwidth threshold of 256 |
| m_axi_gmem1       | mem_in2  | /home/timhan/FHE/openfhe-for-HKS-ACC/src/fpga_backend/src/top.cpp:61:9   | read      | Widen Fail   |          | load_bconv_meta       | /home/timhan/FHE/openfhe-for-HKS-ACC/src/fpga_backend/src/top.cpp:137:5  | 214-307    | Could not widen since type i64 size is greater than or equal to alignment 8(bytes)                       |
| m_axi_gmem1       | meta     | /home/timhan/FHE/openfhe-for-HKS-ACC/src/fpga_backend/src/top.cpp:61:9   | read      | Fail         |          | HKS_LOAD_WEIGHTS      | /home/timhan/FHE/openfhe-for-HKS-ACC/src/fpga_backend/src/top.cpp:217:23 | 214-230    | Stride is incompatible                                                                                   |
| m_axi_gmem1       | mem_in2  | /home/timhan/FHE/openfhe-for-HKS-ACC/src/fpga_backend/src/top.cpp:71:24  | read      | Widened      | 1        | init_P_MOD            | /home/timhan/FHE/openfhe-for-HKS-ACC/src/fpga_backend/src/top.cpp:69:5   |            |                                                                                                          |
| m_axi_gmem1       | mem_in2  | /home/timhan/FHE/openfhe-for-HKS-ACC/src/fpga_backend/src/top.cpp:71:24  | read      | Inferred     | 2        | init_P_MOD            | /home/timhan/FHE/openfhe-for-HKS-ACC/src/fpga_backend/src/top.cpp:69:5   |            |                                                                                                          |
| m_axi_gmem1       | mem_in2  | /home/timhan/FHE/openfhe-for-HKS-ACC/src/fpga_backend/src/top.cpp:76:18  | read      | Widened      | 1        | init_P_S              | /home/timhan/FHE/openfhe-for-HKS-ACC/src/fpga_backend/src/top.cpp:74:5   |            |                                                                                                          |
| m_axi_gmem1       | mem_in2  | /home/timhan/FHE/openfhe-for-HKS-ACC/src/fpga_backend/src/top.cpp:76:18  | read      | Inferred     | 2        | init_P_S              | /home/timhan/FHE/openfhe-for-HKS-ACC/src/fpga_backend/src/top.cpp:74:5   |            |                                                                                                          |
| m_axi_gmem1       | mem_in2  | /home/timhan/FHE/openfhe-for-HKS-ACC/src/fpga_backend/src/top.cpp:81:18  | read      | Widened      | 1        | init_P_M              | /home/timhan/FHE/openfhe-for-HKS-ACC/src/fpga_backend/src/top.cpp:79:5   |            |                                                                                                          |
| m_axi_gmem1       | mem_in2  | /home/timhan/FHE/openfhe-for-HKS-ACC/src/fpga_backend/src/top.cpp:81:18  | read      | Inferred     | 2        | init_P_M              | /home/timhan/FHE/openfhe-for-HKS-ACC/src/fpga_backend/src/top.cpp:79:5   |            |                                                                                                          |
| m_axi_gmem1       | mem_in2  | /home/timhan/FHE/openfhe-for-HKS-ACC/src/fpga_backend/src/top.cpp:106:21 | read      | Widened      | 98304    | VITIS_LOOP_103_4      | /home/timhan/FHE/openfhe-for-HKS-ACC/src/fpga_backend/src/top.cpp:103:31 |            |                                                                                                          |
| m_axi_gmem1       | mem_in2  | /home/timhan/FHE/openfhe-for-HKS-ACC/src/fpga_backend/src/top.cpp:106:21 | read      | Inferred     | 196608   | init_INTTTwiddle_Loop | /home/timhan/FHE/openfhe-for-HKS-ACC/src/fpga_backend/src/top.cpp:101:5  |            |                                                                                                          |
| m_axi_gmem1       | mem_in2  | /home/timhan/FHE/openfhe-for-HKS-ACC/src/fpga_backend/src/top.cpp:128:15 | read      | Widen Fail   |          | VITIS_LOOP_126_1      | /home/timhan/FHE/openfhe-for-HKS-ACC/src/fpga_backend/src/top.cpp:126:27 | 214-235    | Start index of the access is unaligned                                                                   |
| m_axi_gmem1       | mem_in2  | /home/timhan/FHE/openfhe-for-HKS-ACC/src/fpga_backend/src/top.cpp:128:15 | read      | Widen Fail   |          | VITIS_LOOP_126_1      | /home/timhan/FHE/openfhe-for-HKS-ACC/src/fpga_backend/src/top.cpp:126:27 | 214-234    | Sequential access length is not divisible by 2                                                           |
| m_axi_gmem1       | mem_in2  | /home/timhan/FHE/openfhe-for-HKS-ACC/src/fpga_backend/src/top.cpp:128:15 | read      | Inferred     | 15       | load_bconv_w          | /home/timhan/FHE/openfhe-for-HKS-ACC/src/fpga_backend/src/top.cpp:125:5  |            |                                                                                                          |
| m_axi_gmem1       | mem_in2  | /home/timhan/FHE/openfhe-for-HKS-ACC/src/fpga_backend/src/top.cpp:139:15 | read      | Inferred     | 5        | load_bconv_meta       | /home/timhan/FHE/openfhe-for-HKS-ACC/src/fpga_backend/src/top.cpp:137:5  |            |                                                                                                          |
| m_axi_gmem1       | mem_in2  | /home/timhan/FHE/openfhe-for-HKS-ACC/src/fpga_backend/src/top.cpp:140:20 | read      | Widen Fail   |          | load_bconv_meta       | /home/timhan/FHE/openfhe-for-HKS-ACC/src/fpga_backend/src/top.cpp:137:5  | 214-234    | Sequential access length is not divisible by 2                                                           |
| m_axi_gmem1       | mem_in2  | /home/timhan/FHE/openfhe-for-HKS-ACC/src/fpga_backend/src/top.cpp:140:20 | read      | Inferred     | 5        | load_bconv_meta       | /home/timhan/FHE/openfhe-for-HKS-ACC/src/fpga_backend/src/top.cpp:137:5  |            |                                                                                                          |
| m_axi_gmem1       | mem_in2  | /home/timhan/FHE/openfhe-for-HKS-ACC/src/fpga_backend/src/top.cpp:141:28 | read      | Widen Fail   |          | load_bconv_meta       | /home/timhan/FHE/openfhe-for-HKS-ACC/src/fpga_backend/src/top.cpp:137:5  | 214-307    | Could not widen since type i64 size is greater than or equal to alignment 8(bytes)                       |
| m_axi_gmem1       | mem_in2  | /home/timhan/FHE/openfhe-for-HKS-ACC/src/fpga_backend/src/top.cpp:141:28 | read      | Inferred     | 5        | load_bconv_meta       | /home/timhan/FHE/openfhe-for-HKS-ACC/src/fpga_backend/src/top.cpp:137:5  |            |                                                                                                          |
| m_axi_gmem1       | meta     | /home/timhan/FHE/openfhe-for-HKS-ACC/src/fpga_backend/src/top.cpp:221:19 | read      | Inferred     | variable | VITIS_LOOP_218_1      | /home/timhan/FHE/openfhe-for-HKS-ACC/src/fpga_backend/src/top.cpp:218:27 |            |                                                                                                          |
| m_axi_gmem1       | meta     | /home/timhan/FHE/openfhe-for-HKS-ACC/src/fpga_backend/src/top.cpp:226:23 | read      | Inferred     | variable | HKS_LOAD_INV          | /home/timhan/FHE/openfhe-for-HKS-ACC/src/fpga_backend/src/top.cpp:224:19 |            |                                                                                                          |
| m_axi_gmem2       | mem_out  | /home/timhan/FHE/openfhe-for-HKS-ACC/src/fpga_backend/src/load.cpp:21:30 | write     | Inferred     | 4096     | STORE_COEFF           | /home/timhan/FHE/openfhe-for-HKS-ACC/src/fpga_backend/src/load.cpp:18:15 |            |                                                                                                          |
| m_axi_gmem2       | mem_out  | /home/timhan/FHE/openfhe-for-HKS-ACC/src/fpga_backend/src/top.cpp:61:9   | write     | Widened      | 1024     | STORE_COEFF           | /home/timhan/FHE/openfhe-for-HKS-ACC/src/fpga_backend/src/load.cpp:18:15 |            |                                                                                                          |
| m_axi_gmem2       | mem_out  | /home/timhan/FHE/openfhe-for-HKS-ACC/src/fpga_backend/src/top.cpp:101:5  | write     | Widen Fail   |          | STORE_COEFF           | /home/timhan/FHE/openfhe-for-HKS-ACC/src/fpga_backend/src/load.cpp:18:15 | 214-353    | Could not widen since type i256 size is greater than or equal to the max_widen_bitwidth threshold of 256 |
+-------------------+----------+--------------------------------------------------------------------------+-----------+--------------+----------+-----------------------+--------------------------------------------------------------------------+------------+----------------------------------------------------------------------------------------------------------+

    * Resolution URL: docs.xilinx.com/access/sources/dita/topic?Doc_Version=2023.2%20English&url=ug1448-hls-guidance&resourceid=XXX-YYY.html (replace XXX-YYY with column value)

================================================================
== Bind Op Report
================================================================
+----------------------------------------------------------------------------------------+------+--------+---------------+-----+--------+---------+
| Name                                                                                   | DSP  | Pragma | Variable      | Op  | Impl   | Latency |
+----------------------------------------------------------------------------------------+------+--------+---------------+-----+--------+---------+
| + Top                                                                                  | 1160 |        |               |     |        |         |
|   grp_fu_2019_p2                                                                       |      |        | add_i1        | add | fabric | 0       |
|   sub_ln22_fu_2047_p2                                                                  |      |        | sub_ln22      | sub | fabric | 0       |
|   grp_MultMod_fu_2201                                                                  |      |        | add_i         | add | fabric | 0       |
|   sub_ln20_fu_2076_p2                                                                  |      |        | sub_ln20      | sub | fabric | 0       |
|  + Load_1                                                                              | 0    |        |               |     |        |         |
|    add_fu_329_p2                                                                       |      |        | add           | add | fabric | 0       |
|    sub_ln33_fu_357_p2                                                                  |      |        | sub_ln33      | sub | fabric | 0       |
|    l_fu_363_p2                                                                         |      |        | l             | add | fabric | 0       |
|   + Load_Tower                                                                         | 0    |        |               |     |        |         |
|     add_ln8_fu_358_p2                                                                  |      |        | add_ln8       | add | fabric | 0       |
|    + Load_Tower_Pipeline_LOAD_COEFF                                                    | 0    |        |               |     |        |         |
|      add_ln8_fu_1407_p2                                                                |      |        | add_ln8       | add | fabric | 0       |
|  + Load_BConv_Params                                                                   | 0    |        |               |     |        |         |
|   + Load_BConv_Params_Pipeline_load_bconv_w_VITIS_LOOP_126_1                           | 0    |        |               |     |        |         |
|     add_ln125_1_fu_139_p2                                                              |      |        | add_ln125_1   | add | fabric | 0       |
|     add_ln125_fu_151_p2                                                                |      |        | add_ln125     | add | fabric | 0       |
|     add_ln128_3_fu_203_p2                                                              |      |        | add_ln128_3   | add | fabric | 0       |
|     add_ln128_fu_209_p2                                                                |      |        | add_ln128     | add | fabric | 0       |
|     add_ln128_2_fu_219_p2                                                              |      |        | add_ln128_2   | add | fabric | 0       |
|     add_ln128_1_fu_237_p2                                                              |      |        | add_ln128_1   | add | fabric | 0       |
|     add_ln126_fu_257_p2                                                                |      |        | add_ln126     | add | fabric | 0       |
|   + Load_BConv_Params_Pipeline_load_bconv_meta                                         | 0    |        |               |     |        |         |
|     add_ln137_fu_169_p2                                                                |      |        | add_ln137     | add | fabric | 0       |
|     add_ln139_1_fu_187_p2                                                              |      |        | add_ln139_1   | add | fabric | 0       |
|     add_ln139_fu_197_p2                                                                |      |        | add_ln139     | add | fabric | 0       |
|     add_ln140_1_fu_232_p2                                                              |      |        | add_ln140_1   | add | fabric | 0       |
|     add_ln140_fu_241_p2                                                                |      |        | add_ln140     | add | fabric | 0       |
|     add_ln141_1_fu_273_p2                                                              |      |        | add_ln141_1   | add | fabric | 0       |
|     add_ln141_fu_287_p2                                                                |      |        | add_ln141     | add | fabric | 0       |
|  + Load_clone_1                                                                        | 0    |        |               |     |        |         |
|    add_fu_89_p2                                                                        |      |        | add           | add | fabric | 0       |
|    sub_ln33_fu_117_p2                                                                  |      |        | sub_ln33      | sub | fabric | 0       |
|    l_fu_123_p2                                                                         |      |        | l             | add | fabric | 0       |
|   + Load_Tower_1                                                                       | 0    |        |               |     |        |         |
|     add_ln8_fu_118_p2                                                                  |      |        | add_ln8       | add | fabric | 0       |
|    + Load_Tower_1_Pipeline_LOAD_COEFF                                                  | 0    |        |               |     |        |         |
|      add_ln8_fu_209_p2                                                                 |      |        | add_ln8       | add | fabric | 0       |
|  + Execute_Transform_Operation                                                         | 58   |        |               |     |        |         |
|    add_ln278_fu_1433_p2                                                                |      |        | add_ln278     | add | fabric | 0       |
|    sub_ln285_fu_1455_p2                                                                |      |        | sub_ln285     | sub | fabric | 0       |
|    sub_ln279_fu_1485_p2                                                                |      |        | sub_ln279     | sub | fabric | 0       |
|    sub55_fu_1525_p2                                                                    |      |        | sub55         | sub | fabric | 0       |
|    step_2_fu_1641_p2                                                                   |      |        | step_2        | add | fabric | 0       |
|    limb_3_fu_1673_p2                                                                   |      |        | limb_3        | add | fabric | 0       |
|    p_fu_1683_p2                                                                        |      |        | p             | sub | fabric | 0       |
|    source_limb_1_fu_1703_p2                                                            |      |        | source_limb_1 | add | fabric | 0       |
|   + Execute_Transform_Operation_Pipeline_HKS_VALIDATE_MODULI                           | 0    |        |               |     |        |         |
|     add_ln280_fu_89_p2                                                                 |      |        | add_ln280     | add | fabric | 0       |
|   + Load_HKS_Params                                                                    | 0    |        |               |     |        |         |
|     count_fu_234_p2                                                                    |      |        | count         | sub | fabric | 0       |
|    + Load_HKS_Params_Pipeline_HKS_LOAD_WEIGHTS_VITIS_LOOP_218_1                        | 0    |        |               |     |        |         |
|      add_ln217_1_fu_313_p2                                                             |      |        | add_ln217_1   | add | fabric | 0       |
|      add_ln217_fu_325_p2                                                               |      |        | add_ln217     | add | fabric | 0       |
|      add_ln221_2_fu_417_p2                                                             |      |        | add_ln221_2   | add | fabric | 0       |
|      add_ln218_fu_447_p2                                                               |      |        | add_ln218     | add | fabric | 0       |
|    + Load_HKS_Params_Pipeline_HKS_OUTPUT_PARAMS                                        | 0    |        |               |     |        |         |
|      p_2_fu_288_p2                                                                     |      |        | p_2           | add | fabric | 0       |
|      add_ln231_fu_314_p2                                                               |      |        | add_ln231     | add | fabric | 0       |
|    + Load_HKS_Params_Pipeline_HKS_LOAD_INV                                             | 0    |        |               |     |        |         |
|      add_ln224_fu_151_p2                                                               |      |        | add_ln224     | add | fabric | 0       |
|      add_ln226_1_fu_179_p2                                                             |      |        | add_ln226_1   | add | fabric | 0       |
|      add_ln226_fu_189_p2                                                               |      |        | add_ln226     | add | fabric | 0       |
|   + Load_Transform_Input                                                               | 0    |        |               |     |        |         |
|     l_6_fu_135_p2                                                                      |      |        | l_6           | add | fabric | 0       |
|     add_ln204_fu_150_p2                                                                |      |        | add_ln204     | add | fabric | 0       |
|    + Load_Transform_Tower                                                              | 0    |        |               |     |        |         |
|      add_ln189_fu_146_p2                                                               |      |        | add_ln189     | add | fabric | 0       |
|     + Load_Transform_Tower_Pipeline_LOAD_TRANSFORM_WORD                                | 0    |        |               |     |        |         |
|       add_ln189_fu_295_p2                                                              |      |        | add_ln189     | add | fabric | 0       |
|   + Prepare_HKS_BConv_Input                                                            | 58   |        |               |     |        |         |
|     add_ln252_1_fu_1664_p2                                                             |      |        | add_ln252_1   | add | fabric | 0       |
|     add_ln252_fu_1673_p2                                                               |      |        | add_ln252     | add | fabric | 0       |
|     add_ln254_fu_1760_p2                                                               |      |        | add_ln254     | add | fabric | 0       |
|     empty_fu_1791_p2                                                                   |      |        | empty         | add | fabric | 0       |
|     add_ln255_1_fu_1807_p2                                                             |      |        | add_ln255_1   | add | fabric | 0       |
|     add_ln255_fu_1857_p2                                                               |      |        | add_ln255     | add | fabric | 0       |
|     add_ln254_1_fu_1701_p2                                                             |      |        | add_ln254_1   | add | fabric | 0       |
|    + MultMod_2                                                                         | 58   |        |               |     |        |         |
|      mul_64ns_64ns_128_5_1_U1389                                                       | 16   | yes    | res_mult      | mul | dsp    | 1       |
|      mul_64ns_64ns_128_5_1_U1390                                                       | 16   | yes    | shift_high_4  | mul | dsp    | 1       |
|      mul_64ns_64ns_128_5_1_U1391                                                       | 16   | yes    | p_low         | mul | dsp    | 1       |
|      add_ln115_fu_187_p2                                                               |      |        | add_ln115     | add | fabric | 0       |
|      sub_ln116_fu_202_p2                                                               |      |        | sub_ln116     | sub | fabric | 0       |
|      q_fu_284_p2                                                                       |      |        | q             | add | fabric | 0       |
|      mul_64s_64s_64_5_1_U1392                                                          | 10   | yes    | q_times_mod   | mul | dsp    | 1       |
|      sub_64ns_64ns_64_3_1_U1393                                                        |      | yes    | r_stg1        | sub | fabric | 0       |
|      sub_64ns_64s_64_3_1_U1394                                                         |      | yes    | sub1          | sub | fabric | 0       |
|      sub_64ns_64s_64_3_1_U1395                                                         |      | yes    | sub2          | sub | fabric | 0       |
|   + Store_26_29_1 (grp_Store_26_29_1_fu_871)                                           | 0    |        |               |     |        |         |
|     add_fu_89_p2                                                                       |      |        | add           | add | fabric | 0       |
|     sub_ln46_fu_117_p2                                                                 |      |        | sub_ln46      | sub | fabric | 0       |
|     l_5_fu_123_p2                                                                      |      |        | l_5           | add | fabric | 0       |
|   + Store_Tower_2 (grp_Store_Tower_2_fu_68)                                            | 0    |        |               |     |        |         |
|     add_ln18_fu_121_p2                                                                 |      |        | add_ln18      | add | fabric | 0       |
|    + Store_Tower_2_Pipeline_STORE_COEFF (grp_Store_Tower_2_Pipeline_STORE_COEFF_fu_92) | 0    |        |               |     |        |         |
|      add_ln18_fu_200_p2                                                                |      |        | add_ln18      | add | fabric | 0       |
|   + Compute_BConv_Systolic_32_33                                                       | 0    |        |               |     |        |         |
|    + Compute_BConv_Systolic_32_33_Pipeline_Load_W_VITIS_LOOP_163_1                     | 0    |        |               |     |        |         |
|      add_ln162_1_fu_401_p2                                                             |      |        | add_ln162_1   | add | fabric | 0       |
|      add_ln162_fu_413_p2                                                               |      |        | add_ln162     | add | fabric | 0       |
|      add_ln163_fu_620_p2                                                               |      |        | add_ln163     | add | fabric | 0       |
|    + Compute_BConv_Systolic_32_33_Pipeline_Load_Mod                                    | 0    |        |               |     |        |         |
|      add_ln169_fu_369_p2                                                               |      |        | add_ln169     | add | fabric | 0       |
|    + Compute_BConv_Systolic_32_33_Pipeline_Systolic_Loop                               | 0    |        |               |     |        |         |
|      t_fu_1902_p2                                                                      |      |        | t             | add | fabric | 0       |
|      data_idx_5_fu_1974_p2                                                             |      |        | data_idx_5    | add | fabric | 0       |
|      data_idx_6_fu_2052_p2                                                             |      |        | data_idx_6    | add | fabric | 0       |
|      sum_out_39_fu_2655_p2                                                             |      |        | sum_out_39    | sub | fabric | 0       |
|      sub_ln111_fu_2679_p2                                                              |      |        | sub_ln111     | sub | fabric | 0       |
|      sum_out_44_fu_2703_p2                                                             |      |        | sum_out_44    | sub | fabric | 0       |
|      sub_ln111_2_fu_2727_p2                                                            |      |        | sub_ln111_2   | sub | fabric | 0       |
|      sum_out_49_fu_2751_p2                                                             |      |        | sum_out_49    | sub | fabric | 0       |
|      sum_out_51_fu_2764_p2                                                             |      |        | sum_out_51    | add | fabric | 0       |
|      sum_out_52_fu_2781_p2                                                             |      |        | sum_out_52    | sub | fabric | 0       |
|      sum_out_54_fu_2794_p2                                                             |      |        | sum_out_54    | add | fabric | 0       |
|      sub_ln111_5_fu_2811_p2                                                            |      |        | sub_ln111_5   | sub | fabric | 0       |
|      sum_out_56_fu_2824_p2                                                             |      |        | sum_out_56    | add | fabric | 0       |
|      sum_out_57_fu_2841_p2                                                             |      |        | sum_out_57    | sub | fabric | 0       |
|      sum_out_59_fu_2854_p2                                                             |      |        | sum_out_59    | add | fabric | 0       |
|      sub_ln111_7_fu_2871_p2                                                            |      |        | sub_ln111_7   | sub | fabric | 0       |
|      sum_out_61_fu_2884_p2                                                             |      |        | sum_out_61    | add | fabric | 0       |
|      sum_out_62_fu_2901_p2                                                             |      |        | sum_out_62    | sub | fabric | 0       |
|      sum_out_64_fu_2914_p2                                                             |      |        | sum_out_64    | add | fabric | 0       |
|      sum_out_65_fu_2931_p2                                                             |      |        | sum_out_65    | sub | fabric | 0       |
|      sum_out_67_fu_2952_p2                                                             |      |        | sum_out_67    | add | fabric | 0       |
|      sub_ln111_10_fu_2969_p2                                                           |      |        | sub_ln111_10  | sub | fabric | 0       |
|      sum_out_69_fu_2990_p2                                                             |      |        | sum_out_69    | add | fabric | 0       |
|      sum_out_70_fu_3007_p2                                                             |      |        | sum_out_70    | sub | fabric | 0       |
|      sum_out_72_fu_3028_p2                                                             |      |        | sum_out_72    | add | fabric | 0       |
|      sub_ln111_12_fu_3045_p2                                                           |      |        | sub_ln111_12  | sub | fabric | 0       |
|      sum_out_74_fu_3066_p2                                                             |      |        | sum_out_74    | add | fabric | 0       |
|      sum_out_75_fu_3083_p2                                                             |      |        | sum_out_75    | sub | fabric | 0       |
|      out_idx_fu_2470_p2                                                                |      |        | out_idx       | add | fabric | 0       |
|      out_idx_5_fu_2506_p2                                                              |      |        | out_idx_5     | add | fabric | 0       |
|      out_idx_6_fu_2542_p2                                                              |      |        | out_idx_6     | add | fabric | 0       |
|      out_idx_7_fu_2578_p2                                                              |      |        | out_idx_7     | add | fabric | 0       |
|      out_idx_8_fu_2138_p2                                                              |      |        | out_idx_8     | add | fabric | 0       |
|     + MultMod (grp_MultMod_fu_1628)                                                    | 58   |        |               |     |        |         |
|       mul_64ns_64ns_128_5_1_U252                                                       | 16   | yes    | res_mult      | mul | dsp    | 1       |
|       mul_64ns_64ns_128_5_1_U253                                                       | 16   | yes    | shift_high_12 | mul | dsp    | 1       |
|       mul_64ns_64ns_128_5_1_U254                                                       | 16   | yes    | p_low         | mul | dsp    | 1       |
|       add_ln115_fu_187_p2                                                              |      |        | add_ln115     | add | fabric | 0       |
|       sub_ln116_fu_202_p2                                                              |      |        | sub_ln116     | sub | fabric | 0       |
|       q_fu_284_p2                                                                      |      |        | q             | add | fabric | 0       |
|       mul_64s_64s_64_5_1_U255                                                          | 10   | yes    | q_times_mod   | mul | dsp    | 1       |
|       sub_64ns_64ns_64_3_1_U256                                                        |      | yes    | r_stg1        | sub | fabric | 0       |
|       sub_64ns_64s_64_3_1_U257                                                         |      | yes    | sub1          | sub | fabric | 0       |
|       sub_64ns_64s_64_3_1_U258                                                         |      | yes    | sub2          | sub | fabric | 0       |
|     + MultMod (grp_MultMod_fu_1637)                                                    | 58   |        |               |     |        |         |
|       mul_64ns_64ns_128_5_1_U252                                                       | 16   | yes    | res_mult      | mul | dsp    | 1       |
|       mul_64ns_64ns_128_5_1_U253                                                       | 16   | yes    | shift_high_12 | mul | dsp    | 1       |
|       mul_64ns_64ns_128_5_1_U254                                                       | 16   | yes    | p_low         | mul | dsp    | 1       |
|       add_ln115_fu_187_p2                                                              |      |        | add_ln115     | add | fabric | 0       |
|       sub_ln116_fu_202_p2                                                              |      |        | sub_ln116     | sub | fabric | 0       |
|       q_fu_284_p2                                                                      |      |        | q             | add | fabric | 0       |
|       mul_64s_64s_64_5_1_U255                                                          | 10   | yes    | q_times_mod   | mul | dsp    | 1       |
|       sub_64ns_64ns_64_3_1_U256                                                        |      | yes    | r_stg1        | sub | fabric | 0       |
|       sub_64ns_64s_64_3_1_U257                                                         |      | yes    | sub1          | sub | fabric | 0       |
|       sub_64ns_64s_64_3_1_U258                                                         |      | yes    | sub2          | sub | fabric | 0       |
|     + MultMod (grp_MultMod_fu_1646)                                                    | 58   |        |               |     |        |         |
|       mul_64ns_64ns_128_5_1_U252                                                       | 16   | yes    | res_mult      | mul | dsp    | 1       |
|       mul_64ns_64ns_128_5_1_U253                                                       | 16   | yes    | shift_high_12 | mul | dsp    | 1       |
|       mul_64ns_64ns_128_5_1_U254                                                       | 16   | yes    | p_low         | mul | dsp    | 1       |
|       add_ln115_fu_187_p2                                                              |      |        | add_ln115     | add | fabric | 0       |
|       sub_ln116_fu_202_p2                                                              |      |        | sub_ln116     | sub | fabric | 0       |
|       q_fu_284_p2                                                                      |      |        | q             | add | fabric | 0       |
|       mul_64s_64s_64_5_1_U255                                                          | 10   | yes    | q_times_mod   | mul | dsp    | 1       |
|       sub_64ns_64ns_64_3_1_U256                                                        |      | yes    | r_stg1        | sub | fabric | 0       |
|       sub_64ns_64s_64_3_1_U257                                                         |      | yes    | sub1          | sub | fabric | 0       |
|       sub_64ns_64s_64_3_1_U258                                                         |      | yes    | sub2          | sub | fabric | 0       |
|     + MultMod (grp_MultMod_fu_1655)                                                    | 58   |        |               |     |        |         |
|       mul_64ns_64ns_128_5_1_U252                                                       | 16   | yes    | res_mult      | mul | dsp    | 1       |
|       mul_64ns_64ns_128_5_1_U253                                                       | 16   | yes    | shift_high_12 | mul | dsp    | 1       |
|       mul_64ns_64ns_128_5_1_U254                                                       | 16   | yes    | p_low         | mul | dsp    | 1       |
|       add_ln115_fu_187_p2                                                              |      |        | add_ln115     | add | fabric | 0       |
|       sub_ln116_fu_202_p2                                                              |      |        | sub_ln116     | sub | fabric | 0       |
|       q_fu_284_p2                                                                      |      |        | q             | add | fabric | 0       |
|       mul_64s_64s_64_5_1_U255                                                          | 10   | yes    | q_times_mod   | mul | dsp    | 1       |
|       sub_64ns_64ns_64_3_1_U256                                                        |      | yes    | r_stg1        | sub | fabric | 0       |
|       sub_64ns_64s_64_3_1_U257                                                         |      | yes    | sub1          | sub | fabric | 0       |
|       sub_64ns_64s_64_3_1_U258                                                         |      | yes    | sub2          | sub | fabric | 0       |
|     + MultMod (grp_MultMod_fu_1664)                                                    | 58   |        |               |     |        |         |
|       mul_64ns_64ns_128_5_1_U252                                                       | 16   | yes    | res_mult      | mul | dsp    | 1       |
|       mul_64ns_64ns_128_5_1_U253                                                       | 16   | yes    | shift_high_12 | mul | dsp    | 1       |
|       mul_64ns_64ns_128_5_1_U254                                                       | 16   | yes    | p_low         | mul | dsp    | 1       |
|       add_ln115_fu_187_p2                                                              |      |        | add_ln115     | add | fabric | 0       |
|       sub_ln116_fu_202_p2                                                              |      |        | sub_ln116     | sub | fabric | 0       |
|       q_fu_284_p2                                                                      |      |        | q             | add | fabric | 0       |
|       mul_64s_64s_64_5_1_U255                                                          | 10   | yes    | q_times_mod   | mul | dsp    | 1       |
|       sub_64ns_64ns_64_3_1_U256                                                        |      | yes    | r_stg1        | sub | fabric | 0       |
|       sub_64ns_64s_64_3_1_U257                                                         |      | yes    | sub1          | sub | fabric | 0       |
|       sub_64ns_64s_64_3_1_U258                                                         |      | yes    | sub2          | sub | fabric | 0       |
|     + MultMod (grp_MultMod_fu_1673)                                                    | 58   |        |               |     |        |         |
|       mul_64ns_64ns_128_5_1_U252                                                       | 16   | yes    | res_mult      | mul | dsp    | 1       |
|       mul_64ns_64ns_128_5_1_U253                                                       | 16   | yes    | shift_high_12 | mul | dsp    | 1       |
|       mul_64ns_64ns_128_5_1_U254                                                       | 16   | yes    | p_low         | mul | dsp    | 1       |
|       add_ln115_fu_187_p2                                                              |      |        | add_ln115     | add | fabric | 0       |
|       sub_ln116_fu_202_p2                                                              |      |        | sub_ln116     | sub | fabric | 0       |
|       q_fu_284_p2                                                                      |      |        | q             | add | fabric | 0       |
|       mul_64s_64s_64_5_1_U255                                                          | 10   | yes    | q_times_mod   | mul | dsp    | 1       |
|       sub_64ns_64ns_64_3_1_U256                                                        |      | yes    | r_stg1        | sub | fabric | 0       |
|       sub_64ns_64s_64_3_1_U257                                                         |      | yes    | sub1          | sub | fabric | 0       |
|       sub_64ns_64s_64_3_1_U258                                                         |      | yes    | sub2          | sub | fabric | 0       |
|     + MultMod (grp_MultMod_fu_1682)                                                    | 58   |        |               |     |        |         |
|       mul_64ns_64ns_128_5_1_U252                                                       | 16   | yes    | res_mult      | mul | dsp    | 1       |
|       mul_64ns_64ns_128_5_1_U253                                                       | 16   | yes    | shift_high_12 | mul | dsp    | 1       |
|       mul_64ns_64ns_128_5_1_U254                                                       | 16   | yes    | p_low         | mul | dsp    | 1       |
|       add_ln115_fu_187_p2                                                              |      |        | add_ln115     | add | fabric | 0       |
|       sub_ln116_fu_202_p2                                                              |      |        | sub_ln116     | sub | fabric | 0       |
|       q_fu_284_p2                                                                      |      |        | q             | add | fabric | 0       |
|       mul_64s_64s_64_5_1_U255                                                          | 10   | yes    | q_times_mod   | mul | dsp    | 1       |
|       sub_64ns_64ns_64_3_1_U256                                                        |      | yes    | r_stg1        | sub | fabric | 0       |
|       sub_64ns_64s_64_3_1_U257                                                         |      | yes    | sub1          | sub | fabric | 0       |
|       sub_64ns_64s_64_3_1_U258                                                         |      | yes    | sub2          | sub | fabric | 0       |
|     + MultMod (grp_MultMod_fu_1691)                                                    | 58   |        |               |     |        |         |
|       mul_64ns_64ns_128_5_1_U252                                                       | 16   | yes    | res_mult      | mul | dsp    | 1       |
|       mul_64ns_64ns_128_5_1_U253                                                       | 16   | yes    | shift_high_12 | mul | dsp    | 1       |
|       mul_64ns_64ns_128_5_1_U254                                                       | 16   | yes    | p_low         | mul | dsp    | 1       |
|       add_ln115_fu_187_p2                                                              |      |        | add_ln115     | add | fabric | 0       |
|       sub_ln116_fu_202_p2                                                              |      |        | sub_ln116     | sub | fabric | 0       |
|       q_fu_284_p2                                                                      |      |        | q             | add | fabric | 0       |
|       mul_64s_64s_64_5_1_U255                                                          | 10   | yes    | q_times_mod   | mul | dsp    | 1       |
|       sub_64ns_64ns_64_3_1_U256                                                        |      | yes    | r_stg1        | sub | fabric | 0       |
|       sub_64ns_64s_64_3_1_U257                                                         |      | yes    | sub1          | sub | fabric | 0       |
|       sub_64ns_64s_64_3_1_U258                                                         |      | yes    | sub2          | sub | fabric | 0       |
|     + MultMod (grp_MultMod_fu_1700)                                                    | 58   |        |               |     |        |         |
|       mul_64ns_64ns_128_5_1_U252                                                       | 16   | yes    | res_mult      | mul | dsp    | 1       |
|       mul_64ns_64ns_128_5_1_U253                                                       | 16   | yes    | shift_high_12 | mul | dsp    | 1       |
|       mul_64ns_64ns_128_5_1_U254                                                       | 16   | yes    | p_low         | mul | dsp    | 1       |
|       add_ln115_fu_187_p2                                                              |      |        | add_ln115     | add | fabric | 0       |
|       sub_ln116_fu_202_p2                                                              |      |        | sub_ln116     | sub | fabric | 0       |
|       q_fu_284_p2                                                                      |      |        | q             | add | fabric | 0       |
|       mul_64s_64s_64_5_1_U255                                                          | 10   | yes    | q_times_mod   | mul | dsp    | 1       |
|       sub_64ns_64ns_64_3_1_U256                                                        |      | yes    | r_stg1        | sub | fabric | 0       |
|       sub_64ns_64s_64_3_1_U257                                                         |      | yes    | sub1          | sub | fabric | 0       |
|       sub_64ns_64s_64_3_1_U258                                                         |      | yes    | sub2          | sub | fabric | 0       |
|     + MultMod (grp_MultMod_fu_1709)                                                    | 58   |        |               |     |        |         |
|       mul_64ns_64ns_128_5_1_U252                                                       | 16   | yes    | res_mult      | mul | dsp    | 1       |
|       mul_64ns_64ns_128_5_1_U253                                                       | 16   | yes    | shift_high_12 | mul | dsp    | 1       |
|       mul_64ns_64ns_128_5_1_U254                                                       | 16   | yes    | p_low         | mul | dsp    | 1       |
|       add_ln115_fu_187_p2                                                              |      |        | add_ln115     | add | fabric | 0       |
|       sub_ln116_fu_202_p2                                                              |      |        | sub_ln116     | sub | fabric | 0       |
|       q_fu_284_p2                                                                      |      |        | q             | add | fabric | 0       |
|       mul_64s_64s_64_5_1_U255                                                          | 10   | yes    | q_times_mod   | mul | dsp    | 1       |
|       sub_64ns_64ns_64_3_1_U256                                                        |      | yes    | r_stg1        | sub | fabric | 0       |
|       sub_64ns_64s_64_3_1_U257                                                         |      | yes    | sub1          | sub | fabric | 0       |
|       sub_64ns_64s_64_3_1_U258                                                         |      | yes    | sub2          | sub | fabric | 0       |
|     + MultMod (grp_MultMod_fu_1718)                                                    | 58   |        |               |     |        |         |
|       mul_64ns_64ns_128_5_1_U252                                                       | 16   | yes    | res_mult      | mul | dsp    | 1       |
|       mul_64ns_64ns_128_5_1_U253                                                       | 16   | yes    | shift_high_12 | mul | dsp    | 1       |
|       mul_64ns_64ns_128_5_1_U254                                                       | 16   | yes    | p_low         | mul | dsp    | 1       |
|       add_ln115_fu_187_p2                                                              |      |        | add_ln115     | add | fabric | 0       |
|       sub_ln116_fu_202_p2                                                              |      |        | sub_ln116     | sub | fabric | 0       |
|       q_fu_284_p2                                                                      |      |        | q             | add | fabric | 0       |
|       mul_64s_64s_64_5_1_U255                                                          | 10   | yes    | q_times_mod   | mul | dsp    | 1       |
|       sub_64ns_64ns_64_3_1_U256                                                        |      | yes    | r_stg1        | sub | fabric | 0       |
|       sub_64ns_64s_64_3_1_U257                                                         |      | yes    | sub1          | sub | fabric | 0       |
|       sub_64ns_64s_64_3_1_U258                                                         |      | yes    | sub2          | sub | fabric | 0       |
|     + MultMod (grp_MultMod_fu_1727)                                                    | 58   |        |               |     |        |         |
|       mul_64ns_64ns_128_5_1_U252                                                       | 16   | yes    | res_mult      | mul | dsp    | 1       |
|       mul_64ns_64ns_128_5_1_U253                                                       | 16   | yes    | shift_high_12 | mul | dsp    | 1       |
|       mul_64ns_64ns_128_5_1_U254                                                       | 16   | yes    | p_low         | mul | dsp    | 1       |
|       add_ln115_fu_187_p2                                                              |      |        | add_ln115     | add | fabric | 0       |
|       sub_ln116_fu_202_p2                                                              |      |        | sub_ln116     | sub | fabric | 0       |
|       q_fu_284_p2                                                                      |      |        | q             | add | fabric | 0       |
|       mul_64s_64s_64_5_1_U255                                                          | 10   | yes    | q_times_mod   | mul | dsp    | 1       |
|       sub_64ns_64ns_64_3_1_U256                                                        |      | yes    | r_stg1        | sub | fabric | 0       |
|       sub_64ns_64s_64_3_1_U257                                                         |      | yes    | sub1          | sub | fabric | 0       |
|       sub_64ns_64s_64_3_1_U258                                                         |      | yes    | sub2          | sub | fabric | 0       |
|     + MultMod (grp_MultMod_fu_1736)                                                    | 58   |        |               |     |        |         |
|       mul_64ns_64ns_128_5_1_U252                                                       | 16   | yes    | res_mult      | mul | dsp    | 1       |
|       mul_64ns_64ns_128_5_1_U253                                                       | 16   | yes    | shift_high_12 | mul | dsp    | 1       |
|       mul_64ns_64ns_128_5_1_U254                                                       | 16   | yes    | p_low         | mul | dsp    | 1       |
|       add_ln115_fu_187_p2                                                              |      |        | add_ln115     | add | fabric | 0       |
|       sub_ln116_fu_202_p2                                                              |      |        | sub_ln116     | sub | fabric | 0       |
|       q_fu_284_p2                                                                      |      |        | q             | add | fabric | 0       |
|       mul_64s_64s_64_5_1_U255                                                          | 10   | yes    | q_times_mod   | mul | dsp    | 1       |
|       sub_64ns_64ns_64_3_1_U256                                                        |      | yes    | r_stg1        | sub | fabric | 0       |
|       sub_64ns_64s_64_3_1_U257                                                         |      | yes    | sub1          | sub | fabric | 0       |
|       sub_64ns_64s_64_3_1_U258                                                         |      | yes    | sub2          | sub | fabric | 0       |
|     + MultMod (grp_MultMod_fu_1745)                                                    | 58   |        |               |     |        |         |
|       mul_64ns_64ns_128_5_1_U252                                                       | 16   | yes    | res_mult      | mul | dsp    | 1       |
|       mul_64ns_64ns_128_5_1_U253                                                       | 16   | yes    | shift_high_12 | mul | dsp    | 1       |
|       mul_64ns_64ns_128_5_1_U254                                                       | 16   | yes    | p_low         | mul | dsp    | 1       |
|       add_ln115_fu_187_p2                                                              |      |        | add_ln115     | add | fabric | 0       |
|       sub_ln116_fu_202_p2                                                              |      |        | sub_ln116     | sub | fabric | 0       |
|       q_fu_284_p2                                                                      |      |        | q             | add | fabric | 0       |
|       mul_64s_64s_64_5_1_U255                                                          | 10   | yes    | q_times_mod   | mul | dsp    | 1       |
|       sub_64ns_64ns_64_3_1_U256                                                        |      | yes    | r_stg1        | sub | fabric | 0       |
|       sub_64ns_64s_64_3_1_U257                                                         |      | yes    | sub1          | sub | fabric | 0       |
|       sub_64ns_64s_64_3_1_U258                                                         |      | yes    | sub2          | sub | fabric | 0       |
|     + MultMod (grp_MultMod_fu_1754)                                                    | 58   |        |               |     |        |         |
|       mul_64ns_64ns_128_5_1_U252                                                       | 16   | yes    | res_mult      | mul | dsp    | 1       |
|       mul_64ns_64ns_128_5_1_U253                                                       | 16   | yes    | shift_high_12 | mul | dsp    | 1       |
|       mul_64ns_64ns_128_5_1_U254                                                       | 16   | yes    | p_low         | mul | dsp    | 1       |
|       add_ln115_fu_187_p2                                                              |      |        | add_ln115     | add | fabric | 0       |
|       sub_ln116_fu_202_p2                                                              |      |        | sub_ln116     | sub | fabric | 0       |
|       q_fu_284_p2                                                                      |      |        | q             | add | fabric | 0       |
|       mul_64s_64s_64_5_1_U255                                                          | 10   | yes    | q_times_mod   | mul | dsp    | 1       |
|       sub_64ns_64ns_64_3_1_U256                                                        |      | yes    | r_stg1        | sub | fabric | 0       |
|       sub_64ns_64s_64_3_1_U257                                                         |      | yes    | sub1          | sub | fabric | 0       |
|       sub_64ns_64s_64_3_1_U258                                                         |      | yes    | sub2          | sub | fabric | 0       |
|   + Execute_Transform                                                                  | 0    |        |               |     |        |         |
|    + Execute_Transform_Pipeline_TRANSFORM_LOAD                                         | 0    |        |               |     |        |         |
|      add_ln157_fu_1242_p2                                                              |      |        | add_ln157     | add | fabric | 0       |
|    + CG_Transform_Banks                                                                | 0    |        |               |     |        |         |
|      add4_i_fu_798_p2                                                                  |      |        | add4_i        | add | fabric | 0       |
|      sub_ln205_fu_828_p2                                                               |      |        | sub_ln205     | sub | fabric | 0       |
|      sub_ln205_1_fu_858_p2                                                             |      |        | sub_ln205_1   | sub | fabric | 0       |
|      stage_3_fu_842_p2                                                                 |      |        | stage_3       | add | fabric | 0       |
|     + CG_Transform_Banks_Pipeline_BUTTERFLY_LOOP                                       | 0    |        |               |     |        |         |
|       add_ln208_fu_2377_p2                                                             |      |        | add_ln208     | add | fabric | 0       |
|       add_ln248_fu_2396_p2                                                             |      |        | add_ln248     | add | fabric | 0       |
|       add_64ns_64ns_64_2_1_U1846                                                       |      | yes    | sum           | add | fabric | 0       |
|       sub_fu_3454_p2                                                                   |      |        | sub           | sub | fabric | 0       |
|       sub_64ns_64ns_64_2_1_U1842                                                       |      | yes    | diff          | sub | fabric | 0       |
|       add_mod_fu_3208_p2                                                               |      |        | add_mod       | add | fabric | 0       |
|       diff_mod_fu_3212_p2                                                              |      |        | diff_mod      | sub | fabric | 0       |
|       add_64ns_64ns_64_2_1_U1851                                                       |      | yes    | sum_15        | add | fabric | 0       |
|       sub_15_fu_3882_p2                                                                |      |        | sub_15        | sub | fabric | 0       |
|       sub_64ns_64ns_64_2_1_U1852                                                       |      | yes    | diff_15       | sub | fabric | 0       |
|       diff_mod_15_fu_3496_p2                                                           |      |        | diff_mod_15   | sub | fabric | 0       |
|       out_u_fu_3531_p2                                                                 |      |        | out_u         | add | fabric | 0       |
|       out_v_fu_3562_p2                                                                 |      |        | out_v         | add | fabric | 0       |
|       add_64ns_64ns_64_2_1_U1847                                                       |      | yes    | sum_16        | add | fabric | 0       |
|       sub_16_fu_3568_p2                                                                |      |        | sub_16        | sub | fabric | 0       |
|       sub_64ns_64ns_64_2_1_U1843                                                       |      | yes    | diff_16       | sub | fabric | 0       |
|       add_mod_10_fu_3242_p2                                                            |      |        | add_mod_10    | add | fabric | 0       |
|       diff_mod_16_fu_3247_p2                                                           |      |        | diff_mod_16   | sub | fabric | 0       |
|       add_64ns_64ns_64_2_1_U1853                                                       |      | yes    | sum_19        | add | fabric | 0       |
|       sub_19_fu_3920_p2                                                                |      |        | sub_19        | sub | fabric | 0       |
|       sub_64ns_64ns_64_2_1_U1854                                                       |      | yes    | diff_19       | sub | fabric | 0       |
|       diff_mod_19_fu_3612_p2                                                           |      |        | diff_mod_19   | sub | fabric | 0       |
|       out_u_7_fu_3648_p2                                                               |      |        | out_u_7       | add | fabric | 0       |
|       out_v_7_fu_3679_p2                                                               |      |        | out_v_7       | add | fabric | 0       |
|       add_64ns_64ns_64_2_1_U1844                                                       |      | yes    | sum_20        | add | fabric | 0       |
|       sub_20_fu_3281_p2                                                                |      |        | sub_20        | sub | fabric | 0       |
|       sub_64ns_64ns_64_2_1_U1845                                                       |      | yes    | diff_20       | sub | fabric | 0       |
|       add_mod_12_fu_3309_p2                                                            |      |        | add_mod_12    | add | fabric | 0       |
|       diff_mod_20_fu_3314_p2                                                           |      |        | diff_mod_20   | sub | fabric | 0       |
|       add_64ns_64ns_64_2_1_U1855                                                       |      | yes    | sum_21        | add | fabric | 0       |
|       sub_21_fu_3958_p2                                                                |      |        | sub_21        | sub | fabric | 0       |
|       sub_64ns_64ns_64_2_1_U1856                                                       |      | yes    | diff_21       | sub | fabric | 0       |
|       diff_mod_21_fu_3715_p2                                                           |      |        | diff_mod_21   | sub | fabric | 0       |
|       out_u_9_fu_3373_p2                                                               |      |        | out_u_9       | add | fabric | 0       |
|       out_v_9_fu_3751_p2                                                               |      |        | out_v_9       | add | fabric | 0       |
|       add_64ns_64ns_64_2_1_U1848                                                       |      | yes    | sum_22        | add | fabric | 0       |
|       sub_22_fu_3771_p2                                                                |      |        | sub_22        | sub | fabric | 0       |
|       sub_64ns_64ns_64_2_1_U1841                                                       |      | yes    | diff_22       | sub | fabric | 0       |
|       add_mod_13_fu_3169_p2                                                            |      |        | add_mod_13    | add | fabric | 0       |
|       diff_mod_22_fu_3174_p2                                                           |      |        | diff_mod_22   | sub | fabric | 0       |
|       add_64ns_64ns_64_2_1_U1849                                                       |      | yes    | sum_23        | add | fabric | 0       |
|       sub_23_fu_3799_p2                                                                |      |        | sub_23        | sub | fabric | 0       |
|       sub_64ns_64ns_64_2_1_U1850                                                       |      | yes    | diff_23       | sub | fabric | 0       |
|       diff_mod_23_fu_3412_p2                                                           |      |        | diff_mod_23   | sub | fabric | 0       |
|       out_u_11_fu_3862_p2                                                              |      |        | out_u_11      | add | fabric | 0       |
|       out_v_11_fu_3448_p2                                                              |      |        | out_v_11      | add | fabric | 0       |
|      + MultMod_1 (grp_MultMod_1_fu_2291)                                               | 58   |        |               |     |        |         |
|        mul_64ns_64ns_128_5_1_U673                                                      | 16   | yes    | res_mult      | mul | dsp    | 1       |
|        mul_64ns_64ns_128_5_1_U674                                                      | 16   | yes    | shift_high_8  | mul | dsp    | 1       |
|        mul_64ns_64ns_128_5_1_U675                                                      | 16   | yes    | p_low         | mul | dsp    | 1       |
|        add_ln115_fu_187_p2                                                             |      |        | add_ln115     | add | fabric | 0       |
|        sub_ln116_fu_202_p2                                                             |      |        | sub_ln116     | sub | fabric | 0       |
|        q_fu_284_p2                                                                     |      |        | q             | add | fabric | 0       |
|        mul_64s_64s_64_5_1_U676                                                         | 10   | yes    | q_times_mod   | mul | dsp    | 1       |
|        sub_64ns_64ns_64_3_1_U677                                                       |      | yes    | r_stg1        | sub | fabric | 0       |
|        sub_64ns_64s_64_3_1_U678                                                        |      | yes    | sub1          | sub | fabric | 0       |
|        sub_64ns_64s_64_3_1_U679                                                        |      | yes    | sub2          | sub | fabric | 0       |
|      + MultMod_1 (grp_MultMod_1_fu_2301)                                               | 58   |        |               |     |        |         |
|        mul_64ns_64ns_128_5_1_U673                                                      | 16   | yes    | res_mult      | mul | dsp    | 1       |
|        mul_64ns_64ns_128_5_1_U674                                                      | 16   | yes    | shift_high_8  | mul | dsp    | 1       |
|        mul_64ns_64ns_128_5_1_U675                                                      | 16   | yes    | p_low         | mul | dsp    | 1       |
|        add_ln115_fu_187_p2                                                             |      |        | add_ln115     | add | fabric | 0       |
|        sub_ln116_fu_202_p2                                                             |      |        | sub_ln116     | sub | fabric | 0       |
|        q_fu_284_p2                                                                     |      |        | q             | add | fabric | 0       |
|        mul_64s_64s_64_5_1_U676                                                         | 10   | yes    | q_times_mod   | mul | dsp    | 1       |
|        sub_64ns_64ns_64_3_1_U677                                                       |      | yes    | r_stg1        | sub | fabric | 0       |
|        sub_64ns_64s_64_3_1_U678                                                        |      | yes    | sub1          | sub | fabric | 0       |
|        sub_64ns_64s_64_3_1_U679                                                        |      | yes    | sub2          | sub | fabric | 0       |
|      + MultMod_1 (grp_MultMod_1_fu_2310)                                               | 58   |        |               |     |        |         |
|        mul_64ns_64ns_128_5_1_U673                                                      | 16   | yes    | res_mult      | mul | dsp    | 1       |
|        mul_64ns_64ns_128_5_1_U674                                                      | 16   | yes    | shift_high_8  | mul | dsp    | 1       |
|        mul_64ns_64ns_128_5_1_U675                                                      | 16   | yes    | p_low         | mul | dsp    | 1       |
|        add_ln115_fu_187_p2                                                             |      |        | add_ln115     | add | fabric | 0       |
|        sub_ln116_fu_202_p2                                                             |      |        | sub_ln116     | sub | fabric | 0       |
|        q_fu_284_p2                                                                     |      |        | q             | add | fabric | 0       |
|        mul_64s_64s_64_5_1_U676                                                         | 10   | yes    | q_times_mod   | mul | dsp    | 1       |
|        sub_64ns_64ns_64_3_1_U677                                                       |      | yes    | r_stg1        | sub | fabric | 0       |
|        sub_64ns_64s_64_3_1_U678                                                        |      | yes    | sub1          | sub | fabric | 0       |
|        sub_64ns_64s_64_3_1_U679                                                        |      | yes    | sub2          | sub | fabric | 0       |
|      + MultMod_1 (grp_MultMod_1_fu_2320)                                               | 58   |        |               |     |        |         |
|        mul_64ns_64ns_128_5_1_U673                                                      | 16   | yes    | res_mult      | mul | dsp    | 1       |
|        mul_64ns_64ns_128_5_1_U674                                                      | 16   | yes    | shift_high_8  | mul | dsp    | 1       |
|        mul_64ns_64ns_128_5_1_U675                                                      | 16   | yes    | p_low         | mul | dsp    | 1       |
|        add_ln115_fu_187_p2                                                             |      |        | add_ln115     | add | fabric | 0       |
|        sub_ln116_fu_202_p2                                                             |      |        | sub_ln116     | sub | fabric | 0       |
|        q_fu_284_p2                                                                     |      |        | q             | add | fabric | 0       |
|        mul_64s_64s_64_5_1_U676                                                         | 10   | yes    | q_times_mod   | mul | dsp    | 1       |
|        sub_64ns_64ns_64_3_1_U677                                                       |      | yes    | r_stg1        | sub | fabric | 0       |
|        sub_64ns_64s_64_3_1_U678                                                        |      | yes    | sub1          | sub | fabric | 0       |
|        sub_64ns_64s_64_3_1_U679                                                        |      | yes    | sub2          | sub | fabric | 0       |
|     + CG_Transform_Banks_Pipeline_BUTTERFLY_LOOP3                                      | 0    |        |               |     |        |         |
|       add_ln208_fu_2377_p2                                                             |      |        | add_ln208     | add | fabric | 0       |
|       add_ln248_fu_2396_p2                                                             |      |        | add_ln248     | add | fabric | 0       |
|       add_64ns_64ns_64_2_1_U1990                                                       |      | yes    | sum           | add | fabric | 0       |
|       sub_fu_3454_p2                                                                   |      |        | sub           | sub | fabric | 0       |
|       sub_64ns_64ns_64_2_1_U1986                                                       |      | yes    | diff          | sub | fabric | 0       |
|       add_mod_fu_3208_p2                                                               |      |        | add_mod       | add | fabric | 0       |
|       diff_mod_fu_3212_p2                                                              |      |        | diff_mod      | sub | fabric | 0       |
|       add_64ns_64ns_64_2_1_U1995                                                       |      | yes    | sum_6         | add | fabric | 0       |
|       sub_6_fu_3882_p2                                                                 |      |        | sub_6         | sub | fabric | 0       |
|       sub_64ns_64ns_64_2_1_U1996                                                       |      | yes    | diff_6        | sub | fabric | 0       |
|       diff_mod_6_fu_3496_p2                                                            |      |        | diff_mod_6    | sub | fabric | 0       |
|       out_u_fu_3531_p2                                                                 |      |        | out_u         | add | fabric | 0       |
|       out_v_fu_3562_p2                                                                 |      |        | out_v         | add | fabric | 0       |
|       add_64ns_64ns_64_2_1_U1991                                                       |      | yes    | sum_7         | add | fabric | 0       |
|       sub_7_fu_3568_p2                                                                 |      |        | sub_7         | sub | fabric | 0       |
|       sub_64ns_64ns_64_2_1_U1987                                                       |      | yes    | diff_7        | sub | fabric | 0       |
|       add_mod_6_fu_3242_p2                                                             |      |        | add_mod_6     | add | fabric | 0       |
|       diff_mod_7_fu_3247_p2                                                            |      |        | diff_mod_7    | sub | fabric | 0       |
|       add_64ns_64ns_64_2_1_U1997                                                       |      | yes    | sum_8         | add | fabric | 0       |
|       sub_8_fu_3920_p2                                                                 |      |        | sub_8         | sub | fabric | 0       |
|       sub_64ns_64ns_64_2_1_U1998                                                       |      | yes    | diff_8        | sub | fabric | 0       |
|       diff_mod_8_fu_3612_p2                                                            |      |        | diff_mod_8    | sub | fabric | 0       |
|       out_u_2_fu_3648_p2                                                               |      |        | out_u_2       | add | fabric | 0       |
|       out_v_2_fu_3679_p2                                                               |      |        | out_v_2       | add | fabric | 0       |
|       add_64ns_64ns_64_2_1_U1988                                                       |      | yes    | sum_9         | add | fabric | 0       |
|       sub_9_fu_3281_p2                                                                 |      |        | sub_9         | sub | fabric | 0       |
|       sub_64ns_64ns_64_2_1_U1989                                                       |      | yes    | diff_9        | sub | fabric | 0       |
|       add_mod_7_fu_3309_p2                                                             |      |        | add_mod_7     | add | fabric | 0       |
|       diff_mod_9_fu_3314_p2                                                            |      |        | diff_mod_9    | sub | fabric | 0       |
|       add_64ns_64ns_64_2_1_U1999                                                       |      | yes    | sum_10        | add | fabric | 0       |
|       sub_10_fu_3958_p2                                                                |      |        | sub_10        | sub | fabric | 0       |
|       sub_64ns_64ns_64_2_1_U2000                                                       |      | yes    | diff_10       | sub | fabric | 0       |
|       diff_mod_10_fu_3715_p2                                                           |      |        | diff_mod_10   | sub | fabric | 0       |
|       out_u_4_fu_3373_p2                                                               |      |        | out_u_4       | add | fabric | 0       |
|       out_v_4_fu_3751_p2                                                               |      |        | out_v_4       | add | fabric | 0       |
|       add_64ns_64ns_64_2_1_U1992                                                       |      | yes    | sum_11        | add | fabric | 0       |
|       sub_11_fu_3771_p2                                                                |      |        | sub_11        | sub | fabric | 0       |
|       sub_64ns_64ns_64_2_1_U1985                                                       |      | yes    | diff_11       | sub | fabric | 0       |
|       add_mod_8_fu_3169_p2                                                             |      |        | add_mod_8     | add | fabric | 0       |
|       diff_mod_11_fu_3174_p2                                                           |      |        | diff_mod_11   | sub | fabric | 0       |
|       add_64ns_64ns_64_2_1_U1993                                                       |      | yes    | sum_12        | add | fabric | 0       |
|       sub_12_fu_3799_p2                                                                |      |        | sub_12        | sub | fabric | 0       |
|       sub_64ns_64ns_64_2_1_U1994                                                       |      | yes    | diff_12       | sub | fabric | 0       |
|       diff_mod_12_fu_3412_p2                                                           |      |        | diff_mod_12   | sub | fabric | 0       |
|       out_u_6_fu_3862_p2                                                               |      |        | out_u_6       | add | fabric | 0       |
|       out_v_6_fu_3448_p2                                                               |      |        | out_v_6       | add | fabric | 0       |
|      + MultMod_1 (grp_MultMod_1_fu_2291)                                               | 58   |        |               |     |        |         |
|        mul_64ns_64ns_128_5_1_U673                                                      | 16   | yes    | res_mult      | mul | dsp    | 1       |
|        mul_64ns_64ns_128_5_1_U674                                                      | 16   | yes    | shift_high_8  | mul | dsp    | 1       |
|        mul_64ns_64ns_128_5_1_U675                                                      | 16   | yes    | p_low         | mul | dsp    | 1       |
|        add_ln115_fu_187_p2                                                             |      |        | add_ln115     | add | fabric | 0       |
|        sub_ln116_fu_202_p2                                                             |      |        | sub_ln116     | sub | fabric | 0       |
|        q_fu_284_p2                                                                     |      |        | q             | add | fabric | 0       |
|        mul_64s_64s_64_5_1_U676                                                         | 10   | yes    | q_times_mod   | mul | dsp    | 1       |
|        sub_64ns_64ns_64_3_1_U677                                                       |      | yes    | r_stg1        | sub | fabric | 0       |
|        sub_64ns_64s_64_3_1_U678                                                        |      | yes    | sub1          | sub | fabric | 0       |
|        sub_64ns_64s_64_3_1_U679                                                        |      | yes    | sub2          | sub | fabric | 0       |
|      + MultMod_1 (grp_MultMod_1_fu_2301)                                               | 58   |        |               |     |        |         |
|        mul_64ns_64ns_128_5_1_U673                                                      | 16   | yes    | res_mult      | mul | dsp    | 1       |
|        mul_64ns_64ns_128_5_1_U674                                                      | 16   | yes    | shift_high_8  | mul | dsp    | 1       |
|        mul_64ns_64ns_128_5_1_U675                                                      | 16   | yes    | p_low         | mul | dsp    | 1       |
|        add_ln115_fu_187_p2                                                             |      |        | add_ln115     | add | fabric | 0       |
|        sub_ln116_fu_202_p2                                                             |      |        | sub_ln116     | sub | fabric | 0       |
|        q_fu_284_p2                                                                     |      |        | q             | add | fabric | 0       |
|        mul_64s_64s_64_5_1_U676                                                         | 10   | yes    | q_times_mod   | mul | dsp    | 1       |
|        sub_64ns_64ns_64_3_1_U677                                                       |      | yes    | r_stg1        | sub | fabric | 0       |
|        sub_64ns_64s_64_3_1_U678                                                        |      | yes    | sub1          | sub | fabric | 0       |
|        sub_64ns_64s_64_3_1_U679                                                        |      | yes    | sub2          | sub | fabric | 0       |
|      + MultMod_1 (grp_MultMod_1_fu_2310)                                               | 58   |        |               |     |        |         |
|        mul_64ns_64ns_128_5_1_U673                                                      | 16   | yes    | res_mult      | mul | dsp    | 1       |
|        mul_64ns_64ns_128_5_1_U674                                                      | 16   | yes    | shift_high_8  | mul | dsp    | 1       |
|        mul_64ns_64ns_128_5_1_U675                                                      | 16   | yes    | p_low         | mul | dsp    | 1       |
|        add_ln115_fu_187_p2                                                             |      |        | add_ln115     | add | fabric | 0       |
|        sub_ln116_fu_202_p2                                                             |      |        | sub_ln116     | sub | fabric | 0       |
|        q_fu_284_p2                                                                     |      |        | q             | add | fabric | 0       |
|        mul_64s_64s_64_5_1_U676                                                         | 10   | yes    | q_times_mod   | mul | dsp    | 1       |
|        sub_64ns_64ns_64_3_1_U677                                                       |      | yes    | r_stg1        | sub | fabric | 0       |
|        sub_64ns_64s_64_3_1_U678                                                        |      | yes    | sub1          | sub | fabric | 0       |
|        sub_64ns_64s_64_3_1_U679                                                        |      | yes    | sub2          | sub | fabric | 0       |
|      + MultMod_1 (grp_MultMod_1_fu_2320)                                               | 58   |        |               |     |        |         |
|        mul_64ns_64ns_128_5_1_U673                                                      | 16   | yes    | res_mult      | mul | dsp    | 1       |
|        mul_64ns_64ns_128_5_1_U674                                                      | 16   | yes    | shift_high_8  | mul | dsp    | 1       |
|        mul_64ns_64ns_128_5_1_U675                                                      | 16   | yes    | p_low         | mul | dsp    | 1       |
|        add_ln115_fu_187_p2                                                             |      |        | add_ln115     | add | fabric | 0       |
|        sub_ln116_fu_202_p2                                                             |      |        | sub_ln116     | sub | fabric | 0       |
|        q_fu_284_p2                                                                     |      |        | q             | add | fabric | 0       |
|        mul_64s_64s_64_5_1_U676                                                         | 10   | yes    | q_times_mod   | mul | dsp    | 1       |
|        sub_64ns_64ns_64_3_1_U677                                                       |      | yes    | r_stg1        | sub | fabric | 0       |
|        sub_64ns_64s_64_3_1_U678                                                        |      | yes    | sub1          | sub | fabric | 0       |
|        sub_64ns_64s_64_3_1_U679                                                        |      | yes    | sub2          | sub | fabric | 0       |
|    + Execute_Transform_Pipeline_TRANSFORM_STORE                                        | 0    |        |               |     |        |         |
|      add_ln170_fu_350_p2                                                               |      |        | add_ln170     | add | fabric | 0       |
|  + Compute_BConv_Systolic                                                              | 0    |        |               |     |        |         |
|   + Compute_BConv_Systolic_Pipeline_Load_W_VITIS_LOOP_163_1                            | 0    |        |               |     |        |         |
|     add_ln162_1_fu_288_p2                                                              |      |        | add_ln162_1   | add | fabric | 0       |
|     add_ln162_fu_300_p2                                                                |      |        | add_ln162     | add | fabric | 0       |
|     add_ln165_fu_340_p2                                                                |      |        | add_ln165     | add | fabric | 0       |
|     add_ln163_fu_351_p2                                                                |      |        | add_ln163     | add | fabric | 0       |
|   + Compute_BConv_Systolic_Pipeline_Load_Mod                                           | 0    |        |               |     |        |         |
|     add_ln169_fu_288_p2                                                                |      |        | add_ln169     | add | fabric | 0       |
|   + Compute_BConv_Systolic_Pipeline_Systolic_Loop                                      | 0    |        |               |     |        |         |
|     t_fu_1878_p2                                                                       |      |        | t             | add | fabric | 0       |
|     data_idx_2_fu_1938_p2                                                              |      |        | data_idx_2    | add | fabric | 0       |
|     data_idx_3_fu_2010_p2                                                              |      |        | data_idx_3    | add | fabric | 0       |
|     sum_out_1_fu_2607_p2                                                               |      |        | sum_out_1     | sub | fabric | 0       |
|     sub_ln111_fu_2631_p2                                                               |      |        | sub_ln111     | sub | fabric | 0       |
|     sum_out_6_fu_2655_p2                                                               |      |        | sum_out_6     | sub | fabric | 0       |
|     sub_ln111_3_fu_2679_p2                                                             |      |        | sub_ln111_3   | sub | fabric | 0       |
|     sum_out_11_fu_2703_p2                                                              |      |        | sum_out_11    | sub | fabric | 0       |
|     sum_out_13_fu_2716_p2                                                              |      |        | sum_out_13    | add | fabric | 0       |
|     sum_out_14_fu_2733_p2                                                              |      |        | sum_out_14    | sub | fabric | 0       |
|     sum_out_16_fu_2746_p2                                                              |      |        | sum_out_16    | add | fabric | 0       |
|     sub_ln111_6_fu_2763_p2                                                             |      |        | sub_ln111_6   | sub | fabric | 0       |
|     sum_out_18_fu_2776_p2                                                              |      |        | sum_out_18    | add | fabric | 0       |
|     sum_out_19_fu_2793_p2                                                              |      |        | sum_out_19    | sub | fabric | 0       |
|     sum_out_21_fu_2806_p2                                                              |      |        | sum_out_21    | add | fabric | 0       |
|     sub_ln111_8_fu_2823_p2                                                             |      |        | sub_ln111_8   | sub | fabric | 0       |
|     sum_out_23_fu_2836_p2                                                              |      |        | sum_out_23    | add | fabric | 0       |
|     sum_out_24_fu_2853_p2                                                              |      |        | sum_out_24    | sub | fabric | 0       |
|     sum_out_26_fu_2866_p2                                                              |      |        | sum_out_26    | add | fabric | 0       |
|     sum_out_27_fu_2883_p2                                                              |      |        | sum_out_27    | sub | fabric | 0       |
|     sum_out_29_fu_2904_p2                                                              |      |        | sum_out_29    | add | fabric | 0       |
|     sub_ln111_11_fu_2921_p2                                                            |      |        | sub_ln111_11  | sub | fabric | 0       |
|     sum_out_31_fu_2942_p2                                                              |      |        | sum_out_31    | add | fabric | 0       |
|     sum_out_32_fu_2959_p2                                                              |      |        | sum_out_32    | sub | fabric | 0       |
|     sum_out_34_fu_2980_p2                                                              |      |        | sum_out_34    | add | fabric | 0       |
|     sub_ln111_13_fu_2997_p2                                                            |      |        | sub_ln111_13  | sub | fabric | 0       |
|     sum_out_36_fu_3018_p2                                                              |      |        | sum_out_36    | add | fabric | 0       |
|     sum_out_37_fu_3035_p2                                                              |      |        | sum_out_37    | sub | fabric | 0       |
|     out_idx_fu_2422_p2                                                                 |      |        | out_idx       | add | fabric | 0       |
|     out_idx_1_fu_2458_p2                                                               |      |        | out_idx_1     | add | fabric | 0       |
|     out_idx_2_fu_2494_p2                                                               |      |        | out_idx_2     | add | fabric | 0       |
|     out_idx_3_fu_2530_p2                                                               |      |        | out_idx_3     | add | fabric | 0       |
|     out_idx_4_fu_2090_p2                                                               |      |        | out_idx_4     | add | fabric | 0       |
|    + MultMod (grp_MultMod_fu_1604)                                                     | 58   |        |               |     |        |         |
|      mul_64ns_64ns_128_5_1_U252                                                        | 16   | yes    | res_mult      | mul | dsp    | 1       |
|      mul_64ns_64ns_128_5_1_U253                                                        | 16   | yes    | shift_high_12 | mul | dsp    | 1       |
|      mul_64ns_64ns_128_5_1_U254                                                        | 16   | yes    | p_low         | mul | dsp    | 1       |
|      add_ln115_fu_187_p2                                                               |      |        | add_ln115     | add | fabric | 0       |
|      sub_ln116_fu_202_p2                                                               |      |        | sub_ln116     | sub | fabric | 0       |
|      q_fu_284_p2                                                                       |      |        | q             | add | fabric | 0       |
|      mul_64s_64s_64_5_1_U255                                                           | 10   | yes    | q_times_mod   | mul | dsp    | 1       |
|      sub_64ns_64ns_64_3_1_U256                                                         |      | yes    | r_stg1        | sub | fabric | 0       |
|      sub_64ns_64s_64_3_1_U257                                                          |      | yes    | sub1          | sub | fabric | 0       |
|      sub_64ns_64s_64_3_1_U258                                                          |      | yes    | sub2          | sub | fabric | 0       |
|    + MultMod (grp_MultMod_fu_1613)                                                     | 58   |        |               |     |        |         |
|      mul_64ns_64ns_128_5_1_U252                                                        | 16   | yes    | res_mult      | mul | dsp    | 1       |
|      mul_64ns_64ns_128_5_1_U253                                                        | 16   | yes    | shift_high_12 | mul | dsp    | 1       |
|      mul_64ns_64ns_128_5_1_U254                                                        | 16   | yes    | p_low         | mul | dsp    | 1       |
|      add_ln115_fu_187_p2                                                               |      |        | add_ln115     | add | fabric | 0       |
|      sub_ln116_fu_202_p2                                                               |      |        | sub_ln116     | sub | fabric | 0       |
|      q_fu_284_p2                                                                       |      |        | q             | add | fabric | 0       |
|      mul_64s_64s_64_5_1_U255                                                           | 10   | yes    | q_times_mod   | mul | dsp    | 1       |
|      sub_64ns_64ns_64_3_1_U256                                                         |      | yes    | r_stg1        | sub | fabric | 0       |
|      sub_64ns_64s_64_3_1_U257                                                          |      | yes    | sub1          | sub | fabric | 0       |
|      sub_64ns_64s_64_3_1_U258                                                          |      | yes    | sub2          | sub | fabric | 0       |
|    + MultMod (grp_MultMod_fu_1622)                                                     | 58   |        |               |     |        |         |
|      mul_64ns_64ns_128_5_1_U252                                                        | 16   | yes    | res_mult      | mul | dsp    | 1       |
|      mul_64ns_64ns_128_5_1_U253                                                        | 16   | yes    | shift_high_12 | mul | dsp    | 1       |
|      mul_64ns_64ns_128_5_1_U254                                                        | 16   | yes    | p_low         | mul | dsp    | 1       |
|      add_ln115_fu_187_p2                                                               |      |        | add_ln115     | add | fabric | 0       |
|      sub_ln116_fu_202_p2                                                               |      |        | sub_ln116     | sub | fabric | 0       |
|      q_fu_284_p2                                                                       |      |        | q             | add | fabric | 0       |
|      mul_64s_64s_64_5_1_U255                                                           | 10   | yes    | q_times_mod   | mul | dsp    | 1       |
|      sub_64ns_64ns_64_3_1_U256                                                         |      | yes    | r_stg1        | sub | fabric | 0       |
|      sub_64ns_64s_64_3_1_U257                                                          |      | yes    | sub1          | sub | fabric | 0       |
|      sub_64ns_64s_64_3_1_U258                                                          |      | yes    | sub2          | sub | fabric | 0       |
|    + MultMod (grp_MultMod_fu_1631)                                                     | 58   |        |               |     |        |         |
|      mul_64ns_64ns_128_5_1_U252                                                        | 16   | yes    | res_mult      | mul | dsp    | 1       |
|      mul_64ns_64ns_128_5_1_U253                                                        | 16   | yes    | shift_high_12 | mul | dsp    | 1       |
|      mul_64ns_64ns_128_5_1_U254                                                        | 16   | yes    | p_low         | mul | dsp    | 1       |
|      add_ln115_fu_187_p2                                                               |      |        | add_ln115     | add | fabric | 0       |
|      sub_ln116_fu_202_p2                                                               |      |        | sub_ln116     | sub | fabric | 0       |
|      q_fu_284_p2                                                                       |      |        | q             | add | fabric | 0       |
|      mul_64s_64s_64_5_1_U255                                                           | 10   | yes    | q_times_mod   | mul | dsp    | 1       |
|      sub_64ns_64ns_64_3_1_U256                                                         |      | yes    | r_stg1        | sub | fabric | 0       |
|      sub_64ns_64s_64_3_1_U257                                                          |      | yes    | sub1          | sub | fabric | 0       |
|      sub_64ns_64s_64_3_1_U258                                                          |      | yes    | sub2          | sub | fabric | 0       |
|    + MultMod (grp_MultMod_fu_1640)                                                     | 58   |        |               |     |        |         |
|      mul_64ns_64ns_128_5_1_U252                                                        | 16   | yes    | res_mult      | mul | dsp    | 1       |
|      mul_64ns_64ns_128_5_1_U253                                                        | 16   | yes    | shift_high_12 | mul | dsp    | 1       |
|      mul_64ns_64ns_128_5_1_U254                                                        | 16   | yes    | p_low         | mul | dsp    | 1       |
|      add_ln115_fu_187_p2                                                               |      |        | add_ln115     | add | fabric | 0       |
|      sub_ln116_fu_202_p2                                                               |      |        | sub_ln116     | sub | fabric | 0       |
|      q_fu_284_p2                                                                       |      |        | q             | add | fabric | 0       |
|      mul_64s_64s_64_5_1_U255                                                           | 10   | yes    | q_times_mod   | mul | dsp    | 1       |
|      sub_64ns_64ns_64_3_1_U256                                                         |      | yes    | r_stg1        | sub | fabric | 0       |
|      sub_64ns_64s_64_3_1_U257                                                          |      | yes    | sub1          | sub | fabric | 0       |
|      sub_64ns_64s_64_3_1_U258                                                          |      | yes    | sub2          | sub | fabric | 0       |
|    + MultMod (grp_MultMod_fu_1649)                                                     | 58   |        |               |     |        |         |
|      mul_64ns_64ns_128_5_1_U252                                                        | 16   | yes    | res_mult      | mul | dsp    | 1       |
|      mul_64ns_64ns_128_5_1_U253                                                        | 16   | yes    | shift_high_12 | mul | dsp    | 1       |
|      mul_64ns_64ns_128_5_1_U254                                                        | 16   | yes    | p_low         | mul | dsp    | 1       |
|      add_ln115_fu_187_p2                                                               |      |        | add_ln115     | add | fabric | 0       |
|      sub_ln116_fu_202_p2                                                               |      |        | sub_ln116     | sub | fabric | 0       |
|      q_fu_284_p2                                                                       |      |        | q             | add | fabric | 0       |
|      mul_64s_64s_64_5_1_U255                                                           | 10   | yes    | q_times_mod   | mul | dsp    | 1       |
|      sub_64ns_64ns_64_3_1_U256                                                         |      | yes    | r_stg1        | sub | fabric | 0       |
|      sub_64ns_64s_64_3_1_U257                                                          |      | yes    | sub1          | sub | fabric | 0       |
|      sub_64ns_64s_64_3_1_U258                                                          |      | yes    | sub2          | sub | fabric | 0       |
|    + MultMod (grp_MultMod_fu_1658)                                                     | 58   |        |               |     |        |         |
|      mul_64ns_64ns_128_5_1_U252                                                        | 16   | yes    | res_mult      | mul | dsp    | 1       |
|      mul_64ns_64ns_128_5_1_U253                                                        | 16   | yes    | shift_high_12 | mul | dsp    | 1       |
|      mul_64ns_64ns_128_5_1_U254                                                        | 16   | yes    | p_low         | mul | dsp    | 1       |
|      add_ln115_fu_187_p2                                                               |      |        | add_ln115     | add | fabric | 0       |
|      sub_ln116_fu_202_p2                                                               |      |        | sub_ln116     | sub | fabric | 0       |
|      q_fu_284_p2                                                                       |      |        | q             | add | fabric | 0       |
|      mul_64s_64s_64_5_1_U255                                                           | 10   | yes    | q_times_mod   | mul | dsp    | 1       |
|      sub_64ns_64ns_64_3_1_U256                                                         |      | yes    | r_stg1        | sub | fabric | 0       |
|      sub_64ns_64s_64_3_1_U257                                                          |      | yes    | sub1          | sub | fabric | 0       |
|      sub_64ns_64s_64_3_1_U258                                                          |      | yes    | sub2          | sub | fabric | 0       |
|    + MultMod (grp_MultMod_fu_1667)                                                     | 58   |        |               |     |        |         |
|      mul_64ns_64ns_128_5_1_U252                                                        | 16   | yes    | res_mult      | mul | dsp    | 1       |
|      mul_64ns_64ns_128_5_1_U253                                                        | 16   | yes    | shift_high_12 | mul | dsp    | 1       |
|      mul_64ns_64ns_128_5_1_U254                                                        | 16   | yes    | p_low         | mul | dsp    | 1       |
|      add_ln115_fu_187_p2                                                               |      |        | add_ln115     | add | fabric | 0       |
|      sub_ln116_fu_202_p2                                                               |      |        | sub_ln116     | sub | fabric | 0       |
|      q_fu_284_p2                                                                       |      |        | q             | add | fabric | 0       |
|      mul_64s_64s_64_5_1_U255                                                           | 10   | yes    | q_times_mod   | mul | dsp    | 1       |
|      sub_64ns_64ns_64_3_1_U256                                                         |      | yes    | r_stg1        | sub | fabric | 0       |
|      sub_64ns_64s_64_3_1_U257                                                          |      | yes    | sub1          | sub | fabric | 0       |
|      sub_64ns_64s_64_3_1_U258                                                          |      | yes    | sub2          | sub | fabric | 0       |
|    + MultMod (grp_MultMod_fu_1676)                                                     | 58   |        |               |     |        |         |
|      mul_64ns_64ns_128_5_1_U252                                                        | 16   | yes    | res_mult      | mul | dsp    | 1       |
|      mul_64ns_64ns_128_5_1_U253                                                        | 16   | yes    | shift_high_12 | mul | dsp    | 1       |
|      mul_64ns_64ns_128_5_1_U254                                                        | 16   | yes    | p_low         | mul | dsp    | 1       |
|      add_ln115_fu_187_p2                                                               |      |        | add_ln115     | add | fabric | 0       |
|      sub_ln116_fu_202_p2                                                               |      |        | sub_ln116     | sub | fabric | 0       |
|      q_fu_284_p2                                                                       |      |        | q             | add | fabric | 0       |
|      mul_64s_64s_64_5_1_U255                                                           | 10   | yes    | q_times_mod   | mul | dsp    | 1       |
|      sub_64ns_64ns_64_3_1_U256                                                         |      | yes    | r_stg1        | sub | fabric | 0       |
|      sub_64ns_64s_64_3_1_U257                                                          |      | yes    | sub1          | sub | fabric | 0       |
|      sub_64ns_64s_64_3_1_U258                                                          |      | yes    | sub2          | sub | fabric | 0       |
|    + MultMod (grp_MultMod_fu_1685)                                                     | 58   |        |               |     |        |         |
|      mul_64ns_64ns_128_5_1_U252                                                        | 16   | yes    | res_mult      | mul | dsp    | 1       |
|      mul_64ns_64ns_128_5_1_U253                                                        | 16   | yes    | shift_high_12 | mul | dsp    | 1       |
|      mul_64ns_64ns_128_5_1_U254                                                        | 16   | yes    | p_low         | mul | dsp    | 1       |
|      add_ln115_fu_187_p2                                                               |      |        | add_ln115     | add | fabric | 0       |
|      sub_ln116_fu_202_p2                                                               |      |        | sub_ln116     | sub | fabric | 0       |
|      q_fu_284_p2                                                                       |      |        | q             | add | fabric | 0       |
|      mul_64s_64s_64_5_1_U255                                                           | 10   | yes    | q_times_mod   | mul | dsp    | 1       |
|      sub_64ns_64ns_64_3_1_U256                                                         |      | yes    | r_stg1        | sub | fabric | 0       |
|      sub_64ns_64s_64_3_1_U257                                                          |      | yes    | sub1          | sub | fabric | 0       |
|      sub_64ns_64s_64_3_1_U258                                                          |      | yes    | sub2          | sub | fabric | 0       |
|    + MultMod (grp_MultMod_fu_1694)                                                     | 58   |        |               |     |        |         |
|      mul_64ns_64ns_128_5_1_U252                                                        | 16   | yes    | res_mult      | mul | dsp    | 1       |
|      mul_64ns_64ns_128_5_1_U253                                                        | 16   | yes    | shift_high_12 | mul | dsp    | 1       |
|      mul_64ns_64ns_128_5_1_U254                                                        | 16   | yes    | p_low         | mul | dsp    | 1       |
|      add_ln115_fu_187_p2                                                               |      |        | add_ln115     | add | fabric | 0       |
|      sub_ln116_fu_202_p2                                                               |      |        | sub_ln116     | sub | fabric | 0       |
|      q_fu_284_p2                                                                       |      |        | q             | add | fabric | 0       |
|      mul_64s_64s_64_5_1_U255                                                           | 10   | yes    | q_times_mod   | mul | dsp    | 1       |
|      sub_64ns_64ns_64_3_1_U256                                                         |      | yes    | r_stg1        | sub | fabric | 0       |
|      sub_64ns_64s_64_3_1_U257                                                          |      | yes    | sub1          | sub | fabric | 0       |
|      sub_64ns_64s_64_3_1_U258                                                          |      | yes    | sub2          | sub | fabric | 0       |
|    + MultMod (grp_MultMod_fu_1703)                                                     | 58   |        |               |     |        |         |
|      mul_64ns_64ns_128_5_1_U252                                                        | 16   | yes    | res_mult      | mul | dsp    | 1       |
|      mul_64ns_64ns_128_5_1_U253                                                        | 16   | yes    | shift_high_12 | mul | dsp    | 1       |
|      mul_64ns_64ns_128_5_1_U254                                                        | 16   | yes    | p_low         | mul | dsp    | 1       |
|      add_ln115_fu_187_p2                                                               |      |        | add_ln115     | add | fabric | 0       |
|      sub_ln116_fu_202_p2                                                               |      |        | sub_ln116     | sub | fabric | 0       |
|      q_fu_284_p2                                                                       |      |        | q             | add | fabric | 0       |
|      mul_64s_64s_64_5_1_U255                                                           | 10   | yes    | q_times_mod   | mul | dsp    | 1       |
|      sub_64ns_64ns_64_3_1_U256                                                         |      | yes    | r_stg1        | sub | fabric | 0       |
|      sub_64ns_64s_64_3_1_U257                                                          |      | yes    | sub1          | sub | fabric | 0       |
|      sub_64ns_64s_64_3_1_U258                                                          |      | yes    | sub2          | sub | fabric | 0       |
|    + MultMod (grp_MultMod_fu_1712)                                                     | 58   |        |               |     |        |         |
|      mul_64ns_64ns_128_5_1_U252                                                        | 16   | yes    | res_mult      | mul | dsp    | 1       |
|      mul_64ns_64ns_128_5_1_U253                                                        | 16   | yes    | shift_high_12 | mul | dsp    | 1       |
|      mul_64ns_64ns_128_5_1_U254                                                        | 16   | yes    | p_low         | mul | dsp    | 1       |
|      add_ln115_fu_187_p2                                                               |      |        | add_ln115     | add | fabric | 0       |
|      sub_ln116_fu_202_p2                                                               |      |        | sub_ln116     | sub | fabric | 0       |
|      q_fu_284_p2                                                                       |      |        | q             | add | fabric | 0       |
|      mul_64s_64s_64_5_1_U255                                                           | 10   | yes    | q_times_mod   | mul | dsp    | 1       |
|      sub_64ns_64ns_64_3_1_U256                                                         |      | yes    | r_stg1        | sub | fabric | 0       |
|      sub_64ns_64s_64_3_1_U257                                                          |      | yes    | sub1          | sub | fabric | 0       |
|      sub_64ns_64s_64_3_1_U258                                                          |      | yes    | sub2          | sub | fabric | 0       |
|    + MultMod (grp_MultMod_fu_1721)                                                     | 58   |        |               |     |        |         |
|      mul_64ns_64ns_128_5_1_U252                                                        | 16   | yes    | res_mult      | mul | dsp    | 1       |
|      mul_64ns_64ns_128_5_1_U253                                                        | 16   | yes    | shift_high_12 | mul | dsp    | 1       |
|      mul_64ns_64ns_128_5_1_U254                                                        | 16   | yes    | p_low         | mul | dsp    | 1       |
|      add_ln115_fu_187_p2                                                               |      |        | add_ln115     | add | fabric | 0       |
|      sub_ln116_fu_202_p2                                                               |      |        | sub_ln116     | sub | fabric | 0       |
|      q_fu_284_p2                                                                       |      |        | q             | add | fabric | 0       |
|      mul_64s_64s_64_5_1_U255                                                           | 10   | yes    | q_times_mod   | mul | dsp    | 1       |
|      sub_64ns_64ns_64_3_1_U256                                                         |      | yes    | r_stg1        | sub | fabric | 0       |
|      sub_64ns_64s_64_3_1_U257                                                          |      | yes    | sub1          | sub | fabric | 0       |
|      sub_64ns_64s_64_3_1_U258                                                          |      | yes    | sub2          | sub | fabric | 0       |
|    + MultMod (grp_MultMod_fu_1730)                                                     | 58   |        |               |     |        |         |
|      mul_64ns_64ns_128_5_1_U252                                                        | 16   | yes    | res_mult      | mul | dsp    | 1       |
|      mul_64ns_64ns_128_5_1_U253                                                        | 16   | yes    | shift_high_12 | mul | dsp    | 1       |
|      mul_64ns_64ns_128_5_1_U254                                                        | 16   | yes    | p_low         | mul | dsp    | 1       |
|      add_ln115_fu_187_p2                                                               |      |        | add_ln115     | add | fabric | 0       |
|      sub_ln116_fu_202_p2                                                               |      |        | sub_ln116     | sub | fabric | 0       |
|      q_fu_284_p2                                                                       |      |        | q             | add | fabric | 0       |
|      mul_64s_64s_64_5_1_U255                                                           | 10   | yes    | q_times_mod   | mul | dsp    | 1       |
|      sub_64ns_64ns_64_3_1_U256                                                         |      | yes    | r_stg1        | sub | fabric | 0       |
|      sub_64ns_64s_64_3_1_U257                                                          |      | yes    | sub1          | sub | fabric | 0       |
|      sub_64ns_64s_64_3_1_U258                                                          |      | yes    | sub2          | sub | fabric | 0       |
|  + Compute_Mult                                                                        | 0    |        |               |     |        |         |
|    add_fu_339_p2                                                                       |      |        | add           | add | fabric | 0       |
|    sub_ln19_fu_367_p2                                                                  |      |        | sub_ln19      | sub | fabric | 0       |
|   + Compute_Mult_Pipeline_Limb_Loop_Row_Loop_Col_Loop                                  | 0    |        |               |     |        |         |
|     add_ln19_1_fu_1360_p2                                                              |      |        | add_ln19_1    | add | fabric | 0       |
|     add_ln19_fu_1372_p2                                                                |      |        | add_ln19      | add | fabric | 0       |
|     add_ln24_fu_1464_p2                                                                |      |        | add_ln24      | add | fabric | 0       |
|     add_ln30_fu_1515_p2                                                                |      |        | add_ln30      | add | fabric | 0       |
|     add_ln26_fu_1553_p2                                                                |      |        | add_ln26      | add | fabric | 0       |
|     add_ln24_1_fu_1396_p2                                                              |      |        | add_ln24_1    | add | fabric | 0       |
|    + MultMod_1 (grp_MultMod_1_fu_1267)                                                 | 58   |        |               |     |        |         |
|      mul_64ns_64ns_128_5_1_U673                                                        | 16   | yes    | res_mult      | mul | dsp    | 1       |
|      mul_64ns_64ns_128_5_1_U674                                                        | 16   | yes    | shift_high_8  | mul | dsp    | 1       |
|      mul_64ns_64ns_128_5_1_U675                                                        | 16   | yes    | p_low         | mul | dsp    | 1       |
|      add_ln115_fu_187_p2                                                               |      |        | add_ln115     | add | fabric | 0       |
|      sub_ln116_fu_202_p2                                                               |      |        | sub_ln116     | sub | fabric | 0       |
|      q_fu_284_p2                                                                       |      |        | q             | add | fabric | 0       |
|      mul_64s_64s_64_5_1_U676                                                           | 10   | yes    | q_times_mod   | mul | dsp    | 1       |
|      sub_64ns_64ns_64_3_1_U677                                                         |      | yes    | r_stg1        | sub | fabric | 0       |
|      sub_64ns_64s_64_3_1_U678                                                          |      | yes    | sub1          | sub | fabric | 0       |
|      sub_64ns_64s_64_3_1_U679                                                          |      | yes    | sub2          | sub | fabric | 0       |
|    + MultMod_1 (grp_MultMod_1_fu_1280)                                                 | 58   |        |               |     |        |         |
|      mul_64ns_64ns_128_5_1_U673                                                        | 16   | yes    | res_mult      | mul | dsp    | 1       |
|      mul_64ns_64ns_128_5_1_U674                                                        | 16   | yes    | shift_high_8  | mul | dsp    | 1       |
|      mul_64ns_64ns_128_5_1_U675                                                        | 16   | yes    | p_low         | mul | dsp    | 1       |
|      add_ln115_fu_187_p2                                                               |      |        | add_ln115     | add | fabric | 0       |
|      sub_ln116_fu_202_p2                                                               |      |        | sub_ln116     | sub | fabric | 0       |
|      q_fu_284_p2                                                                       |      |        | q             | add | fabric | 0       |
|      mul_64s_64s_64_5_1_U676                                                           | 10   | yes    | q_times_mod   | mul | dsp    | 1       |
|      sub_64ns_64ns_64_3_1_U677                                                         |      | yes    | r_stg1        | sub | fabric | 0       |
|      sub_64ns_64s_64_3_1_U678                                                          |      | yes    | sub1          | sub | fabric | 0       |
|      sub_64ns_64s_64_3_1_U679                                                          |      | yes    | sub2          | sub | fabric | 0       |
|    + MultMod_1 (grp_MultMod_1_fu_1293)                                                 | 58   |        |               |     |        |         |
|      mul_64ns_64ns_128_5_1_U673                                                        | 16   | yes    | res_mult      | mul | dsp    | 1       |
|      mul_64ns_64ns_128_5_1_U674                                                        | 16   | yes    | shift_high_8  | mul | dsp    | 1       |
|      mul_64ns_64ns_128_5_1_U675                                                        | 16   | yes    | p_low         | mul | dsp    | 1       |
|      add_ln115_fu_187_p2                                                               |      |        | add_ln115     | add | fabric | 0       |
|      sub_ln116_fu_202_p2                                                               |      |        | sub_ln116     | sub | fabric | 0       |
|      q_fu_284_p2                                                                       |      |        | q             | add | fabric | 0       |
|      mul_64s_64s_64_5_1_U676                                                           | 10   | yes    | q_times_mod   | mul | dsp    | 1       |
|      sub_64ns_64ns_64_3_1_U677                                                         |      | yes    | r_stg1        | sub | fabric | 0       |
|      sub_64ns_64s_64_3_1_U678                                                          |      | yes    | sub1          | sub | fabric | 0       |
|      sub_64ns_64s_64_3_1_U679                                                          |      | yes    | sub2          | sub | fabric | 0       |
|    + MultMod_1 (grp_MultMod_1_fu_1306)                                                 | 58   |        |               |     |        |         |
|      mul_64ns_64ns_128_5_1_U673                                                        | 16   | yes    | res_mult      | mul | dsp    | 1       |
|      mul_64ns_64ns_128_5_1_U674                                                        | 16   | yes    | shift_high_8  | mul | dsp    | 1       |
|      mul_64ns_64ns_128_5_1_U675                                                        | 16   | yes    | p_low         | mul | dsp    | 1       |
|      add_ln115_fu_187_p2                                                               |      |        | add_ln115     | add | fabric | 0       |
|      sub_ln116_fu_202_p2                                                               |      |        | sub_ln116     | sub | fabric | 0       |
|      q_fu_284_p2                                                                       |      |        | q             | add | fabric | 0       |
|      mul_64s_64s_64_5_1_U676                                                           | 10   | yes    | q_times_mod   | mul | dsp    | 1       |
|      sub_64ns_64ns_64_3_1_U677                                                         |      | yes    | r_stg1        | sub | fabric | 0       |
|      sub_64ns_64s_64_3_1_U678                                                          |      | yes    | sub1          | sub | fabric | 0       |
|      sub_64ns_64s_64_3_1_U679                                                          |      | yes    | sub2          | sub | fabric | 0       |
|  + Top_Pipeline_Limb_Loop_Row_Loop_Col_Loop2                                           | 0    |        |               |     |        |         |
|    add_ln22_1_fu_1290_p2                                                               |      |        | add_ln22_1    | add | fabric | 0       |
|    add_ln22_fu_1302_p2                                                                 |      |        | add_ln22      | add | fabric | 0       |
|    add_ln25_fu_1394_p2                                                                 |      |        | add_ln25      | add | fabric | 0       |
|    add_ln32_fu_1445_p2                                                                 |      |        | add_ln32      | add | fabric | 0       |
|    sub_64ns_64ns_64_2_1_U872                                                           |      | yes    | diff          | sub | fabric | 0       |
|    sub_64ns_64ns_64_2_1_U879                                                           |      | yes    | diff_4        | sub | fabric | 0       |
|    sub_64ns_64ns_64_2_1_U880                                                           |      | yes    | diff_5        | sub | fabric | 0       |
|    sub_64ns_64ns_64_2_1_U881                                                           |      | yes    | diff_3        | sub | fabric | 0       |
|    add_ln27_fu_1559_p2                                                                 |      |        | add_ln27      | add | fabric | 0       |
|    add_ln25_1_fu_1326_p2                                                               |      |        | add_ln25_1    | add | fabric | 0       |
|  + Top_Pipeline_Limb_Loop_Row_Loop_Col_Loop                                            | 0    |        |               |     |        |         |
|    add_ln20_1_fu_1290_p2                                                               |      |        | add_ln20_1    | add | fabric | 0       |
|    add_ln20_fu_1302_p2                                                                 |      |        | add_ln20      | add | fabric | 0       |
|    add_ln23_fu_1394_p2                                                                 |      |        | add_ln23      | add | fabric | 0       |
|    add_ln30_fu_1445_p2                                                                 |      |        | add_ln30      | add | fabric | 0       |
|    add_64ns_64ns_64_2_1_U960                                                           |      | yes    | sum           | add | fabric | 0       |
|    sub_fu_1939_p2                                                                      |      |        | sub           | sub | fabric | 0       |
|    add_64ns_64ns_64_2_1_U967                                                           |      | yes    | sum_4         | add | fabric | 0       |
|    sub_4_fu_1965_p2                                                                    |      |        | sub_4         | sub | fabric | 0       |
|    add_64ns_64ns_64_2_1_U968                                                           |      | yes    | sum_5         | add | fabric | 0       |
|    sub_5_fu_1991_p2                                                                    |      |        | sub_5         | sub | fabric | 0       |
|    add_64ns_64ns_64_2_1_U969                                                           |      | yes    | sum_3         | add | fabric | 0       |
|    sub_3_fu_2017_p2                                                                    |      |        | sub_3         | sub | fabric | 0       |
|    add_ln25_fu_1559_p2                                                                 |      |        | add_ln25      | add | fabric | 0       |
|    add_ln23_1_fu_1326_p2                                                               |      |        | add_ln23_1    | add | fabric | 0       |
|  + Store_40_43_1                                                                       | 0    |        |               |     |        |         |
|    add_fu_325_p2                                                                       |      |        | add           | add | fabric | 0       |
|    add_ln46_fu_357_p2                                                                  |      |        | add_ln46      | add | fabric | 0       |
|    l_3_fu_364_p2                                                                       |      |        | l_3           | add | fabric | 0       |
|   + Store_Tower                                                                        | 0    |        |               |     |        |         |
|     add_ln18_fu_361_p2                                                                 |      |        | add_ln18      | add | fabric | 0       |
|    + Store_Tower_Pipeline_STORE_COEFF                                                  | 0    |        |               |     |        |         |
|      add_ln18_fu_1174_p2                                                               |      |        | add_ln18      | add | fabric | 0       |
|  + Store_26_29_1 (grp_Store_26_29_1_fu_1794)                                           | 0    |        |               |     |        |         |
|    add_fu_89_p2                                                                        |      |        | add           | add | fabric | 0       |
|    sub_ln46_fu_117_p2                                                                  |      |        | sub_ln46      | sub | fabric | 0       |
|    l_5_fu_123_p2                                                                       |      |        | l_5           | add | fabric | 0       |
|   + Store_Tower_2 (grp_Store_Tower_2_fu_68)                                            | 0    |        |               |     |        |         |
|     add_ln18_fu_121_p2                                                                 |      |        | add_ln18      | add | fabric | 0       |
|    + Store_Tower_2_Pipeline_STORE_COEFF (grp_Store_Tower_2_Pipeline_STORE_COEFF_fu_92) | 0    |        |               |     |        |         |
|      add_ln18_fu_200_p2                                                                |      |        | add_ln18      | add | fabric | 0       |
|  + Load_Init_Params                                                                    | 0    |        |               |     |        |         |
|    add_ln74_fu_598_p2                                                                  |      |        | add_ln74      | add | fabric | 0       |
|    add_ln79_fu_628_p2                                                                  |      |        | add_ln79      | add | fabric | 0       |
|   + Load_Init_Params_Pipeline_init_Q_MOD                                               | 0    |        |               |     |        |         |
|     add_ln54_fu_111_p2                                                                 |      |        | add_ln54      | add | fabric | 0       |
|     add_ln56_fu_129_p2                                                                 |      |        | add_ln56      | add | fabric | 0       |
|   + Load_Init_Params_Pipeline_init_Q_S                                                 | 0    |        |               |     |        |         |
|     add_ln59_fu_113_p2                                                                 |      |        | add_ln59      | add | fabric | 0       |
|     add_ln61_1_fu_131_p2                                                               |      |        | add_ln61_1    | add | fabric | 0       |
|     add_ln61_fu_141_p2                                                                 |      |        | add_ln61      | add | fabric | 0       |
|   + Load_Init_Params_Pipeline_init_Q_M                                                 | 0    |        |               |     |        |         |
|     add_ln64_fu_113_p2                                                                 |      |        | add_ln64      | add | fabric | 0       |
|     add_ln66_1_fu_131_p2                                                               |      |        | add_ln66_1    | add | fabric | 0       |
|     add_ln66_fu_141_p2                                                                 |      |        | add_ln66      | add | fabric | 0       |
|   + Load_Init_Params_Pipeline_init_P_MOD                                               | 0    |        |               |     |        |         |
|     add_ln69_fu_84_p2                                                                  |      |        | add_ln69      | add | fabric | 0       |
|     add_ln71_fu_116_p2                                                                 |      |        | add_ln71      | add | fabric | 0       |
|   + Load_Init_Params_Pipeline_init_P_S                                                 | 0    |        |               |     |        |         |
|     add_ln74_fu_84_p2                                                                  |      |        | add_ln74      | add | fabric | 0       |
|     add_ln76_fu_116_p2                                                                 |      |        | add_ln76      | add | fabric | 0       |
|   + Load_Init_Params_Pipeline_init_P_M                                                 | 0    |        |               |     |        |         |
|     add_ln79_fu_84_p2                                                                  |      |        | add_ln79      | add | fabric | 0       |
|     add_ln81_fu_116_p2                                                                 |      |        | add_ln81      | add | fabric | 0       |
|   + Load_Init_Params_Pipeline_init_NTTTwiddle_Loop_VITIS_LOOP_92_1_VITIS_LOOP_93_2     | 0    |        |               |     |        |         |
|     add_ln91_1_fu_1127_p2                                                              |      |        | add_ln91_1    | add | fabric | 0       |
|     add_ln91_fu_1142_p2                                                                |      |        | add_ln91      | add | fabric | 0       |
|     add_ln92_fu_1192_p2                                                                |      |        | add_ln92      | add | fabric | 0       |
|     sub_ln91_fu_1244_p2                                                                |      |        | sub_ln91      | sub | fabric | 0       |
|     add_ln96_1_fu_1298_p2                                                              |      |        | add_ln96_1    | add | fabric | 0       |
|     add_ln96_2_fu_1316_p2                                                              |      |        | add_ln96_2    | add | fabric | 0       |
|     add_ln96_fu_1326_p2                                                                |      |        | add_ln96      | add | fabric | 0       |
|     add_ln93_fu_1345_p2                                                                |      |        | add_ln93      | add | fabric | 0       |
|     add_ln92_1_fu_1351_p2                                                              |      |        | add_ln92_1    | add | fabric | 0       |
|   + Load_Init_Params_Pipeline_init_INTTTwiddle_Loop_VITIS_LOOP_102_3_VITIS_LOOP_103_s  | 0    |        |               |     |        |         |
|     add_ln101_1_fu_1159_p2                                                             |      |        | add_ln101_1   | add | fabric | 0       |
|     add_ln101_fu_1174_p2                                                               |      |        | add_ln101     | add | fabric | 0       |
|     add_ln102_fu_1224_p2                                                               |      |        | add_ln102     | add | fabric | 0       |
|     sub_ln101_fu_1276_p2                                                               |      |        | sub_ln101     | sub | fabric | 0       |
|     add_ln103_fu_1316_p2                                                               |      |        | add_ln103     | add | fabric | 0       |
|     add_ln106_1_fu_1344_p2                                                             |      |        | add_ln106_1   | add | fabric | 0       |
|     add_ln106_fu_1372_p2                                                               |      |        | add_ln106     | add | fabric | 0       |
|     add_ln103_1_fu_1391_p2                                                             |      |        | add_ln103_1   | add | fabric | 0       |
|     add_ln102_1_fu_1397_p2                                                             |      |        | add_ln102_1   | add | fabric | 0       |
+----------------------------------------------------------------------------------------+------+--------+---------------+-----+--------+---------+


================================================================
== Storage Report
================================================================
+----------------------------------+---------------+-----------+------+------+--------+------------------------------+------+---------+------------------+
| Name                             | Usage         | Type      | BRAM | URAM | Pragma | Variable                     | Impl | Latency | Bitwidth, Depth, |
|                                  |               |           |      |      |        |                              |      |         | Banks            |
+----------------------------------+---------------+-----------+------+------+--------+------------------------------+------+---------+------------------+
| + Top                            |               |           | 440  | 96   |        |                              |      |         |                  |
|   control_s_axi_U                | interface     | s_axilite |      |      |        |                              |      |         |                  |
|   gmem0_m_axi_U                  | interface     | m_axi     | 16   |      |        |                              |      |         |                  |
|   gmem1_m_axi_U                  | interface     | m_axi     | 16   |      |        |                              |      |         |                  |
|   gmem2_m_axi_U                  | interface     | m_axi     | 16   |      |        |                              |      |         |                  |
|   MODULUS_U                      | ram_1p        |           |      |      |        | MODULUS                      | auto | 1       | 64, 8, 1         |
|   S_U                            | ram_1p        |           |      |      |        | S                            | auto | 1       | 64, 8, 1         |
|   M_U                            | ram_1p        |           |      |      |        | M                            | auto | 1       | 64, 8, 1         |
|   p_ZL13poly_buffer_2_0_U        | ram_2p        |           | 29   |      | pragma | p_ZL13poly_buffer_2_0        | bram | 1       | 64, 8192, 1      |
|   p_ZL13poly_buffer_2_1_U        | ram_2p        |           | 29   |      | pragma | p_ZL13poly_buffer_2_1        | bram | 1       | 64, 8192, 1      |
|   p_ZL13poly_buffer_2_2_U        | ram_2p        |           | 29   |      | pragma | p_ZL13poly_buffer_2_2        | bram | 1       | 64, 8192, 1      |
|   p_ZL13poly_buffer_2_3_U        | ram_2p        |           | 29   |      | pragma | p_ZL13poly_buffer_2_3        | bram | 1       | 64, 8192, 1      |
|   p_ZL13result_buffer_0_U        | ram_2p        |           | 29   |      | pragma | p_ZL13result_buffer_0        | bram | 1       | 64, 8192, 1      |
|   p_ZL13result_buffer_1_U        | ram_2p        |           | 29   |      | pragma | p_ZL13result_buffer_1        | bram | 1       | 64, 8192, 1      |
|   p_ZL13result_buffer_2_U        | ram_2p        |           | 29   |      | pragma | p_ZL13result_buffer_2        | bram | 1       | 64, 8192, 1      |
|   p_ZL13result_buffer_3_U        | ram_2p        |           | 29   |      | pragma | p_ZL13result_buffer_3        | bram | 1       | 64, 8192, 1      |
|   p_ZL13poly_buffer_1_0_0_U      | ram_2p        |           | 2    |      | pragma | p_ZL13poly_buffer_1_0_0      | bram | 1       | 64, 512, 1       |
|   p_ZL13poly_buffer_1_0_1_U      | ram_2p        |           | 2    |      | pragma | p_ZL13poly_buffer_1_0_1      | bram | 1       | 64, 512, 1       |
|   p_ZL13poly_buffer_1_0_2_U      | ram_2p        |           | 2    |      | pragma | p_ZL13poly_buffer_1_0_2      | bram | 1       | 64, 512, 1       |
|   p_ZL13poly_buffer_1_0_3_U      | ram_2p        |           | 2    |      | pragma | p_ZL13poly_buffer_1_0_3      | bram | 1       | 64, 512, 1       |
|   p_ZL13poly_buffer_1_0_4_U      | ram_2p        |           | 2    |      | pragma | p_ZL13poly_buffer_1_0_4      | bram | 1       | 64, 512, 1       |
|   p_ZL13poly_buffer_1_0_5_U      | ram_2p        |           | 2    |      | pragma | p_ZL13poly_buffer_1_0_5      | bram | 1       | 64, 512, 1       |
|   p_ZL13poly_buffer_1_0_6_U      | ram_2p        |           | 2    |      | pragma | p_ZL13poly_buffer_1_0_6      | bram | 1       | 64, 512, 1       |
|   p_ZL13poly_buffer_1_0_7_U      | ram_2p        |           | 2    |      | pragma | p_ZL13poly_buffer_1_0_7      | bram | 1       | 64, 512, 1       |
|   p_ZL13poly_buffer_1_1_0_U      | ram_2p        |           | 2    |      | pragma | p_ZL13poly_buffer_1_1_0      | bram | 1       | 64, 512, 1       |
|   p_ZL13poly_buffer_1_1_1_U      | ram_2p        |           | 2    |      | pragma | p_ZL13poly_buffer_1_1_1      | bram | 1       | 64, 512, 1       |
|   p_ZL13poly_buffer_1_1_2_U      | ram_2p        |           | 2    |      | pragma | p_ZL13poly_buffer_1_1_2      | bram | 1       | 64, 512, 1       |
|   p_ZL13poly_buffer_1_1_3_U      | ram_2p        |           | 2    |      | pragma | p_ZL13poly_buffer_1_1_3      | bram | 1       | 64, 512, 1       |
|   p_ZL13poly_buffer_1_1_4_U      | ram_2p        |           | 2    |      | pragma | p_ZL13poly_buffer_1_1_4      | bram | 1       | 64, 512, 1       |
|   p_ZL13poly_buffer_1_1_5_U      | ram_2p        |           | 2    |      | pragma | p_ZL13poly_buffer_1_1_5      | bram | 1       | 64, 512, 1       |
|   p_ZL13poly_buffer_1_1_6_U      | ram_2p        |           | 2    |      | pragma | p_ZL13poly_buffer_1_1_6      | bram | 1       | 64, 512, 1       |
|   p_ZL13poly_buffer_1_1_7_U      | ram_2p        |           | 2    |      | pragma | p_ZL13poly_buffer_1_1_7      | bram | 1       | 64, 512, 1       |
|   p_ZL13poly_buffer_1_2_0_U      | ram_2p        |           | 2    |      | pragma | p_ZL13poly_buffer_1_2_0      | bram | 1       | 64, 512, 1       |
|   p_ZL13poly_buffer_1_2_1_U      | ram_2p        |           | 2    |      | pragma | p_ZL13poly_buffer_1_2_1      | bram | 1       | 64, 512, 1       |
|   p_ZL13poly_buffer_1_2_2_U      | ram_2p        |           | 2    |      | pragma | p_ZL13poly_buffer_1_2_2      | bram | 1       | 64, 512, 1       |
|   p_ZL13poly_buffer_1_2_3_U      | ram_2p        |           | 2    |      | pragma | p_ZL13poly_buffer_1_2_3      | bram | 1       | 64, 512, 1       |
|   p_ZL13poly_buffer_1_2_4_U      | ram_2p        |           | 2    |      | pragma | p_ZL13poly_buffer_1_2_4      | bram | 1       | 64, 512, 1       |
|   p_ZL13poly_buffer_1_2_5_U      | ram_2p        |           | 2    |      | pragma | p_ZL13poly_buffer_1_2_5      | bram | 1       | 64, 512, 1       |
|   p_ZL13poly_buffer_1_2_6_U      | ram_2p        |           | 2    |      | pragma | p_ZL13poly_buffer_1_2_6      | bram | 1       | 64, 512, 1       |
|   p_ZL13poly_buffer_1_2_7_U      | ram_2p        |           | 2    |      | pragma | p_ZL13poly_buffer_1_2_7      | bram | 1       | 64, 512, 1       |
|   p_ZL13poly_buffer_1_3_0_U      | ram_2p        |           | 2    |      | pragma | p_ZL13poly_buffer_1_3_0      | bram | 1       | 64, 512, 1       |
|   p_ZL13poly_buffer_1_3_1_U      | ram_2p        |           | 2    |      | pragma | p_ZL13poly_buffer_1_3_1      | bram | 1       | 64, 512, 1       |
|   p_ZL13poly_buffer_1_3_2_U      | ram_2p        |           | 2    |      | pragma | p_ZL13poly_buffer_1_3_2      | bram | 1       | 64, 512, 1       |
|   p_ZL13poly_buffer_1_3_3_U      | ram_2p        |           | 2    |      | pragma | p_ZL13poly_buffer_1_3_3      | bram | 1       | 64, 512, 1       |
|   p_ZL13poly_buffer_1_3_4_U      | ram_2p        |           | 2    |      | pragma | p_ZL13poly_buffer_1_3_4      | bram | 1       | 64, 512, 1       |
|   p_ZL13poly_buffer_1_3_5_U      | ram_2p        |           | 2    |      | pragma | p_ZL13poly_buffer_1_3_5      | bram | 1       | 64, 512, 1       |
|   p_ZL13poly_buffer_1_3_6_U      | ram_2p        |           | 2    |      | pragma | p_ZL13poly_buffer_1_3_6      | bram | 1       | 64, 512, 1       |
|   p_ZL13poly_buffer_1_3_7_U      | ram_2p        |           | 2    |      | pragma | p_ZL13poly_buffer_1_3_7      | bram | 1       | 64, 512, 1       |
|   p_ZL13poly_buffer_1_4_0_U      | ram_2p        |           | 2    |      | pragma | p_ZL13poly_buffer_1_4_0      | bram | 1       | 64, 512, 1       |
|   p_ZL13poly_buffer_1_4_1_U      | ram_2p        |           | 2    |      | pragma | p_ZL13poly_buffer_1_4_1      | bram | 1       | 64, 512, 1       |
|   p_ZL13poly_buffer_1_4_2_U      | ram_2p        |           | 2    |      | pragma | p_ZL13poly_buffer_1_4_2      | bram | 1       | 64, 512, 1       |
|   p_ZL13poly_buffer_1_4_3_U      | ram_2p        |           | 2    |      | pragma | p_ZL13poly_buffer_1_4_3      | bram | 1       | 64, 512, 1       |
|   p_ZL13poly_buffer_1_4_4_U      | ram_2p        |           | 2    |      | pragma | p_ZL13poly_buffer_1_4_4      | bram | 1       | 64, 512, 1       |
|   p_ZL13poly_buffer_1_4_5_U      | ram_2p        |           | 2    |      | pragma | p_ZL13poly_buffer_1_4_5      | bram | 1       | 64, 512, 1       |
|   p_ZL13poly_buffer_1_4_6_U      | ram_2p        |           | 2    |      | pragma | p_ZL13poly_buffer_1_4_6      | bram | 1       | 64, 512, 1       |
|   p_ZL13poly_buffer_1_4_7_U      | ram_2p        |           | 2    |      | pragma | p_ZL13poly_buffer_1_4_7      | bram | 1       | 64, 512, 1       |
|   p_ZL13poly_buffer_1_5_0_U      | ram_2p        |           | 2    |      | pragma | p_ZL13poly_buffer_1_5_0      | bram | 1       | 64, 512, 1       |
|   p_ZL13poly_buffer_1_5_1_U      | ram_2p        |           | 2    |      | pragma | p_ZL13poly_buffer_1_5_1      | bram | 1       | 64, 512, 1       |
|   p_ZL13poly_buffer_1_5_2_U      | ram_2p        |           | 2    |      | pragma | p_ZL13poly_buffer_1_5_2      | bram | 1       | 64, 512, 1       |
|   p_ZL13poly_buffer_1_5_3_U      | ram_2p        |           | 2    |      | pragma | p_ZL13poly_buffer_1_5_3      | bram | 1       | 64, 512, 1       |
|   p_ZL13poly_buffer_1_5_4_U      | ram_2p        |           | 2    |      | pragma | p_ZL13poly_buffer_1_5_4      | bram | 1       | 64, 512, 1       |
|   p_ZL13poly_buffer_1_5_5_U      | ram_2p        |           | 2    |      | pragma | p_ZL13poly_buffer_1_5_5      | bram | 1       | 64, 512, 1       |
|   p_ZL13poly_buffer_1_5_6_U      | ram_2p        |           | 2    |      | pragma | p_ZL13poly_buffer_1_5_6      | bram | 1       | 64, 512, 1       |
|   p_ZL13poly_buffer_1_5_7_U      | ram_2p        |           | 2    |      | pragma | p_ZL13poly_buffer_1_5_7      | bram | 1       | 64, 512, 1       |
|   p_ZL13poly_buffer_1_6_0_U      | ram_2p        |           | 2    |      | pragma | p_ZL13poly_buffer_1_6_0      | bram | 1       | 64, 512, 1       |
|   p_ZL13poly_buffer_1_6_1_U      | ram_2p        |           | 2    |      | pragma | p_ZL13poly_buffer_1_6_1      | bram | 1       | 64, 512, 1       |
|   p_ZL13poly_buffer_1_6_2_U      | ram_2p        |           | 2    |      | pragma | p_ZL13poly_buffer_1_6_2      | bram | 1       | 64, 512, 1       |
|   p_ZL13poly_buffer_1_6_3_U      | ram_2p        |           | 2    |      | pragma | p_ZL13poly_buffer_1_6_3      | bram | 1       | 64, 512, 1       |
|   p_ZL13poly_buffer_1_6_4_U      | ram_2p        |           | 2    |      | pragma | p_ZL13poly_buffer_1_6_4      | bram | 1       | 64, 512, 1       |
|   p_ZL13poly_buffer_1_6_5_U      | ram_2p        |           | 2    |      | pragma | p_ZL13poly_buffer_1_6_5      | bram | 1       | 64, 512, 1       |
|   p_ZL13poly_buffer_1_6_6_U      | ram_2p        |           | 2    |      | pragma | p_ZL13poly_buffer_1_6_6      | bram | 1       | 64, 512, 1       |
|   p_ZL13poly_buffer_1_6_7_U      | ram_2p        |           | 2    |      | pragma | p_ZL13poly_buffer_1_6_7      | bram | 1       | 64, 512, 1       |
|   p_ZL13poly_buffer_1_7_0_U      | ram_2p        |           | 2    |      | pragma | p_ZL13poly_buffer_1_7_0      | bram | 1       | 64, 512, 1       |
|   p_ZL13poly_buffer_1_7_1_U      | ram_2p        |           | 2    |      | pragma | p_ZL13poly_buffer_1_7_1      | bram | 1       | 64, 512, 1       |
|   p_ZL13poly_buffer_1_7_2_U      | ram_2p        |           | 2    |      | pragma | p_ZL13poly_buffer_1_7_2      | bram | 1       | 64, 512, 1       |
|   p_ZL13poly_buffer_1_7_3_U      | ram_2p        |           | 2    |      | pragma | p_ZL13poly_buffer_1_7_3      | bram | 1       | 64, 512, 1       |
|   p_ZL13poly_buffer_1_7_4_U      | ram_2p        |           | 2    |      | pragma | p_ZL13poly_buffer_1_7_4      | bram | 1       | 64, 512, 1       |
|   p_ZL13poly_buffer_1_7_5_U      | ram_2p        |           | 2    |      | pragma | p_ZL13poly_buffer_1_7_5      | bram | 1       | 64, 512, 1       |
|   p_ZL13poly_buffer_1_7_6_U      | ram_2p        |           | 2    |      | pragma | p_ZL13poly_buffer_1_7_6      | bram | 1       | 64, 512, 1       |
|   p_ZL13poly_buffer_1_7_7_U      | ram_2p        |           | 2    |      | pragma | p_ZL13poly_buffer_1_7_7      | bram | 1       | 64, 512, 1       |
|   p_ZL16NTTTwiddleFactor_0_0_U   | ram_2p        |           |      | 1    | pragma | p_ZL16NTTTwiddleFactor_0_0   | uram | 1       | 64, 4096, 1      |
|   p_ZL16NTTTwiddleFactor_0_1_U   | ram_2p        |           |      | 1    | pragma | p_ZL16NTTTwiddleFactor_0_1   | uram | 1       | 64, 4096, 1      |
|   p_ZL16NTTTwiddleFactor_0_2_U   | ram_2p        |           |      | 1    | pragma | p_ZL16NTTTwiddleFactor_0_2   | uram | 1       | 64, 4096, 1      |
|   p_ZL16NTTTwiddleFactor_0_3_U   | ram_2p        |           |      | 1    | pragma | p_ZL16NTTTwiddleFactor_0_3   | uram | 1       | 64, 4096, 1      |
|   p_ZL16NTTTwiddleFactor_1_0_U   | ram_2p        |           |      | 1    | pragma | p_ZL16NTTTwiddleFactor_1_0   | uram | 1       | 64, 4096, 1      |
|   p_ZL16NTTTwiddleFactor_1_1_U   | ram_2p        |           |      | 1    | pragma | p_ZL16NTTTwiddleFactor_1_1   | uram | 1       | 64, 4096, 1      |
|   p_ZL16NTTTwiddleFactor_1_2_U   | ram_2p        |           |      | 1    | pragma | p_ZL16NTTTwiddleFactor_1_2   | uram | 1       | 64, 4096, 1      |
|   p_ZL16NTTTwiddleFactor_1_3_U   | ram_2p        |           |      | 1    | pragma | p_ZL16NTTTwiddleFactor_1_3   | uram | 1       | 64, 4096, 1      |
|   p_ZL16NTTTwiddleFactor_2_0_U   | ram_2p        |           |      | 1    | pragma | p_ZL16NTTTwiddleFactor_2_0   | uram | 1       | 64, 4096, 1      |
|   p_ZL16NTTTwiddleFactor_2_1_U   | ram_2p        |           |      | 1    | pragma | p_ZL16NTTTwiddleFactor_2_1   | uram | 1       | 64, 4096, 1      |
|   p_ZL16NTTTwiddleFactor_2_2_U   | ram_2p        |           |      | 1    | pragma | p_ZL16NTTTwiddleFactor_2_2   | uram | 1       | 64, 4096, 1      |
|   p_ZL16NTTTwiddleFactor_2_3_U   | ram_2p        |           |      | 1    | pragma | p_ZL16NTTTwiddleFactor_2_3   | uram | 1       | 64, 4096, 1      |
|   p_ZL16NTTTwiddleFactor_3_0_U   | ram_2p        |           |      | 1    | pragma | p_ZL16NTTTwiddleFactor_3_0   | uram | 1       | 64, 4096, 1      |
|   p_ZL16NTTTwiddleFactor_3_1_U   | ram_2p        |           |      | 1    | pragma | p_ZL16NTTTwiddleFactor_3_1   | uram | 1       | 64, 4096, 1      |
|   p_ZL16NTTTwiddleFactor_3_2_U   | ram_2p        |           |      | 1    | pragma | p_ZL16NTTTwiddleFactor_3_2   | uram | 1       | 64, 4096, 1      |
|   p_ZL16NTTTwiddleFactor_3_3_U   | ram_2p        |           |      | 1    | pragma | p_ZL16NTTTwiddleFactor_3_3   | uram | 1       | 64, 4096, 1      |
|   p_ZL16NTTTwiddleFactor_4_0_U   | ram_2p        |           |      | 1    | pragma | p_ZL16NTTTwiddleFactor_4_0   | uram | 1       | 64, 4096, 1      |
|   p_ZL16NTTTwiddleFactor_4_1_U   | ram_2p        |           |      | 1    | pragma | p_ZL16NTTTwiddleFactor_4_1   | uram | 1       | 64, 4096, 1      |
|   p_ZL16NTTTwiddleFactor_4_2_U   | ram_2p        |           |      | 1    | pragma | p_ZL16NTTTwiddleFactor_4_2   | uram | 1       | 64, 4096, 1      |
|   p_ZL16NTTTwiddleFactor_4_3_U   | ram_2p        |           |      | 1    | pragma | p_ZL16NTTTwiddleFactor_4_3   | uram | 1       | 64, 4096, 1      |
|   p_ZL16NTTTwiddleFactor_5_0_U   | ram_2p        |           |      | 1    | pragma | p_ZL16NTTTwiddleFactor_5_0   | uram | 1       | 64, 4096, 1      |
|   p_ZL16NTTTwiddleFactor_5_1_U   | ram_2p        |           |      | 1    | pragma | p_ZL16NTTTwiddleFactor_5_1   | uram | 1       | 64, 4096, 1      |
|   p_ZL16NTTTwiddleFactor_5_2_U   | ram_2p        |           |      | 1    | pragma | p_ZL16NTTTwiddleFactor_5_2   | uram | 1       | 64, 4096, 1      |
|   p_ZL16NTTTwiddleFactor_5_3_U   | ram_2p        |           |      | 1    | pragma | p_ZL16NTTTwiddleFactor_5_3   | uram | 1       | 64, 4096, 1      |
|   p_ZL16NTTTwiddleFactor_6_0_U   | ram_2p        |           |      | 1    | pragma | p_ZL16NTTTwiddleFactor_6_0   | uram | 1       | 64, 4096, 1      |
|   p_ZL16NTTTwiddleFactor_6_1_U   | ram_2p        |           |      | 1    | pragma | p_ZL16NTTTwiddleFactor_6_1   | uram | 1       | 64, 4096, 1      |
|   p_ZL16NTTTwiddleFactor_6_2_U   | ram_2p        |           |      | 1    | pragma | p_ZL16NTTTwiddleFactor_6_2   | uram | 1       | 64, 4096, 1      |
|   p_ZL16NTTTwiddleFactor_6_3_U   | ram_2p        |           |      | 1    | pragma | p_ZL16NTTTwiddleFactor_6_3   | uram | 1       | 64, 4096, 1      |
|   p_ZL16NTTTwiddleFactor_7_0_U   | ram_2p        |           |      | 1    | pragma | p_ZL16NTTTwiddleFactor_7_0   | uram | 1       | 64, 4096, 1      |
|   p_ZL16NTTTwiddleFactor_7_1_U   | ram_2p        |           |      | 1    | pragma | p_ZL16NTTTwiddleFactor_7_1   | uram | 1       | 64, 4096, 1      |
|   p_ZL16NTTTwiddleFactor_7_2_U   | ram_2p        |           |      | 1    | pragma | p_ZL16NTTTwiddleFactor_7_2   | uram | 1       | 64, 4096, 1      |
|   p_ZL16NTTTwiddleFactor_7_3_U   | ram_2p        |           |      | 1    | pragma | p_ZL16NTTTwiddleFactor_7_3   | uram | 1       | 64, 4096, 1      |
|   p_ZL16NTTTwiddleFactor_8_0_U   | ram_2p        |           |      | 1    | pragma | p_ZL16NTTTwiddleFactor_8_0   | uram | 1       | 64, 4096, 1      |
|   p_ZL16NTTTwiddleFactor_8_1_U   | ram_2p        |           |      | 1    | pragma | p_ZL16NTTTwiddleFactor_8_1   | uram | 1       | 64, 4096, 1      |
|   p_ZL16NTTTwiddleFactor_8_2_U   | ram_2p        |           |      | 1    | pragma | p_ZL16NTTTwiddleFactor_8_2   | uram | 1       | 64, 4096, 1      |
|   p_ZL16NTTTwiddleFactor_8_3_U   | ram_2p        |           |      | 1    | pragma | p_ZL16NTTTwiddleFactor_8_3   | uram | 1       | 64, 4096, 1      |
|   p_ZL16NTTTwiddleFactor_9_0_U   | ram_2p        |           |      | 1    | pragma | p_ZL16NTTTwiddleFactor_9_0   | uram | 1       | 64, 4096, 1      |
|   p_ZL16NTTTwiddleFactor_9_1_U   | ram_2p        |           |      | 1    | pragma | p_ZL16NTTTwiddleFactor_9_1   | uram | 1       | 64, 4096, 1      |
|   p_ZL16NTTTwiddleFactor_9_2_U   | ram_2p        |           |      | 1    | pragma | p_ZL16NTTTwiddleFactor_9_2   | uram | 1       | 64, 4096, 1      |
|   p_ZL16NTTTwiddleFactor_9_3_U   | ram_2p        |           |      | 1    | pragma | p_ZL16NTTTwiddleFactor_9_3   | uram | 1       | 64, 4096, 1      |
|   p_ZL16NTTTwiddleFactor_10_0_U  | ram_2p        |           |      | 1    | pragma | p_ZL16NTTTwiddleFactor_10_0  | uram | 1       | 64, 4096, 1      |
|   p_ZL16NTTTwiddleFactor_10_1_U  | ram_2p        |           |      | 1    | pragma | p_ZL16NTTTwiddleFactor_10_1  | uram | 1       | 64, 4096, 1      |
|   p_ZL16NTTTwiddleFactor_10_2_U  | ram_2p        |           |      | 1    | pragma | p_ZL16NTTTwiddleFactor_10_2  | uram | 1       | 64, 4096, 1      |
|   p_ZL16NTTTwiddleFactor_10_3_U  | ram_2p        |           |      | 1    | pragma | p_ZL16NTTTwiddleFactor_10_3  | uram | 1       | 64, 4096, 1      |
|   p_ZL16NTTTwiddleFactor_11_0_U  | ram_2p        |           |      | 1    | pragma | p_ZL16NTTTwiddleFactor_11_0  | uram | 1       | 64, 4096, 1      |
|   p_ZL16NTTTwiddleFactor_11_1_U  | ram_2p        |           |      | 1    | pragma | p_ZL16NTTTwiddleFactor_11_1  | uram | 1       | 64, 4096, 1      |
|   p_ZL16NTTTwiddleFactor_11_2_U  | ram_2p        |           |      | 1    | pragma | p_ZL16NTTTwiddleFactor_11_2  | uram | 1       | 64, 4096, 1      |
|   p_ZL16NTTTwiddleFactor_11_3_U  | ram_2p        |           |      | 1    | pragma | p_ZL16NTTTwiddleFactor_11_3  | uram | 1       | 64, 4096, 1      |
|   p_ZL17INTTTwiddleFactor_0_0_U  | ram_2p        |           |      | 1    | pragma | p_ZL17INTTTwiddleFactor_0_0  | uram | 1       | 64, 4096, 1      |
|   p_ZL17INTTTwiddleFactor_0_1_U  | ram_2p        |           |      | 1    | pragma | p_ZL17INTTTwiddleFactor_0_1  | uram | 1       | 64, 4096, 1      |
|   p_ZL17INTTTwiddleFactor_0_2_U  | ram_2p        |           |      | 1    | pragma | p_ZL17INTTTwiddleFactor_0_2  | uram | 1       | 64, 4096, 1      |
|   p_ZL17INTTTwiddleFactor_0_3_U  | ram_2p        |           |      | 1    | pragma | p_ZL17INTTTwiddleFactor_0_3  | uram | 1       | 64, 4096, 1      |
|   p_ZL17INTTTwiddleFactor_1_0_U  | ram_2p        |           |      | 1    | pragma | p_ZL17INTTTwiddleFactor_1_0  | uram | 1       | 64, 4096, 1      |
|   p_ZL17INTTTwiddleFactor_1_1_U  | ram_2p        |           |      | 1    | pragma | p_ZL17INTTTwiddleFactor_1_1  | uram | 1       | 64, 4096, 1      |
|   p_ZL17INTTTwiddleFactor_1_2_U  | ram_2p        |           |      | 1    | pragma | p_ZL17INTTTwiddleFactor_1_2  | uram | 1       | 64, 4096, 1      |
|   p_ZL17INTTTwiddleFactor_1_3_U  | ram_2p        |           |      | 1    | pragma | p_ZL17INTTTwiddleFactor_1_3  | uram | 1       | 64, 4096, 1      |
|   p_ZL17INTTTwiddleFactor_2_0_U  | ram_2p        |           |      | 1    | pragma | p_ZL17INTTTwiddleFactor_2_0  | uram | 1       | 64, 4096, 1      |
|   p_ZL17INTTTwiddleFactor_2_1_U  | ram_2p        |           |      | 1    | pragma | p_ZL17INTTTwiddleFactor_2_1  | uram | 1       | 64, 4096, 1      |
|   p_ZL17INTTTwiddleFactor_2_2_U  | ram_2p        |           |      | 1    | pragma | p_ZL17INTTTwiddleFactor_2_2  | uram | 1       | 64, 4096, 1      |
|   p_ZL17INTTTwiddleFactor_2_3_U  | ram_2p        |           |      | 1    | pragma | p_ZL17INTTTwiddleFactor_2_3  | uram | 1       | 64, 4096, 1      |
|   p_ZL17INTTTwiddleFactor_3_0_U  | ram_2p        |           |      | 1    | pragma | p_ZL17INTTTwiddleFactor_3_0  | uram | 1       | 64, 4096, 1      |
|   p_ZL17INTTTwiddleFactor_3_1_U  | ram_2p        |           |      | 1    | pragma | p_ZL17INTTTwiddleFactor_3_1  | uram | 1       | 64, 4096, 1      |
|   p_ZL17INTTTwiddleFactor_3_2_U  | ram_2p        |           |      | 1    | pragma | p_ZL17INTTTwiddleFactor_3_2  | uram | 1       | 64, 4096, 1      |
|   p_ZL17INTTTwiddleFactor_3_3_U  | ram_2p        |           |      | 1    | pragma | p_ZL17INTTTwiddleFactor_3_3  | uram | 1       | 64, 4096, 1      |
|   p_ZL17INTTTwiddleFactor_4_0_U  | ram_2p        |           |      | 1    | pragma | p_ZL17INTTTwiddleFactor_4_0  | uram | 1       | 64, 4096, 1      |
|   p_ZL17INTTTwiddleFactor_4_1_U  | ram_2p        |           |      | 1    | pragma | p_ZL17INTTTwiddleFactor_4_1  | uram | 1       | 64, 4096, 1      |
|   p_ZL17INTTTwiddleFactor_4_2_U  | ram_2p        |           |      | 1    | pragma | p_ZL17INTTTwiddleFactor_4_2  | uram | 1       | 64, 4096, 1      |
|   p_ZL17INTTTwiddleFactor_4_3_U  | ram_2p        |           |      | 1    | pragma | p_ZL17INTTTwiddleFactor_4_3  | uram | 1       | 64, 4096, 1      |
|   p_ZL17INTTTwiddleFactor_5_0_U  | ram_2p        |           |      | 1    | pragma | p_ZL17INTTTwiddleFactor_5_0  | uram | 1       | 64, 4096, 1      |
|   p_ZL17INTTTwiddleFactor_5_1_U  | ram_2p        |           |      | 1    | pragma | p_ZL17INTTTwiddleFactor_5_1  | uram | 1       | 64, 4096, 1      |
|   p_ZL17INTTTwiddleFactor_5_2_U  | ram_2p        |           |      | 1    | pragma | p_ZL17INTTTwiddleFactor_5_2  | uram | 1       | 64, 4096, 1      |
|   p_ZL17INTTTwiddleFactor_5_3_U  | ram_2p        |           |      | 1    | pragma | p_ZL17INTTTwiddleFactor_5_3  | uram | 1       | 64, 4096, 1      |
|   p_ZL17INTTTwiddleFactor_6_0_U  | ram_2p        |           |      | 1    | pragma | p_ZL17INTTTwiddleFactor_6_0  | uram | 1       | 64, 4096, 1      |
|   p_ZL17INTTTwiddleFactor_6_1_U  | ram_2p        |           |      | 1    | pragma | p_ZL17INTTTwiddleFactor_6_1  | uram | 1       | 64, 4096, 1      |
|   p_ZL17INTTTwiddleFactor_6_2_U  | ram_2p        |           |      | 1    | pragma | p_ZL17INTTTwiddleFactor_6_2  | uram | 1       | 64, 4096, 1      |
|   p_ZL17INTTTwiddleFactor_6_3_U  | ram_2p        |           |      | 1    | pragma | p_ZL17INTTTwiddleFactor_6_3  | uram | 1       | 64, 4096, 1      |
|   p_ZL17INTTTwiddleFactor_7_0_U  | ram_2p        |           |      | 1    | pragma | p_ZL17INTTTwiddleFactor_7_0  | uram | 1       | 64, 4096, 1      |
|   p_ZL17INTTTwiddleFactor_7_1_U  | ram_2p        |           |      | 1    | pragma | p_ZL17INTTTwiddleFactor_7_1  | uram | 1       | 64, 4096, 1      |
|   p_ZL17INTTTwiddleFactor_7_2_U  | ram_2p        |           |      | 1    | pragma | p_ZL17INTTTwiddleFactor_7_2  | uram | 1       | 64, 4096, 1      |
|   p_ZL17INTTTwiddleFactor_7_3_U  | ram_2p        |           |      | 1    | pragma | p_ZL17INTTTwiddleFactor_7_3  | uram | 1       | 64, 4096, 1      |
|   p_ZL17INTTTwiddleFactor_8_0_U  | ram_2p        |           |      | 1    | pragma | p_ZL17INTTTwiddleFactor_8_0  | uram | 1       | 64, 4096, 1      |
|   p_ZL17INTTTwiddleFactor_8_1_U  | ram_2p        |           |      | 1    | pragma | p_ZL17INTTTwiddleFactor_8_1  | uram | 1       | 64, 4096, 1      |
|   p_ZL17INTTTwiddleFactor_8_2_U  | ram_2p        |           |      | 1    | pragma | p_ZL17INTTTwiddleFactor_8_2  | uram | 1       | 64, 4096, 1      |
|   p_ZL17INTTTwiddleFactor_8_3_U  | ram_2p        |           |      | 1    | pragma | p_ZL17INTTTwiddleFactor_8_3  | uram | 1       | 64, 4096, 1      |
|   p_ZL17INTTTwiddleFactor_9_0_U  | ram_2p        |           |      | 1    | pragma | p_ZL17INTTTwiddleFactor_9_0  | uram | 1       | 64, 4096, 1      |
|   p_ZL17INTTTwiddleFactor_9_1_U  | ram_2p        |           |      | 1    | pragma | p_ZL17INTTTwiddleFactor_9_1  | uram | 1       | 64, 4096, 1      |
|   p_ZL17INTTTwiddleFactor_9_2_U  | ram_2p        |           |      | 1    | pragma | p_ZL17INTTTwiddleFactor_9_2  | uram | 1       | 64, 4096, 1      |
|   p_ZL17INTTTwiddleFactor_9_3_U  | ram_2p        |           |      | 1    | pragma | p_ZL17INTTTwiddleFactor_9_3  | uram | 1       | 64, 4096, 1      |
|   p_ZL17INTTTwiddleFactor_10_0_U | ram_2p        |           |      | 1    | pragma | p_ZL17INTTTwiddleFactor_10_0 | uram | 1       | 64, 4096, 1      |
|   p_ZL17INTTTwiddleFactor_10_1_U | ram_2p        |           |      | 1    | pragma | p_ZL17INTTTwiddleFactor_10_1 | uram | 1       | 64, 4096, 1      |
|   p_ZL17INTTTwiddleFactor_10_2_U | ram_2p        |           |      | 1    | pragma | p_ZL17INTTTwiddleFactor_10_2 | uram | 1       | 64, 4096, 1      |
|   p_ZL17INTTTwiddleFactor_10_3_U | ram_2p        |           |      | 1    | pragma | p_ZL17INTTTwiddleFactor_10_3 | uram | 1       | 64, 4096, 1      |
|   p_ZL17INTTTwiddleFactor_11_0_U | ram_2p        |           |      | 1    | pragma | p_ZL17INTTTwiddleFactor_11_0 | uram | 1       | 64, 4096, 1      |
|   p_ZL17INTTTwiddleFactor_11_1_U | ram_2p        |           |      | 1    | pragma | p_ZL17INTTTwiddleFactor_11_1 | uram | 1       | 64, 4096, 1      |
|   p_ZL17INTTTwiddleFactor_11_2_U | ram_2p        |           |      | 1    | pragma | p_ZL17INTTTwiddleFactor_11_2 | uram | 1       | 64, 4096, 1      |
|   p_ZL17INTTTwiddleFactor_11_3_U | ram_2p        |           |      | 1    | pragma | p_ZL17INTTTwiddleFactor_11_3 | uram | 1       | 64, 4096, 1      |
|   in_w_U                         | ram_1p        |           |      |      |        | in_w                         | auto | 1       | 64, 15, 1        |
|   out_mod_U                      | ram_1p        |           |      |      |        | out_mod                      | auto | 1       | 64, 5, 1         |
|   out_S_U                        | ram_1p        |           |      |      |        | out_S                        | auto | 1       | 64, 5, 1         |
|   out_m_barrett_U                | ram_1p        |           |      |      |        | out_m_barrett                | auto | 1       | 64, 5, 1         |
|  + Execute_Transform_Operation   |               |           | 32   | 0    |        |                              |      |         |                  |
|   + Execute_Transform            |               |           | 32   | 0    |        |                              |      |         |                  |
|     bank_a_U                     | ram_t2p array |           | 2    |      | yes    | bank_a                       | bram | 1       | 64, 512, 1       |
|     bank_a_1_U                   | ram_t2p array |           | 2    |      | yes    | bank_a_1                     | bram | 1       | 64, 512, 1       |
|     bank_a_2_U                   | ram_t2p array |           | 2    |      | yes    | bank_a_2                     | bram | 1       | 64, 512, 1       |
|     bank_a_3_U                   | ram_t2p array |           | 2    |      | yes    | bank_a_3                     | bram | 1       | 64, 512, 1       |
|     bank_a_4_U                   | ram_t2p array |           | 2    |      | yes    | bank_a_4                     | bram | 1       | 64, 512, 1       |
|     bank_a_5_U                   | ram_t2p array |           | 2    |      | yes    | bank_a_5                     | bram | 1       | 64, 512, 1       |
|     bank_a_6_U                   | ram_t2p array |           | 2    |      | yes    | bank_a_6                     | bram | 1       | 64, 512, 1       |
|     bank_a_7_U                   | ram_t2p array |           | 2    |      | yes    | bank_a_7                     | bram | 1       | 64, 512, 1       |
|     bank_b_U                     | ram_t2p array |           | 2    |      | yes    | bank_b                       | bram | 1       | 64, 512, 1       |
|     bank_b_1_U                   | ram_t2p array |           | 2    |      | yes    | bank_b_1                     | bram | 1       | 64, 512, 1       |
|     bank_b_2_U                   | ram_t2p array |           | 2    |      | yes    | bank_b_2                     | bram | 1       | 64, 512, 1       |
|     bank_b_3_U                   | ram_t2p array |           | 2    |      | yes    | bank_b_3                     | bram | 1       | 64, 512, 1       |
|     bank_b_4_U                   | ram_t2p array |           | 2    |      | yes    | bank_b_4                     | bram | 1       | 64, 512, 1       |
|     bank_b_5_U                   | ram_t2p array |           | 2    |      | yes    | bank_b_5                     | bram | 1       | 64, 512, 1       |
|     bank_b_6_U                   | ram_t2p array |           | 2    |      | yes    | bank_b_6                     | bram | 1       | 64, 512, 1       |
|     bank_b_7_U                   | ram_t2p array |           | 2    |      | yes    | bank_b_7                     | bram | 1       | 64, 512, 1       |
+----------------------------------+---------------+-----------+------+------+--------+------------------------------+------+---------+------------------+


================================================================
== Pragma Report
================================================================
* Ignored Pragmas
+---------------+----------+----------------------------------------------+----------------------------+
| Type          | Options  | Location                                     | Messages                   |
+---------------+----------+----------------------------------------------+----------------------------+
| bind_register | variable | ../src/ntt_kernel.cpp:240 in configurable_pe | unknown HLS pragma ignored |
+---------------+----------+----------------------------------------------+----------------------------+

* Valid Pragma Syntax
+-----------------+----------------------------------------------------------------------------------+--------------------------------------------------------------------------+
| Type            | Options                                                                          | Location                                                                 |
+-----------------+----------------------------------------------------------------------------------+--------------------------------------------------------------------------+
| inline          |                                                                                  | ../src/arithmetic.cpp:4 in addmod                                        |
| bind_op         | variable=sum op=add impl=fabric latency=1                                        | ../src/arithmetic.cpp:7 in addmod, sum                                   |
| bind_op         | variable=diff op=sub impl=fabric latency=1                                       | ../src/arithmetic.cpp:12 in addmod, diff                                 |
| inline          | off                                                                              | ../src/arithmetic.cpp:56 in multmod                                      |
| pipeline        | II=1                                                                             | ../src/arithmetic.cpp:57 in multmod                                      |
| latency         | min=2                                                                            | ../src/arithmetic.cpp:58 in multmod                                      |
| bind_op         | variable=res_mult op=mul impl=dsp latency=4                                      | ../src/arithmetic.cpp:94 in multmod, res_mult                            |
| bind_op         | variable=p_high op=mul impl=dsp latency=4                                        | ../src/arithmetic.cpp:102 in multmod, p_high                             |
| bind_op         | variable=p_low op=mul impl=dsp latency=4                                         | ../src/arithmetic.cpp:105 in multmod, p_low                              |
| bind_op         | variable=q_times_mod op=mul impl=dsp latency=4                                   | ../src/arithmetic.cpp:123 in multmod, q_times_mod                        |
| bind_op         | variable=r_full op=sub impl=fabric latency=2                                     | ../src/arithmetic.cpp:127 in multmod, r_full                             |
| bind_op         | variable=sub1 op=sub impl=fabric latency=2                                       | ../src/arithmetic.cpp:133 in multmod, sub1                               |
| bind_op         | variable=sub2 op=sub impl=fabric latency=2                                       | ../src/arithmetic.cpp:138 in multmod, sub2                               |
| inline          |                                                                                  | ../src/bconv.cpp:26 in bconv_core                                        |
| array_partition | variable=in_w complete dim=0                                                     | ../src/bconv.cpp:28 in bconv_core, in_w                                  |
| array_partition | variable=out_mod complete dim=0                                                  | ../src/bconv.cpp:29 in bconv_core, out_mod                               |
| array_partition | variable=out_S complete dim=0                                                    | ../src/bconv.cpp:30 in bconv_core, out_S                                 |
| array_partition | variable=out_m_barrett complete dim=0                                            | ../src/bconv.cpp:31 in bconv_core, out_m_barrett                         |
| pipeline        | II=1                                                                             | ../src/bconv.cpp:35 in bconv_core                                        |
| unroll          |                                                                                  | ../src/bconv.cpp:39 in bconv_core                                        |
| array_partition | variable=prod complete                                                           | ../src/bconv.cpp:43 in bconv_core, prod                                  |
| unroll          |                                                                                  | ../src/bconv.cpp:46 in bconv_core                                        |
| bind_storage    | variable=local_in_x type=ram_2p impl=bram                                        | ../src/bconv.cpp:83 in compute_bconv, local_in_x                         |
| array_partition | variable=local_in_x type=complete dim=1                                          | ../src/bconv.cpp:84 in compute_bconv, local_in_x                         |
| bind_storage    | variable=local_out_x type=ram_2p impl=bram                                       | ../src/bconv.cpp:88 in compute_bconv, local_out_x                        |
| array_partition | variable=local_out_x type=complete dim=1                                         | ../src/bconv.cpp:89 in compute_bconv, local_out_x                        |
| array_partition | variable=local_w complete dim=0                                                  | ../src/bconv.cpp:96 in compute_bconv, local_w                            |
| array_partition | variable=local_mod complete dim=0                                                | ../src/bconv.cpp:97 in compute_bconv, local_mod                          |
| array_partition | variable=local_S complete dim=0                                                  | ../src/bconv.cpp:98 in compute_bconv, local_S                            |
| array_partition | variable=local_m_barrett complete dim=0                                          | ../src/bconv.cpp:99 in compute_bconv, local_m_barrett                    |
| pipeline        | II=1                                                                             | ../src/bconv.cpp:106 in compute_bconv                                    |
| pipeline        | II=1                                                                             | ../src/bconv.cpp:112 in compute_bconv                                    |
| pipeline        | II=1                                                                             | ../src/bconv.cpp:122 in compute_bconv                                    |
| pipeline        | II=1                                                                             | ../src/bconv.cpp:141 in compute_bconv                                    |
| inline          |                                                                                  | ../src/bconv_naive.cpp:11 in compute_bconv_naive                         |
| bind_storage    | variable=local_in_x type=ram_2p impl=bram                                        | ../src/bconv_naive.cpp:18 in compute_bconv_naive, local_in_x             |
| array_partition | variable=local_in_x type=complete dim=1                                          | ../src/bconv_naive.cpp:19 in compute_bconv_naive, local_in_x             |
| bind_storage    | variable=local_out_x type=ram_2p impl=bram                                       | ../src/bconv_naive.cpp:23 in compute_bconv_naive, local_out_x            |
| array_partition | variable=local_out_x type=complete dim=1                                         | ../src/bconv_naive.cpp:24 in compute_bconv_naive, local_out_x            |
| array_partition | variable=local_w complete dim=0                                                  | ../src/bconv_naive.cpp:31 in compute_bconv_naive, local_w                |
| array_partition | variable=local_mod complete dim=0                                                | ../src/bconv_naive.cpp:32 in compute_bconv_naive, local_mod              |
| array_partition | variable=local_S complete dim=0                                                  | ../src/bconv_naive.cpp:33 in compute_bconv_naive, local_S                |
| array_partition | variable=local_m_barrett complete dim=0                                          | ../src/bconv_naive.cpp:34 in compute_bconv_naive, local_m_barrett        |
| pipeline        | II=1                                                                             | ../src/bconv_naive.cpp:41 in compute_bconv_naive                         |
| pipeline        | II=1                                                                             | ../src/bconv_naive.cpp:47 in compute_bconv_naive                         |
| pipeline        | II=1                                                                             | ../src/bconv_naive.cpp:57 in compute_bconv_naive                         |
| pipeline        | II=1                                                                             | ../src/bconv_naive.cpp:68 in compute_bconv_naive                         |
| pipeline        | II=1                                                                             | ../src/bconv_naive.cpp:90 in compute_bconv_naive                         |
| inline          |                                                                                  | ../src/bconv_systolic.cpp:29 in bconv_systolic_core                      |
| array_partition | variable=in_w complete dim=0                                                     | ../src/bconv_systolic.cpp:31 in bconv_systolic_core, in_w                |
| array_partition | variable=out_mod complete dim=0                                                  | ../src/bconv_systolic.cpp:32 in bconv_systolic_core, out_mod             |
| array_partition | variable=out_S complete dim=0                                                    | ../src/bconv_systolic.cpp:33 in bconv_systolic_core, out_S               |
| array_partition | variable=out_m_barrett complete dim=0                                            | ../src/bconv_systolic.cpp:34 in bconv_systolic_core, out_m_barrett       |
| array_partition | variable=x_reg complete dim=0                                                    | ../src/bconv_systolic.cpp:38 in bconv_systolic_core, x_reg               |
| array_partition | variable=sum_reg complete dim=0                                                  | ../src/bconv_systolic.cpp:39 in bconv_systolic_core, sum_reg             |
| unroll          |                                                                                  | ../src/bconv_systolic.cpp:42 in bconv_systolic_core                      |
| unroll          |                                                                                  | ../src/bconv_systolic.cpp:44 in bconv_systolic_core                      |
| unroll          |                                                                                  | ../src/bconv_systolic.cpp:50 in bconv_systolic_core                      |
| unroll          |                                                                                  | ../src/bconv_systolic.cpp:52 in bconv_systolic_core                      |
| pipeline        | II=1                                                                             | ../src/bconv_systolic.cpp:58 in bconv_systolic_core                      |
| array_partition | variable=x_curr complete dim=0                                                   | ../src/bconv_systolic.cpp:62 in bconv_systolic_core, x_curr              |
| array_partition | variable=sum_curr complete dim=0                                                 | ../src/bconv_systolic.cpp:63 in bconv_systolic_core, sum_curr            |
| unroll          |                                                                                  | ../src/bconv_systolic.cpp:66 in bconv_systolic_core                      |
| unroll          |                                                                                  | ../src/bconv_systolic.cpp:68 in bconv_systolic_core                      |
| unroll          |                                                                                  | ../src/bconv_systolic.cpp:74 in bconv_systolic_core                      |
| unroll          |                                                                                  | ../src/bconv_systolic.cpp:76 in bconv_systolic_core                      |
| unroll          |                                                                                  | ../src/bconv_systolic.cpp:82 in bconv_systolic_core                      |
| unroll          |                                                                                  | ../src/bconv_systolic.cpp:94 in bconv_systolic_core                      |
| unroll          |                                                                                  | ../src/bconv_systolic.cpp:99 in bconv_systolic_core                      |
| unroll          |                                                                                  | ../src/bconv_systolic.cpp:101 in bconv_systolic_core                     |
| unroll          |                                                                                  | ../src/bconv_systolic.cpp:120 in bconv_systolic_core                     |
| array_partition | variable=in_x type=cyclic factor=8 dim=3                                         | ../src/bconv_systolic.cpp:143 in compute_bconv_systolic, in_x            |
| interface       | s_axilite port=out_mod bundle=control                                            | ../src/bconv_systolic.cpp:146 in compute_bconv_systolic, out_mod         |
| interface       | s_axilite port=sizeP bundle=control                                              | ../src/bconv_systolic.cpp:147 in compute_bconv_systolic, sizeP           |
| interface       | s_axilite port=active_q bundle=control                                           | ../src/bconv_systolic.cpp:148 in compute_bconv_systolic, active_q        |
| interface       | s_axilite port=return bundle=control                                             | ../src/bconv_systolic.cpp:149 in compute_bconv_systolic, return          |
| array_partition | variable=local_w complete dim=0                                                  | ../src/bconv_systolic.cpp:157 in compute_bconv_systolic, local_w         |
| array_partition | variable=local_mod complete dim=0                                                | ../src/bconv_systolic.cpp:158 in compute_bconv_systolic, local_mod       |
| array_partition | variable=local_S complete dim=0                                                  | ../src/bconv_systolic.cpp:159 in compute_bconv_systolic, local_S         |
| array_partition | variable=local_m_barrett complete dim=0                                          | ../src/bconv_systolic.cpp:160 in compute_bconv_systolic, local_m_barrett |
| pipeline        | II=1                                                                             | ../src/bconv_systolic.cpp:164 in compute_bconv_systolic                  |
| pipeline        | II=1                                                                             | ../src/bconv_systolic.cpp:170 in compute_bconv_systolic                  |
| inline          |                                                                                  | ../src/cg_ntt.cpp:32 in flatten_2d_to_1d                                 |
| pipeline        | II=1                                                                             | ../src/cg_ntt.cpp:35 in flatten_2d_to_1d                                 |
| unroll          | factor=PE_PARALLEL                                                               | ../src/cg_ntt.cpp:38 in flatten_2d_to_1d                                 |
| inline          |                                                                                  | ../src/cg_ntt.cpp:48 in reshape_1d_to_2d                                 |
| pipeline        | II=1                                                                             | ../src/cg_ntt.cpp:51 in reshape_1d_to_2d                                 |
| unroll          | factor=PE_PARALLEL                                                               | ../src/cg_ntt.cpp:54 in reshape_1d_to_2d                                 |
| inline          |                                                                                  | ../src/cg_ntt.cpp:89 in cg_pe                                            |
| bind_op         | variable=mult_in op=add impl=fabric latency=1                                    | ../src/cg_ntt.cpp:97 in cg_pe, mult_in                                   |
| inline          | off                                                                              | ../src/cg_ntt.cpp:123 in cg_ntt_reorder                                  |
| pipeline        | II=1                                                                             | ../src/cg_ntt.cpp:131 in cg_ntt_reorder                                  |
| pipeline        | II=1                                                                             | ../src/cg_ntt.cpp:145 in cg_ntt_reorder                                  |
| inline          | off                                                                              | ../src/cg_ntt.cpp:166 in cg_transform_banks                              |
| array_partition | variable=buf_A cyclic factor=CG_BUF_PARTITION dim=1                              | ../src/cg_ntt.cpp:172 in cg_transform_banks, buf_A                       |
| array_partition | variable=buf_B cyclic factor=CG_BUF_PARTITION dim=1                              | ../src/cg_ntt.cpp:173 in cg_transform_banks, buf_B                       |
| bind_storage    | variable=buf_A type=ram_t2p impl=bram                                            | ../src/cg_ntt.cpp:174 in cg_transform_banks, buf_A                       |
| bind_storage    | variable=buf_B type=ram_t2p impl=bram                                            | ../src/cg_ntt.cpp:175 in cg_transform_banks, buf_B                       |
| array_partition | variable=ntt_twiddle cyclic factor=CG_PE_NUM dim=2                               | ../src/cg_ntt.cpp:181 in cg_transform_banks, ntt_twiddle                 |
| array_partition | variable=intt_twiddle cyclic factor=CG_PE_NUM dim=2                              | ../src/cg_ntt.cpp:182 in cg_transform_banks, intt_twiddle                |
| unroll          | factor=2                                                                         | ../src/cg_ntt.cpp:200 in cg_transform_banks                              |
| loop_flatten    | off                                                                              | ../src/cg_ntt.cpp:202 in cg_transform_banks                              |
| pipeline        | II=1                                                                             | ../src/cg_ntt.cpp:214 in cg_transform_banks                              |
| dependence      | variable=buf_A type=inter dependent=false                                        | ../src/cg_ntt.cpp:216 in cg_transform_banks, buf_A                       |
| dependence      | variable=buf_B type=inter dependent=false                                        | ../src/cg_ntt.cpp:217 in cg_transform_banks, buf_B                       |
| dependence      | variable=buf_A type=intra dependent=false                                        | ../src/cg_ntt.cpp:218 in cg_transform_banks, buf_A                       |
| dependence      | variable=buf_B type=intra dependent=false                                        | ../src/cg_ntt.cpp:219 in cg_transform_banks, buf_B                       |
| unroll          |                                                                                  | ../src/cg_ntt.cpp:223 in cg_transform_banks                              |
| inline          | off                                                                              | ../src/cg_ntt.cpp:288 in cg_transform_kernel                             |
| array_partition | variable=buf_A cyclic factor=CG_BUF_PARTITION dim=1                              | ../src/cg_ntt.cpp:290 in cg_transform_kernel, buf_A                      |
| array_partition | variable=buf_B cyclic factor=CG_BUF_PARTITION dim=1                              | ../src/cg_ntt.cpp:291 in cg_transform_kernel, buf_B                      |
| bind_storage    | variable=buf_A type=ram_t2p impl=bram                                            | ../src/cg_ntt.cpp:292 in cg_transform_kernel, buf_A                      |
| bind_storage    | variable=buf_B type=ram_t2p impl=bram                                            | ../src/cg_ntt.cpp:293 in cg_transform_kernel, buf_B                      |
| pipeline        | II=1                                                                             | ../src/cg_ntt.cpp:295 in cg_transform_kernel                             |
| unroll          |                                                                                  | ../src/cg_ntt.cpp:297 in cg_transform_kernel                             |
| pipeline        | II=1                                                                             | ../src/cg_ntt.cpp:310 in cg_transform_kernel                             |
| unroll          |                                                                                  | ../src/cg_ntt.cpp:313 in cg_transform_kernel                             |
| interface       | m_axi port=in_data bundle=gmem0 offset=slave depth=4096                          | ../src/cg_ntt.cpp:343 in compute_cg_ntt, in_data                         |
| interface       | m_axi port=cg_ntt_twiddle bundle=gmem1 offset=slave depth=24576                  | ../src/cg_ntt.cpp:344 in compute_cg_ntt, cg_ntt_twiddle                  |
| interface       | m_axi port=cg_intt_twiddle bundle=gmem2 offset=slave depth=24576                 | ../src/cg_ntt.cpp:345 in compute_cg_ntt, cg_intt_twiddle                 |
| interface       | m_axi port=modulus bundle=gmem3 offset=slave depth=8                             | ../src/cg_ntt.cpp:346 in compute_cg_ntt, modulus                         |
| interface       | m_axi port=S bundle=gmem3 offset=slave depth=8                                   | ../src/cg_ntt.cpp:347 in compute_cg_ntt, S                               |
| interface       | m_axi port=M_barrett bundle=gmem3 offset=slave depth=8                           | ../src/cg_ntt.cpp:348 in compute_cg_ntt, M_barrett                       |
| interface       | s_axilite port=in_data                                                           | ../src/cg_ntt.cpp:350 in compute_cg_ntt, in_data                         |
| interface       | s_axilite port=cg_ntt_twiddle                                                    | ../src/cg_ntt.cpp:351 in compute_cg_ntt, cg_ntt_twiddle                  |
| interface       | s_axilite port=cg_intt_twiddle                                                   | ../src/cg_ntt.cpp:352 in compute_cg_ntt, cg_intt_twiddle                 |
| interface       | s_axilite port=modulus                                                           | ../src/cg_ntt.cpp:353 in compute_cg_ntt, modulus                         |
| interface       | s_axilite port=S                                                                 | ../src/cg_ntt.cpp:354 in compute_cg_ntt, S                               |
| interface       | s_axilite port=M_barrett                                                         | ../src/cg_ntt.cpp:355 in compute_cg_ntt, M_barrett                       |
| interface       | s_axilite port=is_ntt                                                            | ../src/cg_ntt.cpp:356 in compute_cg_ntt, is_ntt                          |
| interface       | s_axilite port=num_active_limbs                                                  | ../src/cg_ntt.cpp:357 in compute_cg_ntt, num_active_limbs                |
| interface       | s_axilite port=mod_idx_offset                                                    | ../src/cg_ntt.cpp:358 in compute_cg_ntt, mod_idx_offset                  |
| interface       | s_axilite port=return                                                            | ../src/cg_ntt.cpp:359 in compute_cg_ntt, return                          |
| array_partition | variable=local_in_data cyclic factor=CG_PE_NUM dim=1                             | ../src/cg_ntt.cpp:368 in compute_cg_ntt, local_in_data                   |
| array_partition | variable=local_out_data cyclic factor=CG_PE_NUM dim=1                            | ../src/cg_ntt.cpp:369 in compute_cg_ntt, local_out_data                  |
| array_partition | variable=local_twiddle cyclic factor=CG_PE_NUM dim=2                             | ../src/cg_ntt.cpp:370 in compute_cg_ntt, local_twiddle                   |
| loop_tripcount  | min=1 max=8 avg=3                                                                | ../src/cg_ntt.cpp:374 in compute_cg_ntt                                  |
| pipeline        | II=1                                                                             | ../src/cg_ntt.cpp:379 in compute_cg_ntt                                  |
| unroll          |                                                                                  | ../src/cg_ntt.cpp:382 in compute_cg_ntt                                  |
| pipeline        | II=1                                                                             | ../src/cg_ntt.cpp:391 in compute_cg_ntt                                  |
| unroll          |                                                                                  | ../src/cg_ntt.cpp:395 in compute_cg_ntt                                  |
| pipeline        | II=1                                                                             | ../src/cg_ntt.cpp:403 in compute_cg_ntt                                  |
| unroll          |                                                                                  | ../src/cg_ntt.cpp:407 in compute_cg_ntt                                  |
| pipeline        | II=1                                                                             | ../src/cg_ntt.cpp:421 in compute_cg_ntt                                  |
| unroll          |                                                                                  | ../src/cg_ntt.cpp:424 in compute_cg_ntt                                  |
| inline          | off                                                                              | ../src/interleave.cpp:12 in interleave                                   |
| bind_storage    | variable=temp_buffer type=ram_2p impl=bram                                       | ../src/interleave.cpp:21 in interleave, temp_buffer                      |
| array_partition | variable=temp_buffer cyclic factor=PE_PARALLEL dim=2                             | ../src/interleave.cpp:24 in interleave, temp_buffer                      |
| array_partition | variable=data cyclic factor=PE_PARALLEL dim=2                                    | ../src/interleave.cpp:25 in interleave, data                             |
| pipeline        | II=1                                                                             | ../src/interleave.cpp:40 in interleave                                   |
| unroll          | factor=PARALLEL_FACTOR                                                           | ../src/interleave.cpp:41 in interleave                                   |
| pipeline        | II=1                                                                             | ../src/interleave.cpp:57 in interleave                                   |
| unroll          | factor=PARALLEL_FACTOR                                                           | ../src/interleave.cpp:58 in interleave                                   |
| pipeline        | II=1                                                                             | ../src/interleave.cpp:77 in interleave                                   |
| unroll          | factor=PARALLEL_FACTOR                                                           | ../src/interleave.cpp:78 in interleave                                   |
| inline          | off                                                                              | ../src/load.cpp:7 in load_tower                                          |
| pipeline        | II=1                                                                             | ../src/load.cpp:9 in load_tower                                          |
| unroll          | factor=PE_PARALLEL                                                               | ../src/load.cpp:10 in load_tower                                         |
| inline          | off                                                                              | ../src/load.cpp:17 in store_tower                                        |
| pipeline        | II=1                                                                             | ../src/load.cpp:19 in store_tower                                        |
| unroll          | factor=PE_PARALLEL                                                               | ../src/load.cpp:20 in store_tower                                        |
| inline          | off                                                                              | ../src/load.cpp:31 in load                                               |
| inline          | off                                                                              | ../src/load.cpp:43 in store                                              |
| array_partition | variable=in1 cyclic factor=PE_PARALLEL dim=3                                     | ../src/mod_add_kernel.cpp:15 in compute_add, in1                         |
| array_partition | variable=in2 cyclic factor=PE_PARALLEL dim=3                                     | ../src/mod_add_kernel.cpp:16 in compute_add, in2                         |
| array_partition | variable=out cyclic factor=PE_PARALLEL dim=3                                     | ../src/mod_add_kernel.cpp:17 in compute_add, out                         |
| pipeline        | II=1                                                                             | ../src/mod_add_kernel.cpp:26 in compute_add                              |
| unroll          | factor=PE_PARALLEL                                                               | ../src/mod_add_kernel.cpp:27 in compute_add                              |
| array_partition | variable=in1 cyclic factor=PE_PARALLEL dim=3                                     | ../src/mod_mult_kernel.cpp:14 in compute_mult, in1                       |
| array_partition | variable=in2 cyclic factor=PE_PARALLEL dim=3                                     | ../src/mod_mult_kernel.cpp:15 in compute_mult, in2                       |
| array_partition | variable=out cyclic factor=PE_PARALLEL dim=3                                     | ../src/mod_mult_kernel.cpp:16 in compute_mult, out                       |
| pipeline        | II=1                                                                             | ../src/mod_mult_kernel.cpp:27 in compute_mult                            |
| unroll          | factor=PE_PARALLEL                                                               | ../src/mod_mult_kernel.cpp:28 in compute_mult                            |
| array_partition | variable=in1 cyclic factor=PE_PARALLEL dim=3                                     | ../src/mod_sub_kernel.cpp:17 in compute_sub, in1                         |
| array_partition | variable=in2 cyclic factor=PE_PARALLEL dim=3                                     | ../src/mod_sub_kernel.cpp:18 in compute_sub, in2                         |
| array_partition | variable=out cyclic factor=PE_PARALLEL dim=3                                     | ../src/mod_sub_kernel.cpp:19 in compute_sub, out                         |
| pipeline        | II=1                                                                             | ../src/mod_sub_kernel.cpp:28 in compute_sub                              |
| unroll          | factor=PE_PARALLEL                                                               | ../src/mod_sub_kernel.cpp:29 in compute_sub                              |
| inline          |                                                                                  | ../src/ntt_kernel.cpp:4 in compute_indices                               |
| inline          |                                                                                  | ../src/ntt_kernel.cpp:21 in generate_input_index                         |
| unroll          | factor=PE_PARALLEL                                                               | ../src/ntt_kernel.cpp:29 in generate_input_index                         |
| inline          |                                                                                  | ../src/ntt_kernel.cpp:38 in generate_output_index                        |
| unroll          | factor=PE_PARALLEL                                                               | ../src/ntt_kernel.cpp:47 in generate_output_index                        |
| inline          |                                                                                  | ../src/ntt_kernel.cpp:64 in read_data                                    |
| unroll          | factor=PE_PARALLEL                                                               | ../src/ntt_kernel.cpp:71 in read_data                                    |
| inline          |                                                                                  | ../src/ntt_kernel.cpp:87 in permutate_data                               |
| unroll          | factor=PE_PARALLEL                                                               | ../src/ntt_kernel.cpp:89 in permutate_data                               |
| inline          |                                                                                  | ../src/ntt_kernel.cpp:95 in generate_twiddle_index                       |
| unroll          | factor=PE_PARALLEL                                                               | ../src/ntt_kernel.cpp:97 in generate_twiddle_index                       |
| inline          |                                                                                  | ../src/ntt_kernel.cpp:111 in permute_twiddle_factors                     |
| unroll          | factor=PE_PARALLEL                                                               | ../src/ntt_kernel.cpp:115 in permute_twiddle_factors                     |
| inline          |                                                                                  | ../src/ntt_kernel.cpp:133 in compute_core                                |
| unroll          | factor=PE_PARALLEL                                                               | ../src/ntt_kernel.cpp:137 in compute_core                                |
| inline          |                                                                                  | ../src/ntt_kernel.cpp:163 in repermute_data                              |
| unroll          | factor=PE_PARALLEL                                                               | ../src/ntt_kernel.cpp:165 in repermute_data                              |
| inline          |                                                                                  | ../src/ntt_kernel.cpp:176 in rewrite_data                                |
| unroll          | factor=PE_PARALLEL                                                               | ../src/ntt_kernel.cpp:182 in rewrite_data                                |
| inline          |                                                                                  | ../src/ntt_kernel.cpp:206 in configurable_pe                             |
| array_partition | variable=buf_A cyclic factor=PE_PARALLEL dim=2                                   | ../src/ntt_kernel.cpp:269 in ntt_kernel, buf_A                           |
| array_partition | variable=buf_B cyclic factor=PE_PARALLEL dim=2                                   | ../src/ntt_kernel.cpp:270 in ntt_kernel, buf_B                           |
| array_partition | variable=in_memory cyclic factor=PE_PARALLEL dim=2                               | ../src/ntt_kernel.cpp:273 in ntt_kernel, in_memory                       |
| array_partition | variable=ntt_twiddle_memory complete dim=1                                       | ../src/ntt_kernel.cpp:276 in ntt_kernel, ntt_twiddle_memory              |
| array_partition | variable=intt_twiddle_memory complete dim=1                                      | ../src/ntt_kernel.cpp:277 in ntt_kernel, intt_twiddle_memory             |
| array_partition | variable=InputIndex complete                                                     | ../src/ntt_kernel.cpp:288 in ntt_kernel, InputIndex                      |
| array_partition | variable=OutputIndex complete                                                    | ../src/ntt_kernel.cpp:289 in ntt_kernel, OutputIndex                     |
| array_partition | variable=TwiddleIndex complete                                                   | ../src/ntt_kernel.cpp:290 in ntt_kernel, TwiddleIndex                    |
| array_partition | variable=ReadData complete                                                       | ../src/ntt_kernel.cpp:291 in ntt_kernel, ReadData                        |
| array_partition | variable=PermuteData complete                                                    | ../src/ntt_kernel.cpp:292 in ntt_kernel, PermuteData                     |
| array_partition | variable=TwiddleFactor complete                                                  | ../src/ntt_kernel.cpp:293 in ntt_kernel, TwiddleFactor                   |
| array_partition | variable=NTTData complete                                                        | ../src/ntt_kernel.cpp:294 in ntt_kernel, NTTData                         |
| array_partition | variable=RepermuteData complete                                                  | ../src/ntt_kernel.cpp:295 in ntt_kernel, RepermuteData                   |
| pipeline        | II=1                                                                             | ../src/ntt_kernel.cpp:305 in ntt_kernel                                  |
| unroll          |                                                                                  | ../src/ntt_kernel.cpp:310 in ntt_kernel                                  |
| loop_flatten    | off                                                                              | ../src/ntt_kernel.cpp:327 in ntt_kernel                                  |
| dependence      | variable=buf_A type=inter dependent=false direction=RAW                          | ../src/ntt_kernel.cpp:337 in ntt_kernel, buf_A                           |
| dependence      | variable=buf_B type=inter dependent=false direction=RAW                          | ../src/ntt_kernel.cpp:338 in ntt_kernel, buf_B                           |
| dependence      | variable=buf_B type=inter dependent=false direction=WAW                          | ../src/ntt_kernel.cpp:339 in ntt_kernel, buf_B                           |
| pipeline        | II=1                                                                             | ../src/ntt_kernel.cpp:391 in ntt_kernel                                  |
| unroll          |                                                                                  | ../src/ntt_kernel.cpp:395 in ntt_kernel                                  |
| array_partition | variable=in_memory cyclic factor=PE_PARALLEL dim=3                               | ../src/ntt_kernel.cpp:426 in compute_ntt, in_memory                      |
| array_partition | variable=ntt_twiddle_memory complete dim=2                                       | ../src/ntt_kernel.cpp:429 in compute_ntt, ntt_twiddle_memory             |
| array_partition | variable=intt_twiddle_memory complete dim=2                                      | ../src/ntt_kernel.cpp:430 in compute_ntt, intt_twiddle_memory            |
| loop_tripcount  | min=1 max=5 avg=3                                                                | ../src/ntt_kernel.cpp:434 in compute_ntt                                 |
| inline          | off                                                                              | ../src/top.cpp:47 in load_init_params                                    |
| pipeline        | II=1                                                                             | ../src/top.cpp:55 in load_init_params                                    |
| pipeline        | II=1                                                                             | ../src/top.cpp:60 in load_init_params                                    |
| pipeline        | II=1                                                                             | ../src/top.cpp:65 in load_init_params                                    |
| pipeline        | II=1                                                                             | ../src/top.cpp:70 in load_init_params                                    |
| pipeline        | II=1                                                                             | ../src/top.cpp:75 in load_init_params                                    |
| pipeline        | II=1                                                                             | ../src/top.cpp:80 in load_init_params                                    |
| pipeline        | II=1                                                                             | ../src/top.cpp:94 in load_init_params                                    |
| pipeline        | II=1                                                                             | ../src/top.cpp:104 in load_init_params                                   |
| inline          | off                                                                              | ../src/top.cpp:122 in load_bconv_params                                  |
| pipeline        | II=1                                                                             | ../src/top.cpp:127 in load_bconv_params                                  |
| pipeline        | II=1                                                                             | ../src/top.cpp:138 in load_bconv_params                                  |
| inline          | off                                                                              | ../src/top.cpp:151 in execute_transform                                  |
| array_partition | variable=bank_a cyclic factor=CG_BUF_PARTITION dim=1                             | ../src/top.cpp:153 in execute_transform, bank_a                          |
| array_partition | variable=bank_b cyclic factor=CG_BUF_PARTITION dim=1                             | ../src/top.cpp:154 in execute_transform, bank_b                          |
| bind_storage    | variable=bank_a type=ram_t2p impl=bram                                           | ../src/top.cpp:155 in execute_transform, bank_a                          |
| bind_storage    | variable=bank_b type=ram_t2p impl=bram                                           | ../src/top.cpp:156 in execute_transform, bank_b                          |
| pipeline        | II=1                                                                             | ../src/top.cpp:158 in execute_transform                                  |
| unroll          |                                                                                  | ../src/top.cpp:160 in execute_transform                                  |
| pipeline        | II=1                                                                             | ../src/top.cpp:171 in execute_transform                                  |
| unroll          |                                                                                  | ../src/top.cpp:173 in execute_transform                                  |
| inline          | off                                                                              | ../src/top.cpp:188 in load_transform_tower                               |
| pipeline        | II=1                                                                             | ../src/top.cpp:190 in load_transform_tower                               |
| unroll          | factor=PE_PARALLEL                                                               | ../src/top.cpp:191 in load_transform_tower                               |
| inline          | off                                                                              | ../src/top.cpp:202 in load_transform_input                               |
| inline          | off                                                                              | ../src/top.cpp:215 in load_hks_params                                    |
| pipeline        | II=1                                                                             | ../src/top.cpp:219 in load_hks_params                                    |
| pipeline        | II=1                                                                             | ../src/top.cpp:225 in load_hks_params                                    |
| pipeline        | II=1                                                                             | ../src/top.cpp:229 in load_hks_params                                    |
| inline          | off                                                                              | ../src/top.cpp:250 in prepare_hks_bconv_input                            |
| loop_tripcount  | min=1 max=LIMB_Q avg=2                                                           | ../src/top.cpp:253 in prepare_hks_bconv_input                            |
| pipeline        | II=1                                                                             | ../src/top.cpp:256 in prepare_hks_bconv_input                            |
| inline          | off                                                                              | ../src/top.cpp:270 in execute_transform_operation                        |
| array_partition | variable=weights complete dim=0                                                  | ../src/top.cpp:292 in execute_transform_operation, weights               |
| array_partition | variable=inv complete dim=0                                                      | ../src/top.cpp:293 in execute_transform_operation, inv                   |
| array_partition | variable=out_mod complete dim=0                                                  | ../src/top.cpp:294 in execute_transform_operation, out_mod               |
| array_partition | variable=out_s complete dim=0                                                    | ../src/top.cpp:295 in execute_transform_operation, out_s                 |
| array_partition | variable=out_m complete dim=0                                                    | ../src/top.cpp:296 in execute_transform_operation, out_m                 |
| loop_tripcount  | min=1 max=8 avg=5                                                                | ../src/top.cpp:306 in execute_transform_operation                        |
| loop_flatten    | off                                                                              | ../src/top.cpp:307 in execute_transform_operation                        |
| interface       | m_axi port=mem_in1 offset=slave bundle=gmem0 depth=196617 max_widen_bitwidth=256 | ../src/top.cpp:341 in top, mem_in1                                       |
| interface       | m_axi port=mem_in2 offset=slave bundle=gmem1 depth=196614 max_widen_bitwidth=256 | ../src/top.cpp:342 in top, mem_in2                                       |
| interface       | m_axi port=mem_out offset=slave bundle=gmem2 depth=32768 max_widen_bitwidth=256  | ../src/top.cpp:343 in top, mem_out                                       |
| interface       | s_axilite port=mem_in1 bundle=control                                            | ../src/top.cpp:345 in top, mem_in1                                       |
| interface       | s_axilite port=mem_in2 bundle=control                                            | ../src/top.cpp:346 in top, mem_in2                                       |
| interface       | s_axilite port=mem_out bundle=control                                            | ../src/top.cpp:347 in top, mem_out                                       |
| interface       | s_axilite port=opcode bundle=control                                             | ../src/top.cpp:348 in top, opcode                                        |
| interface       | s_axilite port=num_active_limbs bundle=control                                   | ../src/top.cpp:349 in top, num_active_limbs                              |
| interface       | s_axilite port=mod_index bundle=control                                          | ../src/top.cpp:350 in top, mod_index                                     |
| interface       | s_axilite port=return bundle=control                                             | ../src/top.cpp:351 in top, return                                        |
| array_partition | variable=poly_buffer_1 cyclic factor=PE_PARALLEL dim=3                           | ../src/top.cpp:353 in top, poly_buffer_1                                 |
| array_partition | variable=poly_buffer_2 cyclic factor=PE_PARALLEL dim=3                           | ../src/top.cpp:354 in top, poly_buffer_2                                 |
| array_partition | variable=result_buffer cyclic factor=PE_PARALLEL dim=3                           | ../src/top.cpp:355 in top, result_buffer                                 |
| bind_storage    | variable=poly_buffer_1 type=ram_2p impl=bram                                     | ../src/top.cpp:357 in top, poly_buffer_1                                 |
| bind_storage    | variable=poly_buffer_2 type=ram_2p impl=bram                                     | ../src/top.cpp:358 in top, poly_buffer_2                                 |
| bind_storage    | variable=result_buffer type=ram_2p impl=bram                                     | ../src/top.cpp:359 in top, result_buffer                                 |
| array_partition | variable=NTTTwiddleFactor complete dim=2                                         | ../src/top.cpp:361 in top, NTTTwiddleFactor                              |
| array_partition | variable=NTTTwiddleFactor cyclic factor=PE_PARALLEL dim=3                        | ../src/top.cpp:362 in top, NTTTwiddleFactor                              |
| array_partition | variable=INTTTwiddleFactor complete dim=2                                        | ../src/top.cpp:363 in top, INTTTwiddleFactor                             |
| array_partition | variable=INTTTwiddleFactor cyclic factor=PE_PARALLEL dim=3                       | ../src/top.cpp:364 in top, INTTTwiddleFactor                             |
| bind_storage    | variable=NTTTwiddleFactor type=ram_2p impl=uram                                  | ../src/top.cpp:365 in top, NTTTwiddleFactor                              |
| bind_storage    | variable=INTTTwiddleFactor type=ram_2p impl=uram                                 | ../src/top.cpp:366 in top, INTTTwiddleFactor                             |
+-----------------+----------------------------------------------------------------------------------+--------------------------------------------------------------------------+


