Copyright 1986-2022 Xilinx, Inc. All Rights Reserved. Copyright 2022-2023 Advanced Micro Devices, Inc. All Rights Reserved.
---------------------------------------------------------------------------------------------------------------------------------------------
| Tool Version : Vivado v.2023.2 (lin64) Build 4029153 Fri Oct 13 20:13:54 MDT 2023
| Date         : Fri Sep  4 11:54:53 2026
| Host         : LAPTOP-PERMR8RO running 64-bit Ubuntu 22.04.5 LTS
| Command      : report_drc -file bd_0_wrapper_drc_routed.rpt -pb bd_0_wrapper_drc_routed.pb -rpx bd_0_wrapper_drc_routed.rpx
| Design       : bd_0_wrapper
| Device       : xcu55c-fsvh2892-2L-e
| Speed File   : -2L
| Design State : Fully Routed
---------------------------------------------------------------------------------------------------------------------------------------------

Report DRC

Table of Contents
-----------------
1. REPORT SUMMARY
2. REPORT DETAILS

1. REPORT SUMMARY
-----------------
            Netlist: netlist
          Floorplan: checkpoint_bd_0_wrapper
      Design limits: <entire design considered>
           Ruledeck: default
             Max violations: <unlimited>
             Violations found: 201
+-----------+----------+------------------------+------------+
| Rule      | Severity | Description            | Violations |
+-----------+----------+------------------------+------------+
| DPOP-4    | Warning  | MREG Output pipelining | 200        |
| RTSTAT-10 | Warning  | No routable loads      | 1          |
+-----------+----------+------------------------+------------+

2. REPORT DETAILS
-----------------
DPOP-4#1 Warning
MREG Output pipelining  
DSP bd_0_i/hls_inst/inst/grp_Execute_Transform_Operation_fu_2188/grp_Prepare_HKS_BConv_Input_fu_851/grp_MultMod_2_fu_929/mul_64ns_64ns_128_5_1_U2112/buff0_reg multiplier stage bd_0_i/hls_inst/inst/grp_Execute_Transform_Operation_fu_2188/grp_Prepare_HKS_BConv_Input_fu_851/grp_MultMod_2_fu_929/mul_64ns_64ns_128_5_1_U2112/buff0_reg/P[47:0] is not pipelined (MREG=0). Pipelining the multiplier function will improve performance and will save significant power so it is suggested whenever possible to fully pipeline this function.  If this multiplier was inferred, it is suggested to describe an additional register stage after this function.  If there is no registered adder/accumulator following the multiply function, two pipeline stages are suggested to allow both the MREG and PREG registers to be used.  If the DSP48 was instantiated in the design, it is suggested to set both the MREG and PREG attributes to 1 when performing multiply functions.
Related violations: <none>

DPOP-4#2 Warning
MREG Output pipelining  
DSP bd_0_i/hls_inst/inst/grp_Execute_Transform_Operation_fu_2188/grp_Prepare_HKS_BConv_Input_fu_851/grp_MultMod_2_fu_929/mul_64ns_64ns_128_5_1_U2112/buff0_reg__0 multiplier stage bd_0_i/hls_inst/inst/grp_Execute_Transform_Operation_fu_2188/grp_Prepare_HKS_BConv_Input_fu_851/grp_MultMod_2_fu_929/mul_64ns_64ns_128_5_1_U2112/buff0_reg__0/P[47:0] is not pipelined (MREG=0). Pipelining the multiplier function will improve performance and will save significant power so it is suggested whenever possible to fully pipeline this function.  If this multiplier was inferred, it is suggested to describe an additional register stage after this function.  If there is no registered adder/accumulator following the multiply function, two pipeline stages are suggested to allow both the MREG and PREG registers to be used.  If the DSP48 was instantiated in the design, it is suggested to set both the MREG and PREG attributes to 1 when performing multiply functions.
Related violations: <none>

DPOP-4#3 Warning
MREG Output pipelining  
DSP bd_0_i/hls_inst/inst/grp_Execute_Transform_Operation_fu_2188/grp_Prepare_HKS_BConv_Input_fu_851/grp_MultMod_2_fu_929/mul_64ns_64ns_128_5_1_U2112/buff0_reg__3 multiplier stage bd_0_i/hls_inst/inst/grp_Execute_Transform_Operation_fu_2188/grp_Prepare_HKS_BConv_Input_fu_851/grp_MultMod_2_fu_929/mul_64ns_64ns_128_5_1_U2112/buff0_reg__3/P[47:0] is not pipelined (MREG=0). Pipelining the multiplier function will improve performance and will save significant power so it is suggested whenever possible to fully pipeline this function.  If this multiplier was inferred, it is suggested to describe an additional register stage after this function.  If there is no registered adder/accumulator following the multiply function, two pipeline stages are suggested to allow both the MREG and PREG registers to be used.  If the DSP48 was instantiated in the design, it is suggested to set both the MREG and PREG attributes to 1 when performing multiply functions.
Related violations: <none>

DPOP-4#4 Warning
MREG Output pipelining  
DSP bd_0_i/hls_inst/inst/grp_Execute_Transform_Operation_fu_2188/grp_Prepare_HKS_BConv_Input_fu_851/grp_MultMod_2_fu_929/mul_64ns_64ns_128_5_1_U2113/buff0_reg multiplier stage bd_0_i/hls_inst/inst/grp_Execute_Transform_Operation_fu_2188/grp_Prepare_HKS_BConv_Input_fu_851/grp_MultMod_2_fu_929/mul_64ns_64ns_128_5_1_U2113/buff0_reg/P[47:0] is not pipelined (MREG=0). Pipelining the multiplier function will improve performance and will save significant power so it is suggested whenever possible to fully pipeline this function.  If this multiplier was inferred, it is suggested to describe an additional register stage after this function.  If there is no registered adder/accumulator following the multiply function, two pipeline stages are suggested to allow both the MREG and PREG registers to be used.  If the DSP48 was instantiated in the design, it is suggested to set both the MREG and PREG attributes to 1 when performing multiply functions.
Related violations: <none>

DPOP-4#5 Warning
MREG Output pipelining  
DSP bd_0_i/hls_inst/inst/grp_Execute_Transform_Operation_fu_2188/grp_Prepare_HKS_BConv_Input_fu_851/grp_MultMod_2_fu_929/mul_64ns_64ns_128_5_1_U2113/buff0_reg__0 multiplier stage bd_0_i/hls_inst/inst/grp_Execute_Transform_Operation_fu_2188/grp_Prepare_HKS_BConv_Input_fu_851/grp_MultMod_2_fu_929/mul_64ns_64ns_128_5_1_U2113/buff0_reg__0/P[47:0] is not pipelined (MREG=0). Pipelining the multiplier function will improve performance and will save significant power so it is suggested whenever possible to fully pipeline this function.  If this multiplier was inferred, it is suggested to describe an additional register stage after this function.  If there is no registered adder/accumulator following the multiply function, two pipeline stages are suggested to allow both the MREG and PREG registers to be used.  If the DSP48 was instantiated in the design, it is suggested to set both the MREG and PREG attributes to 1 when performing multiply functions.
Related violations: <none>

DPOP-4#6 Warning
MREG Output pipelining  
DSP bd_0_i/hls_inst/inst/grp_Execute_Transform_Operation_fu_2188/grp_Prepare_HKS_BConv_Input_fu_851/grp_MultMod_2_fu_929/mul_64ns_64ns_128_5_1_U2113/buff0_reg__3 multiplier stage bd_0_i/hls_inst/inst/grp_Execute_Transform_Operation_fu_2188/grp_Prepare_HKS_BConv_Input_fu_851/grp_MultMod_2_fu_929/mul_64ns_64ns_128_5_1_U2113/buff0_reg__3/P[47:0] is not pipelined (MREG=0). Pipelining the multiplier function will improve performance and will save significant power so it is suggested whenever possible to fully pipeline this function.  If this multiplier was inferred, it is suggested to describe an additional register stage after this function.  If there is no registered adder/accumulator following the multiply function, two pipeline stages are suggested to allow both the MREG and PREG registers to be used.  If the DSP48 was instantiated in the design, it is suggested to set both the MREG and PREG attributes to 1 when performing multiply functions.
Related violations: <none>

DPOP-4#7 Warning
MREG Output pipelining  
DSP bd_0_i/hls_inst/inst/grp_Execute_Transform_Operation_fu_2188/grp_Prepare_HKS_BConv_Input_fu_851/grp_MultMod_2_fu_929/mul_64ns_64ns_128_5_1_U2114/buff0_reg multiplier stage bd_0_i/hls_inst/inst/grp_Execute_Transform_Operation_fu_2188/grp_Prepare_HKS_BConv_Input_fu_851/grp_MultMod_2_fu_929/mul_64ns_64ns_128_5_1_U2114/buff0_reg/P[47:0] is not pipelined (MREG=0). Pipelining the multiplier function will improve performance and will save significant power so it is suggested whenever possible to fully pipeline this function.  If this multiplier was inferred, it is suggested to describe an additional register stage after this function.  If there is no registered adder/accumulator following the multiply function, two pipeline stages are suggested to allow both the MREG and PREG registers to be used.  If the DSP48 was instantiated in the design, it is suggested to set both the MREG and PREG attributes to 1 when performing multiply functions.
Related violations: <none>

DPOP-4#8 Warning
MREG Output pipelining  
DSP bd_0_i/hls_inst/inst/grp_Execute_Transform_Operation_fu_2188/grp_Prepare_HKS_BConv_Input_fu_851/grp_MultMod_2_fu_929/mul_64ns_64ns_128_5_1_U2114/buff0_reg__0 multiplier stage bd_0_i/hls_inst/inst/grp_Execute_Transform_Operation_fu_2188/grp_Prepare_HKS_BConv_Input_fu_851/grp_MultMod_2_fu_929/mul_64ns_64ns_128_5_1_U2114/buff0_reg__0/P[47:0] is not pipelined (MREG=0). Pipelining the multiplier function will improve performance and will save significant power so it is suggested whenever possible to fully pipeline this function.  If this multiplier was inferred, it is suggested to describe an additional register stage after this function.  If there is no registered adder/accumulator following the multiply function, two pipeline stages are suggested to allow both the MREG and PREG registers to be used.  If the DSP48 was instantiated in the design, it is suggested to set both the MREG and PREG attributes to 1 when performing multiply functions.
Related violations: <none>

DPOP-4#9 Warning
MREG Output pipelining  
DSP bd_0_i/hls_inst/inst/grp_Execute_Transform_Operation_fu_2188/grp_Prepare_HKS_BConv_Input_fu_851/grp_MultMod_2_fu_929/mul_64ns_64ns_128_5_1_U2114/buff0_reg__3 multiplier stage bd_0_i/hls_inst/inst/grp_Execute_Transform_Operation_fu_2188/grp_Prepare_HKS_BConv_Input_fu_851/grp_MultMod_2_fu_929/mul_64ns_64ns_128_5_1_U2114/buff0_reg__3/P[47:0] is not pipelined (MREG=0). Pipelining the multiplier function will improve performance and will save significant power so it is suggested whenever possible to fully pipeline this function.  If this multiplier was inferred, it is suggested to describe an additional register stage after this function.  If there is no registered adder/accumulator following the multiply function, two pipeline stages are suggested to allow both the MREG and PREG registers to be used.  If the DSP48 was instantiated in the design, it is suggested to set both the MREG and PREG attributes to 1 when performing multiply functions.
Related violations: <none>

DPOP-4#10 Warning
MREG Output pipelining  
DSP bd_0_i/hls_inst/inst/grp_Execute_Transform_Operation_fu_2188/grp_Prepare_HKS_BConv_Input_fu_851/grp_MultMod_2_fu_929/mul_64s_64s_64_5_1_U2115/buff0_reg__2 multiplier stage bd_0_i/hls_inst/inst/grp_Execute_Transform_Operation_fu_2188/grp_Prepare_HKS_BConv_Input_fu_851/grp_MultMod_2_fu_929/mul_64s_64s_64_5_1_U2115/buff0_reg__2/P[47:0] is not pipelined (MREG=0). Pipelining the multiplier function will improve performance and will save significant power so it is suggested whenever possible to fully pipeline this function.  If this multiplier was inferred, it is suggested to describe an additional register stage after this function.  If there is no registered adder/accumulator following the multiply function, two pipeline stages are suggested to allow both the MREG and PREG registers to be used.  If the DSP48 was instantiated in the design, it is suggested to set both the MREG and PREG attributes to 1 when performing multiply functions.
Related violations: <none>

DPOP-4#11 Warning
MREG Output pipelining  
DSP bd_0_i/hls_inst/inst/grp_MultMod_1_fu_2939/mul_64ns_64ns_128_5_1_U1183/buff0_reg multiplier stage bd_0_i/hls_inst/inst/grp_MultMod_1_fu_2939/mul_64ns_64ns_128_5_1_U1183/buff0_reg/P[47:0] is not pipelined (MREG=0). Pipelining the multiplier function will improve performance and will save significant power so it is suggested whenever possible to fully pipeline this function.  If this multiplier was inferred, it is suggested to describe an additional register stage after this function.  If there is no registered adder/accumulator following the multiply function, two pipeline stages are suggested to allow both the MREG and PREG registers to be used.  If the DSP48 was instantiated in the design, it is suggested to set both the MREG and PREG attributes to 1 when performing multiply functions.
Related violations: <none>

DPOP-4#12 Warning
MREG Output pipelining  
DSP bd_0_i/hls_inst/inst/grp_MultMod_1_fu_2939/mul_64ns_64ns_128_5_1_U1183/buff0_reg__0 multiplier stage bd_0_i/hls_inst/inst/grp_MultMod_1_fu_2939/mul_64ns_64ns_128_5_1_U1183/buff0_reg__0/P[47:0] is not pipelined (MREG=0). Pipelining the multiplier function will improve performance and will save significant power so it is suggested whenever possible to fully pipeline this function.  If this multiplier was inferred, it is suggested to describe an additional register stage after this function.  If there is no registered adder/accumulator following the multiply function, two pipeline stages are suggested to allow both the MREG and PREG registers to be used.  If the DSP48 was instantiated in the design, it is suggested to set both the MREG and PREG attributes to 1 when performing multiply functions.
Related violations: <none>

DPOP-4#13 Warning
MREG Output pipelining  
DSP bd_0_i/hls_inst/inst/grp_MultMod_1_fu_2939/mul_64ns_64ns_128_5_1_U1183/buff0_reg__3 multiplier stage bd_0_i/hls_inst/inst/grp_MultMod_1_fu_2939/mul_64ns_64ns_128_5_1_U1183/buff0_reg__3/P[47:0] is not pipelined (MREG=0). Pipelining the multiplier function will improve performance and will save significant power so it is suggested whenever possible to fully pipeline this function.  If this multiplier was inferred, it is suggested to describe an additional register stage after this function.  If there is no registered adder/accumulator following the multiply function, two pipeline stages are suggested to allow both the MREG and PREG registers to be used.  If the DSP48 was instantiated in the design, it is suggested to set both the MREG and PREG attributes to 1 when performing multiply functions.
Related violations: <none>

DPOP-4#14 Warning
MREG Output pipelining  
DSP bd_0_i/hls_inst/inst/grp_MultMod_1_fu_2939/mul_64ns_64ns_128_5_1_U1184/buff0_reg multiplier stage bd_0_i/hls_inst/inst/grp_MultMod_1_fu_2939/mul_64ns_64ns_128_5_1_U1184/buff0_reg/P[47:0] is not pipelined (MREG=0). Pipelining the multiplier function will improve performance and will save significant power so it is suggested whenever possible to fully pipeline this function.  If this multiplier was inferred, it is suggested to describe an additional register stage after this function.  If there is no registered adder/accumulator following the multiply function, two pipeline stages are suggested to allow both the MREG and PREG registers to be used.  If the DSP48 was instantiated in the design, it is suggested to set both the MREG and PREG attributes to 1 when performing multiply functions.
Related violations: <none>

DPOP-4#15 Warning
MREG Output pipelining  
DSP bd_0_i/hls_inst/inst/grp_MultMod_1_fu_2939/mul_64ns_64ns_128_5_1_U1184/buff0_reg__0 multiplier stage bd_0_i/hls_inst/inst/grp_MultMod_1_fu_2939/mul_64ns_64ns_128_5_1_U1184/buff0_reg__0/P[47:0] is not pipelined (MREG=0). Pipelining the multiplier function will improve performance and will save significant power so it is suggested whenever possible to fully pipeline this function.  If this multiplier was inferred, it is suggested to describe an additional register stage after this function.  If there is no registered adder/accumulator following the multiply function, two pipeline stages are suggested to allow both the MREG and PREG registers to be used.  If the DSP48 was instantiated in the design, it is suggested to set both the MREG and PREG attributes to 1 when performing multiply functions.
Related violations: <none>

DPOP-4#16 Warning
MREG Output pipelining  
DSP bd_0_i/hls_inst/inst/grp_MultMod_1_fu_2939/mul_64ns_64ns_128_5_1_U1184/buff0_reg__3 multiplier stage bd_0_i/hls_inst/inst/grp_MultMod_1_fu_2939/mul_64ns_64ns_128_5_1_U1184/buff0_reg__3/P[47:0] is not pipelined (MREG=0). Pipelining the multiplier function will improve performance and will save significant power so it is suggested whenever possible to fully pipeline this function.  If this multiplier was inferred, it is suggested to describe an additional register stage after this function.  If there is no registered adder/accumulator following the multiply function, two pipeline stages are suggested to allow both the MREG and PREG registers to be used.  If the DSP48 was instantiated in the design, it is suggested to set both the MREG and PREG attributes to 1 when performing multiply functions.
Related violations: <none>

DPOP-4#17 Warning
MREG Output pipelining  
DSP bd_0_i/hls_inst/inst/grp_MultMod_1_fu_2939/mul_64ns_64ns_128_5_1_U1185/buff0_reg multiplier stage bd_0_i/hls_inst/inst/grp_MultMod_1_fu_2939/mul_64ns_64ns_128_5_1_U1185/buff0_reg/P[47:0] is not pipelined (MREG=0). Pipelining the multiplier function will improve performance and will save significant power so it is suggested whenever possible to fully pipeline this function.  If this multiplier was inferred, it is suggested to describe an additional register stage after this function.  If there is no registered adder/accumulator following the multiply function, two pipeline stages are suggested to allow both the MREG and PREG registers to be used.  If the DSP48 was instantiated in the design, it is suggested to set both the MREG and PREG attributes to 1 when performing multiply functions.
Related violations: <none>

DPOP-4#18 Warning
MREG Output pipelining  
DSP bd_0_i/hls_inst/inst/grp_MultMod_1_fu_2939/mul_64ns_64ns_128_5_1_U1185/buff0_reg__0 multiplier stage bd_0_i/hls_inst/inst/grp_MultMod_1_fu_2939/mul_64ns_64ns_128_5_1_U1185/buff0_reg__0/P[47:0] is not pipelined (MREG=0). Pipelining the multiplier function will improve performance and will save significant power so it is suggested whenever possible to fully pipeline this function.  If this multiplier was inferred, it is suggested to describe an additional register stage after this function.  If there is no registered adder/accumulator following the multiply function, two pipeline stages are suggested to allow both the MREG and PREG registers to be used.  If the DSP48 was instantiated in the design, it is suggested to set both the MREG and PREG attributes to 1 when performing multiply functions.
Related violations: <none>

DPOP-4#19 Warning
MREG Output pipelining  
DSP bd_0_i/hls_inst/inst/grp_MultMod_1_fu_2939/mul_64ns_64ns_128_5_1_U1185/buff0_reg__3 multiplier stage bd_0_i/hls_inst/inst/grp_MultMod_1_fu_2939/mul_64ns_64ns_128_5_1_U1185/buff0_reg__3/P[47:0] is not pipelined (MREG=0). Pipelining the multiplier function will improve performance and will save significant power so it is suggested whenever possible to fully pipeline this function.  If this multiplier was inferred, it is suggested to describe an additional register stage after this function.  If there is no registered adder/accumulator following the multiply function, two pipeline stages are suggested to allow both the MREG and PREG registers to be used.  If the DSP48 was instantiated in the design, it is suggested to set both the MREG and PREG attributes to 1 when performing multiply functions.
Related violations: <none>

DPOP-4#20 Warning
MREG Output pipelining  
DSP bd_0_i/hls_inst/inst/grp_MultMod_1_fu_2939/mul_64s_64s_64_5_1_U1186/buff0_reg__2 multiplier stage bd_0_i/hls_inst/inst/grp_MultMod_1_fu_2939/mul_64s_64s_64_5_1_U1186/buff0_reg__2/P[47:0] is not pipelined (MREG=0). Pipelining the multiplier function will improve performance and will save significant power so it is suggested whenever possible to fully pipeline this function.  If this multiplier was inferred, it is suggested to describe an additional register stage after this function.  If there is no registered adder/accumulator following the multiply function, two pipeline stages are suggested to allow both the MREG and PREG registers to be used.  If the DSP48 was instantiated in the design, it is suggested to set both the MREG and PREG attributes to 1 when performing multiply functions.
Related violations: <none>

DPOP-4#21 Warning
MREG Output pipelining  
DSP bd_0_i/hls_inst/inst/grp_MultMod_1_fu_2947/mul_64ns_64ns_128_5_1_U1183/buff0_reg multiplier stage bd_0_i/hls_inst/inst/grp_MultMod_1_fu_2947/mul_64ns_64ns_128_5_1_U1183/buff0_reg/P[47:0] is not pipelined (MREG=0). Pipelining the multiplier function will improve performance and will save significant power so it is suggested whenever possible to fully pipeline this function.  If this multiplier was inferred, it is suggested to describe an additional register stage after this function.  If there is no registered adder/accumulator following the multiply function, two pipeline stages are suggested to allow both the MREG and PREG registers to be used.  If the DSP48 was instantiated in the design, it is suggested to set both the MREG and PREG attributes to 1 when performing multiply functions.
Related violations: <none>

DPOP-4#22 Warning
MREG Output pipelining  
DSP bd_0_i/hls_inst/inst/grp_MultMod_1_fu_2947/mul_64ns_64ns_128_5_1_U1183/buff0_reg__0 multiplier stage bd_0_i/hls_inst/inst/grp_MultMod_1_fu_2947/mul_64ns_64ns_128_5_1_U1183/buff0_reg__0/P[47:0] is not pipelined (MREG=0). Pipelining the multiplier function will improve performance and will save significant power so it is suggested whenever possible to fully pipeline this function.  If this multiplier was inferred, it is suggested to describe an additional register stage after this function.  If there is no registered adder/accumulator following the multiply function, two pipeline stages are suggested to allow both the MREG and PREG registers to be used.  If the DSP48 was instantiated in the design, it is suggested to set both the MREG and PREG attributes to 1 when performing multiply functions.
Related violations: <none>

DPOP-4#23 Warning
MREG Output pipelining  
DSP bd_0_i/hls_inst/inst/grp_MultMod_1_fu_2947/mul_64ns_64ns_128_5_1_U1183/buff0_reg__3 multiplier stage bd_0_i/hls_inst/inst/grp_MultMod_1_fu_2947/mul_64ns_64ns_128_5_1_U1183/buff0_reg__3/P[47:0] is not pipelined (MREG=0). Pipelining the multiplier function will improve performance and will save significant power so it is suggested whenever possible to fully pipeline this function.  If this multiplier was inferred, it is suggested to describe an additional register stage after this function.  If there is no registered adder/accumulator following the multiply function, two pipeline stages are suggested to allow both the MREG and PREG registers to be used.  If the DSP48 was instantiated in the design, it is suggested to set both the MREG and PREG attributes to 1 when performing multiply functions.
Related violations: <none>

DPOP-4#24 Warning
MREG Output pipelining  
DSP bd_0_i/hls_inst/inst/grp_MultMod_1_fu_2947/mul_64ns_64ns_128_5_1_U1184/buff0_reg multiplier stage bd_0_i/hls_inst/inst/grp_MultMod_1_fu_2947/mul_64ns_64ns_128_5_1_U1184/buff0_reg/P[47:0] is not pipelined (MREG=0). Pipelining the multiplier function will improve performance and will save significant power so it is suggested whenever possible to fully pipeline this function.  If this multiplier was inferred, it is suggested to describe an additional register stage after this function.  If there is no registered adder/accumulator following the multiply function, two pipeline stages are suggested to allow both the MREG and PREG registers to be used.  If the DSP48 was instantiated in the design, it is suggested to set both the MREG and PREG attributes to 1 when performing multiply functions.
Related violations: <none>

DPOP-4#25 Warning
MREG Output pipelining  
DSP bd_0_i/hls_inst/inst/grp_MultMod_1_fu_2947/mul_64ns_64ns_128_5_1_U1184/buff0_reg__0 multiplier stage bd_0_i/hls_inst/inst/grp_MultMod_1_fu_2947/mul_64ns_64ns_128_5_1_U1184/buff0_reg__0/P[47:0] is not pipelined (MREG=0). Pipelining the multiplier function will improve performance and will save significant power so it is suggested whenever possible to fully pipeline this function.  If this multiplier was inferred, it is suggested to describe an additional register stage after this function.  If there is no registered adder/accumulator following the multiply function, two pipeline stages are suggested to allow both the MREG and PREG registers to be used.  If the DSP48 was instantiated in the design, it is suggested to set both the MREG and PREG attributes to 1 when performing multiply functions.
Related violations: <none>

DPOP-4#26 Warning
MREG Output pipelining  
DSP bd_0_i/hls_inst/inst/grp_MultMod_1_fu_2947/mul_64ns_64ns_128_5_1_U1184/buff0_reg__3 multiplier stage bd_0_i/hls_inst/inst/grp_MultMod_1_fu_2947/mul_64ns_64ns_128_5_1_U1184/buff0_reg__3/P[47:0] is not pipelined (MREG=0). Pipelining the multiplier function will improve performance and will save significant power so it is suggested whenever possible to fully pipeline this function.  If this multiplier was inferred, it is suggested to describe an additional register stage after this function.  If there is no registered adder/accumulator following the multiply function, two pipeline stages are suggested to allow both the MREG and PREG registers to be used.  If the DSP48 was instantiated in the design, it is suggested to set both the MREG and PREG attributes to 1 when performing multiply functions.
Related violations: <none>

DPOP-4#27 Warning
MREG Output pipelining  
DSP bd_0_i/hls_inst/inst/grp_MultMod_1_fu_2947/mul_64ns_64ns_128_5_1_U1185/buff0_reg multiplier stage bd_0_i/hls_inst/inst/grp_MultMod_1_fu_2947/mul_64ns_64ns_128_5_1_U1185/buff0_reg/P[47:0] is not pipelined (MREG=0). Pipelining the multiplier function will improve performance and will save significant power so it is suggested whenever possible to fully pipeline this function.  If this multiplier was inferred, it is suggested to describe an additional register stage after this function.  If there is no registered adder/accumulator following the multiply function, two pipeline stages are suggested to allow both the MREG and PREG registers to be used.  If the DSP48 was instantiated in the design, it is suggested to set both the MREG and PREG attributes to 1 when performing multiply functions.
Related violations: <none>

DPOP-4#28 Warning
MREG Output pipelining  
DSP bd_0_i/hls_inst/inst/grp_MultMod_1_fu_2947/mul_64ns_64ns_128_5_1_U1185/buff0_reg__0 multiplier stage bd_0_i/hls_inst/inst/grp_MultMod_1_fu_2947/mul_64ns_64ns_128_5_1_U1185/buff0_reg__0/P[47:0] is not pipelined (MREG=0). Pipelining the multiplier function will improve performance and will save significant power so it is suggested whenever possible to fully pipeline this function.  If this multiplier was inferred, it is suggested to describe an additional register stage after this function.  If there is no registered adder/accumulator following the multiply function, two pipeline stages are suggested to allow both the MREG and PREG registers to be used.  If the DSP48 was instantiated in the design, it is suggested to set both the MREG and PREG attributes to 1 when performing multiply functions.
Related violations: <none>

DPOP-4#29 Warning
MREG Output pipelining  
DSP bd_0_i/hls_inst/inst/grp_MultMod_1_fu_2947/mul_64ns_64ns_128_5_1_U1185/buff0_reg__3 multiplier stage bd_0_i/hls_inst/inst/grp_MultMod_1_fu_2947/mul_64ns_64ns_128_5_1_U1185/buff0_reg__3/P[47:0] is not pipelined (MREG=0). Pipelining the multiplier function will improve performance and will save significant power so it is suggested whenever possible to fully pipeline this function.  If this multiplier was inferred, it is suggested to describe an additional register stage after this function.  If there is no registered adder/accumulator following the multiply function, two pipeline stages are suggested to allow both the MREG and PREG registers to be used.  If the DSP48 was instantiated in the design, it is suggested to set both the MREG and PREG attributes to 1 when performing multiply functions.
Related violations: <none>

DPOP-4#30 Warning
MREG Output pipelining  
DSP bd_0_i/hls_inst/inst/grp_MultMod_1_fu_2947/mul_64s_64s_64_5_1_U1186/buff0_reg__2 multiplier stage bd_0_i/hls_inst/inst/grp_MultMod_1_fu_2947/mul_64s_64s_64_5_1_U1186/buff0_reg__2/P[47:0] is not pipelined (MREG=0). Pipelining the multiplier function will improve performance and will save significant power so it is suggested whenever possible to fully pipeline this function.  If this multiplier was inferred, it is suggested to describe an additional register stage after this function.  If there is no registered adder/accumulator following the multiply function, two pipeline stages are suggested to allow both the MREG and PREG registers to be used.  If the DSP48 was instantiated in the design, it is suggested to set both the MREG and PREG attributes to 1 when performing multiply functions.
Related violations: <none>

DPOP-4#31 Warning
MREG Output pipelining  
DSP bd_0_i/hls_inst/inst/grp_MultMod_1_fu_2955/mul_64ns_64ns_128_5_1_U1183/buff0_reg multiplier stage bd_0_i/hls_inst/inst/grp_MultMod_1_fu_2955/mul_64ns_64ns_128_5_1_U1183/buff0_reg/P[47:0] is not pipelined (MREG=0). Pipelining the multiplier function will improve performance and will save significant power so it is suggested whenever possible to fully pipeline this function.  If this multiplier was inferred, it is suggested to describe an additional register stage after this function.  If there is no registered adder/accumulator following the multiply function, two pipeline stages are suggested to allow both the MREG and PREG registers to be used.  If the DSP48 was instantiated in the design, it is suggested to set both the MREG and PREG attributes to 1 when performing multiply functions.
Related violations: <none>

DPOP-4#32 Warning
MREG Output pipelining  
DSP bd_0_i/hls_inst/inst/grp_MultMod_1_fu_2955/mul_64ns_64ns_128_5_1_U1183/buff0_reg__0 multiplier stage bd_0_i/hls_inst/inst/grp_MultMod_1_fu_2955/mul_64ns_64ns_128_5_1_U1183/buff0_reg__0/P[47:0] is not pipelined (MREG=0). Pipelining the multiplier function will improve performance and will save significant power so it is suggested whenever possible to fully pipeline this function.  If this multiplier was inferred, it is suggested to describe an additional register stage after this function.  If there is no registered adder/accumulator following the multiply function, two pipeline stages are suggested to allow both the MREG and PREG registers to be used.  If the DSP48 was instantiated in the design, it is suggested to set both the MREG and PREG attributes to 1 when performing multiply functions.
Related violations: <none>

DPOP-4#33 Warning
MREG Output pipelining  
DSP bd_0_i/hls_inst/inst/grp_MultMod_1_fu_2955/mul_64ns_64ns_128_5_1_U1183/buff0_reg__3 multiplier stage bd_0_i/hls_inst/inst/grp_MultMod_1_fu_2955/mul_64ns_64ns_128_5_1_U1183/buff0_reg__3/P[47:0] is not pipelined (MREG=0). Pipelining the multiplier function will improve performance and will save significant power so it is suggested whenever possible to fully pipeline this function.  If this multiplier was inferred, it is suggested to describe an additional register stage after this function.  If there is no registered adder/accumulator following the multiply function, two pipeline stages are suggested to allow both the MREG and PREG registers to be used.  If the DSP48 was instantiated in the design, it is suggested to set both the MREG and PREG attributes to 1 when performing multiply functions.
Related violations: <none>

DPOP-4#34 Warning
MREG Output pipelining  
DSP bd_0_i/hls_inst/inst/grp_MultMod_1_fu_2955/mul_64ns_64ns_128_5_1_U1184/buff0_reg multiplier stage bd_0_i/hls_inst/inst/grp_MultMod_1_fu_2955/mul_64ns_64ns_128_5_1_U1184/buff0_reg/P[47:0] is not pipelined (MREG=0). Pipelining the multiplier function will improve performance and will save significant power so it is suggested whenever possible to fully pipeline this function.  If this multiplier was inferred, it is suggested to describe an additional register stage after this function.  If there is no registered adder/accumulator following the multiply function, two pipeline stages are suggested to allow both the MREG and PREG registers to be used.  If the DSP48 was instantiated in the design, it is suggested to set both the MREG and PREG attributes to 1 when performing multiply functions.
Related violations: <none>

DPOP-4#35 Warning
MREG Output pipelining  
DSP bd_0_i/hls_inst/inst/grp_MultMod_1_fu_2955/mul_64ns_64ns_128_5_1_U1184/buff0_reg__0 multiplier stage bd_0_i/hls_inst/inst/grp_MultMod_1_fu_2955/mul_64ns_64ns_128_5_1_U1184/buff0_reg__0/P[47:0] is not pipelined (MREG=0). Pipelining the multiplier function will improve performance and will save significant power so it is suggested whenever possible to fully pipeline this function.  If this multiplier was inferred, it is suggested to describe an additional register stage after this function.  If there is no registered adder/accumulator following the multiply function, two pipeline stages are suggested to allow both the MREG and PREG registers to be used.  If the DSP48 was instantiated in the design, it is suggested to set both the MREG and PREG attributes to 1 when performing multiply functions.
Related violations: <none>

DPOP-4#36 Warning
MREG Output pipelining  
DSP bd_0_i/hls_inst/inst/grp_MultMod_1_fu_2955/mul_64ns_64ns_128_5_1_U1184/buff0_reg__3 multiplier stage bd_0_i/hls_inst/inst/grp_MultMod_1_fu_2955/mul_64ns_64ns_128_5_1_U1184/buff0_reg__3/P[47:0] is not pipelined (MREG=0). Pipelining the multiplier function will improve performance and will save significant power so it is suggested whenever possible to fully pipeline this function.  If this multiplier was inferred, it is suggested to describe an additional register stage after this function.  If there is no registered adder/accumulator following the multiply function, two pipeline stages are suggested to allow both the MREG and PREG registers to be used.  If the DSP48 was instantiated in the design, it is suggested to set both the MREG and PREG attributes to 1 when performing multiply functions.
Related violations: <none>

DPOP-4#37 Warning
MREG Output pipelining  
DSP bd_0_i/hls_inst/inst/grp_MultMod_1_fu_2955/mul_64ns_64ns_128_5_1_U1185/buff0_reg multiplier stage bd_0_i/hls_inst/inst/grp_MultMod_1_fu_2955/mul_64ns_64ns_128_5_1_U1185/buff0_reg/P[47:0] is not pipelined (MREG=0). Pipelining the multiplier function will improve performance and will save significant power so it is suggested whenever possible to fully pipeline this function.  If this multiplier was inferred, it is suggested to describe an additional register stage after this function.  If there is no registered adder/accumulator following the multiply function, two pipeline stages are suggested to allow both the MREG and PREG registers to be used.  If the DSP48 was instantiated in the design, it is suggested to set both the MREG and PREG attributes to 1 when performing multiply functions.
Related violations: <none>

DPOP-4#38 Warning
MREG Output pipelining  
DSP bd_0_i/hls_inst/inst/grp_MultMod_1_fu_2955/mul_64ns_64ns_128_5_1_U1185/buff0_reg__0 multiplier stage bd_0_i/hls_inst/inst/grp_MultMod_1_fu_2955/mul_64ns_64ns_128_5_1_U1185/buff0_reg__0/P[47:0] is not pipelined (MREG=0). Pipelining the multiplier function will improve performance and will save significant power so it is suggested whenever possible to fully pipeline this function.  If this multiplier was inferred, it is suggested to describe an additional register stage after this function.  If there is no registered adder/accumulator following the multiply function, two pipeline stages are suggested to allow both the MREG and PREG registers to be used.  If the DSP48 was instantiated in the design, it is suggested to set both the MREG and PREG attributes to 1 when performing multiply functions.
Related violations: <none>

DPOP-4#39 Warning
MREG Output pipelining  
DSP bd_0_i/hls_inst/inst/grp_MultMod_1_fu_2955/mul_64ns_64ns_128_5_1_U1185/buff0_reg__3 multiplier stage bd_0_i/hls_inst/inst/grp_MultMod_1_fu_2955/mul_64ns_64ns_128_5_1_U1185/buff0_reg__3/P[47:0] is not pipelined (MREG=0). Pipelining the multiplier function will improve performance and will save significant power so it is suggested whenever possible to fully pipeline this function.  If this multiplier was inferred, it is suggested to describe an additional register stage after this function.  If there is no registered adder/accumulator following the multiply function, two pipeline stages are suggested to allow both the MREG and PREG registers to be used.  If the DSP48 was instantiated in the design, it is suggested to set both the MREG and PREG attributes to 1 when performing multiply functions.
Related violations: <none>

DPOP-4#40 Warning
MREG Output pipelining  
DSP bd_0_i/hls_inst/inst/grp_MultMod_1_fu_2955/mul_64s_64s_64_5_1_U1186/buff0_reg__2 multiplier stage bd_0_i/hls_inst/inst/grp_MultMod_1_fu_2955/mul_64s_64s_64_5_1_U1186/buff0_reg__2/P[47:0] is not pipelined (MREG=0). Pipelining the multiplier function will improve performance and will save significant power so it is suggested whenever possible to fully pipeline this function.  If this multiplier was inferred, it is suggested to describe an additional register stage after this function.  If there is no registered adder/accumulator following the multiply function, two pipeline stages are suggested to allow both the MREG and PREG registers to be used.  If the DSP48 was instantiated in the design, it is suggested to set both the MREG and PREG attributes to 1 when performing multiply functions.
Related violations: <none>

DPOP-4#41 Warning
MREG Output pipelining  
DSP bd_0_i/hls_inst/inst/grp_MultMod_1_fu_2963/mul_64ns_64ns_128_5_1_U1183/buff0_reg multiplier stage bd_0_i/hls_inst/inst/grp_MultMod_1_fu_2963/mul_64ns_64ns_128_5_1_U1183/buff0_reg/P[47:0] is not pipelined (MREG=0). Pipelining the multiplier function will improve performance and will save significant power so it is suggested whenever possible to fully pipeline this function.  If this multiplier was inferred, it is suggested to describe an additional register stage after this function.  If there is no registered adder/accumulator following the multiply function, two pipeline stages are suggested to allow both the MREG and PREG registers to be used.  If the DSP48 was instantiated in the design, it is suggested to set both the MREG and PREG attributes to 1 when performing multiply functions.
Related violations: <none>

DPOP-4#42 Warning
MREG Output pipelining  
DSP bd_0_i/hls_inst/inst/grp_MultMod_1_fu_2963/mul_64ns_64ns_128_5_1_U1183/buff0_reg__0 multiplier stage bd_0_i/hls_inst/inst/grp_MultMod_1_fu_2963/mul_64ns_64ns_128_5_1_U1183/buff0_reg__0/P[47:0] is not pipelined (MREG=0). Pipelining the multiplier function will improve performance and will save significant power so it is suggested whenever possible to fully pipeline this function.  If this multiplier was inferred, it is suggested to describe an additional register stage after this function.  If there is no registered adder/accumulator following the multiply function, two pipeline stages are suggested to allow both the MREG and PREG registers to be used.  If the DSP48 was instantiated in the design, it is suggested to set both the MREG and PREG attributes to 1 when performing multiply functions.
Related violations: <none>

DPOP-4#43 Warning
MREG Output pipelining  
DSP bd_0_i/hls_inst/inst/grp_MultMod_1_fu_2963/mul_64ns_64ns_128_5_1_U1183/buff0_reg__3 multiplier stage bd_0_i/hls_inst/inst/grp_MultMod_1_fu_2963/mul_64ns_64ns_128_5_1_U1183/buff0_reg__3/P[47:0] is not pipelined (MREG=0). Pipelining the multiplier function will improve performance and will save significant power so it is suggested whenever possible to fully pipeline this function.  If this multiplier was inferred, it is suggested to describe an additional register stage after this function.  If there is no registered adder/accumulator following the multiply function, two pipeline stages are suggested to allow both the MREG and PREG registers to be used.  If the DSP48 was instantiated in the design, it is suggested to set both the MREG and PREG attributes to 1 when performing multiply functions.
Related violations: <none>

DPOP-4#44 Warning
MREG Output pipelining  
DSP bd_0_i/hls_inst/inst/grp_MultMod_1_fu_2963/mul_64ns_64ns_128_5_1_U1184/buff0_reg multiplier stage bd_0_i/hls_inst/inst/grp_MultMod_1_fu_2963/mul_64ns_64ns_128_5_1_U1184/buff0_reg/P[47:0] is not pipelined (MREG=0). Pipelining the multiplier function will improve performance and will save significant power so it is suggested whenever possible to fully pipeline this function.  If this multiplier was inferred, it is suggested to describe an additional register stage after this function.  If there is no registered adder/accumulator following the multiply function, two pipeline stages are suggested to allow both the MREG and PREG registers to be used.  If the DSP48 was instantiated in the design, it is suggested to set both the MREG and PREG attributes to 1 when performing multiply functions.
Related violations: <none>

DPOP-4#45 Warning
MREG Output pipelining  
DSP bd_0_i/hls_inst/inst/grp_MultMod_1_fu_2963/mul_64ns_64ns_128_5_1_U1184/buff0_reg__0 multiplier stage bd_0_i/hls_inst/inst/grp_MultMod_1_fu_2963/mul_64ns_64ns_128_5_1_U1184/buff0_reg__0/P[47:0] is not pipelined (MREG=0). Pipelining the multiplier function will improve performance and will save significant power so it is suggested whenever possible to fully pipeline this function.  If this multiplier was inferred, it is suggested to describe an additional register stage after this function.  If there is no registered adder/accumulator following the multiply function, two pipeline stages are suggested to allow both the MREG and PREG registers to be used.  If the DSP48 was instantiated in the design, it is suggested to set both the MREG and PREG attributes to 1 when performing multiply functions.
Related violations: <none>

DPOP-4#46 Warning
MREG Output pipelining  
DSP bd_0_i/hls_inst/inst/grp_MultMod_1_fu_2963/mul_64ns_64ns_128_5_1_U1184/buff0_reg__3 multiplier stage bd_0_i/hls_inst/inst/grp_MultMod_1_fu_2963/mul_64ns_64ns_128_5_1_U1184/buff0_reg__3/P[47:0] is not pipelined (MREG=0). Pipelining the multiplier function will improve performance and will save significant power so it is suggested whenever possible to fully pipeline this function.  If this multiplier was inferred, it is suggested to describe an additional register stage after this function.  If there is no registered adder/accumulator following the multiply function, two pipeline stages are suggested to allow both the MREG and PREG registers to be used.  If the DSP48 was instantiated in the design, it is suggested to set both the MREG and PREG attributes to 1 when performing multiply functions.
Related violations: <none>

DPOP-4#47 Warning
MREG Output pipelining  
DSP bd_0_i/hls_inst/inst/grp_MultMod_1_fu_2963/mul_64ns_64ns_128_5_1_U1185/buff0_reg multiplier stage bd_0_i/hls_inst/inst/grp_MultMod_1_fu_2963/mul_64ns_64ns_128_5_1_U1185/buff0_reg/P[47:0] is not pipelined (MREG=0). Pipelining the multiplier function will improve performance and will save significant power so it is suggested whenever possible to fully pipeline this function.  If this multiplier was inferred, it is suggested to describe an additional register stage after this function.  If there is no registered adder/accumulator following the multiply function, two pipeline stages are suggested to allow both the MREG and PREG registers to be used.  If the DSP48 was instantiated in the design, it is suggested to set both the MREG and PREG attributes to 1 when performing multiply functions.
Related violations: <none>

DPOP-4#48 Warning
MREG Output pipelining  
DSP bd_0_i/hls_inst/inst/grp_MultMod_1_fu_2963/mul_64ns_64ns_128_5_1_U1185/buff0_reg__0 multiplier stage bd_0_i/hls_inst/inst/grp_MultMod_1_fu_2963/mul_64ns_64ns_128_5_1_U1185/buff0_reg__0/P[47:0] is not pipelined (MREG=0). Pipelining the multiplier function will improve performance and will save significant power so it is suggested whenever possible to fully pipeline this function.  If this multiplier was inferred, it is suggested to describe an additional register stage after this function.  If there is no registered adder/accumulator following the multiply function, two pipeline stages are suggested to allow both the MREG and PREG registers to be used.  If the DSP48 was instantiated in the design, it is suggested to set both the MREG and PREG attributes to 1 when performing multiply functions.
Related violations: <none>

DPOP-4#49 Warning
MREG Output pipelining  
DSP bd_0_i/hls_inst/inst/grp_MultMod_1_fu_2963/mul_64ns_64ns_128_5_1_U1185/buff0_reg__3 multiplier stage bd_0_i/hls_inst/inst/grp_MultMod_1_fu_2963/mul_64ns_64ns_128_5_1_U1185/buff0_reg__3/P[47:0] is not pipelined (MREG=0). Pipelining the multiplier function will improve performance and will save significant power so it is suggested whenever possible to fully pipeline this function.  If this multiplier was inferred, it is suggested to describe an additional register stage after this function.  If there is no registered adder/accumulator following the multiply function, two pipeline stages are suggested to allow both the MREG and PREG registers to be used.  If the DSP48 was instantiated in the design, it is suggested to set both the MREG and PREG attributes to 1 when performing multiply functions.
Related violations: <none>

DPOP-4#50 Warning
MREG Output pipelining  
DSP bd_0_i/hls_inst/inst/grp_MultMod_1_fu_2963/mul_64s_64s_64_5_1_U1186/buff0_reg__2 multiplier stage bd_0_i/hls_inst/inst/grp_MultMod_1_fu_2963/mul_64s_64s_64_5_1_U1186/buff0_reg__2/P[47:0] is not pipelined (MREG=0). Pipelining the multiplier function will improve performance and will save significant power so it is suggested whenever possible to fully pipeline this function.  If this multiplier was inferred, it is suggested to describe an additional register stage after this function.  If there is no registered adder/accumulator following the multiply function, two pipeline stages are suggested to allow both the MREG and PREG registers to be used.  If the DSP48 was instantiated in the design, it is suggested to set both the MREG and PREG attributes to 1 when performing multiply functions.
Related violations: <none>

DPOP-4#51 Warning
MREG Output pipelining  
DSP bd_0_i/hls_inst/inst/grp_MultMod_fu_2819/mul_64ns_64ns_128_5_1_U645/buff0_reg multiplier stage bd_0_i/hls_inst/inst/grp_MultMod_fu_2819/mul_64ns_64ns_128_5_1_U645/buff0_reg/P[47:0] is not pipelined (MREG=0). Pipelining the multiplier function will improve performance and will save significant power so it is suggested whenever possible to fully pipeline this function.  If this multiplier was inferred, it is suggested to describe an additional register stage after this function.  If there is no registered adder/accumulator following the multiply function, two pipeline stages are suggested to allow both the MREG and PREG registers to be used.  If the DSP48 was instantiated in the design, it is suggested to set both the MREG and PREG attributes to 1 when performing multiply functions.
Related violations: <none>

DPOP-4#52 Warning
MREG Output pipelining  
DSP bd_0_i/hls_inst/inst/grp_MultMod_fu_2819/mul_64ns_64ns_128_5_1_U645/buff0_reg__0 multiplier stage bd_0_i/hls_inst/inst/grp_MultMod_fu_2819/mul_64ns_64ns_128_5_1_U645/buff0_reg__0/P[47:0] is not pipelined (MREG=0). Pipelining the multiplier function will improve performance and will save significant power so it is suggested whenever possible to fully pipeline this function.  If this multiplier was inferred, it is suggested to describe an additional register stage after this function.  If there is no registered adder/accumulator following the multiply function, two pipeline stages are suggested to allow both the MREG and PREG registers to be used.  If the DSP48 was instantiated in the design, it is suggested to set both the MREG and PREG attributes to 1 when performing multiply functions.
Related violations: <none>

DPOP-4#53 Warning
MREG Output pipelining  
DSP bd_0_i/hls_inst/inst/grp_MultMod_fu_2819/mul_64ns_64ns_128_5_1_U645/buff0_reg__3 multiplier stage bd_0_i/hls_inst/inst/grp_MultMod_fu_2819/mul_64ns_64ns_128_5_1_U645/buff0_reg__3/P[47:0] is not pipelined (MREG=0). Pipelining the multiplier function will improve performance and will save significant power so it is suggested whenever possible to fully pipeline this function.  If this multiplier was inferred, it is suggested to describe an additional register stage after this function.  If there is no registered adder/accumulator following the multiply function, two pipeline stages are suggested to allow both the MREG and PREG registers to be used.  If the DSP48 was instantiated in the design, it is suggested to set both the MREG and PREG attributes to 1 when performing multiply functions.
Related violations: <none>

DPOP-4#54 Warning
MREG Output pipelining  
DSP bd_0_i/hls_inst/inst/grp_MultMod_fu_2819/mul_64ns_64ns_128_5_1_U646/buff0_reg multiplier stage bd_0_i/hls_inst/inst/grp_MultMod_fu_2819/mul_64ns_64ns_128_5_1_U646/buff0_reg/P[47:0] is not pipelined (MREG=0). Pipelining the multiplier function will improve performance and will save significant power so it is suggested whenever possible to fully pipeline this function.  If this multiplier was inferred, it is suggested to describe an additional register stage after this function.  If there is no registered adder/accumulator following the multiply function, two pipeline stages are suggested to allow both the MREG and PREG registers to be used.  If the DSP48 was instantiated in the design, it is suggested to set both the MREG and PREG attributes to 1 when performing multiply functions.
Related violations: <none>

DPOP-4#55 Warning
MREG Output pipelining  
DSP bd_0_i/hls_inst/inst/grp_MultMod_fu_2819/mul_64ns_64ns_128_5_1_U646/buff0_reg__0 multiplier stage bd_0_i/hls_inst/inst/grp_MultMod_fu_2819/mul_64ns_64ns_128_5_1_U646/buff0_reg__0/P[47:0] is not pipelined (MREG=0). Pipelining the multiplier function will improve performance and will save significant power so it is suggested whenever possible to fully pipeline this function.  If this multiplier was inferred, it is suggested to describe an additional register stage after this function.  If there is no registered adder/accumulator following the multiply function, two pipeline stages are suggested to allow both the MREG and PREG registers to be used.  If the DSP48 was instantiated in the design, it is suggested to set both the MREG and PREG attributes to 1 when performing multiply functions.
Related violations: <none>

DPOP-4#56 Warning
MREG Output pipelining  
DSP bd_0_i/hls_inst/inst/grp_MultMod_fu_2819/mul_64ns_64ns_128_5_1_U646/buff0_reg__3 multiplier stage bd_0_i/hls_inst/inst/grp_MultMod_fu_2819/mul_64ns_64ns_128_5_1_U646/buff0_reg__3/P[47:0] is not pipelined (MREG=0). Pipelining the multiplier function will improve performance and will save significant power so it is suggested whenever possible to fully pipeline this function.  If this multiplier was inferred, it is suggested to describe an additional register stage after this function.  If there is no registered adder/accumulator following the multiply function, two pipeline stages are suggested to allow both the MREG and PREG registers to be used.  If the DSP48 was instantiated in the design, it is suggested to set both the MREG and PREG attributes to 1 when performing multiply functions.
Related violations: <none>

DPOP-4#57 Warning
MREG Output pipelining  
DSP bd_0_i/hls_inst/inst/grp_MultMod_fu_2819/mul_64ns_64ns_128_5_1_U647/buff0_reg multiplier stage bd_0_i/hls_inst/inst/grp_MultMod_fu_2819/mul_64ns_64ns_128_5_1_U647/buff0_reg/P[47:0] is not pipelined (MREG=0). Pipelining the multiplier function will improve performance and will save significant power so it is suggested whenever possible to fully pipeline this function.  If this multiplier was inferred, it is suggested to describe an additional register stage after this function.  If there is no registered adder/accumulator following the multiply function, two pipeline stages are suggested to allow both the MREG and PREG registers to be used.  If the DSP48 was instantiated in the design, it is suggested to set both the MREG and PREG attributes to 1 when performing multiply functions.
Related violations: <none>

DPOP-4#58 Warning
MREG Output pipelining  
DSP bd_0_i/hls_inst/inst/grp_MultMod_fu_2819/mul_64ns_64ns_128_5_1_U647/buff0_reg__0 multiplier stage bd_0_i/hls_inst/inst/grp_MultMod_fu_2819/mul_64ns_64ns_128_5_1_U647/buff0_reg__0/P[47:0] is not pipelined (MREG=0). Pipelining the multiplier function will improve performance and will save significant power so it is suggested whenever possible to fully pipeline this function.  If this multiplier was inferred, it is suggested to describe an additional register stage after this function.  If there is no registered adder/accumulator following the multiply function, two pipeline stages are suggested to allow both the MREG and PREG registers to be used.  If the DSP48 was instantiated in the design, it is suggested to set both the MREG and PREG attributes to 1 when performing multiply functions.
Related violations: <none>

DPOP-4#59 Warning
MREG Output pipelining  
DSP bd_0_i/hls_inst/inst/grp_MultMod_fu_2819/mul_64ns_64ns_128_5_1_U647/buff0_reg__3 multiplier stage bd_0_i/hls_inst/inst/grp_MultMod_fu_2819/mul_64ns_64ns_128_5_1_U647/buff0_reg__3/P[47:0] is not pipelined (MREG=0). Pipelining the multiplier function will improve performance and will save significant power so it is suggested whenever possible to fully pipeline this function.  If this multiplier was inferred, it is suggested to describe an additional register stage after this function.  If there is no registered adder/accumulator following the multiply function, two pipeline stages are suggested to allow both the MREG and PREG registers to be used.  If the DSP48 was instantiated in the design, it is suggested to set both the MREG and PREG attributes to 1 when performing multiply functions.
Related violations: <none>

DPOP-4#60 Warning
MREG Output pipelining  
DSP bd_0_i/hls_inst/inst/grp_MultMod_fu_2819/mul_64s_64s_64_5_1_U648/buff0_reg__2 multiplier stage bd_0_i/hls_inst/inst/grp_MultMod_fu_2819/mul_64s_64s_64_5_1_U648/buff0_reg__2/P[47:0] is not pipelined (MREG=0). Pipelining the multiplier function will improve performance and will save significant power so it is suggested whenever possible to fully pipeline this function.  If this multiplier was inferred, it is suggested to describe an additional register stage after this function.  If there is no registered adder/accumulator following the multiply function, two pipeline stages are suggested to allow both the MREG and PREG registers to be used.  If the DSP48 was instantiated in the design, it is suggested to set both the MREG and PREG attributes to 1 when performing multiply functions.
Related violations: <none>

DPOP-4#61 Warning
MREG Output pipelining  
DSP bd_0_i/hls_inst/inst/grp_MultMod_fu_2827/mul_64ns_64ns_128_5_1_U645/buff0_reg multiplier stage bd_0_i/hls_inst/inst/grp_MultMod_fu_2827/mul_64ns_64ns_128_5_1_U645/buff0_reg/P[47:0] is not pipelined (MREG=0). Pipelining the multiplier function will improve performance and will save significant power so it is suggested whenever possible to fully pipeline this function.  If this multiplier was inferred, it is suggested to describe an additional register stage after this function.  If there is no registered adder/accumulator following the multiply function, two pipeline stages are suggested to allow both the MREG and PREG registers to be used.  If the DSP48 was instantiated in the design, it is suggested to set both the MREG and PREG attributes to 1 when performing multiply functions.
Related violations: <none>

DPOP-4#62 Warning
MREG Output pipelining  
DSP bd_0_i/hls_inst/inst/grp_MultMod_fu_2827/mul_64ns_64ns_128_5_1_U645/buff0_reg__0 multiplier stage bd_0_i/hls_inst/inst/grp_MultMod_fu_2827/mul_64ns_64ns_128_5_1_U645/buff0_reg__0/P[47:0] is not pipelined (MREG=0). Pipelining the multiplier function will improve performance and will save significant power so it is suggested whenever possible to fully pipeline this function.  If this multiplier was inferred, it is suggested to describe an additional register stage after this function.  If there is no registered adder/accumulator following the multiply function, two pipeline stages are suggested to allow both the MREG and PREG registers to be used.  If the DSP48 was instantiated in the design, it is suggested to set both the MREG and PREG attributes to 1 when performing multiply functions.
Related violations: <none>

DPOP-4#63 Warning
MREG Output pipelining  
DSP bd_0_i/hls_inst/inst/grp_MultMod_fu_2827/mul_64ns_64ns_128_5_1_U645/buff0_reg__3 multiplier stage bd_0_i/hls_inst/inst/grp_MultMod_fu_2827/mul_64ns_64ns_128_5_1_U645/buff0_reg__3/P[47:0] is not pipelined (MREG=0). Pipelining the multiplier function will improve performance and will save significant power so it is suggested whenever possible to fully pipeline this function.  If this multiplier was inferred, it is suggested to describe an additional register stage after this function.  If there is no registered adder/accumulator following the multiply function, two pipeline stages are suggested to allow both the MREG and PREG registers to be used.  If the DSP48 was instantiated in the design, it is suggested to set both the MREG and PREG attributes to 1 when performing multiply functions.
Related violations: <none>

DPOP-4#64 Warning
MREG Output pipelining  
DSP bd_0_i/hls_inst/inst/grp_MultMod_fu_2827/mul_64ns_64ns_128_5_1_U646/buff0_reg multiplier stage bd_0_i/hls_inst/inst/grp_MultMod_fu_2827/mul_64ns_64ns_128_5_1_U646/buff0_reg/P[47:0] is not pipelined (MREG=0). Pipelining the multiplier function will improve performance and will save significant power so it is suggested whenever possible to fully pipeline this function.  If this multiplier was inferred, it is suggested to describe an additional register stage after this function.  If there is no registered adder/accumulator following the multiply function, two pipeline stages are suggested to allow both the MREG and PREG registers to be used.  If the DSP48 was instantiated in the design, it is suggested to set both the MREG and PREG attributes to 1 when performing multiply functions.
Related violations: <none>

DPOP-4#65 Warning
MREG Output pipelining  
DSP bd_0_i/hls_inst/inst/grp_MultMod_fu_2827/mul_64ns_64ns_128_5_1_U646/buff0_reg__0 multiplier stage bd_0_i/hls_inst/inst/grp_MultMod_fu_2827/mul_64ns_64ns_128_5_1_U646/buff0_reg__0/P[47:0] is not pipelined (MREG=0). Pipelining the multiplier function will improve performance and will save significant power so it is suggested whenever possible to fully pipeline this function.  If this multiplier was inferred, it is suggested to describe an additional register stage after this function.  If there is no registered adder/accumulator following the multiply function, two pipeline stages are suggested to allow both the MREG and PREG registers to be used.  If the DSP48 was instantiated in the design, it is suggested to set both the MREG and PREG attributes to 1 when performing multiply functions.
Related violations: <none>

DPOP-4#66 Warning
MREG Output pipelining  
DSP bd_0_i/hls_inst/inst/grp_MultMod_fu_2827/mul_64ns_64ns_128_5_1_U646/buff0_reg__3 multiplier stage bd_0_i/hls_inst/inst/grp_MultMod_fu_2827/mul_64ns_64ns_128_5_1_U646/buff0_reg__3/P[47:0] is not pipelined (MREG=0). Pipelining the multiplier function will improve performance and will save significant power so it is suggested whenever possible to fully pipeline this function.  If this multiplier was inferred, it is suggested to describe an additional register stage after this function.  If there is no registered adder/accumulator following the multiply function, two pipeline stages are suggested to allow both the MREG and PREG registers to be used.  If the DSP48 was instantiated in the design, it is suggested to set both the MREG and PREG attributes to 1 when performing multiply functions.
Related violations: <none>

DPOP-4#67 Warning
MREG Output pipelining  
DSP bd_0_i/hls_inst/inst/grp_MultMod_fu_2827/mul_64ns_64ns_128_5_1_U647/buff0_reg multiplier stage bd_0_i/hls_inst/inst/grp_MultMod_fu_2827/mul_64ns_64ns_128_5_1_U647/buff0_reg/P[47:0] is not pipelined (MREG=0). Pipelining the multiplier function will improve performance and will save significant power so it is suggested whenever possible to fully pipeline this function.  If this multiplier was inferred, it is suggested to describe an additional register stage after this function.  If there is no registered adder/accumulator following the multiply function, two pipeline stages are suggested to allow both the MREG and PREG registers to be used.  If the DSP48 was instantiated in the design, it is suggested to set both the MREG and PREG attributes to 1 when performing multiply functions.
Related violations: <none>

DPOP-4#68 Warning
MREG Output pipelining  
DSP bd_0_i/hls_inst/inst/grp_MultMod_fu_2827/mul_64ns_64ns_128_5_1_U647/buff0_reg__0 multiplier stage bd_0_i/hls_inst/inst/grp_MultMod_fu_2827/mul_64ns_64ns_128_5_1_U647/buff0_reg__0/P[47:0] is not pipelined (MREG=0). Pipelining the multiplier function will improve performance and will save significant power so it is suggested whenever possible to fully pipeline this function.  If this multiplier was inferred, it is suggested to describe an additional register stage after this function.  If there is no registered adder/accumulator following the multiply function, two pipeline stages are suggested to allow both the MREG and PREG registers to be used.  If the DSP48 was instantiated in the design, it is suggested to set both the MREG and PREG attributes to 1 when performing multiply functions.
Related violations: <none>

DPOP-4#69 Warning
MREG Output pipelining  
DSP bd_0_i/hls_inst/inst/grp_MultMod_fu_2827/mul_64ns_64ns_128_5_1_U647/buff0_reg__3 multiplier stage bd_0_i/hls_inst/inst/grp_MultMod_fu_2827/mul_64ns_64ns_128_5_1_U647/buff0_reg__3/P[47:0] is not pipelined (MREG=0). Pipelining the multiplier function will improve performance and will save significant power so it is suggested whenever possible to fully pipeline this function.  If this multiplier was inferred, it is suggested to describe an additional register stage after this function.  If there is no registered adder/accumulator following the multiply function, two pipeline stages are suggested to allow both the MREG and PREG registers to be used.  If the DSP48 was instantiated in the design, it is suggested to set both the MREG and PREG attributes to 1 when performing multiply functions.
Related violations: <none>

DPOP-4#70 Warning
MREG Output pipelining  
DSP bd_0_i/hls_inst/inst/grp_MultMod_fu_2827/mul_64s_64s_64_5_1_U648/buff0_reg__2 multiplier stage bd_0_i/hls_inst/inst/grp_MultMod_fu_2827/mul_64s_64s_64_5_1_U648/buff0_reg__2/P[47:0] is not pipelined (MREG=0). Pipelining the multiplier function will improve performance and will save significant power so it is suggested whenever possible to fully pipeline this function.  If this multiplier was inferred, it is suggested to describe an additional register stage after this function.  If there is no registered adder/accumulator following the multiply function, two pipeline stages are suggested to allow both the MREG and PREG registers to be used.  If the DSP48 was instantiated in the design, it is suggested to set both the MREG and PREG attributes to 1 when performing multiply functions.
Related violations: <none>

DPOP-4#71 Warning
MREG Output pipelining  
DSP bd_0_i/hls_inst/inst/grp_MultMod_fu_2835/mul_64ns_64ns_128_5_1_U645/buff0_reg multiplier stage bd_0_i/hls_inst/inst/grp_MultMod_fu_2835/mul_64ns_64ns_128_5_1_U645/buff0_reg/P[47:0] is not pipelined (MREG=0). Pipelining the multiplier function will improve performance and will save significant power so it is suggested whenever possible to fully pipeline this function.  If this multiplier was inferred, it is suggested to describe an additional register stage after this function.  If there is no registered adder/accumulator following the multiply function, two pipeline stages are suggested to allow both the MREG and PREG registers to be used.  If the DSP48 was instantiated in the design, it is suggested to set both the MREG and PREG attributes to 1 when performing multiply functions.
Related violations: <none>

DPOP-4#72 Warning
MREG Output pipelining  
DSP bd_0_i/hls_inst/inst/grp_MultMod_fu_2835/mul_64ns_64ns_128_5_1_U645/buff0_reg__0 multiplier stage bd_0_i/hls_inst/inst/grp_MultMod_fu_2835/mul_64ns_64ns_128_5_1_U645/buff0_reg__0/P[47:0] is not pipelined (MREG=0). Pipelining the multiplier function will improve performance and will save significant power so it is suggested whenever possible to fully pipeline this function.  If this multiplier was inferred, it is suggested to describe an additional register stage after this function.  If there is no registered adder/accumulator following the multiply function, two pipeline stages are suggested to allow both the MREG and PREG registers to be used.  If the DSP48 was instantiated in the design, it is suggested to set both the MREG and PREG attributes to 1 when performing multiply functions.
Related violations: <none>

DPOP-4#73 Warning
MREG Output pipelining  
DSP bd_0_i/hls_inst/inst/grp_MultMod_fu_2835/mul_64ns_64ns_128_5_1_U645/buff0_reg__3 multiplier stage bd_0_i/hls_inst/inst/grp_MultMod_fu_2835/mul_64ns_64ns_128_5_1_U645/buff0_reg__3/P[47:0] is not pipelined (MREG=0). Pipelining the multiplier function will improve performance and will save significant power so it is suggested whenever possible to fully pipeline this function.  If this multiplier was inferred, it is suggested to describe an additional register stage after this function.  If there is no registered adder/accumulator following the multiply function, two pipeline stages are suggested to allow both the MREG and PREG registers to be used.  If the DSP48 was instantiated in the design, it is suggested to set both the MREG and PREG attributes to 1 when performing multiply functions.
Related violations: <none>

DPOP-4#74 Warning
MREG Output pipelining  
DSP bd_0_i/hls_inst/inst/grp_MultMod_fu_2835/mul_64ns_64ns_128_5_1_U646/buff0_reg multiplier stage bd_0_i/hls_inst/inst/grp_MultMod_fu_2835/mul_64ns_64ns_128_5_1_U646/buff0_reg/P[47:0] is not pipelined (MREG=0). Pipelining the multiplier function will improve performance and will save significant power so it is suggested whenever possible to fully pipeline this function.  If this multiplier was inferred, it is suggested to describe an additional register stage after this function.  If there is no registered adder/accumulator following the multiply function, two pipeline stages are suggested to allow both the MREG and PREG registers to be used.  If the DSP48 was instantiated in the design, it is suggested to set both the MREG and PREG attributes to 1 when performing multiply functions.
Related violations: <none>

DPOP-4#75 Warning
MREG Output pipelining  
DSP bd_0_i/hls_inst/inst/grp_MultMod_fu_2835/mul_64ns_64ns_128_5_1_U646/buff0_reg__0 multiplier stage bd_0_i/hls_inst/inst/grp_MultMod_fu_2835/mul_64ns_64ns_128_5_1_U646/buff0_reg__0/P[47:0] is not pipelined (MREG=0). Pipelining the multiplier function will improve performance and will save significant power so it is suggested whenever possible to fully pipeline this function.  If this multiplier was inferred, it is suggested to describe an additional register stage after this function.  If there is no registered adder/accumulator following the multiply function, two pipeline stages are suggested to allow both the MREG and PREG registers to be used.  If the DSP48 was instantiated in the design, it is suggested to set both the MREG and PREG attributes to 1 when performing multiply functions.
Related violations: <none>

DPOP-4#76 Warning
MREG Output pipelining  
DSP bd_0_i/hls_inst/inst/grp_MultMod_fu_2835/mul_64ns_64ns_128_5_1_U646/buff0_reg__3 multiplier stage bd_0_i/hls_inst/inst/grp_MultMod_fu_2835/mul_64ns_64ns_128_5_1_U646/buff0_reg__3/P[47:0] is not pipelined (MREG=0). Pipelining the multiplier function will improve performance and will save significant power so it is suggested whenever possible to fully pipeline this function.  If this multiplier was inferred, it is suggested to describe an additional register stage after this function.  If there is no registered adder/accumulator following the multiply function, two pipeline stages are suggested to allow both the MREG and PREG registers to be used.  If the DSP48 was instantiated in the design, it is suggested to set both the MREG and PREG attributes to 1 when performing multiply functions.
Related violations: <none>

DPOP-4#77 Warning
MREG Output pipelining  
DSP bd_0_i/hls_inst/inst/grp_MultMod_fu_2835/mul_64ns_64ns_128_5_1_U647/buff0_reg multiplier stage bd_0_i/hls_inst/inst/grp_MultMod_fu_2835/mul_64ns_64ns_128_5_1_U647/buff0_reg/P[47:0] is not pipelined (MREG=0). Pipelining the multiplier function will improve performance and will save significant power so it is suggested whenever possible to fully pipeline this function.  If this multiplier was inferred, it is suggested to describe an additional register stage after this function.  If there is no registered adder/accumulator following the multiply function, two pipeline stages are suggested to allow both the MREG and PREG registers to be used.  If the DSP48 was instantiated in the design, it is suggested to set both the MREG and PREG attributes to 1 when performing multiply functions.
Related violations: <none>

DPOP-4#78 Warning
MREG Output pipelining  
DSP bd_0_i/hls_inst/inst/grp_MultMod_fu_2835/mul_64ns_64ns_128_5_1_U647/buff0_reg__0 multiplier stage bd_0_i/hls_inst/inst/grp_MultMod_fu_2835/mul_64ns_64ns_128_5_1_U647/buff0_reg__0/P[47:0] is not pipelined (MREG=0). Pipelining the multiplier function will improve performance and will save significant power so it is suggested whenever possible to fully pipeline this function.  If this multiplier was inferred, it is suggested to describe an additional register stage after this function.  If there is no registered adder/accumulator following the multiply function, two pipeline stages are suggested to allow both the MREG and PREG registers to be used.  If the DSP48 was instantiated in the design, it is suggested to set both the MREG and PREG attributes to 1 when performing multiply functions.
Related violations: <none>

DPOP-4#79 Warning
MREG Output pipelining  
DSP bd_0_i/hls_inst/inst/grp_MultMod_fu_2835/mul_64ns_64ns_128_5_1_U647/buff0_reg__3 multiplier stage bd_0_i/hls_inst/inst/grp_MultMod_fu_2835/mul_64ns_64ns_128_5_1_U647/buff0_reg__3/P[47:0] is not pipelined (MREG=0). Pipelining the multiplier function will improve performance and will save significant power so it is suggested whenever possible to fully pipeline this function.  If this multiplier was inferred, it is suggested to describe an additional register stage after this function.  If there is no registered adder/accumulator following the multiply function, two pipeline stages are suggested to allow both the MREG and PREG registers to be used.  If the DSP48 was instantiated in the design, it is suggested to set both the MREG and PREG attributes to 1 when performing multiply functions.
Related violations: <none>

DPOP-4#80 Warning
MREG Output pipelining  
DSP bd_0_i/hls_inst/inst/grp_MultMod_fu_2835/mul_64s_64s_64_5_1_U648/buff0_reg__2 multiplier stage bd_0_i/hls_inst/inst/grp_MultMod_fu_2835/mul_64s_64s_64_5_1_U648/buff0_reg__2/P[47:0] is not pipelined (MREG=0). Pipelining the multiplier function will improve performance and will save significant power so it is suggested whenever possible to fully pipeline this function.  If this multiplier was inferred, it is suggested to describe an additional register stage after this function.  If there is no registered adder/accumulator following the multiply function, two pipeline stages are suggested to allow both the MREG and PREG registers to be used.  If the DSP48 was instantiated in the design, it is suggested to set both the MREG and PREG attributes to 1 when performing multiply functions.
Related violations: <none>

DPOP-4#81 Warning
MREG Output pipelining  
DSP bd_0_i/hls_inst/inst/grp_MultMod_fu_2843/mul_64ns_64ns_128_5_1_U645/buff0_reg multiplier stage bd_0_i/hls_inst/inst/grp_MultMod_fu_2843/mul_64ns_64ns_128_5_1_U645/buff0_reg/P[47:0] is not pipelined (MREG=0). Pipelining the multiplier function will improve performance and will save significant power so it is suggested whenever possible to fully pipeline this function.  If this multiplier was inferred, it is suggested to describe an additional register stage after this function.  If there is no registered adder/accumulator following the multiply function, two pipeline stages are suggested to allow both the MREG and PREG registers to be used.  If the DSP48 was instantiated in the design, it is suggested to set both the MREG and PREG attributes to 1 when performing multiply functions.
Related violations: <none>

DPOP-4#82 Warning
MREG Output pipelining  
DSP bd_0_i/hls_inst/inst/grp_MultMod_fu_2843/mul_64ns_64ns_128_5_1_U645/buff0_reg__0 multiplier stage bd_0_i/hls_inst/inst/grp_MultMod_fu_2843/mul_64ns_64ns_128_5_1_U645/buff0_reg__0/P[47:0] is not pipelined (MREG=0). Pipelining the multiplier function will improve performance and will save significant power so it is suggested whenever possible to fully pipeline this function.  If this multiplier was inferred, it is suggested to describe an additional register stage after this function.  If there is no registered adder/accumulator following the multiply function, two pipeline stages are suggested to allow both the MREG and PREG registers to be used.  If the DSP48 was instantiated in the design, it is suggested to set both the MREG and PREG attributes to 1 when performing multiply functions.
Related violations: <none>

DPOP-4#83 Warning
MREG Output pipelining  
DSP bd_0_i/hls_inst/inst/grp_MultMod_fu_2843/mul_64ns_64ns_128_5_1_U645/buff0_reg__3 multiplier stage bd_0_i/hls_inst/inst/grp_MultMod_fu_2843/mul_64ns_64ns_128_5_1_U645/buff0_reg__3/P[47:0] is not pipelined (MREG=0). Pipelining the multiplier function will improve performance and will save significant power so it is suggested whenever possible to fully pipeline this function.  If this multiplier was inferred, it is suggested to describe an additional register stage after this function.  If there is no registered adder/accumulator following the multiply function, two pipeline stages are suggested to allow both the MREG and PREG registers to be used.  If the DSP48 was instantiated in the design, it is suggested to set both the MREG and PREG attributes to 1 when performing multiply functions.
Related violations: <none>

DPOP-4#84 Warning
MREG Output pipelining  
DSP bd_0_i/hls_inst/inst/grp_MultMod_fu_2843/mul_64ns_64ns_128_5_1_U646/buff0_reg multiplier stage bd_0_i/hls_inst/inst/grp_MultMod_fu_2843/mul_64ns_64ns_128_5_1_U646/buff0_reg/P[47:0] is not pipelined (MREG=0). Pipelining the multiplier function will improve performance and will save significant power so it is suggested whenever possible to fully pipeline this function.  If this multiplier was inferred, it is suggested to describe an additional register stage after this function.  If there is no registered adder/accumulator following the multiply function, two pipeline stages are suggested to allow both the MREG and PREG registers to be used.  If the DSP48 was instantiated in the design, it is suggested to set both the MREG and PREG attributes to 1 when performing multiply functions.
Related violations: <none>

DPOP-4#85 Warning
MREG Output pipelining  
DSP bd_0_i/hls_inst/inst/grp_MultMod_fu_2843/mul_64ns_64ns_128_5_1_U646/buff0_reg__0 multiplier stage bd_0_i/hls_inst/inst/grp_MultMod_fu_2843/mul_64ns_64ns_128_5_1_U646/buff0_reg__0/P[47:0] is not pipelined (MREG=0). Pipelining the multiplier function will improve performance and will save significant power so it is suggested whenever possible to fully pipeline this function.  If this multiplier was inferred, it is suggested to describe an additional register stage after this function.  If there is no registered adder/accumulator following the multiply function, two pipeline stages are suggested to allow both the MREG and PREG registers to be used.  If the DSP48 was instantiated in the design, it is suggested to set both the MREG and PREG attributes to 1 when performing multiply functions.
Related violations: <none>

DPOP-4#86 Warning
MREG Output pipelining  
DSP bd_0_i/hls_inst/inst/grp_MultMod_fu_2843/mul_64ns_64ns_128_5_1_U646/buff0_reg__3 multiplier stage bd_0_i/hls_inst/inst/grp_MultMod_fu_2843/mul_64ns_64ns_128_5_1_U646/buff0_reg__3/P[47:0] is not pipelined (MREG=0). Pipelining the multiplier function will improve performance and will save significant power so it is suggested whenever possible to fully pipeline this function.  If this multiplier was inferred, it is suggested to describe an additional register stage after this function.  If there is no registered adder/accumulator following the multiply function, two pipeline stages are suggested to allow both the MREG and PREG registers to be used.  If the DSP48 was instantiated in the design, it is suggested to set both the MREG and PREG attributes to 1 when performing multiply functions.
Related violations: <none>

DPOP-4#87 Warning
MREG Output pipelining  
DSP bd_0_i/hls_inst/inst/grp_MultMod_fu_2843/mul_64ns_64ns_128_5_1_U647/buff0_reg multiplier stage bd_0_i/hls_inst/inst/grp_MultMod_fu_2843/mul_64ns_64ns_128_5_1_U647/buff0_reg/P[47:0] is not pipelined (MREG=0). Pipelining the multiplier function will improve performance and will save significant power so it is suggested whenever possible to fully pipeline this function.  If this multiplier was inferred, it is suggested to describe an additional register stage after this function.  If there is no registered adder/accumulator following the multiply function, two pipeline stages are suggested to allow both the MREG and PREG registers to be used.  If the DSP48 was instantiated in the design, it is suggested to set both the MREG and PREG attributes to 1 when performing multiply functions.
Related violations: <none>

DPOP-4#88 Warning
MREG Output pipelining  
DSP bd_0_i/hls_inst/inst/grp_MultMod_fu_2843/mul_64ns_64ns_128_5_1_U647/buff0_reg__0 multiplier stage bd_0_i/hls_inst/inst/grp_MultMod_fu_2843/mul_64ns_64ns_128_5_1_U647/buff0_reg__0/P[47:0] is not pipelined (MREG=0). Pipelining the multiplier function will improve performance and will save significant power so it is suggested whenever possible to fully pipeline this function.  If this multiplier was inferred, it is suggested to describe an additional register stage after this function.  If there is no registered adder/accumulator following the multiply function, two pipeline stages are suggested to allow both the MREG and PREG registers to be used.  If the DSP48 was instantiated in the design, it is suggested to set both the MREG and PREG attributes to 1 when performing multiply functions.
Related violations: <none>

DPOP-4#89 Warning
MREG Output pipelining  
DSP bd_0_i/hls_inst/inst/grp_MultMod_fu_2843/mul_64ns_64ns_128_5_1_U647/buff0_reg__3 multiplier stage bd_0_i/hls_inst/inst/grp_MultMod_fu_2843/mul_64ns_64ns_128_5_1_U647/buff0_reg__3/P[47:0] is not pipelined (MREG=0). Pipelining the multiplier function will improve performance and will save significant power so it is suggested whenever possible to fully pipeline this function.  If this multiplier was inferred, it is suggested to describe an additional register stage after this function.  If there is no registered adder/accumulator following the multiply function, two pipeline stages are suggested to allow both the MREG and PREG registers to be used.  If the DSP48 was instantiated in the design, it is suggested to set both the MREG and PREG attributes to 1 when performing multiply functions.
Related violations: <none>

DPOP-4#90 Warning
MREG Output pipelining  
DSP bd_0_i/hls_inst/inst/grp_MultMod_fu_2843/mul_64s_64s_64_5_1_U648/buff0_reg__2 multiplier stage bd_0_i/hls_inst/inst/grp_MultMod_fu_2843/mul_64s_64s_64_5_1_U648/buff0_reg__2/P[47:0] is not pipelined (MREG=0). Pipelining the multiplier function will improve performance and will save significant power so it is suggested whenever possible to fully pipeline this function.  If this multiplier was inferred, it is suggested to describe an additional register stage after this function.  If there is no registered adder/accumulator following the multiply function, two pipeline stages are suggested to allow both the MREG and PREG registers to be used.  If the DSP48 was instantiated in the design, it is suggested to set both the MREG and PREG attributes to 1 when performing multiply functions.
Related violations: <none>

DPOP-4#91 Warning
MREG Output pipelining  
DSP bd_0_i/hls_inst/inst/grp_MultMod_fu_2851/mul_64ns_64ns_128_5_1_U645/buff0_reg multiplier stage bd_0_i/hls_inst/inst/grp_MultMod_fu_2851/mul_64ns_64ns_128_5_1_U645/buff0_reg/P[47:0] is not pipelined (MREG=0). Pipelining the multiplier function will improve performance and will save significant power so it is suggested whenever possible to fully pipeline this function.  If this multiplier was inferred, it is suggested to describe an additional register stage after this function.  If there is no registered adder/accumulator following the multiply function, two pipeline stages are suggested to allow both the MREG and PREG registers to be used.  If the DSP48 was instantiated in the design, it is suggested to set both the MREG and PREG attributes to 1 when performing multiply functions.
Related violations: <none>

DPOP-4#92 Warning
MREG Output pipelining  
DSP bd_0_i/hls_inst/inst/grp_MultMod_fu_2851/mul_64ns_64ns_128_5_1_U645/buff0_reg__0 multiplier stage bd_0_i/hls_inst/inst/grp_MultMod_fu_2851/mul_64ns_64ns_128_5_1_U645/buff0_reg__0/P[47:0] is not pipelined (MREG=0). Pipelining the multiplier function will improve performance and will save significant power so it is suggested whenever possible to fully pipeline this function.  If this multiplier was inferred, it is suggested to describe an additional register stage after this function.  If there is no registered adder/accumulator following the multiply function, two pipeline stages are suggested to allow both the MREG and PREG registers to be used.  If the DSP48 was instantiated in the design, it is suggested to set both the MREG and PREG attributes to 1 when performing multiply functions.
Related violations: <none>

DPOP-4#93 Warning
MREG Output pipelining  
DSP bd_0_i/hls_inst/inst/grp_MultMod_fu_2851/mul_64ns_64ns_128_5_1_U645/buff0_reg__3 multiplier stage bd_0_i/hls_inst/inst/grp_MultMod_fu_2851/mul_64ns_64ns_128_5_1_U645/buff0_reg__3/P[47:0] is not pipelined (MREG=0). Pipelining the multiplier function will improve performance and will save significant power so it is suggested whenever possible to fully pipeline this function.  If this multiplier was inferred, it is suggested to describe an additional register stage after this function.  If there is no registered adder/accumulator following the multiply function, two pipeline stages are suggested to allow both the MREG and PREG registers to be used.  If the DSP48 was instantiated in the design, it is suggested to set both the MREG and PREG attributes to 1 when performing multiply functions.
Related violations: <none>

DPOP-4#94 Warning
MREG Output pipelining  
DSP bd_0_i/hls_inst/inst/grp_MultMod_fu_2851/mul_64ns_64ns_128_5_1_U646/buff0_reg multiplier stage bd_0_i/hls_inst/inst/grp_MultMod_fu_2851/mul_64ns_64ns_128_5_1_U646/buff0_reg/P[47:0] is not pipelined (MREG=0). Pipelining the multiplier function will improve performance and will save significant power so it is suggested whenever possible to fully pipeline this function.  If this multiplier was inferred, it is suggested to describe an additional register stage after this function.  If there is no registered adder/accumulator following the multiply function, two pipeline stages are suggested to allow both the MREG and PREG registers to be used.  If the DSP48 was instantiated in the design, it is suggested to set both the MREG and PREG attributes to 1 when performing multiply functions.
Related violations: <none>

DPOP-4#95 Warning
MREG Output pipelining  
DSP bd_0_i/hls_inst/inst/grp_MultMod_fu_2851/mul_64ns_64ns_128_5_1_U646/buff0_reg__0 multiplier stage bd_0_i/hls_inst/inst/grp_MultMod_fu_2851/mul_64ns_64ns_128_5_1_U646/buff0_reg__0/P[47:0] is not pipelined (MREG=0). Pipelining the multiplier function will improve performance and will save significant power so it is suggested whenever possible to fully pipeline this function.  If this multiplier was inferred, it is suggested to describe an additional register stage after this function.  If there is no registered adder/accumulator following the multiply function, two pipeline stages are suggested to allow both the MREG and PREG registers to be used.  If the DSP48 was instantiated in the design, it is suggested to set both the MREG and PREG attributes to 1 when performing multiply functions.
Related violations: <none>

DPOP-4#96 Warning
MREG Output pipelining  
DSP bd_0_i/hls_inst/inst/grp_MultMod_fu_2851/mul_64ns_64ns_128_5_1_U646/buff0_reg__3 multiplier stage bd_0_i/hls_inst/inst/grp_MultMod_fu_2851/mul_64ns_64ns_128_5_1_U646/buff0_reg__3/P[47:0] is not pipelined (MREG=0). Pipelining the multiplier function will improve performance and will save significant power so it is suggested whenever possible to fully pipeline this function.  If this multiplier was inferred, it is suggested to describe an additional register stage after this function.  If there is no registered adder/accumulator following the multiply function, two pipeline stages are suggested to allow both the MREG and PREG registers to be used.  If the DSP48 was instantiated in the design, it is suggested to set both the MREG and PREG attributes to 1 when performing multiply functions.
Related violations: <none>

DPOP-4#97 Warning
MREG Output pipelining  
DSP bd_0_i/hls_inst/inst/grp_MultMod_fu_2851/mul_64ns_64ns_128_5_1_U647/buff0_reg multiplier stage bd_0_i/hls_inst/inst/grp_MultMod_fu_2851/mul_64ns_64ns_128_5_1_U647/buff0_reg/P[47:0] is not pipelined (MREG=0). Pipelining the multiplier function will improve performance and will save significant power so it is suggested whenever possible to fully pipeline this function.  If this multiplier was inferred, it is suggested to describe an additional register stage after this function.  If there is no registered adder/accumulator following the multiply function, two pipeline stages are suggested to allow both the MREG and PREG registers to be used.  If the DSP48 was instantiated in the design, it is suggested to set both the MREG and PREG attributes to 1 when performing multiply functions.
Related violations: <none>

DPOP-4#98 Warning
MREG Output pipelining  
DSP bd_0_i/hls_inst/inst/grp_MultMod_fu_2851/mul_64ns_64ns_128_5_1_U647/buff0_reg__0 multiplier stage bd_0_i/hls_inst/inst/grp_MultMod_fu_2851/mul_64ns_64ns_128_5_1_U647/buff0_reg__0/P[47:0] is not pipelined (MREG=0). Pipelining the multiplier function will improve performance and will save significant power so it is suggested whenever possible to fully pipeline this function.  If this multiplier was inferred, it is suggested to describe an additional register stage after this function.  If there is no registered adder/accumulator following the multiply function, two pipeline stages are suggested to allow both the MREG and PREG registers to be used.  If the DSP48 was instantiated in the design, it is suggested to set both the MREG and PREG attributes to 1 when performing multiply functions.
Related violations: <none>

DPOP-4#99 Warning
MREG Output pipelining  
DSP bd_0_i/hls_inst/inst/grp_MultMod_fu_2851/mul_64ns_64ns_128_5_1_U647/buff0_reg__3 multiplier stage bd_0_i/hls_inst/inst/grp_MultMod_fu_2851/mul_64ns_64ns_128_5_1_U647/buff0_reg__3/P[47:0] is not pipelined (MREG=0). Pipelining the multiplier function will improve performance and will save significant power so it is suggested whenever possible to fully pipeline this function.  If this multiplier was inferred, it is suggested to describe an additional register stage after this function.  If there is no registered adder/accumulator following the multiply function, two pipeline stages are suggested to allow both the MREG and PREG registers to be used.  If the DSP48 was instantiated in the design, it is suggested to set both the MREG and PREG attributes to 1 when performing multiply functions.
Related violations: <none>

DPOP-4#100 Warning
MREG Output pipelining  
DSP bd_0_i/hls_inst/inst/grp_MultMod_fu_2851/mul_64s_64s_64_5_1_U648/buff0_reg__2 multiplier stage bd_0_i/hls_inst/inst/grp_MultMod_fu_2851/mul_64s_64s_64_5_1_U648/buff0_reg__2/P[47:0] is not pipelined (MREG=0). Pipelining the multiplier function will improve performance and will save significant power so it is suggested whenever possible to fully pipeline this function.  If this multiplier was inferred, it is suggested to describe an additional register stage after this function.  If there is no registered adder/accumulator following the multiply function, two pipeline stages are suggested to allow both the MREG and PREG registers to be used.  If the DSP48 was instantiated in the design, it is suggested to set both the MREG and PREG attributes to 1 when performing multiply functions.
Related violations: <none>

DPOP-4#101 Warning
MREG Output pipelining  
DSP bd_0_i/hls_inst/inst/grp_MultMod_fu_2859/mul_64ns_64ns_128_5_1_U645/buff0_reg multiplier stage bd_0_i/hls_inst/inst/grp_MultMod_fu_2859/mul_64ns_64ns_128_5_1_U645/buff0_reg/P[47:0] is not pipelined (MREG=0). Pipelining the multiplier function will improve performance and will save significant power so it is suggested whenever possible to fully pipeline this function.  If this multiplier was inferred, it is suggested to describe an additional register stage after this function.  If there is no registered adder/accumulator following the multiply function, two pipeline stages are suggested to allow both the MREG and PREG registers to be used.  If the DSP48 was instantiated in the design, it is suggested to set both the MREG and PREG attributes to 1 when performing multiply functions.
Related violations: <none>

DPOP-4#102 Warning
MREG Output pipelining  
DSP bd_0_i/hls_inst/inst/grp_MultMod_fu_2859/mul_64ns_64ns_128_5_1_U645/buff0_reg__0 multiplier stage bd_0_i/hls_inst/inst/grp_MultMod_fu_2859/mul_64ns_64ns_128_5_1_U645/buff0_reg__0/P[47:0] is not pipelined (MREG=0). Pipelining the multiplier function will improve performance and will save significant power so it is suggested whenever possible to fully pipeline this function.  If this multiplier was inferred, it is suggested to describe an additional register stage after this function.  If there is no registered adder/accumulator following the multiply function, two pipeline stages are suggested to allow both the MREG and PREG registers to be used.  If the DSP48 was instantiated in the design, it is suggested to set both the MREG and PREG attributes to 1 when performing multiply functions.
Related violations: <none>

DPOP-4#103 Warning
MREG Output pipelining  
DSP bd_0_i/hls_inst/inst/grp_MultMod_fu_2859/mul_64ns_64ns_128_5_1_U645/buff0_reg__3 multiplier stage bd_0_i/hls_inst/inst/grp_MultMod_fu_2859/mul_64ns_64ns_128_5_1_U645/buff0_reg__3/P[47:0] is not pipelined (MREG=0). Pipelining the multiplier function will improve performance and will save significant power so it is suggested whenever possible to fully pipeline this function.  If this multiplier was inferred, it is suggested to describe an additional register stage after this function.  If there is no registered adder/accumulator following the multiply function, two pipeline stages are suggested to allow both the MREG and PREG registers to be used.  If the DSP48 was instantiated in the design, it is suggested to set both the MREG and PREG attributes to 1 when performing multiply functions.
Related violations: <none>

DPOP-4#104 Warning
MREG Output pipelining  
DSP bd_0_i/hls_inst/inst/grp_MultMod_fu_2859/mul_64ns_64ns_128_5_1_U646/buff0_reg multiplier stage bd_0_i/hls_inst/inst/grp_MultMod_fu_2859/mul_64ns_64ns_128_5_1_U646/buff0_reg/P[47:0] is not pipelined (MREG=0). Pipelining the multiplier function will improve performance and will save significant power so it is suggested whenever possible to fully pipeline this function.  If this multiplier was inferred, it is suggested to describe an additional register stage after this function.  If there is no registered adder/accumulator following the multiply function, two pipeline stages are suggested to allow both the MREG and PREG registers to be used.  If the DSP48 was instantiated in the design, it is suggested to set both the MREG and PREG attributes to 1 when performing multiply functions.
Related violations: <none>

DPOP-4#105 Warning
MREG Output pipelining  
DSP bd_0_i/hls_inst/inst/grp_MultMod_fu_2859/mul_64ns_64ns_128_5_1_U646/buff0_reg__0 multiplier stage bd_0_i/hls_inst/inst/grp_MultMod_fu_2859/mul_64ns_64ns_128_5_1_U646/buff0_reg__0/P[47:0] is not pipelined (MREG=0). Pipelining the multiplier function will improve performance and will save significant power so it is suggested whenever possible to fully pipeline this function.  If this multiplier was inferred, it is suggested to describe an additional register stage after this function.  If there is no registered adder/accumulator following the multiply function, two pipeline stages are suggested to allow both the MREG and PREG registers to be used.  If the DSP48 was instantiated in the design, it is suggested to set both the MREG and PREG attributes to 1 when performing multiply functions.
Related violations: <none>

DPOP-4#106 Warning
MREG Output pipelining  
DSP bd_0_i/hls_inst/inst/grp_MultMod_fu_2859/mul_64ns_64ns_128_5_1_U646/buff0_reg__3 multiplier stage bd_0_i/hls_inst/inst/grp_MultMod_fu_2859/mul_64ns_64ns_128_5_1_U646/buff0_reg__3/P[47:0] is not pipelined (MREG=0). Pipelining the multiplier function will improve performance and will save significant power so it is suggested whenever possible to fully pipeline this function.  If this multiplier was inferred, it is suggested to describe an additional register stage after this function.  If there is no registered adder/accumulator following the multiply function, two pipeline stages are suggested to allow both the MREG and PREG registers to be used.  If the DSP48 was instantiated in the design, it is suggested to set both the MREG and PREG attributes to 1 when performing multiply functions.
Related violations: <none>

DPOP-4#107 Warning
MREG Output pipelining  
DSP bd_0_i/hls_inst/inst/grp_MultMod_fu_2859/mul_64ns_64ns_128_5_1_U647/buff0_reg multiplier stage bd_0_i/hls_inst/inst/grp_MultMod_fu_2859/mul_64ns_64ns_128_5_1_U647/buff0_reg/P[47:0] is not pipelined (MREG=0). Pipelining the multiplier function will improve performance and will save significant power so it is suggested whenever possible to fully pipeline this function.  If this multiplier was inferred, it is suggested to describe an additional register stage after this function.  If there is no registered adder/accumulator following the multiply function, two pipeline stages are suggested to allow both the MREG and PREG registers to be used.  If the DSP48 was instantiated in the design, it is suggested to set both the MREG and PREG attributes to 1 when performing multiply functions.
Related violations: <none>

DPOP-4#108 Warning
MREG Output pipelining  
DSP bd_0_i/hls_inst/inst/grp_MultMod_fu_2859/mul_64ns_64ns_128_5_1_U647/buff0_reg__0 multiplier stage bd_0_i/hls_inst/inst/grp_MultMod_fu_2859/mul_64ns_64ns_128_5_1_U647/buff0_reg__0/P[47:0] is not pipelined (MREG=0). Pipelining the multiplier function will improve performance and will save significant power so it is suggested whenever possible to fully pipeline this function.  If this multiplier was inferred, it is suggested to describe an additional register stage after this function.  If there is no registered adder/accumulator following the multiply function, two pipeline stages are suggested to allow both the MREG and PREG registers to be used.  If the DSP48 was instantiated in the design, it is suggested to set both the MREG and PREG attributes to 1 when performing multiply functions.
Related violations: <none>

DPOP-4#109 Warning
MREG Output pipelining  
DSP bd_0_i/hls_inst/inst/grp_MultMod_fu_2859/mul_64ns_64ns_128_5_1_U647/buff0_reg__3 multiplier stage bd_0_i/hls_inst/inst/grp_MultMod_fu_2859/mul_64ns_64ns_128_5_1_U647/buff0_reg__3/P[47:0] is not pipelined (MREG=0). Pipelining the multiplier function will improve performance and will save significant power so it is suggested whenever possible to fully pipeline this function.  If this multiplier was inferred, it is suggested to describe an additional register stage after this function.  If there is no registered adder/accumulator following the multiply function, two pipeline stages are suggested to allow both the MREG and PREG registers to be used.  If the DSP48 was instantiated in the design, it is suggested to set both the MREG and PREG attributes to 1 when performing multiply functions.
Related violations: <none>

DPOP-4#110 Warning
MREG Output pipelining  
DSP bd_0_i/hls_inst/inst/grp_MultMod_fu_2859/mul_64s_64s_64_5_1_U648/buff0_reg__2 multiplier stage bd_0_i/hls_inst/inst/grp_MultMod_fu_2859/mul_64s_64s_64_5_1_U648/buff0_reg__2/P[47:0] is not pipelined (MREG=0). Pipelining the multiplier function will improve performance and will save significant power so it is suggested whenever possible to fully pipeline this function.  If this multiplier was inferred, it is suggested to describe an additional register stage after this function.  If there is no registered adder/accumulator following the multiply function, two pipeline stages are suggested to allow both the MREG and PREG registers to be used.  If the DSP48 was instantiated in the design, it is suggested to set both the MREG and PREG attributes to 1 when performing multiply functions.
Related violations: <none>

DPOP-4#111 Warning
MREG Output pipelining  
DSP bd_0_i/hls_inst/inst/grp_MultMod_fu_2867/mul_64ns_64ns_128_5_1_U645/buff0_reg multiplier stage bd_0_i/hls_inst/inst/grp_MultMod_fu_2867/mul_64ns_64ns_128_5_1_U645/buff0_reg/P[47:0] is not pipelined (MREG=0). Pipelining the multiplier function will improve performance and will save significant power so it is suggested whenever possible to fully pipeline this function.  If this multiplier was inferred, it is suggested to describe an additional register stage after this function.  If there is no registered adder/accumulator following the multiply function, two pipeline stages are suggested to allow both the MREG and PREG registers to be used.  If the DSP48 was instantiated in the design, it is suggested to set both the MREG and PREG attributes to 1 when performing multiply functions.
Related violations: <none>

DPOP-4#112 Warning
MREG Output pipelining  
DSP bd_0_i/hls_inst/inst/grp_MultMod_fu_2867/mul_64ns_64ns_128_5_1_U645/buff0_reg__0 multiplier stage bd_0_i/hls_inst/inst/grp_MultMod_fu_2867/mul_64ns_64ns_128_5_1_U645/buff0_reg__0/P[47:0] is not pipelined (MREG=0). Pipelining the multiplier function will improve performance and will save significant power so it is suggested whenever possible to fully pipeline this function.  If this multiplier was inferred, it is suggested to describe an additional register stage after this function.  If there is no registered adder/accumulator following the multiply function, two pipeline stages are suggested to allow both the MREG and PREG registers to be used.  If the DSP48 was instantiated in the design, it is suggested to set both the MREG and PREG attributes to 1 when performing multiply functions.
Related violations: <none>

DPOP-4#113 Warning
MREG Output pipelining  
DSP bd_0_i/hls_inst/inst/grp_MultMod_fu_2867/mul_64ns_64ns_128_5_1_U645/buff0_reg__3 multiplier stage bd_0_i/hls_inst/inst/grp_MultMod_fu_2867/mul_64ns_64ns_128_5_1_U645/buff0_reg__3/P[47:0] is not pipelined (MREG=0). Pipelining the multiplier function will improve performance and will save significant power so it is suggested whenever possible to fully pipeline this function.  If this multiplier was inferred, it is suggested to describe an additional register stage after this function.  If there is no registered adder/accumulator following the multiply function, two pipeline stages are suggested to allow both the MREG and PREG registers to be used.  If the DSP48 was instantiated in the design, it is suggested to set both the MREG and PREG attributes to 1 when performing multiply functions.
Related violations: <none>

DPOP-4#114 Warning
MREG Output pipelining  
DSP bd_0_i/hls_inst/inst/grp_MultMod_fu_2867/mul_64ns_64ns_128_5_1_U646/buff0_reg multiplier stage bd_0_i/hls_inst/inst/grp_MultMod_fu_2867/mul_64ns_64ns_128_5_1_U646/buff0_reg/P[47:0] is not pipelined (MREG=0). Pipelining the multiplier function will improve performance and will save significant power so it is suggested whenever possible to fully pipeline this function.  If this multiplier was inferred, it is suggested to describe an additional register stage after this function.  If there is no registered adder/accumulator following the multiply function, two pipeline stages are suggested to allow both the MREG and PREG registers to be used.  If the DSP48 was instantiated in the design, it is suggested to set both the MREG and PREG attributes to 1 when performing multiply functions.
Related violations: <none>

DPOP-4#115 Warning
MREG Output pipelining  
DSP bd_0_i/hls_inst/inst/grp_MultMod_fu_2867/mul_64ns_64ns_128_5_1_U646/buff0_reg__0 multiplier stage bd_0_i/hls_inst/inst/grp_MultMod_fu_2867/mul_64ns_64ns_128_5_1_U646/buff0_reg__0/P[47:0] is not pipelined (MREG=0). Pipelining the multiplier function will improve performance and will save significant power so it is suggested whenever possible to fully pipeline this function.  If this multiplier was inferred, it is suggested to describe an additional register stage after this function.  If there is no registered adder/accumulator following the multiply function, two pipeline stages are suggested to allow both the MREG and PREG registers to be used.  If the DSP48 was instantiated in the design, it is suggested to set both the MREG and PREG attributes to 1 when performing multiply functions.
Related violations: <none>

DPOP-4#116 Warning
MREG Output pipelining  
DSP bd_0_i/hls_inst/inst/grp_MultMod_fu_2867/mul_64ns_64ns_128_5_1_U646/buff0_reg__3 multiplier stage bd_0_i/hls_inst/inst/grp_MultMod_fu_2867/mul_64ns_64ns_128_5_1_U646/buff0_reg__3/P[47:0] is not pipelined (MREG=0). Pipelining the multiplier function will improve performance and will save significant power so it is suggested whenever possible to fully pipeline this function.  If this multiplier was inferred, it is suggested to describe an additional register stage after this function.  If there is no registered adder/accumulator following the multiply function, two pipeline stages are suggested to allow both the MREG and PREG registers to be used.  If the DSP48 was instantiated in the design, it is suggested to set both the MREG and PREG attributes to 1 when performing multiply functions.
Related violations: <none>

DPOP-4#117 Warning
MREG Output pipelining  
DSP bd_0_i/hls_inst/inst/grp_MultMod_fu_2867/mul_64ns_64ns_128_5_1_U647/buff0_reg multiplier stage bd_0_i/hls_inst/inst/grp_MultMod_fu_2867/mul_64ns_64ns_128_5_1_U647/buff0_reg/P[47:0] is not pipelined (MREG=0). Pipelining the multiplier function will improve performance and will save significant power so it is suggested whenever possible to fully pipeline this function.  If this multiplier was inferred, it is suggested to describe an additional register stage after this function.  If there is no registered adder/accumulator following the multiply function, two pipeline stages are suggested to allow both the MREG and PREG registers to be used.  If the DSP48 was instantiated in the design, it is suggested to set both the MREG and PREG attributes to 1 when performing multiply functions.
Related violations: <none>

DPOP-4#118 Warning
MREG Output pipelining  
DSP bd_0_i/hls_inst/inst/grp_MultMod_fu_2867/mul_64ns_64ns_128_5_1_U647/buff0_reg__0 multiplier stage bd_0_i/hls_inst/inst/grp_MultMod_fu_2867/mul_64ns_64ns_128_5_1_U647/buff0_reg__0/P[47:0] is not pipelined (MREG=0). Pipelining the multiplier function will improve performance and will save significant power so it is suggested whenever possible to fully pipeline this function.  If this multiplier was inferred, it is suggested to describe an additional register stage after this function.  If there is no registered adder/accumulator following the multiply function, two pipeline stages are suggested to allow both the MREG and PREG registers to be used.  If the DSP48 was instantiated in the design, it is suggested to set both the MREG and PREG attributes to 1 when performing multiply functions.
Related violations: <none>

DPOP-4#119 Warning
MREG Output pipelining  
DSP bd_0_i/hls_inst/inst/grp_MultMod_fu_2867/mul_64ns_64ns_128_5_1_U647/buff0_reg__3 multiplier stage bd_0_i/hls_inst/inst/grp_MultMod_fu_2867/mul_64ns_64ns_128_5_1_U647/buff0_reg__3/P[47:0] is not pipelined (MREG=0). Pipelining the multiplier function will improve performance and will save significant power so it is suggested whenever possible to fully pipeline this function.  If this multiplier was inferred, it is suggested to describe an additional register stage after this function.  If there is no registered adder/accumulator following the multiply function, two pipeline stages are suggested to allow both the MREG and PREG registers to be used.  If the DSP48 was instantiated in the design, it is suggested to set both the MREG and PREG attributes to 1 when performing multiply functions.
Related violations: <none>

DPOP-4#120 Warning
MREG Output pipelining  
DSP bd_0_i/hls_inst/inst/grp_MultMod_fu_2867/mul_64s_64s_64_5_1_U648/buff0_reg__2 multiplier stage bd_0_i/hls_inst/inst/grp_MultMod_fu_2867/mul_64s_64s_64_5_1_U648/buff0_reg__2/P[47:0] is not pipelined (MREG=0). Pipelining the multiplier function will improve performance and will save significant power so it is suggested whenever possible to fully pipeline this function.  If this multiplier was inferred, it is suggested to describe an additional register stage after this function.  If there is no registered adder/accumulator following the multiply function, two pipeline stages are suggested to allow both the MREG and PREG registers to be used.  If the DSP48 was instantiated in the design, it is suggested to set both the MREG and PREG attributes to 1 when performing multiply functions.
Related violations: <none>

DPOP-4#121 Warning
MREG Output pipelining  
DSP bd_0_i/hls_inst/inst/grp_MultMod_fu_2875/mul_64ns_64ns_128_5_1_U645/buff0_reg multiplier stage bd_0_i/hls_inst/inst/grp_MultMod_fu_2875/mul_64ns_64ns_128_5_1_U645/buff0_reg/P[47:0] is not pipelined (MREG=0). Pipelining the multiplier function will improve performance and will save significant power so it is suggested whenever possible to fully pipeline this function.  If this multiplier was inferred, it is suggested to describe an additional register stage after this function.  If there is no registered adder/accumulator following the multiply function, two pipeline stages are suggested to allow both the MREG and PREG registers to be used.  If the DSP48 was instantiated in the design, it is suggested to set both the MREG and PREG attributes to 1 when performing multiply functions.
Related violations: <none>

DPOP-4#122 Warning
MREG Output pipelining  
DSP bd_0_i/hls_inst/inst/grp_MultMod_fu_2875/mul_64ns_64ns_128_5_1_U645/buff0_reg__0 multiplier stage bd_0_i/hls_inst/inst/grp_MultMod_fu_2875/mul_64ns_64ns_128_5_1_U645/buff0_reg__0/P[47:0] is not pipelined (MREG=0). Pipelining the multiplier function will improve performance and will save significant power so it is suggested whenever possible to fully pipeline this function.  If this multiplier was inferred, it is suggested to describe an additional register stage after this function.  If there is no registered adder/accumulator following the multiply function, two pipeline stages are suggested to allow both the MREG and PREG registers to be used.  If the DSP48 was instantiated in the design, it is suggested to set both the MREG and PREG attributes to 1 when performing multiply functions.
Related violations: <none>

DPOP-4#123 Warning
MREG Output pipelining  
DSP bd_0_i/hls_inst/inst/grp_MultMod_fu_2875/mul_64ns_64ns_128_5_1_U645/buff0_reg__3 multiplier stage bd_0_i/hls_inst/inst/grp_MultMod_fu_2875/mul_64ns_64ns_128_5_1_U645/buff0_reg__3/P[47:0] is not pipelined (MREG=0). Pipelining the multiplier function will improve performance and will save significant power so it is suggested whenever possible to fully pipeline this function.  If this multiplier was inferred, it is suggested to describe an additional register stage after this function.  If there is no registered adder/accumulator following the multiply function, two pipeline stages are suggested to allow both the MREG and PREG registers to be used.  If the DSP48 was instantiated in the design, it is suggested to set both the MREG and PREG attributes to 1 when performing multiply functions.
Related violations: <none>

DPOP-4#124 Warning
MREG Output pipelining  
DSP bd_0_i/hls_inst/inst/grp_MultMod_fu_2875/mul_64ns_64ns_128_5_1_U646/buff0_reg multiplier stage bd_0_i/hls_inst/inst/grp_MultMod_fu_2875/mul_64ns_64ns_128_5_1_U646/buff0_reg/P[47:0] is not pipelined (MREG=0). Pipelining the multiplier function will improve performance and will save significant power so it is suggested whenever possible to fully pipeline this function.  If this multiplier was inferred, it is suggested to describe an additional register stage after this function.  If there is no registered adder/accumulator following the multiply function, two pipeline stages are suggested to allow both the MREG and PREG registers to be used.  If the DSP48 was instantiated in the design, it is suggested to set both the MREG and PREG attributes to 1 when performing multiply functions.
Related violations: <none>

DPOP-4#125 Warning
MREG Output pipelining  
DSP bd_0_i/hls_inst/inst/grp_MultMod_fu_2875/mul_64ns_64ns_128_5_1_U646/buff0_reg__0 multiplier stage bd_0_i/hls_inst/inst/grp_MultMod_fu_2875/mul_64ns_64ns_128_5_1_U646/buff0_reg__0/P[47:0] is not pipelined (MREG=0). Pipelining the multiplier function will improve performance and will save significant power so it is suggested whenever possible to fully pipeline this function.  If this multiplier was inferred, it is suggested to describe an additional register stage after this function.  If there is no registered adder/accumulator following the multiply function, two pipeline stages are suggested to allow both the MREG and PREG registers to be used.  If the DSP48 was instantiated in the design, it is suggested to set both the MREG and PREG attributes to 1 when performing multiply functions.
Related violations: <none>

DPOP-4#126 Warning
MREG Output pipelining  
DSP bd_0_i/hls_inst/inst/grp_MultMod_fu_2875/mul_64ns_64ns_128_5_1_U646/buff0_reg__3 multiplier stage bd_0_i/hls_inst/inst/grp_MultMod_fu_2875/mul_64ns_64ns_128_5_1_U646/buff0_reg__3/P[47:0] is not pipelined (MREG=0). Pipelining the multiplier function will improve performance and will save significant power so it is suggested whenever possible to fully pipeline this function.  If this multiplier was inferred, it is suggested to describe an additional register stage after this function.  If there is no registered adder/accumulator following the multiply function, two pipeline stages are suggested to allow both the MREG and PREG registers to be used.  If the DSP48 was instantiated in the design, it is suggested to set both the MREG and PREG attributes to 1 when performing multiply functions.
Related violations: <none>

DPOP-4#127 Warning
MREG Output pipelining  
DSP bd_0_i/hls_inst/inst/grp_MultMod_fu_2875/mul_64ns_64ns_128_5_1_U647/buff0_reg multiplier stage bd_0_i/hls_inst/inst/grp_MultMod_fu_2875/mul_64ns_64ns_128_5_1_U647/buff0_reg/P[47:0] is not pipelined (MREG=0). Pipelining the multiplier function will improve performance and will save significant power so it is suggested whenever possible to fully pipeline this function.  If this multiplier was inferred, it is suggested to describe an additional register stage after this function.  If there is no registered adder/accumulator following the multiply function, two pipeline stages are suggested to allow both the MREG and PREG registers to be used.  If the DSP48 was instantiated in the design, it is suggested to set both the MREG and PREG attributes to 1 when performing multiply functions.
Related violations: <none>

DPOP-4#128 Warning
MREG Output pipelining  
DSP bd_0_i/hls_inst/inst/grp_MultMod_fu_2875/mul_64ns_64ns_128_5_1_U647/buff0_reg__0 multiplier stage bd_0_i/hls_inst/inst/grp_MultMod_fu_2875/mul_64ns_64ns_128_5_1_U647/buff0_reg__0/P[47:0] is not pipelined (MREG=0). Pipelining the multiplier function will improve performance and will save significant power so it is suggested whenever possible to fully pipeline this function.  If this multiplier was inferred, it is suggested to describe an additional register stage after this function.  If there is no registered adder/accumulator following the multiply function, two pipeline stages are suggested to allow both the MREG and PREG registers to be used.  If the DSP48 was instantiated in the design, it is suggested to set both the MREG and PREG attributes to 1 when performing multiply functions.
Related violations: <none>

DPOP-4#129 Warning
MREG Output pipelining  
DSP bd_0_i/hls_inst/inst/grp_MultMod_fu_2875/mul_64ns_64ns_128_5_1_U647/buff0_reg__3 multiplier stage bd_0_i/hls_inst/inst/grp_MultMod_fu_2875/mul_64ns_64ns_128_5_1_U647/buff0_reg__3/P[47:0] is not pipelined (MREG=0). Pipelining the multiplier function will improve performance and will save significant power so it is suggested whenever possible to fully pipeline this function.  If this multiplier was inferred, it is suggested to describe an additional register stage after this function.  If there is no registered adder/accumulator following the multiply function, two pipeline stages are suggested to allow both the MREG and PREG registers to be used.  If the DSP48 was instantiated in the design, it is suggested to set both the MREG and PREG attributes to 1 when performing multiply functions.
Related violations: <none>

DPOP-4#130 Warning
MREG Output pipelining  
DSP bd_0_i/hls_inst/inst/grp_MultMod_fu_2875/mul_64s_64s_64_5_1_U648/buff0_reg__2 multiplier stage bd_0_i/hls_inst/inst/grp_MultMod_fu_2875/mul_64s_64s_64_5_1_U648/buff0_reg__2/P[47:0] is not pipelined (MREG=0). Pipelining the multiplier function will improve performance and will save significant power so it is suggested whenever possible to fully pipeline this function.  If this multiplier was inferred, it is suggested to describe an additional register stage after this function.  If there is no registered adder/accumulator following the multiply function, two pipeline stages are suggested to allow both the MREG and PREG registers to be used.  If the DSP48 was instantiated in the design, it is suggested to set both the MREG and PREG attributes to 1 when performing multiply functions.
Related violations: <none>

DPOP-4#131 Warning
MREG Output pipelining  
DSP bd_0_i/hls_inst/inst/grp_MultMod_fu_2883/mul_64ns_64ns_128_5_1_U645/buff0_reg multiplier stage bd_0_i/hls_inst/inst/grp_MultMod_fu_2883/mul_64ns_64ns_128_5_1_U645/buff0_reg/P[47:0] is not pipelined (MREG=0). Pipelining the multiplier function will improve performance and will save significant power so it is suggested whenever possible to fully pipeline this function.  If this multiplier was inferred, it is suggested to describe an additional register stage after this function.  If there is no registered adder/accumulator following the multiply function, two pipeline stages are suggested to allow both the MREG and PREG registers to be used.  If the DSP48 was instantiated in the design, it is suggested to set both the MREG and PREG attributes to 1 when performing multiply functions.
Related violations: <none>

DPOP-4#132 Warning
MREG Output pipelining  
DSP bd_0_i/hls_inst/inst/grp_MultMod_fu_2883/mul_64ns_64ns_128_5_1_U645/buff0_reg__0 multiplier stage bd_0_i/hls_inst/inst/grp_MultMod_fu_2883/mul_64ns_64ns_128_5_1_U645/buff0_reg__0/P[47:0] is not pipelined (MREG=0). Pipelining the multiplier function will improve performance and will save significant power so it is suggested whenever possible to fully pipeline this function.  If this multiplier was inferred, it is suggested to describe an additional register stage after this function.  If there is no registered adder/accumulator following the multiply function, two pipeline stages are suggested to allow both the MREG and PREG registers to be used.  If the DSP48 was instantiated in the design, it is suggested to set both the MREG and PREG attributes to 1 when performing multiply functions.
Related violations: <none>

DPOP-4#133 Warning
MREG Output pipelining  
DSP bd_0_i/hls_inst/inst/grp_MultMod_fu_2883/mul_64ns_64ns_128_5_1_U645/buff0_reg__3 multiplier stage bd_0_i/hls_inst/inst/grp_MultMod_fu_2883/mul_64ns_64ns_128_5_1_U645/buff0_reg__3/P[47:0] is not pipelined (MREG=0). Pipelining the multiplier function will improve performance and will save significant power so it is suggested whenever possible to fully pipeline this function.  If this multiplier was inferred, it is suggested to describe an additional register stage after this function.  If there is no registered adder/accumulator following the multiply function, two pipeline stages are suggested to allow both the MREG and PREG registers to be used.  If the DSP48 was instantiated in the design, it is suggested to set both the MREG and PREG attributes to 1 when performing multiply functions.
Related violations: <none>

DPOP-4#134 Warning
MREG Output pipelining  
DSP bd_0_i/hls_inst/inst/grp_MultMod_fu_2883/mul_64ns_64ns_128_5_1_U646/buff0_reg multiplier stage bd_0_i/hls_inst/inst/grp_MultMod_fu_2883/mul_64ns_64ns_128_5_1_U646/buff0_reg/P[47:0] is not pipelined (MREG=0). Pipelining the multiplier function will improve performance and will save significant power so it is suggested whenever possible to fully pipeline this function.  If this multiplier was inferred, it is suggested to describe an additional register stage after this function.  If there is no registered adder/accumulator following the multiply function, two pipeline stages are suggested to allow both the MREG and PREG registers to be used.  If the DSP48 was instantiated in the design, it is suggested to set both the MREG and PREG attributes to 1 when performing multiply functions.
Related violations: <none>

DPOP-4#135 Warning
MREG Output pipelining  
DSP bd_0_i/hls_inst/inst/grp_MultMod_fu_2883/mul_64ns_64ns_128_5_1_U646/buff0_reg__0 multiplier stage bd_0_i/hls_inst/inst/grp_MultMod_fu_2883/mul_64ns_64ns_128_5_1_U646/buff0_reg__0/P[47:0] is not pipelined (MREG=0). Pipelining the multiplier function will improve performance and will save significant power so it is suggested whenever possible to fully pipeline this function.  If this multiplier was inferred, it is suggested to describe an additional register stage after this function.  If there is no registered adder/accumulator following the multiply function, two pipeline stages are suggested to allow both the MREG and PREG registers to be used.  If the DSP48 was instantiated in the design, it is suggested to set both the MREG and PREG attributes to 1 when performing multiply functions.
Related violations: <none>

DPOP-4#136 Warning
MREG Output pipelining  
DSP bd_0_i/hls_inst/inst/grp_MultMod_fu_2883/mul_64ns_64ns_128_5_1_U646/buff0_reg__3 multiplier stage bd_0_i/hls_inst/inst/grp_MultMod_fu_2883/mul_64ns_64ns_128_5_1_U646/buff0_reg__3/P[47:0] is not pipelined (MREG=0). Pipelining the multiplier function will improve performance and will save significant power so it is suggested whenever possible to fully pipeline this function.  If this multiplier was inferred, it is suggested to describe an additional register stage after this function.  If there is no registered adder/accumulator following the multiply function, two pipeline stages are suggested to allow both the MREG and PREG registers to be used.  If the DSP48 was instantiated in the design, it is suggested to set both the MREG and PREG attributes to 1 when performing multiply functions.
Related violations: <none>

DPOP-4#137 Warning
MREG Output pipelining  
DSP bd_0_i/hls_inst/inst/grp_MultMod_fu_2883/mul_64ns_64ns_128_5_1_U647/buff0_reg multiplier stage bd_0_i/hls_inst/inst/grp_MultMod_fu_2883/mul_64ns_64ns_128_5_1_U647/buff0_reg/P[47:0] is not pipelined (MREG=0). Pipelining the multiplier function will improve performance and will save significant power so it is suggested whenever possible to fully pipeline this function.  If this multiplier was inferred, it is suggested to describe an additional register stage after this function.  If there is no registered adder/accumulator following the multiply function, two pipeline stages are suggested to allow both the MREG and PREG registers to be used.  If the DSP48 was instantiated in the design, it is suggested to set both the MREG and PREG attributes to 1 when performing multiply functions.
Related violations: <none>

DPOP-4#138 Warning
MREG Output pipelining  
DSP bd_0_i/hls_inst/inst/grp_MultMod_fu_2883/mul_64ns_64ns_128_5_1_U647/buff0_reg__0 multiplier stage bd_0_i/hls_inst/inst/grp_MultMod_fu_2883/mul_64ns_64ns_128_5_1_U647/buff0_reg__0/P[47:0] is not pipelined (MREG=0). Pipelining the multiplier function will improve performance and will save significant power so it is suggested whenever possible to fully pipeline this function.  If this multiplier was inferred, it is suggested to describe an additional register stage after this function.  If there is no registered adder/accumulator following the multiply function, two pipeline stages are suggested to allow both the MREG and PREG registers to be used.  If the DSP48 was instantiated in the design, it is suggested to set both the MREG and PREG attributes to 1 when performing multiply functions.
Related violations: <none>

DPOP-4#139 Warning
MREG Output pipelining  
DSP bd_0_i/hls_inst/inst/grp_MultMod_fu_2883/mul_64ns_64ns_128_5_1_U647/buff0_reg__3 multiplier stage bd_0_i/hls_inst/inst/grp_MultMod_fu_2883/mul_64ns_64ns_128_5_1_U647/buff0_reg__3/P[47:0] is not pipelined (MREG=0). Pipelining the multiplier function will improve performance and will save significant power so it is suggested whenever possible to fully pipeline this function.  If this multiplier was inferred, it is suggested to describe an additional register stage after this function.  If there is no registered adder/accumulator following the multiply function, two pipeline stages are suggested to allow both the MREG and PREG registers to be used.  If the DSP48 was instantiated in the design, it is suggested to set both the MREG and PREG attributes to 1 when performing multiply functions.
Related violations: <none>

DPOP-4#140 Warning
MREG Output pipelining  
DSP bd_0_i/hls_inst/inst/grp_MultMod_fu_2883/mul_64s_64s_64_5_1_U648/buff0_reg__2 multiplier stage bd_0_i/hls_inst/inst/grp_MultMod_fu_2883/mul_64s_64s_64_5_1_U648/buff0_reg__2/P[47:0] is not pipelined (MREG=0). Pipelining the multiplier function will improve performance and will save significant power so it is suggested whenever possible to fully pipeline this function.  If this multiplier was inferred, it is suggested to describe an additional register stage after this function.  If there is no registered adder/accumulator following the multiply function, two pipeline stages are suggested to allow both the MREG and PREG registers to be used.  If the DSP48 was instantiated in the design, it is suggested to set both the MREG and PREG attributes to 1 when performing multiply functions.
Related violations: <none>

DPOP-4#141 Warning
MREG Output pipelining  
DSP bd_0_i/hls_inst/inst/grp_MultMod_fu_2891/mul_64ns_64ns_128_5_1_U645/buff0_reg multiplier stage bd_0_i/hls_inst/inst/grp_MultMod_fu_2891/mul_64ns_64ns_128_5_1_U645/buff0_reg/P[47:0] is not pipelined (MREG=0). Pipelining the multiplier function will improve performance and will save significant power so it is suggested whenever possible to fully pipeline this function.  If this multiplier was inferred, it is suggested to describe an additional register stage after this function.  If there is no registered adder/accumulator following the multiply function, two pipeline stages are suggested to allow both the MREG and PREG registers to be used.  If the DSP48 was instantiated in the design, it is suggested to set both the MREG and PREG attributes to 1 when performing multiply functions.
Related violations: <none>

DPOP-4#142 Warning
MREG Output pipelining  
DSP bd_0_i/hls_inst/inst/grp_MultMod_fu_2891/mul_64ns_64ns_128_5_1_U645/buff0_reg__0 multiplier stage bd_0_i/hls_inst/inst/grp_MultMod_fu_2891/mul_64ns_64ns_128_5_1_U645/buff0_reg__0/P[47:0] is not pipelined (MREG=0). Pipelining the multiplier function will improve performance and will save significant power so it is suggested whenever possible to fully pipeline this function.  If this multiplier was inferred, it is suggested to describe an additional register stage after this function.  If there is no registered adder/accumulator following the multiply function, two pipeline stages are suggested to allow both the MREG and PREG registers to be used.  If the DSP48 was instantiated in the design, it is suggested to set both the MREG and PREG attributes to 1 when performing multiply functions.
Related violations: <none>

DPOP-4#143 Warning
MREG Output pipelining  
DSP bd_0_i/hls_inst/inst/grp_MultMod_fu_2891/mul_64ns_64ns_128_5_1_U645/buff0_reg__3 multiplier stage bd_0_i/hls_inst/inst/grp_MultMod_fu_2891/mul_64ns_64ns_128_5_1_U645/buff0_reg__3/P[47:0] is not pipelined (MREG=0). Pipelining the multiplier function will improve performance and will save significant power so it is suggested whenever possible to fully pipeline this function.  If this multiplier was inferred, it is suggested to describe an additional register stage after this function.  If there is no registered adder/accumulator following the multiply function, two pipeline stages are suggested to allow both the MREG and PREG registers to be used.  If the DSP48 was instantiated in the design, it is suggested to set both the MREG and PREG attributes to 1 when performing multiply functions.
Related violations: <none>

DPOP-4#144 Warning
MREG Output pipelining  
DSP bd_0_i/hls_inst/inst/grp_MultMod_fu_2891/mul_64ns_64ns_128_5_1_U646/buff0_reg multiplier stage bd_0_i/hls_inst/inst/grp_MultMod_fu_2891/mul_64ns_64ns_128_5_1_U646/buff0_reg/P[47:0] is not pipelined (MREG=0). Pipelining the multiplier function will improve performance and will save significant power so it is suggested whenever possible to fully pipeline this function.  If this multiplier was inferred, it is suggested to describe an additional register stage after this function.  If there is no registered adder/accumulator following the multiply function, two pipeline stages are suggested to allow both the MREG and PREG registers to be used.  If the DSP48 was instantiated in the design, it is suggested to set both the MREG and PREG attributes to 1 when performing multiply functions.
Related violations: <none>

DPOP-4#145 Warning
MREG Output pipelining  
DSP bd_0_i/hls_inst/inst/grp_MultMod_fu_2891/mul_64ns_64ns_128_5_1_U646/buff0_reg__0 multiplier stage bd_0_i/hls_inst/inst/grp_MultMod_fu_2891/mul_64ns_64ns_128_5_1_U646/buff0_reg__0/P[47:0] is not pipelined (MREG=0). Pipelining the multiplier function will improve performance and will save significant power so it is suggested whenever possible to fully pipeline this function.  If this multiplier was inferred, it is suggested to describe an additional register stage after this function.  If there is no registered adder/accumulator following the multiply function, two pipeline stages are suggested to allow both the MREG and PREG registers to be used.  If the DSP48 was instantiated in the design, it is suggested to set both the MREG and PREG attributes to 1 when performing multiply functions.
Related violations: <none>

DPOP-4#146 Warning
MREG Output pipelining  
DSP bd_0_i/hls_inst/inst/grp_MultMod_fu_2891/mul_64ns_64ns_128_5_1_U646/buff0_reg__3 multiplier stage bd_0_i/hls_inst/inst/grp_MultMod_fu_2891/mul_64ns_64ns_128_5_1_U646/buff0_reg__3/P[47:0] is not pipelined (MREG=0). Pipelining the multiplier function will improve performance and will save significant power so it is suggested whenever possible to fully pipeline this function.  If this multiplier was inferred, it is suggested to describe an additional register stage after this function.  If there is no registered adder/accumulator following the multiply function, two pipeline stages are suggested to allow both the MREG and PREG registers to be used.  If the DSP48 was instantiated in the design, it is suggested to set both the MREG and PREG attributes to 1 when performing multiply functions.
Related violations: <none>

DPOP-4#147 Warning
MREG Output pipelining  
DSP bd_0_i/hls_inst/inst/grp_MultMod_fu_2891/mul_64ns_64ns_128_5_1_U647/buff0_reg multiplier stage bd_0_i/hls_inst/inst/grp_MultMod_fu_2891/mul_64ns_64ns_128_5_1_U647/buff0_reg/P[47:0] is not pipelined (MREG=0). Pipelining the multiplier function will improve performance and will save significant power so it is suggested whenever possible to fully pipeline this function.  If this multiplier was inferred, it is suggested to describe an additional register stage after this function.  If there is no registered adder/accumulator following the multiply function, two pipeline stages are suggested to allow both the MREG and PREG registers to be used.  If the DSP48 was instantiated in the design, it is suggested to set both the MREG and PREG attributes to 1 when performing multiply functions.
Related violations: <none>

DPOP-4#148 Warning
MREG Output pipelining  
DSP bd_0_i/hls_inst/inst/grp_MultMod_fu_2891/mul_64ns_64ns_128_5_1_U647/buff0_reg__0 multiplier stage bd_0_i/hls_inst/inst/grp_MultMod_fu_2891/mul_64ns_64ns_128_5_1_U647/buff0_reg__0/P[47:0] is not pipelined (MREG=0). Pipelining the multiplier function will improve performance and will save significant power so it is suggested whenever possible to fully pipeline this function.  If this multiplier was inferred, it is suggested to describe an additional register stage after this function.  If there is no registered adder/accumulator following the multiply function, two pipeline stages are suggested to allow both the MREG and PREG registers to be used.  If the DSP48 was instantiated in the design, it is suggested to set both the MREG and PREG attributes to 1 when performing multiply functions.
Related violations: <none>

DPOP-4#149 Warning
MREG Output pipelining  
DSP bd_0_i/hls_inst/inst/grp_MultMod_fu_2891/mul_64ns_64ns_128_5_1_U647/buff0_reg__3 multiplier stage bd_0_i/hls_inst/inst/grp_MultMod_fu_2891/mul_64ns_64ns_128_5_1_U647/buff0_reg__3/P[47:0] is not pipelined (MREG=0). Pipelining the multiplier function will improve performance and will save significant power so it is suggested whenever possible to fully pipeline this function.  If this multiplier was inferred, it is suggested to describe an additional register stage after this function.  If there is no registered adder/accumulator following the multiply function, two pipeline stages are suggested to allow both the MREG and PREG registers to be used.  If the DSP48 was instantiated in the design, it is suggested to set both the MREG and PREG attributes to 1 when performing multiply functions.
Related violations: <none>

DPOP-4#150 Warning
MREG Output pipelining  
DSP bd_0_i/hls_inst/inst/grp_MultMod_fu_2891/mul_64s_64s_64_5_1_U648/buff0_reg__2 multiplier stage bd_0_i/hls_inst/inst/grp_MultMod_fu_2891/mul_64s_64s_64_5_1_U648/buff0_reg__2/P[47:0] is not pipelined (MREG=0). Pipelining the multiplier function will improve performance and will save significant power so it is suggested whenever possible to fully pipeline this function.  If this multiplier was inferred, it is suggested to describe an additional register stage after this function.  If there is no registered adder/accumulator following the multiply function, two pipeline stages are suggested to allow both the MREG and PREG registers to be used.  If the DSP48 was instantiated in the design, it is suggested to set both the MREG and PREG attributes to 1 when performing multiply functions.
Related violations: <none>

DPOP-4#151 Warning
MREG Output pipelining  
DSP bd_0_i/hls_inst/inst/grp_MultMod_fu_2899/mul_64ns_64ns_128_5_1_U645/buff0_reg multiplier stage bd_0_i/hls_inst/inst/grp_MultMod_fu_2899/mul_64ns_64ns_128_5_1_U645/buff0_reg/P[47:0] is not pipelined (MREG=0). Pipelining the multiplier function will improve performance and will save significant power so it is suggested whenever possible to fully pipeline this function.  If this multiplier was inferred, it is suggested to describe an additional register stage after this function.  If there is no registered adder/accumulator following the multiply function, two pipeline stages are suggested to allow both the MREG and PREG registers to be used.  If the DSP48 was instantiated in the design, it is suggested to set both the MREG and PREG attributes to 1 when performing multiply functions.
Related violations: <none>

DPOP-4#152 Warning
MREG Output pipelining  
DSP bd_0_i/hls_inst/inst/grp_MultMod_fu_2899/mul_64ns_64ns_128_5_1_U645/buff0_reg__0 multiplier stage bd_0_i/hls_inst/inst/grp_MultMod_fu_2899/mul_64ns_64ns_128_5_1_U645/buff0_reg__0/P[47:0] is not pipelined (MREG=0). Pipelining the multiplier function will improve performance and will save significant power so it is suggested whenever possible to fully pipeline this function.  If this multiplier was inferred, it is suggested to describe an additional register stage after this function.  If there is no registered adder/accumulator following the multiply function, two pipeline stages are suggested to allow both the MREG and PREG registers to be used.  If the DSP48 was instantiated in the design, it is suggested to set both the MREG and PREG attributes to 1 when performing multiply functions.
Related violations: <none>

DPOP-4#153 Warning
MREG Output pipelining  
DSP bd_0_i/hls_inst/inst/grp_MultMod_fu_2899/mul_64ns_64ns_128_5_1_U645/buff0_reg__3 multiplier stage bd_0_i/hls_inst/inst/grp_MultMod_fu_2899/mul_64ns_64ns_128_5_1_U645/buff0_reg__3/P[47:0] is not pipelined (MREG=0). Pipelining the multiplier function will improve performance and will save significant power so it is suggested whenever possible to fully pipeline this function.  If this multiplier was inferred, it is suggested to describe an additional register stage after this function.  If there is no registered adder/accumulator following the multiply function, two pipeline stages are suggested to allow both the MREG and PREG registers to be used.  If the DSP48 was instantiated in the design, it is suggested to set both the MREG and PREG attributes to 1 when performing multiply functions.
Related violations: <none>

DPOP-4#154 Warning
MREG Output pipelining  
DSP bd_0_i/hls_inst/inst/grp_MultMod_fu_2899/mul_64ns_64ns_128_5_1_U646/buff0_reg multiplier stage bd_0_i/hls_inst/inst/grp_MultMod_fu_2899/mul_64ns_64ns_128_5_1_U646/buff0_reg/P[47:0] is not pipelined (MREG=0). Pipelining the multiplier function will improve performance and will save significant power so it is suggested whenever possible to fully pipeline this function.  If this multiplier was inferred, it is suggested to describe an additional register stage after this function.  If there is no registered adder/accumulator following the multiply function, two pipeline stages are suggested to allow both the MREG and PREG registers to be used.  If the DSP48 was instantiated in the design, it is suggested to set both the MREG and PREG attributes to 1 when performing multiply functions.
Related violations: <none>

DPOP-4#155 Warning
MREG Output pipelining  
DSP bd_0_i/hls_inst/inst/grp_MultMod_fu_2899/mul_64ns_64ns_128_5_1_U646/buff0_reg__0 multiplier stage bd_0_i/hls_inst/inst/grp_MultMod_fu_2899/mul_64ns_64ns_128_5_1_U646/buff0_reg__0/P[47:0] is not pipelined (MREG=0). Pipelining the multiplier function will improve performance and will save significant power so it is suggested whenever possible to fully pipeline this function.  If this multiplier was inferred, it is suggested to describe an additional register stage after this function.  If there is no registered adder/accumulator following the multiply function, two pipeline stages are suggested to allow both the MREG and PREG registers to be used.  If the DSP48 was instantiated in the design, it is suggested to set both the MREG and PREG attributes to 1 when performing multiply functions.
Related violations: <none>

DPOP-4#156 Warning
MREG Output pipelining  
DSP bd_0_i/hls_inst/inst/grp_MultMod_fu_2899/mul_64ns_64ns_128_5_1_U646/buff0_reg__3 multiplier stage bd_0_i/hls_inst/inst/grp_MultMod_fu_2899/mul_64ns_64ns_128_5_1_U646/buff0_reg__3/P[47:0] is not pipelined (MREG=0). Pipelining the multiplier function will improve performance and will save significant power so it is suggested whenever possible to fully pipeline this function.  If this multiplier was inferred, it is suggested to describe an additional register stage after this function.  If there is no registered adder/accumulator following the multiply function, two pipeline stages are suggested to allow both the MREG and PREG registers to be used.  If the DSP48 was instantiated in the design, it is suggested to set both the MREG and PREG attributes to 1 when performing multiply functions.
Related violations: <none>

DPOP-4#157 Warning
MREG Output pipelining  
DSP bd_0_i/hls_inst/inst/grp_MultMod_fu_2899/mul_64ns_64ns_128_5_1_U647/buff0_reg multiplier stage bd_0_i/hls_inst/inst/grp_MultMod_fu_2899/mul_64ns_64ns_128_5_1_U647/buff0_reg/P[47:0] is not pipelined (MREG=0). Pipelining the multiplier function will improve performance and will save significant power so it is suggested whenever possible to fully pipeline this function.  If this multiplier was inferred, it is suggested to describe an additional register stage after this function.  If there is no registered adder/accumulator following the multiply function, two pipeline stages are suggested to allow both the MREG and PREG registers to be used.  If the DSP48 was instantiated in the design, it is suggested to set both the MREG and PREG attributes to 1 when performing multiply functions.
Related violations: <none>

DPOP-4#158 Warning
MREG Output pipelining  
DSP bd_0_i/hls_inst/inst/grp_MultMod_fu_2899/mul_64ns_64ns_128_5_1_U647/buff0_reg__0 multiplier stage bd_0_i/hls_inst/inst/grp_MultMod_fu_2899/mul_64ns_64ns_128_5_1_U647/buff0_reg__0/P[47:0] is not pipelined (MREG=0). Pipelining the multiplier function will improve performance and will save significant power so it is suggested whenever possible to fully pipeline this function.  If this multiplier was inferred, it is suggested to describe an additional register stage after this function.  If there is no registered adder/accumulator following the multiply function, two pipeline stages are suggested to allow both the MREG and PREG registers to be used.  If the DSP48 was instantiated in the design, it is suggested to set both the MREG and PREG attributes to 1 when performing multiply functions.
Related violations: <none>

DPOP-4#159 Warning
MREG Output pipelining  
DSP bd_0_i/hls_inst/inst/grp_MultMod_fu_2899/mul_64ns_64ns_128_5_1_U647/buff0_reg__3 multiplier stage bd_0_i/hls_inst/inst/grp_MultMod_fu_2899/mul_64ns_64ns_128_5_1_U647/buff0_reg__3/P[47:0] is not pipelined (MREG=0). Pipelining the multiplier function will improve performance and will save significant power so it is suggested whenever possible to fully pipeline this function.  If this multiplier was inferred, it is suggested to describe an additional register stage after this function.  If there is no registered adder/accumulator following the multiply function, two pipeline stages are suggested to allow both the MREG and PREG registers to be used.  If the DSP48 was instantiated in the design, it is suggested to set both the MREG and PREG attributes to 1 when performing multiply functions.
Related violations: <none>

DPOP-4#160 Warning
MREG Output pipelining  
DSP bd_0_i/hls_inst/inst/grp_MultMod_fu_2899/mul_64s_64s_64_5_1_U648/buff0_reg__2 multiplier stage bd_0_i/hls_inst/inst/grp_MultMod_fu_2899/mul_64s_64s_64_5_1_U648/buff0_reg__2/P[47:0] is not pipelined (MREG=0). Pipelining the multiplier function will improve performance and will save significant power so it is suggested whenever possible to fully pipeline this function.  If this multiplier was inferred, it is suggested to describe an additional register stage after this function.  If there is no registered adder/accumulator following the multiply function, two pipeline stages are suggested to allow both the MREG and PREG registers to be used.  If the DSP48 was instantiated in the design, it is suggested to set both the MREG and PREG attributes to 1 when performing multiply functions.
Related violations: <none>

DPOP-4#161 Warning
MREG Output pipelining  
DSP bd_0_i/hls_inst/inst/grp_MultMod_fu_2907/mul_64ns_64ns_128_5_1_U645/buff0_reg multiplier stage bd_0_i/hls_inst/inst/grp_MultMod_fu_2907/mul_64ns_64ns_128_5_1_U645/buff0_reg/P[47:0] is not pipelined (MREG=0). Pipelining the multiplier function will improve performance and will save significant power so it is suggested whenever possible to fully pipeline this function.  If this multiplier was inferred, it is suggested to describe an additional register stage after this function.  If there is no registered adder/accumulator following the multiply function, two pipeline stages are suggested to allow both the MREG and PREG registers to be used.  If the DSP48 was instantiated in the design, it is suggested to set both the MREG and PREG attributes to 1 when performing multiply functions.
Related violations: <none>

DPOP-4#162 Warning
MREG Output pipelining  
DSP bd_0_i/hls_inst/inst/grp_MultMod_fu_2907/mul_64ns_64ns_128_5_1_U645/buff0_reg__0 multiplier stage bd_0_i/hls_inst/inst/grp_MultMod_fu_2907/mul_64ns_64ns_128_5_1_U645/buff0_reg__0/P[47:0] is not pipelined (MREG=0). Pipelining the multiplier function will improve performance and will save significant power so it is suggested whenever possible to fully pipeline this function.  If this multiplier was inferred, it is suggested to describe an additional register stage after this function.  If there is no registered adder/accumulator following the multiply function, two pipeline stages are suggested to allow both the MREG and PREG registers to be used.  If the DSP48 was instantiated in the design, it is suggested to set both the MREG and PREG attributes to 1 when performing multiply functions.
Related violations: <none>

DPOP-4#163 Warning
MREG Output pipelining  
DSP bd_0_i/hls_inst/inst/grp_MultMod_fu_2907/mul_64ns_64ns_128_5_1_U645/buff0_reg__3 multiplier stage bd_0_i/hls_inst/inst/grp_MultMod_fu_2907/mul_64ns_64ns_128_5_1_U645/buff0_reg__3/P[47:0] is not pipelined (MREG=0). Pipelining the multiplier function will improve performance and will save significant power so it is suggested whenever possible to fully pipeline this function.  If this multiplier was inferred, it is suggested to describe an additional register stage after this function.  If there is no registered adder/accumulator following the multiply function, two pipeline stages are suggested to allow both the MREG and PREG registers to be used.  If the DSP48 was instantiated in the design, it is suggested to set both the MREG and PREG attributes to 1 when performing multiply functions.
Related violations: <none>

DPOP-4#164 Warning
MREG Output pipelining  
DSP bd_0_i/hls_inst/inst/grp_MultMod_fu_2907/mul_64ns_64ns_128_5_1_U646/buff0_reg multiplier stage bd_0_i/hls_inst/inst/grp_MultMod_fu_2907/mul_64ns_64ns_128_5_1_U646/buff0_reg/P[47:0] is not pipelined (MREG=0). Pipelining the multiplier function will improve performance and will save significant power so it is suggested whenever possible to fully pipeline this function.  If this multiplier was inferred, it is suggested to describe an additional register stage after this function.  If there is no registered adder/accumulator following the multiply function, two pipeline stages are suggested to allow both the MREG and PREG registers to be used.  If the DSP48 was instantiated in the design, it is suggested to set both the MREG and PREG attributes to 1 when performing multiply functions.
Related violations: <none>

DPOP-4#165 Warning
MREG Output pipelining  
DSP bd_0_i/hls_inst/inst/grp_MultMod_fu_2907/mul_64ns_64ns_128_5_1_U646/buff0_reg__0 multiplier stage bd_0_i/hls_inst/inst/grp_MultMod_fu_2907/mul_64ns_64ns_128_5_1_U646/buff0_reg__0/P[47:0] is not pipelined (MREG=0). Pipelining the multiplier function will improve performance and will save significant power so it is suggested whenever possible to fully pipeline this function.  If this multiplier was inferred, it is suggested to describe an additional register stage after this function.  If there is no registered adder/accumulator following the multiply function, two pipeline stages are suggested to allow both the MREG and PREG registers to be used.  If the DSP48 was instantiated in the design, it is suggested to set both the MREG and PREG attributes to 1 when performing multiply functions.
Related violations: <none>

DPOP-4#166 Warning
MREG Output pipelining  
DSP bd_0_i/hls_inst/inst/grp_MultMod_fu_2907/mul_64ns_64ns_128_5_1_U646/buff0_reg__3 multiplier stage bd_0_i/hls_inst/inst/grp_MultMod_fu_2907/mul_64ns_64ns_128_5_1_U646/buff0_reg__3/P[47:0] is not pipelined (MREG=0). Pipelining the multiplier function will improve performance and will save significant power so it is suggested whenever possible to fully pipeline this function.  If this multiplier was inferred, it is suggested to describe an additional register stage after this function.  If there is no registered adder/accumulator following the multiply function, two pipeline stages are suggested to allow both the MREG and PREG registers to be used.  If the DSP48 was instantiated in the design, it is suggested to set both the MREG and PREG attributes to 1 when performing multiply functions.
Related violations: <none>

DPOP-4#167 Warning
MREG Output pipelining  
DSP bd_0_i/hls_inst/inst/grp_MultMod_fu_2907/mul_64ns_64ns_128_5_1_U647/buff0_reg multiplier stage bd_0_i/hls_inst/inst/grp_MultMod_fu_2907/mul_64ns_64ns_128_5_1_U647/buff0_reg/P[47:0] is not pipelined (MREG=0). Pipelining the multiplier function will improve performance and will save significant power so it is suggested whenever possible to fully pipeline this function.  If this multiplier was inferred, it is suggested to describe an additional register stage after this function.  If there is no registered adder/accumulator following the multiply function, two pipeline stages are suggested to allow both the MREG and PREG registers to be used.  If the DSP48 was instantiated in the design, it is suggested to set both the MREG and PREG attributes to 1 when performing multiply functions.
Related violations: <none>

DPOP-4#168 Warning
MREG Output pipelining  
DSP bd_0_i/hls_inst/inst/grp_MultMod_fu_2907/mul_64ns_64ns_128_5_1_U647/buff0_reg__0 multiplier stage bd_0_i/hls_inst/inst/grp_MultMod_fu_2907/mul_64ns_64ns_128_5_1_U647/buff0_reg__0/P[47:0] is not pipelined (MREG=0). Pipelining the multiplier function will improve performance and will save significant power so it is suggested whenever possible to fully pipeline this function.  If this multiplier was inferred, it is suggested to describe an additional register stage after this function.  If there is no registered adder/accumulator following the multiply function, two pipeline stages are suggested to allow both the MREG and PREG registers to be used.  If the DSP48 was instantiated in the design, it is suggested to set both the MREG and PREG attributes to 1 when performing multiply functions.
Related violations: <none>

DPOP-4#169 Warning
MREG Output pipelining  
DSP bd_0_i/hls_inst/inst/grp_MultMod_fu_2907/mul_64ns_64ns_128_5_1_U647/buff0_reg__3 multiplier stage bd_0_i/hls_inst/inst/grp_MultMod_fu_2907/mul_64ns_64ns_128_5_1_U647/buff0_reg__3/P[47:0] is not pipelined (MREG=0). Pipelining the multiplier function will improve performance and will save significant power so it is suggested whenever possible to fully pipeline this function.  If this multiplier was inferred, it is suggested to describe an additional register stage after this function.  If there is no registered adder/accumulator following the multiply function, two pipeline stages are suggested to allow both the MREG and PREG registers to be used.  If the DSP48 was instantiated in the design, it is suggested to set both the MREG and PREG attributes to 1 when performing multiply functions.
Related violations: <none>

DPOP-4#170 Warning
MREG Output pipelining  
DSP bd_0_i/hls_inst/inst/grp_MultMod_fu_2907/mul_64s_64s_64_5_1_U648/buff0_reg__2 multiplier stage bd_0_i/hls_inst/inst/grp_MultMod_fu_2907/mul_64s_64s_64_5_1_U648/buff0_reg__2/P[47:0] is not pipelined (MREG=0). Pipelining the multiplier function will improve performance and will save significant power so it is suggested whenever possible to fully pipeline this function.  If this multiplier was inferred, it is suggested to describe an additional register stage after this function.  If there is no registered adder/accumulator following the multiply function, two pipeline stages are suggested to allow both the MREG and PREG registers to be used.  If the DSP48 was instantiated in the design, it is suggested to set both the MREG and PREG attributes to 1 when performing multiply functions.
Related violations: <none>

DPOP-4#171 Warning
MREG Output pipelining  
DSP bd_0_i/hls_inst/inst/grp_MultMod_fu_2915/mul_64ns_64ns_128_5_1_U645/buff0_reg multiplier stage bd_0_i/hls_inst/inst/grp_MultMod_fu_2915/mul_64ns_64ns_128_5_1_U645/buff0_reg/P[47:0] is not pipelined (MREG=0). Pipelining the multiplier function will improve performance and will save significant power so it is suggested whenever possible to fully pipeline this function.  If this multiplier was inferred, it is suggested to describe an additional register stage after this function.  If there is no registered adder/accumulator following the multiply function, two pipeline stages are suggested to allow both the MREG and PREG registers to be used.  If the DSP48 was instantiated in the design, it is suggested to set both the MREG and PREG attributes to 1 when performing multiply functions.
Related violations: <none>

DPOP-4#172 Warning
MREG Output pipelining  
DSP bd_0_i/hls_inst/inst/grp_MultMod_fu_2915/mul_64ns_64ns_128_5_1_U645/buff0_reg__0 multiplier stage bd_0_i/hls_inst/inst/grp_MultMod_fu_2915/mul_64ns_64ns_128_5_1_U645/buff0_reg__0/P[47:0] is not pipelined (MREG=0). Pipelining the multiplier function will improve performance and will save significant power so it is suggested whenever possible to fully pipeline this function.  If this multiplier was inferred, it is suggested to describe an additional register stage after this function.  If there is no registered adder/accumulator following the multiply function, two pipeline stages are suggested to allow both the MREG and PREG registers to be used.  If the DSP48 was instantiated in the design, it is suggested to set both the MREG and PREG attributes to 1 when performing multiply functions.
Related violations: <none>

DPOP-4#173 Warning
MREG Output pipelining  
DSP bd_0_i/hls_inst/inst/grp_MultMod_fu_2915/mul_64ns_64ns_128_5_1_U645/buff0_reg__3 multiplier stage bd_0_i/hls_inst/inst/grp_MultMod_fu_2915/mul_64ns_64ns_128_5_1_U645/buff0_reg__3/P[47:0] is not pipelined (MREG=0). Pipelining the multiplier function will improve performance and will save significant power so it is suggested whenever possible to fully pipeline this function.  If this multiplier was inferred, it is suggested to describe an additional register stage after this function.  If there is no registered adder/accumulator following the multiply function, two pipeline stages are suggested to allow both the MREG and PREG registers to be used.  If the DSP48 was instantiated in the design, it is suggested to set both the MREG and PREG attributes to 1 when performing multiply functions.
Related violations: <none>

DPOP-4#174 Warning
MREG Output pipelining  
DSP bd_0_i/hls_inst/inst/grp_MultMod_fu_2915/mul_64ns_64ns_128_5_1_U646/buff0_reg multiplier stage bd_0_i/hls_inst/inst/grp_MultMod_fu_2915/mul_64ns_64ns_128_5_1_U646/buff0_reg/P[47:0] is not pipelined (MREG=0). Pipelining the multiplier function will improve performance and will save significant power so it is suggested whenever possible to fully pipeline this function.  If this multiplier was inferred, it is suggested to describe an additional register stage after this function.  If there is no registered adder/accumulator following the multiply function, two pipeline stages are suggested to allow both the MREG and PREG registers to be used.  If the DSP48 was instantiated in the design, it is suggested to set both the MREG and PREG attributes to 1 when performing multiply functions.
Related violations: <none>

DPOP-4#175 Warning
MREG Output pipelining  
DSP bd_0_i/hls_inst/inst/grp_MultMod_fu_2915/mul_64ns_64ns_128_5_1_U646/buff0_reg__0 multiplier stage bd_0_i/hls_inst/inst/grp_MultMod_fu_2915/mul_64ns_64ns_128_5_1_U646/buff0_reg__0/P[47:0] is not pipelined (MREG=0). Pipelining the multiplier function will improve performance and will save significant power so it is suggested whenever possible to fully pipeline this function.  If this multiplier was inferred, it is suggested to describe an additional register stage after this function.  If there is no registered adder/accumulator following the multiply function, two pipeline stages are suggested to allow both the MREG and PREG registers to be used.  If the DSP48 was instantiated in the design, it is suggested to set both the MREG and PREG attributes to 1 when performing multiply functions.
Related violations: <none>

DPOP-4#176 Warning
MREG Output pipelining  
DSP bd_0_i/hls_inst/inst/grp_MultMod_fu_2915/mul_64ns_64ns_128_5_1_U646/buff0_reg__3 multiplier stage bd_0_i/hls_inst/inst/grp_MultMod_fu_2915/mul_64ns_64ns_128_5_1_U646/buff0_reg__3/P[47:0] is not pipelined (MREG=0). Pipelining the multiplier function will improve performance and will save significant power so it is suggested whenever possible to fully pipeline this function.  If this multiplier was inferred, it is suggested to describe an additional register stage after this function.  If there is no registered adder/accumulator following the multiply function, two pipeline stages are suggested to allow both the MREG and PREG registers to be used.  If the DSP48 was instantiated in the design, it is suggested to set both the MREG and PREG attributes to 1 when performing multiply functions.
Related violations: <none>

DPOP-4#177 Warning
MREG Output pipelining  
DSP bd_0_i/hls_inst/inst/grp_MultMod_fu_2915/mul_64ns_64ns_128_5_1_U647/buff0_reg multiplier stage bd_0_i/hls_inst/inst/grp_MultMod_fu_2915/mul_64ns_64ns_128_5_1_U647/buff0_reg/P[47:0] is not pipelined (MREG=0). Pipelining the multiplier function will improve performance and will save significant power so it is suggested whenever possible to fully pipeline this function.  If this multiplier was inferred, it is suggested to describe an additional register stage after this function.  If there is no registered adder/accumulator following the multiply function, two pipeline stages are suggested to allow both the MREG and PREG registers to be used.  If the DSP48 was instantiated in the design, it is suggested to set both the MREG and PREG attributes to 1 when performing multiply functions.
Related violations: <none>

DPOP-4#178 Warning
MREG Output pipelining  
DSP bd_0_i/hls_inst/inst/grp_MultMod_fu_2915/mul_64ns_64ns_128_5_1_U647/buff0_reg__0 multiplier stage bd_0_i/hls_inst/inst/grp_MultMod_fu_2915/mul_64ns_64ns_128_5_1_U647/buff0_reg__0/P[47:0] is not pipelined (MREG=0). Pipelining the multiplier function will improve performance and will save significant power so it is suggested whenever possible to fully pipeline this function.  If this multiplier was inferred, it is suggested to describe an additional register stage after this function.  If there is no registered adder/accumulator following the multiply function, two pipeline stages are suggested to allow both the MREG and PREG registers to be used.  If the DSP48 was instantiated in the design, it is suggested to set both the MREG and PREG attributes to 1 when performing multiply functions.
Related violations: <none>

DPOP-4#179 Warning
MREG Output pipelining  
DSP bd_0_i/hls_inst/inst/grp_MultMod_fu_2915/mul_64ns_64ns_128_5_1_U647/buff0_reg__3 multiplier stage bd_0_i/hls_inst/inst/grp_MultMod_fu_2915/mul_64ns_64ns_128_5_1_U647/buff0_reg__3/P[47:0] is not pipelined (MREG=0). Pipelining the multiplier function will improve performance and will save significant power so it is suggested whenever possible to fully pipeline this function.  If this multiplier was inferred, it is suggested to describe an additional register stage after this function.  If there is no registered adder/accumulator following the multiply function, two pipeline stages are suggested to allow both the MREG and PREG registers to be used.  If the DSP48 was instantiated in the design, it is suggested to set both the MREG and PREG attributes to 1 when performing multiply functions.
Related violations: <none>

DPOP-4#180 Warning
MREG Output pipelining  
DSP bd_0_i/hls_inst/inst/grp_MultMod_fu_2915/mul_64s_64s_64_5_1_U648/buff0_reg__2 multiplier stage bd_0_i/hls_inst/inst/grp_MultMod_fu_2915/mul_64s_64s_64_5_1_U648/buff0_reg__2/P[47:0] is not pipelined (MREG=0). Pipelining the multiplier function will improve performance and will save significant power so it is suggested whenever possible to fully pipeline this function.  If this multiplier was inferred, it is suggested to describe an additional register stage after this function.  If there is no registered adder/accumulator following the multiply function, two pipeline stages are suggested to allow both the MREG and PREG registers to be used.  If the DSP48 was instantiated in the design, it is suggested to set both the MREG and PREG attributes to 1 when performing multiply functions.
Related violations: <none>

DPOP-4#181 Warning
MREG Output pipelining  
DSP bd_0_i/hls_inst/inst/grp_MultMod_fu_2923/mul_64ns_64ns_128_5_1_U645/buff0_reg multiplier stage bd_0_i/hls_inst/inst/grp_MultMod_fu_2923/mul_64ns_64ns_128_5_1_U645/buff0_reg/P[47:0] is not pipelined (MREG=0). Pipelining the multiplier function will improve performance and will save significant power so it is suggested whenever possible to fully pipeline this function.  If this multiplier was inferred, it is suggested to describe an additional register stage after this function.  If there is no registered adder/accumulator following the multiply function, two pipeline stages are suggested to allow both the MREG and PREG registers to be used.  If the DSP48 was instantiated in the design, it is suggested to set both the MREG and PREG attributes to 1 when performing multiply functions.
Related violations: <none>

DPOP-4#182 Warning
MREG Output pipelining  
DSP bd_0_i/hls_inst/inst/grp_MultMod_fu_2923/mul_64ns_64ns_128_5_1_U645/buff0_reg__0 multiplier stage bd_0_i/hls_inst/inst/grp_MultMod_fu_2923/mul_64ns_64ns_128_5_1_U645/buff0_reg__0/P[47:0] is not pipelined (MREG=0). Pipelining the multiplier function will improve performance and will save significant power so it is suggested whenever possible to fully pipeline this function.  If this multiplier was inferred, it is suggested to describe an additional register stage after this function.  If there is no registered adder/accumulator following the multiply function, two pipeline stages are suggested to allow both the MREG and PREG registers to be used.  If the DSP48 was instantiated in the design, it is suggested to set both the MREG and PREG attributes to 1 when performing multiply functions.
Related violations: <none>

DPOP-4#183 Warning
MREG Output pipelining  
DSP bd_0_i/hls_inst/inst/grp_MultMod_fu_2923/mul_64ns_64ns_128_5_1_U645/buff0_reg__3 multiplier stage bd_0_i/hls_inst/inst/grp_MultMod_fu_2923/mul_64ns_64ns_128_5_1_U645/buff0_reg__3/P[47:0] is not pipelined (MREG=0). Pipelining the multiplier function will improve performance and will save significant power so it is suggested whenever possible to fully pipeline this function.  If this multiplier was inferred, it is suggested to describe an additional register stage after this function.  If there is no registered adder/accumulator following the multiply function, two pipeline stages are suggested to allow both the MREG and PREG registers to be used.  If the DSP48 was instantiated in the design, it is suggested to set both the MREG and PREG attributes to 1 when performing multiply functions.
Related violations: <none>

DPOP-4#184 Warning
MREG Output pipelining  
DSP bd_0_i/hls_inst/inst/grp_MultMod_fu_2923/mul_64ns_64ns_128_5_1_U646/buff0_reg multiplier stage bd_0_i/hls_inst/inst/grp_MultMod_fu_2923/mul_64ns_64ns_128_5_1_U646/buff0_reg/P[47:0] is not pipelined (MREG=0). Pipelining the multiplier function will improve performance and will save significant power so it is suggested whenever possible to fully pipeline this function.  If this multiplier was inferred, it is suggested to describe an additional register stage after this function.  If there is no registered adder/accumulator following the multiply function, two pipeline stages are suggested to allow both the MREG and PREG registers to be used.  If the DSP48 was instantiated in the design, it is suggested to set both the MREG and PREG attributes to 1 when performing multiply functions.
Related violations: <none>

DPOP-4#185 Warning
MREG Output pipelining  
DSP bd_0_i/hls_inst/inst/grp_MultMod_fu_2923/mul_64ns_64ns_128_5_1_U646/buff0_reg__0 multiplier stage bd_0_i/hls_inst/inst/grp_MultMod_fu_2923/mul_64ns_64ns_128_5_1_U646/buff0_reg__0/P[47:0] is not pipelined (MREG=0). Pipelining the multiplier function will improve performance and will save significant power so it is suggested whenever possible to fully pipeline this function.  If this multiplier was inferred, it is suggested to describe an additional register stage after this function.  If there is no registered adder/accumulator following the multiply function, two pipeline stages are suggested to allow both the MREG and PREG registers to be used.  If the DSP48 was instantiated in the design, it is suggested to set both the MREG and PREG attributes to 1 when performing multiply functions.
Related violations: <none>

DPOP-4#186 Warning
MREG Output pipelining  
DSP bd_0_i/hls_inst/inst/grp_MultMod_fu_2923/mul_64ns_64ns_128_5_1_U646/buff0_reg__3 multiplier stage bd_0_i/hls_inst/inst/grp_MultMod_fu_2923/mul_64ns_64ns_128_5_1_U646/buff0_reg__3/P[47:0] is not pipelined (MREG=0). Pipelining the multiplier function will improve performance and will save significant power so it is suggested whenever possible to fully pipeline this function.  If this multiplier was inferred, it is suggested to describe an additional register stage after this function.  If there is no registered adder/accumulator following the multiply function, two pipeline stages are suggested to allow both the MREG and PREG registers to be used.  If the DSP48 was instantiated in the design, it is suggested to set both the MREG and PREG attributes to 1 when performing multiply functions.
Related violations: <none>

DPOP-4#187 Warning
MREG Output pipelining  
DSP bd_0_i/hls_inst/inst/grp_MultMod_fu_2923/mul_64ns_64ns_128_5_1_U647/buff0_reg multiplier stage bd_0_i/hls_inst/inst/grp_MultMod_fu_2923/mul_64ns_64ns_128_5_1_U647/buff0_reg/P[47:0] is not pipelined (MREG=0). Pipelining the multiplier function will improve performance and will save significant power so it is suggested whenever possible to fully pipeline this function.  If this multiplier was inferred, it is suggested to describe an additional register stage after this function.  If there is no registered adder/accumulator following the multiply function, two pipeline stages are suggested to allow both the MREG and PREG registers to be used.  If the DSP48 was instantiated in the design, it is suggested to set both the MREG and PREG attributes to 1 when performing multiply functions.
Related violations: <none>

DPOP-4#188 Warning
MREG Output pipelining  
DSP bd_0_i/hls_inst/inst/grp_MultMod_fu_2923/mul_64ns_64ns_128_5_1_U647/buff0_reg__0 multiplier stage bd_0_i/hls_inst/inst/grp_MultMod_fu_2923/mul_64ns_64ns_128_5_1_U647/buff0_reg__0/P[47:0] is not pipelined (MREG=0). Pipelining the multiplier function will improve performance and will save significant power so it is suggested whenever possible to fully pipeline this function.  If this multiplier was inferred, it is suggested to describe an additional register stage after this function.  If there is no registered adder/accumulator following the multiply function, two pipeline stages are suggested to allow both the MREG and PREG registers to be used.  If the DSP48 was instantiated in the design, it is suggested to set both the MREG and PREG attributes to 1 when performing multiply functions.
Related violations: <none>

DPOP-4#189 Warning
MREG Output pipelining  
DSP bd_0_i/hls_inst/inst/grp_MultMod_fu_2923/mul_64ns_64ns_128_5_1_U647/buff0_reg__3 multiplier stage bd_0_i/hls_inst/inst/grp_MultMod_fu_2923/mul_64ns_64ns_128_5_1_U647/buff0_reg__3/P[47:0] is not pipelined (MREG=0). Pipelining the multiplier function will improve performance and will save significant power so it is suggested whenever possible to fully pipeline this function.  If this multiplier was inferred, it is suggested to describe an additional register stage after this function.  If there is no registered adder/accumulator following the multiply function, two pipeline stages are suggested to allow both the MREG and PREG registers to be used.  If the DSP48 was instantiated in the design, it is suggested to set both the MREG and PREG attributes to 1 when performing multiply functions.
Related violations: <none>

DPOP-4#190 Warning
MREG Output pipelining  
DSP bd_0_i/hls_inst/inst/grp_MultMod_fu_2923/mul_64s_64s_64_5_1_U648/buff0_reg__2 multiplier stage bd_0_i/hls_inst/inst/grp_MultMod_fu_2923/mul_64s_64s_64_5_1_U648/buff0_reg__2/P[47:0] is not pipelined (MREG=0). Pipelining the multiplier function will improve performance and will save significant power so it is suggested whenever possible to fully pipeline this function.  If this multiplier was inferred, it is suggested to describe an additional register stage after this function.  If there is no registered adder/accumulator following the multiply function, two pipeline stages are suggested to allow both the MREG and PREG registers to be used.  If the DSP48 was instantiated in the design, it is suggested to set both the MREG and PREG attributes to 1 when performing multiply functions.
Related violations: <none>

DPOP-4#191 Warning
MREG Output pipelining  
DSP bd_0_i/hls_inst/inst/grp_MultMod_fu_2931/mul_64ns_64ns_128_5_1_U645/buff0_reg multiplier stage bd_0_i/hls_inst/inst/grp_MultMod_fu_2931/mul_64ns_64ns_128_5_1_U645/buff0_reg/P[47:0] is not pipelined (MREG=0). Pipelining the multiplier function will improve performance and will save significant power so it is suggested whenever possible to fully pipeline this function.  If this multiplier was inferred, it is suggested to describe an additional register stage after this function.  If there is no registered adder/accumulator following the multiply function, two pipeline stages are suggested to allow both the MREG and PREG registers to be used.  If the DSP48 was instantiated in the design, it is suggested to set both the MREG and PREG attributes to 1 when performing multiply functions.
Related violations: <none>

DPOP-4#192 Warning
MREG Output pipelining  
DSP bd_0_i/hls_inst/inst/grp_MultMod_fu_2931/mul_64ns_64ns_128_5_1_U645/buff0_reg__0 multiplier stage bd_0_i/hls_inst/inst/grp_MultMod_fu_2931/mul_64ns_64ns_128_5_1_U645/buff0_reg__0/P[47:0] is not pipelined (MREG=0). Pipelining the multiplier function will improve performance and will save significant power so it is suggested whenever possible to fully pipeline this function.  If this multiplier was inferred, it is suggested to describe an additional register stage after this function.  If there is no registered adder/accumulator following the multiply function, two pipeline stages are suggested to allow both the MREG and PREG registers to be used.  If the DSP48 was instantiated in the design, it is suggested to set both the MREG and PREG attributes to 1 when performing multiply functions.
Related violations: <none>

DPOP-4#193 Warning
MREG Output pipelining  
DSP bd_0_i/hls_inst/inst/grp_MultMod_fu_2931/mul_64ns_64ns_128_5_1_U645/buff0_reg__3 multiplier stage bd_0_i/hls_inst/inst/grp_MultMod_fu_2931/mul_64ns_64ns_128_5_1_U645/buff0_reg__3/P[47:0] is not pipelined (MREG=0). Pipelining the multiplier function will improve performance and will save significant power so it is suggested whenever possible to fully pipeline this function.  If this multiplier was inferred, it is suggested to describe an additional register stage after this function.  If there is no registered adder/accumulator following the multiply function, two pipeline stages are suggested to allow both the MREG and PREG registers to be used.  If the DSP48 was instantiated in the design, it is suggested to set both the MREG and PREG attributes to 1 when performing multiply functions.
Related violations: <none>

DPOP-4#194 Warning
MREG Output pipelining  
DSP bd_0_i/hls_inst/inst/grp_MultMod_fu_2931/mul_64ns_64ns_128_5_1_U646/buff0_reg multiplier stage bd_0_i/hls_inst/inst/grp_MultMod_fu_2931/mul_64ns_64ns_128_5_1_U646/buff0_reg/P[47:0] is not pipelined (MREG=0). Pipelining the multiplier function will improve performance and will save significant power so it is suggested whenever possible to fully pipeline this function.  If this multiplier was inferred, it is suggested to describe an additional register stage after this function.  If there is no registered adder/accumulator following the multiply function, two pipeline stages are suggested to allow both the MREG and PREG registers to be used.  If the DSP48 was instantiated in the design, it is suggested to set both the MREG and PREG attributes to 1 when performing multiply functions.
Related violations: <none>

DPOP-4#195 Warning
MREG Output pipelining  
DSP bd_0_i/hls_inst/inst/grp_MultMod_fu_2931/mul_64ns_64ns_128_5_1_U646/buff0_reg__0 multiplier stage bd_0_i/hls_inst/inst/grp_MultMod_fu_2931/mul_64ns_64ns_128_5_1_U646/buff0_reg__0/P[47:0] is not pipelined (MREG=0). Pipelining the multiplier function will improve performance and will save significant power so it is suggested whenever possible to fully pipeline this function.  If this multiplier was inferred, it is suggested to describe an additional register stage after this function.  If there is no registered adder/accumulator following the multiply function, two pipeline stages are suggested to allow both the MREG and PREG registers to be used.  If the DSP48 was instantiated in the design, it is suggested to set both the MREG and PREG attributes to 1 when performing multiply functions.
Related violations: <none>

DPOP-4#196 Warning
MREG Output pipelining  
DSP bd_0_i/hls_inst/inst/grp_MultMod_fu_2931/mul_64ns_64ns_128_5_1_U646/buff0_reg__3 multiplier stage bd_0_i/hls_inst/inst/grp_MultMod_fu_2931/mul_64ns_64ns_128_5_1_U646/buff0_reg__3/P[47:0] is not pipelined (MREG=0). Pipelining the multiplier function will improve performance and will save significant power so it is suggested whenever possible to fully pipeline this function.  If this multiplier was inferred, it is suggested to describe an additional register stage after this function.  If there is no registered adder/accumulator following the multiply function, two pipeline stages are suggested to allow both the MREG and PREG registers to be used.  If the DSP48 was instantiated in the design, it is suggested to set both the MREG and PREG attributes to 1 when performing multiply functions.
Related violations: <none>

DPOP-4#197 Warning
MREG Output pipelining  
DSP bd_0_i/hls_inst/inst/grp_MultMod_fu_2931/mul_64ns_64ns_128_5_1_U647/buff0_reg multiplier stage bd_0_i/hls_inst/inst/grp_MultMod_fu_2931/mul_64ns_64ns_128_5_1_U647/buff0_reg/P[47:0] is not pipelined (MREG=0). Pipelining the multiplier function will improve performance and will save significant power so it is suggested whenever possible to fully pipeline this function.  If this multiplier was inferred, it is suggested to describe an additional register stage after this function.  If there is no registered adder/accumulator following the multiply function, two pipeline stages are suggested to allow both the MREG and PREG registers to be used.  If the DSP48 was instantiated in the design, it is suggested to set both the MREG and PREG attributes to 1 when performing multiply functions.
Related violations: <none>

DPOP-4#198 Warning
MREG Output pipelining  
DSP bd_0_i/hls_inst/inst/grp_MultMod_fu_2931/mul_64ns_64ns_128_5_1_U647/buff0_reg__0 multiplier stage bd_0_i/hls_inst/inst/grp_MultMod_fu_2931/mul_64ns_64ns_128_5_1_U647/buff0_reg__0/P[47:0] is not pipelined (MREG=0). Pipelining the multiplier function will improve performance and will save significant power so it is suggested whenever possible to fully pipeline this function.  If this multiplier was inferred, it is suggested to describe an additional register stage after this function.  If there is no registered adder/accumulator following the multiply function, two pipeline stages are suggested to allow both the MREG and PREG registers to be used.  If the DSP48 was instantiated in the design, it is suggested to set both the MREG and PREG attributes to 1 when performing multiply functions.
Related violations: <none>

DPOP-4#199 Warning
MREG Output pipelining  
DSP bd_0_i/hls_inst/inst/grp_MultMod_fu_2931/mul_64ns_64ns_128_5_1_U647/buff0_reg__3 multiplier stage bd_0_i/hls_inst/inst/grp_MultMod_fu_2931/mul_64ns_64ns_128_5_1_U647/buff0_reg__3/P[47:0] is not pipelined (MREG=0). Pipelining the multiplier function will improve performance and will save significant power so it is suggested whenever possible to fully pipeline this function.  If this multiplier was inferred, it is suggested to describe an additional register stage after this function.  If there is no registered adder/accumulator following the multiply function, two pipeline stages are suggested to allow both the MREG and PREG registers to be used.  If the DSP48 was instantiated in the design, it is suggested to set both the MREG and PREG attributes to 1 when performing multiply functions.
Related violations: <none>

DPOP-4#200 Warning
MREG Output pipelining  
DSP bd_0_i/hls_inst/inst/grp_MultMod_fu_2931/mul_64s_64s_64_5_1_U648/buff0_reg__2 multiplier stage bd_0_i/hls_inst/inst/grp_MultMod_fu_2931/mul_64s_64s_64_5_1_U648/buff0_reg__2/P[47:0] is not pipelined (MREG=0). Pipelining the multiplier function will improve performance and will save significant power so it is suggested whenever possible to fully pipeline this function.  If this multiplier was inferred, it is suggested to describe an additional register stage after this function.  If there is no registered adder/accumulator following the multiply function, two pipeline stages are suggested to allow both the MREG and PREG registers to be used.  If the DSP48 was instantiated in the design, it is suggested to set both the MREG and PREG attributes to 1 when performing multiply functions.
Related violations: <none>

RTSTAT-10#1 Warning
No routable loads  
392 net(s) have no routable loads. The problem bus(es) and/or net(s) are bd_0_i/hls_inst/inst/gmem2_m_axi_U/bus_write/wreq_throttle/data_fifo/U_fifo_srl/dout_reg[288]_0[0],
bd_0_i/hls_inst/inst/gmem2_m_axi_U/bus_write/wreq_throttle/data_fifo/U_fifo_srl/dout_reg[288]_0[10],
bd_0_i/hls_inst/inst/gmem2_m_axi_U/bus_write/wreq_throttle/data_fifo/U_fifo_srl/dout_reg[288]_0[11],
bd_0_i/hls_inst/inst/gmem2_m_axi_U/bus_write/wreq_throttle/data_fifo/U_fifo_srl/dout_reg[288]_0[12],
bd_0_i/hls_inst/inst/gmem2_m_axi_U/bus_write/wreq_throttle/data_fifo/U_fifo_srl/dout_reg[288]_0[13],
bd_0_i/hls_inst/inst/gmem2_m_axi_U/bus_write/wreq_throttle/data_fifo/U_fifo_srl/dout_reg[288]_0[1],
bd_0_i/hls_inst/inst/gmem2_m_axi_U/bus_write/wreq_throttle/data_fifo/U_fifo_srl/dout_reg[288]_0[2],
bd_0_i/hls_inst/inst/gmem2_m_axi_U/bus_write/wreq_throttle/data_fifo/U_fifo_srl/dout_reg[288]_0[3],
bd_0_i/hls_inst/inst/gmem2_m_axi_U/bus_write/wreq_throttle/data_fifo/U_fifo_srl/dout_reg[288]_0[4],
bd_0_i/hls_inst/inst/gmem2_m_axi_U/bus_write/wreq_throttle/data_fifo/U_fifo_srl/dout_reg[288]_0[5],
bd_0_i/hls_inst/inst/gmem2_m_axi_U/bus_write/wreq_throttle/data_fifo/U_fifo_srl/dout_reg[288]_0[6],
bd_0_i/hls_inst/inst/gmem2_m_axi_U/bus_write/wreq_throttle/data_fifo/U_fifo_srl/dout_reg[288]_0[7],
bd_0_i/hls_inst/inst/gmem2_m_axi_U/bus_write/wreq_throttle/data_fifo/U_fifo_srl/dout_reg[288]_0[8],
bd_0_i/hls_inst/inst/gmem2_m_axi_U/bus_write/wreq_throttle/data_fifo/U_fifo_srl/dout_reg[288]_0[9],
bd_0_i/hls_inst/inst/gmem2_m_axi_U/bus_write/wreq_throttle/rs_req/data_p1_reg[67]_0[62:0]
 (the first 15 of 293 listed nets/buses).
Related violations: <none>


