Copyright 1986-2022 Xilinx, Inc. All Rights Reserved. Copyright 2022-2023 Advanced Micro Devices, Inc. All Rights Reserved.
---------------------------------------------------------------------------------------------------------------------------------------------
| Tool Version : Vivado v.2023.2 (lin64) Build 4029153 Fri Oct 13 20:13:54 MDT 2023
| Date         : Fri Sep  4 11:57:39 2026
| Host         : LAPTOP-PERMR8RO running 64-bit Ubuntu 22.04.5 LTS
| Command      : report_utilization -hierarchical -hierarchical_depth 10 -file ./report/Top_utilization_hierarchical_routed.rpt
| Design       : bd_0_wrapper
| Device       : xcu55c-fsvh2892-2L-e
| Speed File   : -2L
| Design State : Routed
---------------------------------------------------------------------------------------------------------------------------------------------

Utilization Design Information

Table of Contents
-----------------
1. Utilization by Hierarchy

1. Utilization by Hierarchy
---------------------------

+-----------------------------------------------------------------------------------------------------------+------------------------------------------------------------------------------------------------------+------------+------------+---------+------+-------+--------+--------+------+------------+
|                                                  Instance                                                 |                                                Module                                                | Total LUTs | Logic LUTs | LUTRAMs | SRLs |  FFs  | RAMB36 | RAMB18 | URAM | DSP Blocks |
+-----------------------------------------------------------------------------------------------------------+------------------------------------------------------------------------------------------------------+------------+------------+---------+------+-------+--------+--------+------+------------+
| bd_0_wrapper                                                                                              |                                                                                                (top) |     107471 |     102509 |     192 | 4770 | 64062 |    358 |      3 |   96 |       1160 |
|   bd_0_i                                                                                                  |                                                                                                 bd_0 |     107471 |     102509 |     192 | 4770 | 64062 |    358 |      3 |   96 |       1160 |
|     hls_inst                                                                                              |                                                                                      bd_0_hls_inst_0 |     107471 |     102509 |     192 | 4770 | 64062 |    358 |      3 |   96 |       1160 |
|       (hls_inst)                                                                                          |                                                                                      bd_0_hls_inst_0 |          0 |          0 |       0 |    0 |     0 |      0 |      0 |    0 |          0 |
|       inst                                                                                                |                                                                                  bd_0_hls_inst_0_Top |     107471 |     102509 |     192 | 4770 | 64062 |    358 |      3 |   96 |       1160 |
|         (inst)                                                                                            |                                                                                  bd_0_hls_inst_0_Top |         86 |         85 |       0 |    1 |  1035 |      0 |      0 |    0 |          0 |
|         M_U                                                                                               |                                                                  bd_0_hls_inst_0_Top_S_RAM_AUTO_1R1W |         32 |          0 |      32 |    0 |    64 |      0 |      0 |    0 |          0 |
|         S_U                                                                                               |                                                                bd_0_hls_inst_0_Top_S_RAM_AUTO_1R1W_0 |         33 |          1 |      32 |    0 |    64 |      0 |      0 |    0 |          0 |
|         control_s_axi_U                                                                                   |                                                                    bd_0_hls_inst_0_Top_control_s_axi |        325 |        325 |       0 |    0 |   320 |      0 |      0 |    0 |          0 |
|         gmem0_m_axi_U                                                                                     |                                                                      bd_0_hls_inst_0_Top_gmem0_m_axi |        688 |        653 |       0 |   35 |  1234 |      4 |      0 |    0 |          0 |
|           (gmem0_m_axi_U)                                                                                 |                                                                      bd_0_hls_inst_0_Top_gmem0_m_axi |          1 |          0 |       0 |    1 |     0 |      0 |      0 |    0 |          0 |
|           bus_read                                                                                        |                                                                 bd_0_hls_inst_0_Top_gmem0_m_axi_read |        579 |        579 |       0 |    0 |  1036 |      0 |      0 |    0 |          0 |
|             fifo_burst                                                                                    |                                                 bd_0_hls_inst_0_Top_gmem0_m_axi_fifo__parameterized1 |         16 |         16 |       0 |    0 |    13 |      0 |      0 |    0 |          0 |
|               (fifo_burst)                                                                                |                                                 bd_0_hls_inst_0_Top_gmem0_m_axi_fifo__parameterized1 |         15 |         15 |       0 |    0 |    12 |      0 |      0 |    0 |          0 |
|               U_fifo_srl                                                                                  |                                                  bd_0_hls_inst_0_Top_gmem0_m_axi_srl__parameterized0 |          1 |          1 |       0 |    0 |     1 |      0 |      0 |    0 |          0 |
|             fifo_rctl                                                                                     |                                             bd_0_hls_inst_0_Top_gmem0_m_axi_fifo__parameterized1_795 |          9 |          9 |       0 |    0 |     8 |      0 |      0 |    0 |          0 |
|             rreq_burst_conv                                                                               |                                                      bd_0_hls_inst_0_Top_gmem0_m_axi_burst_converter |        286 |        286 |       0 |    0 |   491 |      0 |      0 |    0 |          0 |
|               (rreq_burst_conv)                                                                           |                                                      bd_0_hls_inst_0_Top_gmem0_m_axi_burst_converter |        154 |        154 |       0 |    0 |   314 |      0 |      0 |    0 |          0 |
|               rs_req                                                                                      |                                                            bd_0_hls_inst_0_Top_gmem0_m_axi_reg_slice |        132 |        132 |       0 |    0 |   177 |      0 |      0 |    0 |          0 |
|             rs_rdata                                                                                      |                                            bd_0_hls_inst_0_Top_gmem0_m_axi_reg_slice__parameterized2 |        268 |        268 |       0 |    0 |   524 |      0 |      0 |    0 |          0 |
|           bus_write                                                                                       |                                                                bd_0_hls_inst_0_Top_gmem0_m_axi_write |          2 |          2 |       0 |    0 |     3 |      0 |      0 |    0 |          0 |
|             rs_resp                                                                                       |                                            bd_0_hls_inst_0_Top_gmem0_m_axi_reg_slice__parameterized1 |          2 |          2 |       0 |    0 |     3 |      0 |      0 |    0 |          0 |
|           load_unit                                                                                       |                                                                 bd_0_hls_inst_0_Top_gmem0_m_axi_load |        106 |         72 |       0 |   34 |   195 |      4 |      0 |    0 |          0 |
|             (load_unit)                                                                                   |                                                                 bd_0_hls_inst_0_Top_gmem0_m_axi_load |          1 |          1 |       0 |    0 |    88 |      0 |      0 |    0 |          0 |
|             buff_rdata                                                                                    |                                                 bd_0_hls_inst_0_Top_gmem0_m_axi_fifo__parameterized3 |         42 |         42 |       0 |    0 |    36 |      4 |      0 |    0 |          0 |
|               (buff_rdata)                                                                                |                                                 bd_0_hls_inst_0_Top_gmem0_m_axi_fifo__parameterized3 |         28 |         28 |       0 |    0 |    28 |      0 |      0 |    0 |          0 |
|               U_fifo_mem                                                                                  |                                                  bd_0_hls_inst_0_Top_gmem0_m_axi_mem__parameterized0 |         14 |         14 |       0 |    0 |     8 |      4 |      0 |    0 |          0 |
|             fifo_rreq                                                                                     |                                                                 bd_0_hls_inst_0_Top_gmem0_m_axi_fifo |         64 |         30 |       0 |   34 |    71 |      0 |      0 |    0 |          0 |
|               (fifo_rreq)                                                                                 |                                                                 bd_0_hls_inst_0_Top_gmem0_m_axi_fifo |         19 |         19 |       0 |    0 |    10 |      0 |      0 |    0 |          0 |
|               U_fifo_srl                                                                                  |                                                                  bd_0_hls_inst_0_Top_gmem0_m_axi_srl |         45 |         11 |       0 |   34 |    61 |      0 |      0 |    0 |          0 |
|         gmem1_m_axi_U                                                                                     |                                                                      bd_0_hls_inst_0_Top_gmem1_m_axi |        747 |        713 |       0 |   34 |  1231 |      4 |      0 |    0 |          0 |
|           bus_read                                                                                        |                                                                 bd_0_hls_inst_0_Top_gmem1_m_axi_read |        576 |        576 |       0 |    0 |  1033 |      0 |      0 |    0 |          0 |
|             fifo_burst                                                                                    |                                                 bd_0_hls_inst_0_Top_gmem1_m_axi_fifo__parameterized1 |         16 |         16 |       0 |    0 |    13 |      0 |      0 |    0 |          0 |
|               (fifo_burst)                                                                                |                                                 bd_0_hls_inst_0_Top_gmem1_m_axi_fifo__parameterized1 |         15 |         15 |       0 |    0 |    12 |      0 |      0 |    0 |          0 |
|               U_fifo_srl                                                                                  |                                                  bd_0_hls_inst_0_Top_gmem1_m_axi_srl__parameterized0 |          1 |          1 |       0 |    0 |     1 |      0 |      0 |    0 |          0 |
|             fifo_rctl                                                                                     |                                             bd_0_hls_inst_0_Top_gmem1_m_axi_fifo__parameterized1_794 |          9 |          9 |       0 |    0 |     8 |      0 |      0 |    0 |          0 |
|             rreq_burst_conv                                                                               |                                                      bd_0_hls_inst_0_Top_gmem1_m_axi_burst_converter |        286 |        286 |       0 |    0 |   491 |      0 |      0 |    0 |          0 |
|               (rreq_burst_conv)                                                                           |                                                      bd_0_hls_inst_0_Top_gmem1_m_axi_burst_converter |        154 |        154 |       0 |    0 |   314 |      0 |      0 |    0 |          0 |
|               rs_req                                                                                      |                                                            bd_0_hls_inst_0_Top_gmem1_m_axi_reg_slice |        132 |        132 |       0 |    0 |   177 |      0 |      0 |    0 |          0 |
|             rs_rdata                                                                                      |                                            bd_0_hls_inst_0_Top_gmem1_m_axi_reg_slice__parameterized2 |        265 |        265 |       0 |    0 |   521 |      0 |      0 |    0 |          0 |
|           bus_write                                                                                       |                                                                bd_0_hls_inst_0_Top_gmem1_m_axi_write |          2 |          2 |       0 |    0 |     3 |      0 |      0 |    0 |          0 |
|             rs_resp                                                                                       |                                            bd_0_hls_inst_0_Top_gmem1_m_axi_reg_slice__parameterized1 |          2 |          2 |       0 |    0 |     3 |      0 |      0 |    0 |          0 |
|           load_unit                                                                                       |                                                                 bd_0_hls_inst_0_Top_gmem1_m_axi_load |        171 |        137 |       0 |   34 |   195 |      4 |      0 |    0 |          0 |
|             (load_unit)                                                                                   |                                                                 bd_0_hls_inst_0_Top_gmem1_m_axi_load |          1 |          1 |       0 |    0 |    88 |      0 |      0 |    0 |          0 |
|             buff_rdata                                                                                    |                                                 bd_0_hls_inst_0_Top_gmem1_m_axi_fifo__parameterized3 |         51 |         51 |       0 |    0 |    36 |      4 |      0 |    0 |          0 |
|               (buff_rdata)                                                                                |                                                 bd_0_hls_inst_0_Top_gmem1_m_axi_fifo__parameterized3 |         34 |         34 |       0 |    0 |    28 |      0 |      0 |    0 |          0 |
|               U_fifo_mem                                                                                  |                                                  bd_0_hls_inst_0_Top_gmem1_m_axi_mem__parameterized0 |         17 |         17 |       0 |    0 |     8 |      4 |      0 |    0 |          0 |
|             fifo_rreq                                                                                     |                                                                 bd_0_hls_inst_0_Top_gmem1_m_axi_fifo |        119 |         85 |       0 |   34 |    71 |      0 |      0 |    0 |          0 |
|               (fifo_rreq)                                                                                 |                                                                 bd_0_hls_inst_0_Top_gmem1_m_axi_fifo |         14 |         14 |       0 |    0 |    10 |      0 |      0 |    0 |          0 |
|               U_fifo_srl                                                                                  |                                                                  bd_0_hls_inst_0_Top_gmem1_m_axi_srl |        106 |         72 |       0 |   34 |    61 |      0 |      0 |    0 |          0 |
|         gmem2_m_axi_U                                                                                     |                                                                      bd_0_hls_inst_0_Top_gmem2_m_axi |        748 |        532 |       0 |  216 |  1261 |      4 |      0 |    0 |          0 |
|           bus_read                                                                                        |                                                                 bd_0_hls_inst_0_Top_gmem2_m_axi_read |          4 |          4 |       0 |    0 |     5 |      0 |      0 |    0 |          0 |
|             rs_rdata                                                                                      |                                            bd_0_hls_inst_0_Top_gmem2_m_axi_reg_slice__parameterized2 |          4 |          4 |       0 |    0 |     5 |      0 |      0 |    0 |          0 |
|           bus_write                                                                                       |                                                                bd_0_hls_inst_0_Top_gmem2_m_axi_write |        628 |        446 |       0 |  182 |  1050 |      0 |      0 |    0 |          0 |
|             (bus_write)                                                                                   |                                                                bd_0_hls_inst_0_Top_gmem2_m_axi_write |          6 |          6 |       0 |    0 |    10 |      0 |      0 |    0 |          0 |
|             fifo_burst                                                                                    |                                                 bd_0_hls_inst_0_Top_gmem2_m_axi_fifo__parameterized4 |         24 |         20 |       0 |    4 |    16 |      0 |      0 |    0 |          0 |
|               (fifo_burst)                                                                                |                                                 bd_0_hls_inst_0_Top_gmem2_m_axi_fifo__parameterized4 |         10 |         10 |       0 |    0 |    12 |      0 |      0 |    0 |          0 |
|               U_fifo_srl                                                                                  |                                                  bd_0_hls_inst_0_Top_gmem2_m_axi_srl__parameterized2 |         14 |         10 |       0 |    4 |     4 |      0 |      0 |    0 |          0 |
|             fifo_resp                                                                                     |                                             bd_0_hls_inst_0_Top_gmem2_m_axi_fifo__parameterized1_792 |         17 |         16 |       0 |    1 |    13 |      0 |      0 |    0 |          0 |
|               (fifo_resp)                                                                                 |                                             bd_0_hls_inst_0_Top_gmem2_m_axi_fifo__parameterized1_792 |         13 |         13 |       0 |    0 |    12 |      0 |      0 |    0 |          0 |
|               U_fifo_srl                                                                                  |                                              bd_0_hls_inst_0_Top_gmem2_m_axi_srl__parameterized0_793 |          4 |          3 |       0 |    1 |     1 |      0 |      0 |    0 |          0 |
|             rs_resp                                                                                       |                                            bd_0_hls_inst_0_Top_gmem2_m_axi_reg_slice__parameterized1 |          4 |          4 |       0 |    0 |     5 |      0 |      0 |    0 |          0 |
|             wreq_burst_conv                                                                               |                                                      bd_0_hls_inst_0_Top_gmem2_m_axi_burst_converter |        288 |        288 |       0 |    0 |   491 |      0 |      0 |    0 |          0 |
|               (wreq_burst_conv)                                                                           |                                                      bd_0_hls_inst_0_Top_gmem2_m_axi_burst_converter |        156 |        156 |       0 |    0 |   314 |      0 |      0 |    0 |          0 |
|               rs_req                                                                                      |                                                            bd_0_hls_inst_0_Top_gmem2_m_axi_reg_slice |        132 |        132 |       0 |    0 |   177 |      0 |      0 |    0 |          0 |
|             wreq_throttle                                                                                 |                                                             bd_0_hls_inst_0_Top_gmem2_m_axi_throttle |        289 |        112 |       0 |  177 |   515 |      0 |      0 |    0 |          0 |
|               (wreq_throttle)                                                                             |                                                             bd_0_hls_inst_0_Top_gmem2_m_axi_throttle |          1 |          1 |       0 |    0 |     6 |      0 |      0 |    0 |          0 |
|               data_fifo                                                                                   |                                                 bd_0_hls_inst_0_Top_gmem2_m_axi_fifo__parameterized6 |        171 |         26 |       0 |  145 |   303 |      0 |      0 |    0 |          0 |
|                 (data_fifo)                                                                               |                                                 bd_0_hls_inst_0_Top_gmem2_m_axi_fifo__parameterized6 |         16 |         16 |       0 |    0 |    14 |      0 |      0 |    0 |          0 |
|                 U_fifo_srl                                                                                |                                                  bd_0_hls_inst_0_Top_gmem2_m_axi_srl__parameterized4 |        155 |         10 |       0 |  145 |   289 |      0 |      0 |    0 |          0 |
|               req_fifo                                                                                    |                                                 bd_0_hls_inst_0_Top_gmem2_m_axi_fifo__parameterized5 |         48 |         16 |       0 |   32 |    75 |      0 |      0 |    0 |          0 |
|                 (req_fifo)                                                                                |                                                 bd_0_hls_inst_0_Top_gmem2_m_axi_fifo__parameterized5 |         15 |         15 |       0 |    0 |    12 |      0 |      0 |    0 |          0 |
|                 U_fifo_srl                                                                                |                                                  bd_0_hls_inst_0_Top_gmem2_m_axi_srl__parameterized3 |         34 |          2 |       0 |   32 |    63 |      0 |      0 |    0 |          0 |
|               rs_req                                                                                      |                                            bd_0_hls_inst_0_Top_gmem2_m_axi_reg_slice__parameterized0 |         70 |         70 |       0 |    0 |   131 |      0 |      0 |    0 |          0 |
|           load_unit                                                                                       |                                                                 bd_0_hls_inst_0_Top_gmem2_m_axi_load |         17 |         17 |       0 |    0 |    12 |      0 |      0 |    0 |          0 |
|             buff_rdata                                                                                    |                                                 bd_0_hls_inst_0_Top_gmem2_m_axi_fifo__parameterized3 |         17 |         17 |       0 |    0 |    12 |      0 |      0 |    0 |          0 |
|           store_unit                                                                                      |                                                                bd_0_hls_inst_0_Top_gmem2_m_axi_store |         99 |         65 |       0 |   34 |   194 |      4 |      0 |    0 |          0 |
|             (store_unit)                                                                                  |                                                                bd_0_hls_inst_0_Top_gmem2_m_axi_store |          1 |          1 |       0 |    0 |    87 |      0 |      0 |    0 |          0 |
|             buff_wdata                                                                                    |                                                 bd_0_hls_inst_0_Top_gmem2_m_axi_fifo__parameterized0 |         25 |         25 |       0 |    0 |    20 |      4 |      0 |    0 |          0 |
|               (buff_wdata)                                                                                |                                                 bd_0_hls_inst_0_Top_gmem2_m_axi_fifo__parameterized0 |         13 |         13 |       0 |    0 |    16 |      0 |      0 |    0 |          0 |
|               U_fifo_mem                                                                                  |                                                                  bd_0_hls_inst_0_Top_gmem2_m_axi_mem |         12 |         12 |       0 |    0 |     4 |      4 |      0 |    0 |          0 |
|             fifo_wreq                                                                                     |                                                                 bd_0_hls_inst_0_Top_gmem2_m_axi_fifo |         50 |         17 |       0 |   33 |    68 |      0 |      0 |    0 |          0 |
|               (fifo_wreq)                                                                                 |                                                                 bd_0_hls_inst_0_Top_gmem2_m_axi_fifo |          9 |          9 |       0 |    0 |     8 |      0 |      0 |    0 |          0 |
|               U_fifo_srl                                                                                  |                                                                  bd_0_hls_inst_0_Top_gmem2_m_axi_srl |         41 |          8 |       0 |   33 |    60 |      0 |      0 |    0 |          0 |
|             fifo_wrsp                                                                                     |                                                 bd_0_hls_inst_0_Top_gmem2_m_axi_fifo__parameterized1 |         19 |         18 |       0 |    1 |    13 |      0 |      0 |    0 |          0 |
|               (fifo_wrsp)                                                                                 |                                                 bd_0_hls_inst_0_Top_gmem2_m_axi_fifo__parameterized1 |          5 |          5 |       0 |    0 |    12 |      0 |      0 |    0 |          0 |
|               U_fifo_srl                                                                                  |                                                  bd_0_hls_inst_0_Top_gmem2_m_axi_srl__parameterized0 |         14 |         13 |       0 |    1 |     1 |      0 |      0 |    0 |          0 |
|             user_resp                                                                                     |                                                 bd_0_hls_inst_0_Top_gmem2_m_axi_fifo__parameterized2 |          7 |          7 |       0 |    0 |     6 |      0 |      0 |    0 |          0 |
|         grp_Compute_Auto_fu_771                                                                           |                                                                     bd_0_hls_inst_0_Top_Compute_Auto |       3579 |       3579 |       0 |    0 |    88 |      0 |      0 |    0 |          0 |
|           (grp_Compute_Auto_fu_771)                                                                       |                                                                     bd_0_hls_inst_0_Top_Compute_Auto |        294 |        294 |       0 |    0 |    11 |      0 |      0 |    0 |          0 |
|           grp_Compute_Auto_Pipeline_ROW_COL_fu_276                                                        |                                                    bd_0_hls_inst_0_Top_Compute_Auto_Pipeline_ROW_COL |       3285 |       3285 |       0 |    0 |    77 |      0 |      0 |    0 |          0 |
|             (grp_Compute_Auto_Pipeline_ROW_COL_fu_276)                                                    |                                                    bd_0_hls_inst_0_Top_Compute_Auto_Pipeline_ROW_COL |       2195 |       2195 |       0 |    0 |    75 |      0 |      0 |    0 |          0 |
|             flow_control_loop_pipe_sequential_init_U                                                      |                                       bd_0_hls_inst_0_Top_flow_control_loop_pipe_sequential_init_783 |         66 |         66 |       0 |    0 |     2 |      0 |      0 |    0 |          0 |
|             sparsemux_17_3_64_1_1_U206                                                                    |                                                        bd_0_hls_inst_0_Top_sparsemux_17_3_64_1_1_784 |        128 |        128 |       0 |    0 |     0 |      0 |      0 |    0 |          0 |
|             sparsemux_17_3_64_1_1_U207                                                                    |                                                        bd_0_hls_inst_0_Top_sparsemux_17_3_64_1_1_785 |        128 |        128 |       0 |    0 |     0 |      0 |      0 |    0 |          0 |
|             sparsemux_17_3_64_1_1_U208                                                                    |                                                        bd_0_hls_inst_0_Top_sparsemux_17_3_64_1_1_786 |        128 |        128 |       0 |    0 |     0 |      0 |      0 |    0 |          0 |
|             sparsemux_17_3_64_1_1_U209                                                                    |                                                        bd_0_hls_inst_0_Top_sparsemux_17_3_64_1_1_787 |        128 |        128 |       0 |    0 |     0 |      0 |      0 |    0 |          0 |
|             sparsemux_17_3_64_1_1_U210                                                                    |                                                        bd_0_hls_inst_0_Top_sparsemux_17_3_64_1_1_788 |        128 |        128 |       0 |    0 |     0 |      0 |      0 |    0 |          0 |
|             sparsemux_17_3_64_1_1_U211                                                                    |                                                        bd_0_hls_inst_0_Top_sparsemux_17_3_64_1_1_789 |        128 |        128 |       0 |    0 |     0 |      0 |      0 |    0 |          0 |
|             sparsemux_17_3_64_1_1_U212                                                                    |                                                        bd_0_hls_inst_0_Top_sparsemux_17_3_64_1_1_790 |        128 |        128 |       0 |    0 |     0 |      0 |      0 |    0 |          0 |
|             sparsemux_17_3_64_1_1_U213                                                                    |                                                        bd_0_hls_inst_0_Top_sparsemux_17_3_64_1_1_791 |        128 |        128 |       0 |    0 |     0 |      0 |      0 |    0 |          0 |
|         grp_Compute_BConv_Systolic_fu_1053                                                                |                                                           bd_0_hls_inst_0_Top_Compute_BConv_Systolic |       3887 |       3862 |       0 |   25 |  3801 |     64 |      0 |    0 |          0 |
|           (grp_Compute_BConv_Systolic_fu_1053)                                                            |                                                           bd_0_hls_inst_0_Top_Compute_BConv_Systolic |         83 |         83 |       0 |    0 |    48 |      0 |      0 |    0 |          0 |
|           grp_Compute_BConv_Systolic_Pipeline_Load_Mod_fu_589                                             |                                         bd_0_hls_inst_0_Top_Compute_BConv_Systolic_Pipeline_Load_Mod |       1459 |       1459 |       0 |    0 |   969 |      0 |      0 |    0 |          0 |
|             (grp_Compute_BConv_Systolic_Pipeline_Load_Mod_fu_589)                                         |                                         bd_0_hls_inst_0_Top_Compute_BConv_Systolic_Pipeline_Load_Mod |       1443 |       1443 |       0 |    0 |   967 |      0 |      0 |    0 |          0 |
|             flow_control_loop_pipe_sequential_init_U                                                      |                                       bd_0_hls_inst_0_Top_flow_control_loop_pipe_sequential_init_782 |         16 |         16 |       0 |    0 |     2 |      0 |      0 |    0 |          0 |
|           grp_Compute_BConv_Systolic_Pipeline_Load_W_VITIS_LOOP_164_1_fu_568                              |                          bd_0_hls_inst_0_Top_Compute_BConv_Systolic_Pipeline_Load_W_VITIS_LOOP_164_1 |         30 |         30 |       0 |    0 |   977 |      0 |      0 |    0 |          0 |
|             (grp_Compute_BConv_Systolic_Pipeline_Load_W_VITIS_LOOP_164_1_fu_568)                          |                          bd_0_hls_inst_0_Top_Compute_BConv_Systolic_Pipeline_Load_W_VITIS_LOOP_164_1 |         12 |         12 |       0 |    0 |   975 |      0 |      0 |    0 |          0 |
|             flow_control_loop_pipe_sequential_init_U                                                      |                                       bd_0_hls_inst_0_Top_flow_control_loop_pipe_sequential_init_781 |         18 |         18 |       0 |    0 |     2 |      0 |      0 |    0 |          0 |
|           grp_Compute_BConv_Systolic_Pipeline_Load_X_VITIS_LOOP_179_2_fu_614                              |                          bd_0_hls_inst_0_Top_Compute_BConv_Systolic_Pipeline_Load_X_VITIS_LOOP_179_2 |        555 |        555 |       0 |    0 |    36 |      0 |      0 |    0 |          0 |
|             (grp_Compute_BConv_Systolic_Pipeline_Load_X_VITIS_LOOP_179_2_fu_614)                          |                          bd_0_hls_inst_0_Top_Compute_BConv_Systolic_Pipeline_Load_X_VITIS_LOOP_179_2 |        516 |        516 |       0 |    0 |    34 |      0 |      0 |    0 |          0 |
|             flow_control_loop_pipe_sequential_init_U                                                      |                                       bd_0_hls_inst_0_Top_flow_control_loop_pipe_sequential_init_780 |         39 |         39 |       0 |    0 |     2 |      0 |      0 |    0 |          0 |
|           grp_Compute_BConv_Systolic_Pipeline_Store_X_VITIS_LOOP_194_3_fu_817                             |                         bd_0_hls_inst_0_Top_Compute_BConv_Systolic_Pipeline_Store_X_VITIS_LOOP_194_3 |       1079 |       1079 |       0 |    0 |    68 |      0 |      0 |    0 |          0 |
|             (grp_Compute_BConv_Systolic_Pipeline_Store_X_VITIS_LOOP_194_3_fu_817)                         |                         bd_0_hls_inst_0_Top_Compute_BConv_Systolic_Pipeline_Store_X_VITIS_LOOP_194_3 |       1056 |       1056 |       0 |    0 |    66 |      0 |      0 |    0 |          0 |
|             flow_control_loop_pipe_sequential_init_U                                                      |                                       bd_0_hls_inst_0_Top_flow_control_loop_pipe_sequential_init_779 |         23 |         23 |       0 |    0 |     2 |      0 |      0 |    0 |          0 |
|           grp_Compute_BConv_Systolic_Pipeline_Systolic_Loop_fu_714                                        |                                    bd_0_hls_inst_0_Top_Compute_BConv_Systolic_Pipeline_Systolic_Loop |        683 |        658 |       0 |   25 |  1703 |      0 |      0 |    0 |          0 |
|             (grp_Compute_BConv_Systolic_Pipeline_Systolic_Loop_fu_714)                                    |                                    bd_0_hls_inst_0_Top_Compute_BConv_Systolic_Pipeline_Systolic_Loop |        241 |        216 |       0 |   25 |  1701 |      0 |      0 |    0 |          0 |
|             flow_control_loop_pipe_sequential_init_U                                                      |                                       bd_0_hls_inst_0_Top_flow_control_loop_pipe_sequential_init_775 |         59 |         59 |       0 |    0 |     2 |      0 |      0 |    0 |          0 |
|             sparsemux_17_3_64_1_1_U661                                                                    |                                                        bd_0_hls_inst_0_Top_sparsemux_17_3_64_1_1_776 |        128 |        128 |       0 |    0 |     0 |      0 |      0 |    0 |          0 |
|             sparsemux_17_3_64_1_1_x_U662                                                                  |                                                      bd_0_hls_inst_0_Top_sparsemux_17_3_64_1_1_x_777 |        128 |        128 |       0 |    0 |     0 |      0 |      0 |    0 |          0 |
|             sparsemux_17_3_64_1_1_x_U663                                                                  |                                      bd_0_hls_inst_0_Top_sparsemux_17_3_64_1_1_x__parameterized0_778 |        128 |        128 |       0 |    0 |     0 |      0 |      0 |    0 |          0 |
|           local_in_x_70_U                                                                                 |                         bd_0_hls_inst_0_Top_Compute_BConv_Systolic_local_in_x_RAM_1WNR_BRAM_1R1W_711 |          0 |          0 |       0 |    0 |     0 |      1 |      0 |    0 |          0 |
|           local_in_x_71_U                                                                                 |                         bd_0_hls_inst_0_Top_Compute_BConv_Systolic_local_in_x_RAM_1WNR_BRAM_1R1W_712 |          0 |          0 |       0 |    0 |     0 |      1 |      0 |    0 |          0 |
|           local_in_x_72_U                                                                                 |                         bd_0_hls_inst_0_Top_Compute_BConv_Systolic_local_in_x_RAM_1WNR_BRAM_1R1W_713 |          0 |          0 |       0 |    0 |     0 |      1 |      0 |    0 |          0 |
|           local_in_x_73_U                                                                                 |                         bd_0_hls_inst_0_Top_Compute_BConv_Systolic_local_in_x_RAM_1WNR_BRAM_1R1W_714 |          0 |          0 |       0 |    0 |     0 |      1 |      0 |    0 |          0 |
|           local_in_x_74_U                                                                                 |                         bd_0_hls_inst_0_Top_Compute_BConv_Systolic_local_in_x_RAM_1WNR_BRAM_1R1W_715 |          0 |          0 |       0 |    0 |     0 |      1 |      0 |    0 |          0 |
|           local_in_x_75_U                                                                                 |                         bd_0_hls_inst_0_Top_Compute_BConv_Systolic_local_in_x_RAM_1WNR_BRAM_1R1W_716 |          0 |          0 |       0 |    0 |     0 |      1 |      0 |    0 |          0 |
|           local_in_x_76_U                                                                                 |                         bd_0_hls_inst_0_Top_Compute_BConv_Systolic_local_in_x_RAM_1WNR_BRAM_1R1W_717 |          0 |          0 |       0 |    0 |     0 |      1 |      0 |    0 |          0 |
|           local_in_x_77_U                                                                                 |                         bd_0_hls_inst_0_Top_Compute_BConv_Systolic_local_in_x_RAM_1WNR_BRAM_1R1W_718 |          0 |          0 |       0 |    0 |     0 |      1 |      0 |    0 |          0 |
|           local_in_x_78_U                                                                                 |                         bd_0_hls_inst_0_Top_Compute_BConv_Systolic_local_in_x_RAM_1WNR_BRAM_1R1W_719 |          0 |          0 |       0 |    0 |     0 |      1 |      0 |    0 |          0 |
|           local_in_x_79_U                                                                                 |                         bd_0_hls_inst_0_Top_Compute_BConv_Systolic_local_in_x_RAM_1WNR_BRAM_1R1W_720 |          0 |          0 |       0 |    0 |     0 |      1 |      0 |    0 |          0 |
|           local_in_x_80_U                                                                                 |                         bd_0_hls_inst_0_Top_Compute_BConv_Systolic_local_in_x_RAM_1WNR_BRAM_1R1W_721 |          0 |          0 |       0 |    0 |     0 |      1 |      0 |    0 |          0 |
|           local_in_x_81_U                                                                                 |                         bd_0_hls_inst_0_Top_Compute_BConv_Systolic_local_in_x_RAM_1WNR_BRAM_1R1W_722 |          0 |          0 |       0 |    0 |     0 |      1 |      0 |    0 |          0 |
|           local_in_x_82_U                                                                                 |                         bd_0_hls_inst_0_Top_Compute_BConv_Systolic_local_in_x_RAM_1WNR_BRAM_1R1W_723 |          0 |          0 |       0 |    0 |     0 |      1 |      0 |    0 |          0 |
|           local_in_x_83_U                                                                                 |                         bd_0_hls_inst_0_Top_Compute_BConv_Systolic_local_in_x_RAM_1WNR_BRAM_1R1W_724 |          0 |          0 |       0 |    0 |     0 |      1 |      0 |    0 |          0 |
|           local_in_x_84_U                                                                                 |                         bd_0_hls_inst_0_Top_Compute_BConv_Systolic_local_in_x_RAM_1WNR_BRAM_1R1W_725 |          0 |          0 |       0 |    0 |     0 |      1 |      0 |    0 |          0 |
|           local_in_x_85_U                                                                                 |                         bd_0_hls_inst_0_Top_Compute_BConv_Systolic_local_in_x_RAM_1WNR_BRAM_1R1W_726 |          0 |          0 |       0 |    0 |     0 |      1 |      0 |    0 |          0 |
|           local_in_x_86_U                                                                                 |                         bd_0_hls_inst_0_Top_Compute_BConv_Systolic_local_in_x_RAM_1WNR_BRAM_1R1W_727 |          0 |          0 |       0 |    0 |     0 |      1 |      0 |    0 |          0 |
|           local_in_x_87_U                                                                                 |                         bd_0_hls_inst_0_Top_Compute_BConv_Systolic_local_in_x_RAM_1WNR_BRAM_1R1W_728 |          0 |          0 |       0 |    0 |     0 |      1 |      0 |    0 |          0 |
|           local_in_x_88_U                                                                                 |                         bd_0_hls_inst_0_Top_Compute_BConv_Systolic_local_in_x_RAM_1WNR_BRAM_1R1W_729 |          0 |          0 |       0 |    0 |     0 |      1 |      0 |    0 |          0 |
|           local_in_x_89_U                                                                                 |                         bd_0_hls_inst_0_Top_Compute_BConv_Systolic_local_in_x_RAM_1WNR_BRAM_1R1W_730 |          0 |          0 |       0 |    0 |     0 |      1 |      0 |    0 |          0 |
|           local_in_x_90_U                                                                                 |                         bd_0_hls_inst_0_Top_Compute_BConv_Systolic_local_in_x_RAM_1WNR_BRAM_1R1W_731 |          0 |          0 |       0 |    0 |     0 |      1 |      0 |    0 |          0 |
|           local_in_x_91_U                                                                                 |                         bd_0_hls_inst_0_Top_Compute_BConv_Systolic_local_in_x_RAM_1WNR_BRAM_1R1W_732 |          0 |          0 |       0 |    0 |     0 |      1 |      0 |    0 |          0 |
|           local_in_x_92_U                                                                                 |                         bd_0_hls_inst_0_Top_Compute_BConv_Systolic_local_in_x_RAM_1WNR_BRAM_1R1W_733 |          0 |          0 |       0 |    0 |     0 |      1 |      0 |    0 |          0 |
|           local_in_x_U                                                                                    |                         bd_0_hls_inst_0_Top_Compute_BConv_Systolic_local_in_x_RAM_1WNR_BRAM_1R1W_734 |          0 |          0 |       0 |    0 |     0 |      1 |      0 |    0 |          0 |
|           local_out_x_118_U                                                                               |                         bd_0_hls_inst_0_Top_Compute_BConv_Systolic_local_out_x_RAM_S2P_BRAM_1R1W_735 |          0 |          0 |       0 |    0 |     0 |      1 |      0 |    0 |          0 |
|           local_out_x_119_U                                                                               |                         bd_0_hls_inst_0_Top_Compute_BConv_Systolic_local_out_x_RAM_S2P_BRAM_1R1W_736 |          0 |          0 |       0 |    0 |     0 |      1 |      0 |    0 |          0 |
|           local_out_x_120_U                                                                               |                         bd_0_hls_inst_0_Top_Compute_BConv_Systolic_local_out_x_RAM_S2P_BRAM_1R1W_737 |          0 |          0 |       0 |    0 |     0 |      1 |      0 |    0 |          0 |
|           local_out_x_121_U                                                                               |                         bd_0_hls_inst_0_Top_Compute_BConv_Systolic_local_out_x_RAM_S2P_BRAM_1R1W_738 |          0 |          0 |       0 |    0 |     0 |      1 |      0 |    0 |          0 |
|           local_out_x_122_U                                                                               |                         bd_0_hls_inst_0_Top_Compute_BConv_Systolic_local_out_x_RAM_S2P_BRAM_1R1W_739 |          0 |          0 |       0 |    0 |     0 |      1 |      0 |    0 |          0 |
|           local_out_x_123_U                                                                               |                         bd_0_hls_inst_0_Top_Compute_BConv_Systolic_local_out_x_RAM_S2P_BRAM_1R1W_740 |          0 |          0 |       0 |    0 |     0 |      1 |      0 |    0 |          0 |
|           local_out_x_124_U                                                                               |                         bd_0_hls_inst_0_Top_Compute_BConv_Systolic_local_out_x_RAM_S2P_BRAM_1R1W_741 |          0 |          0 |       0 |    0 |     0 |      1 |      0 |    0 |          0 |
|           local_out_x_125_U                                                                               |                         bd_0_hls_inst_0_Top_Compute_BConv_Systolic_local_out_x_RAM_S2P_BRAM_1R1W_742 |          0 |          0 |       0 |    0 |     0 |      1 |      0 |    0 |          0 |
|           local_out_x_126_U                                                                               |                         bd_0_hls_inst_0_Top_Compute_BConv_Systolic_local_out_x_RAM_S2P_BRAM_1R1W_743 |          0 |          0 |       0 |    0 |     0 |      1 |      0 |    0 |          0 |
|           local_out_x_127_U                                                                               |                         bd_0_hls_inst_0_Top_Compute_BConv_Systolic_local_out_x_RAM_S2P_BRAM_1R1W_744 |          0 |          0 |       0 |    0 |     0 |      1 |      0 |    0 |          0 |
|           local_out_x_128_U                                                                               |                         bd_0_hls_inst_0_Top_Compute_BConv_Systolic_local_out_x_RAM_S2P_BRAM_1R1W_745 |          0 |          0 |       0 |    0 |     0 |      1 |      0 |    0 |          0 |
|           local_out_x_129_U                                                                               |                         bd_0_hls_inst_0_Top_Compute_BConv_Systolic_local_out_x_RAM_S2P_BRAM_1R1W_746 |          0 |          0 |       0 |    0 |     0 |      1 |      0 |    0 |          0 |
|           local_out_x_130_U                                                                               |                         bd_0_hls_inst_0_Top_Compute_BConv_Systolic_local_out_x_RAM_S2P_BRAM_1R1W_747 |          0 |          0 |       0 |    0 |     0 |      1 |      0 |    0 |          0 |
|           local_out_x_131_U                                                                               |                         bd_0_hls_inst_0_Top_Compute_BConv_Systolic_local_out_x_RAM_S2P_BRAM_1R1W_748 |          0 |          0 |       0 |    0 |     0 |      1 |      0 |    0 |          0 |
|           local_out_x_132_U                                                                               |                         bd_0_hls_inst_0_Top_Compute_BConv_Systolic_local_out_x_RAM_S2P_BRAM_1R1W_749 |          0 |          0 |       0 |    0 |     0 |      1 |      0 |    0 |          0 |
|           local_out_x_133_U                                                                               |                         bd_0_hls_inst_0_Top_Compute_BConv_Systolic_local_out_x_RAM_S2P_BRAM_1R1W_750 |          0 |          0 |       0 |    0 |     0 |      1 |      0 |    0 |          0 |
|           local_out_x_134_U                                                                               |                         bd_0_hls_inst_0_Top_Compute_BConv_Systolic_local_out_x_RAM_S2P_BRAM_1R1W_751 |          0 |          0 |       0 |    0 |     0 |      1 |      0 |    0 |          0 |
|           local_out_x_135_U                                                                               |                         bd_0_hls_inst_0_Top_Compute_BConv_Systolic_local_out_x_RAM_S2P_BRAM_1R1W_752 |          0 |          0 |       0 |    0 |     0 |      1 |      0 |    0 |          0 |
|           local_out_x_136_U                                                                               |                         bd_0_hls_inst_0_Top_Compute_BConv_Systolic_local_out_x_RAM_S2P_BRAM_1R1W_753 |          0 |          0 |       0 |    0 |     0 |      1 |      0 |    0 |          0 |
|           local_out_x_137_U                                                                               |                         bd_0_hls_inst_0_Top_Compute_BConv_Systolic_local_out_x_RAM_S2P_BRAM_1R1W_754 |          0 |          0 |       0 |    0 |     0 |      1 |      0 |    0 |          0 |
|           local_out_x_138_U                                                                               |                         bd_0_hls_inst_0_Top_Compute_BConv_Systolic_local_out_x_RAM_S2P_BRAM_1R1W_755 |          0 |          0 |       0 |    0 |     0 |      1 |      0 |    0 |          0 |
|           local_out_x_139_U                                                                               |                         bd_0_hls_inst_0_Top_Compute_BConv_Systolic_local_out_x_RAM_S2P_BRAM_1R1W_756 |          0 |          0 |       0 |    0 |     0 |      1 |      0 |    0 |          0 |
|           local_out_x_140_U                                                                               |                         bd_0_hls_inst_0_Top_Compute_BConv_Systolic_local_out_x_RAM_S2P_BRAM_1R1W_757 |          0 |          0 |       0 |    0 |     0 |      1 |      0 |    0 |          0 |
|           local_out_x_141_U                                                                               |                         bd_0_hls_inst_0_Top_Compute_BConv_Systolic_local_out_x_RAM_S2P_BRAM_1R1W_758 |          0 |          0 |       0 |    0 |     0 |      1 |      0 |    0 |          0 |
|           local_out_x_142_U                                                                               |                         bd_0_hls_inst_0_Top_Compute_BConv_Systolic_local_out_x_RAM_S2P_BRAM_1R1W_759 |          0 |          0 |       0 |    0 |     0 |      1 |      0 |    0 |          0 |
|           local_out_x_143_U                                                                               |                         bd_0_hls_inst_0_Top_Compute_BConv_Systolic_local_out_x_RAM_S2P_BRAM_1R1W_760 |          0 |          0 |       0 |    0 |     0 |      1 |      0 |    0 |          0 |
|           local_out_x_144_U                                                                               |                         bd_0_hls_inst_0_Top_Compute_BConv_Systolic_local_out_x_RAM_S2P_BRAM_1R1W_761 |          0 |          0 |       0 |    0 |     0 |      1 |      0 |    0 |          0 |
|           local_out_x_145_U                                                                               |                         bd_0_hls_inst_0_Top_Compute_BConv_Systolic_local_out_x_RAM_S2P_BRAM_1R1W_762 |          0 |          0 |       0 |    0 |     0 |      1 |      0 |    0 |          0 |
|           local_out_x_146_U                                                                               |                         bd_0_hls_inst_0_Top_Compute_BConv_Systolic_local_out_x_RAM_S2P_BRAM_1R1W_763 |          0 |          0 |       0 |    0 |     0 |      1 |      0 |    0 |          0 |
|           local_out_x_147_U                                                                               |                         bd_0_hls_inst_0_Top_Compute_BConv_Systolic_local_out_x_RAM_S2P_BRAM_1R1W_764 |          0 |          0 |       0 |    0 |     0 |      1 |      0 |    0 |          0 |
|           local_out_x_148_U                                                                               |                         bd_0_hls_inst_0_Top_Compute_BConv_Systolic_local_out_x_RAM_S2P_BRAM_1R1W_765 |          0 |          0 |       0 |    0 |     0 |      1 |      0 |    0 |          0 |
|           local_out_x_149_U                                                                               |                         bd_0_hls_inst_0_Top_Compute_BConv_Systolic_local_out_x_RAM_S2P_BRAM_1R1W_766 |          0 |          0 |       0 |    0 |     0 |      1 |      0 |    0 |          0 |
|           local_out_x_150_U                                                                               |                         bd_0_hls_inst_0_Top_Compute_BConv_Systolic_local_out_x_RAM_S2P_BRAM_1R1W_767 |          0 |          0 |       0 |    0 |     0 |      1 |      0 |    0 |          0 |
|           local_out_x_151_U                                                                               |                         bd_0_hls_inst_0_Top_Compute_BConv_Systolic_local_out_x_RAM_S2P_BRAM_1R1W_768 |          0 |          0 |       0 |    0 |     0 |      1 |      0 |    0 |          0 |
|           local_out_x_152_U                                                                               |                         bd_0_hls_inst_0_Top_Compute_BConv_Systolic_local_out_x_RAM_S2P_BRAM_1R1W_769 |          0 |          0 |       0 |    0 |     0 |      1 |      0 |    0 |          0 |
|           local_out_x_153_U                                                                               |                         bd_0_hls_inst_0_Top_Compute_BConv_Systolic_local_out_x_RAM_S2P_BRAM_1R1W_770 |          0 |          0 |       0 |    0 |     0 |      1 |      0 |    0 |          0 |
|           local_out_x_154_U                                                                               |                         bd_0_hls_inst_0_Top_Compute_BConv_Systolic_local_out_x_RAM_S2P_BRAM_1R1W_771 |          0 |          0 |       0 |    0 |     0 |      1 |      0 |    0 |          0 |
|           local_out_x_155_U                                                                               |                         bd_0_hls_inst_0_Top_Compute_BConv_Systolic_local_out_x_RAM_S2P_BRAM_1R1W_772 |          0 |          0 |       0 |    0 |     0 |      1 |      0 |    0 |          0 |
|           local_out_x_156_U                                                                               |                         bd_0_hls_inst_0_Top_Compute_BConv_Systolic_local_out_x_RAM_S2P_BRAM_1R1W_773 |          0 |          0 |       0 |    0 |     0 |      1 |      0 |    0 |          0 |
|           local_out_x_U                                                                                   |                         bd_0_hls_inst_0_Top_Compute_BConv_Systolic_local_out_x_RAM_S2P_BRAM_1R1W_774 |          0 |          0 |       0 |    0 |     0 |      1 |      0 |    0 |          0 |
|         grp_Compute_Mult_fu_1194                                                                          |                                                                     bd_0_hls_inst_0_Top_Compute_Mult |       1648 |       1633 |       0 |   15 |   391 |      0 |      0 |    0 |          0 |
|           (grp_Compute_Mult_fu_1194)                                                                      |                                                                     bd_0_hls_inst_0_Top_Compute_Mult |         83 |         83 |       0 |    0 |    36 |      0 |      0 |    0 |          0 |
|           grp_Compute_Mult_Pipeline_Limb_Loop_Row_Loop_Col_Loop_fu_246                                    |                                bd_0_hls_inst_0_Top_Compute_Mult_Pipeline_Limb_Loop_Row_Loop_Col_Loop |       1565 |       1550 |       0 |   15 |   355 |      0 |      0 |    0 |          0 |
|             (grp_Compute_Mult_Pipeline_Limb_Loop_Row_Loop_Col_Loop_fu_246)                                |                                bd_0_hls_inst_0_Top_Compute_Mult_Pipeline_Limb_Loop_Row_Loop_Col_Loop |        404 |        389 |       0 |   15 |   353 |      0 |      0 |    0 |          0 |
|             flow_control_loop_pipe_sequential_init_U                                                      |                                       bd_0_hls_inst_0_Top_flow_control_loop_pipe_sequential_init_701 |          9 |          9 |       0 |    0 |     2 |      0 |      0 |    0 |          0 |
|             sparsemux_17_3_64_1_1_U1195                                                                   |                                                        bd_0_hls_inst_0_Top_sparsemux_17_3_64_1_1_702 |        128 |        128 |       0 |    0 |     0 |      0 |      0 |    0 |          0 |
|             sparsemux_17_3_64_1_1_U1196                                                                   |                                                        bd_0_hls_inst_0_Top_sparsemux_17_3_64_1_1_703 |        128 |        128 |       0 |    0 |     0 |      0 |      0 |    0 |          0 |
|             sparsemux_17_3_64_1_1_U1197                                                                   |                                                        bd_0_hls_inst_0_Top_sparsemux_17_3_64_1_1_704 |        128 |        128 |       0 |    0 |     0 |      0 |      0 |    0 |          0 |
|             sparsemux_17_3_64_1_1_U1198                                                                   |                                                        bd_0_hls_inst_0_Top_sparsemux_17_3_64_1_1_705 |        128 |        128 |       0 |    0 |     0 |      0 |      0 |    0 |          0 |
|             sparsemux_17_3_64_1_1_U1199                                                                   |                                                        bd_0_hls_inst_0_Top_sparsemux_17_3_64_1_1_706 |        128 |        128 |       0 |    0 |     0 |      0 |      0 |    0 |          0 |
|             sparsemux_17_3_64_1_1_U1200                                                                   |                                                        bd_0_hls_inst_0_Top_sparsemux_17_3_64_1_1_707 |        128 |        128 |       0 |    0 |     0 |      0 |      0 |    0 |          0 |
|             sparsemux_17_3_64_1_1_U1201                                                                   |                                                        bd_0_hls_inst_0_Top_sparsemux_17_3_64_1_1_708 |        128 |        128 |       0 |    0 |     0 |      0 |      0 |    0 |          0 |
|             sparsemux_17_3_64_1_1_U1202                                                                   |                                                        bd_0_hls_inst_0_Top_sparsemux_17_3_64_1_1_709 |        128 |        128 |       0 |    0 |     0 |      0 |      0 |    0 |          0 |
|             sparsemux_17_3_64_1_1_U1203                                                                   |                                                        bd_0_hls_inst_0_Top_sparsemux_17_3_64_1_1_710 |        128 |        128 |       0 |    0 |     0 |      0 |      0 |    0 |          0 |
|         grp_Execute_Transform_Operation_fu_2188                                                           |                                                      bd_0_hls_inst_0_Top_Execute_Transform_Operation |      32865 |      31015 |       0 | 1850 | 19166 |     96 |      0 |    0 |         58 |
|           (grp_Execute_Transform_Operation_fu_2188)                                                       |                                                      bd_0_hls_inst_0_Top_Execute_Transform_Operation |        277 |        277 |       0 |    0 |  2418 |      0 |      0 |    0 |          0 |
|           grp_Compute_BConv_Systolic_33_34_fu_1005                                                        |                                                     bd_0_hls_inst_0_Top_Compute_BConv_Systolic_33_34 |       7102 |       7077 |       0 |   25 |  3791 |     64 |      0 |    0 |          0 |
|             (grp_Compute_BConv_Systolic_33_34_fu_1005)                                                    |                                                     bd_0_hls_inst_0_Top_Compute_BConv_Systolic_33_34 |         82 |         82 |       0 |    0 |    48 |      0 |      0 |    0 |          0 |
|             grp_Compute_BConv_Systolic_33_34_Pipeline_Load_Mod_fu_851                                     |                                   bd_0_hls_inst_0_Top_Compute_BConv_Systolic_33_34_Pipeline_Load_Mod |       2701 |       2701 |       0 |    0 |   965 |      0 |      0 |    0 |          0 |
|               (grp_Compute_BConv_Systolic_33_34_Pipeline_Load_Mod_fu_851)                                 |                                   bd_0_hls_inst_0_Top_Compute_BConv_Systolic_33_34_Pipeline_Load_Mod |       2304 |       2304 |       0 |    0 |   963 |      0 |      0 |    0 |          0 |
|               flow_control_loop_pipe_sequential_init_U                                                    |                                       bd_0_hls_inst_0_Top_flow_control_loop_pipe_sequential_init_700 |        397 |        397 |       0 |    0 |     2 |      0 |      0 |    0 |          0 |
|             grp_Compute_BConv_Systolic_33_34_Pipeline_Load_W_VITIS_LOOP_164_1_fu_802                      |                    bd_0_hls_inst_0_Top_Compute_BConv_Systolic_33_34_Pipeline_Load_W_VITIS_LOOP_164_1 |        956 |        956 |       0 |    0 |   971 |      0 |      0 |    0 |          0 |
|               (grp_Compute_BConv_Systolic_33_34_Pipeline_Load_W_VITIS_LOOP_164_1_fu_802)                  |                    bd_0_hls_inst_0_Top_Compute_BConv_Systolic_33_34_Pipeline_Load_W_VITIS_LOOP_164_1 |        480 |        480 |       0 |    0 |   969 |      0 |      0 |    0 |          0 |
|               flow_control_loop_pipe_sequential_init_U                                                    |                                       bd_0_hls_inst_0_Top_flow_control_loop_pipe_sequential_init_699 |        476 |        476 |       0 |    0 |     2 |      0 |      0 |    0 |          0 |
|             grp_Compute_BConv_Systolic_33_34_Pipeline_Load_X_VITIS_LOOP_179_2_fu_900                      |                    bd_0_hls_inst_0_Top_Compute_BConv_Systolic_33_34_Pipeline_Load_X_VITIS_LOOP_179_2 |        561 |        561 |       0 |    0 |    36 |      0 |      0 |    0 |          0 |
|               (grp_Compute_BConv_Systolic_33_34_Pipeline_Load_X_VITIS_LOOP_179_2_fu_900)                  |                    bd_0_hls_inst_0_Top_Compute_BConv_Systolic_33_34_Pipeline_Load_X_VITIS_LOOP_179_2 |        516 |        516 |       0 |    0 |    34 |      0 |      0 |    0 |          0 |
|               flow_control_loop_pipe_sequential_init_U                                                    |                                       bd_0_hls_inst_0_Top_flow_control_loop_pipe_sequential_init_698 |         45 |         45 |       0 |    0 |     2 |      0 |      0 |    0 |          0 |
|             grp_Compute_BConv_Systolic_33_34_Pipeline_Store_X_VITIS_LOOP_194_3_fu_1103                    |                   bd_0_hls_inst_0_Top_Compute_BConv_Systolic_33_34_Pipeline_Store_X_VITIS_LOOP_194_3 |       1640 |       1640 |       0 |    0 |    68 |      0 |      0 |    0 |          0 |
|               (grp_Compute_BConv_Systolic_33_34_Pipeline_Store_X_VITIS_LOOP_194_3_fu_1103)                |                   bd_0_hls_inst_0_Top_Compute_BConv_Systolic_33_34_Pipeline_Store_X_VITIS_LOOP_194_3 |       1618 |       1618 |       0 |    0 |    66 |      0 |      0 |    0 |          0 |
|               flow_control_loop_pipe_sequential_init_U                                                    |                                       bd_0_hls_inst_0_Top_flow_control_loop_pipe_sequential_init_697 |         22 |         22 |       0 |    0 |     2 |      0 |      0 |    0 |          0 |
|             grp_Compute_BConv_Systolic_33_34_Pipeline_Systolic_Loop_fu_1000                               |                              bd_0_hls_inst_0_Top_Compute_BConv_Systolic_33_34_Pipeline_Systolic_Loop |       1162 |       1137 |       0 |   25 |  1703 |      0 |      0 |    0 |          0 |
|               (grp_Compute_BConv_Systolic_33_34_Pipeline_Systolic_Loop_fu_1000)                           |                              bd_0_hls_inst_0_Top_Compute_BConv_Systolic_33_34_Pipeline_Systolic_Loop |        720 |        695 |       0 |   25 |  1701 |      0 |      0 |    0 |          0 |
|               flow_control_loop_pipe_sequential_init_U                                                    |                                       bd_0_hls_inst_0_Top_flow_control_loop_pipe_sequential_init_695 |         59 |         59 |       0 |    0 |     2 |      0 |      0 |    0 |          0 |
|               sparsemux_17_3_64_1_1_U2287                                                                 |                                                        bd_0_hls_inst_0_Top_sparsemux_17_3_64_1_1_696 |        128 |        128 |       0 |    0 |     0 |      0 |      0 |    0 |          0 |
|               sparsemux_17_3_64_1_1_x_U2288                                                               |                                                          bd_0_hls_inst_0_Top_sparsemux_17_3_64_1_1_x |        128 |        128 |       0 |    0 |     0 |      0 |      0 |    0 |          0 |
|               sparsemux_17_3_64_1_1_x_U2289                                                               |                                          bd_0_hls_inst_0_Top_sparsemux_17_3_64_1_1_x__parameterized0 |        128 |        128 |       0 |    0 |     0 |      0 |      0 |    0 |          0 |
|             local_in_x_24_U                                                                               |                             bd_0_hls_inst_0_Top_Compute_BConv_Systolic_local_in_x_RAM_1WNR_BRAM_1R1W |          0 |          0 |       0 |    0 |     0 |      1 |      0 |    0 |          0 |
|             local_in_x_25_U                                                                               |                         bd_0_hls_inst_0_Top_Compute_BConv_Systolic_local_in_x_RAM_1WNR_BRAM_1R1W_633 |          0 |          0 |       0 |    0 |     0 |      1 |      0 |    0 |          0 |
|             local_in_x_26_U                                                                               |                         bd_0_hls_inst_0_Top_Compute_BConv_Systolic_local_in_x_RAM_1WNR_BRAM_1R1W_634 |          0 |          0 |       0 |    0 |     0 |      1 |      0 |    0 |          0 |
|             local_in_x_27_U                                                                               |                         bd_0_hls_inst_0_Top_Compute_BConv_Systolic_local_in_x_RAM_1WNR_BRAM_1R1W_635 |          0 |          0 |       0 |    0 |     0 |      1 |      0 |    0 |          0 |
|             local_in_x_28_U                                                                               |                         bd_0_hls_inst_0_Top_Compute_BConv_Systolic_local_in_x_RAM_1WNR_BRAM_1R1W_636 |          0 |          0 |       0 |    0 |     0 |      1 |      0 |    0 |          0 |
|             local_in_x_29_U                                                                               |                         bd_0_hls_inst_0_Top_Compute_BConv_Systolic_local_in_x_RAM_1WNR_BRAM_1R1W_637 |          0 |          0 |       0 |    0 |     0 |      1 |      0 |    0 |          0 |
|             local_in_x_30_U                                                                               |                         bd_0_hls_inst_0_Top_Compute_BConv_Systolic_local_in_x_RAM_1WNR_BRAM_1R1W_638 |          0 |          0 |       0 |    0 |     0 |      1 |      0 |    0 |          0 |
|             local_in_x_31_U                                                                               |                         bd_0_hls_inst_0_Top_Compute_BConv_Systolic_local_in_x_RAM_1WNR_BRAM_1R1W_639 |          0 |          0 |       0 |    0 |     0 |      1 |      0 |    0 |          0 |
|             local_in_x_32_U                                                                               |                         bd_0_hls_inst_0_Top_Compute_BConv_Systolic_local_in_x_RAM_1WNR_BRAM_1R1W_640 |          0 |          0 |       0 |    0 |     0 |      1 |      0 |    0 |          0 |
|             local_in_x_33_U                                                                               |                         bd_0_hls_inst_0_Top_Compute_BConv_Systolic_local_in_x_RAM_1WNR_BRAM_1R1W_641 |          0 |          0 |       0 |    0 |     0 |      1 |      0 |    0 |          0 |
|             local_in_x_34_U                                                                               |                         bd_0_hls_inst_0_Top_Compute_BConv_Systolic_local_in_x_RAM_1WNR_BRAM_1R1W_642 |          0 |          0 |       0 |    0 |     0 |      1 |      0 |    0 |          0 |
|             local_in_x_35_U                                                                               |                         bd_0_hls_inst_0_Top_Compute_BConv_Systolic_local_in_x_RAM_1WNR_BRAM_1R1W_643 |          0 |          0 |       0 |    0 |     0 |      1 |      0 |    0 |          0 |
|             local_in_x_36_U                                                                               |                         bd_0_hls_inst_0_Top_Compute_BConv_Systolic_local_in_x_RAM_1WNR_BRAM_1R1W_644 |          0 |          0 |       0 |    0 |     0 |      1 |      0 |    0 |          0 |
|             local_in_x_37_U                                                                               |                         bd_0_hls_inst_0_Top_Compute_BConv_Systolic_local_in_x_RAM_1WNR_BRAM_1R1W_645 |          0 |          0 |       0 |    0 |     0 |      1 |      0 |    0 |          0 |
|             local_in_x_38_U                                                                               |                         bd_0_hls_inst_0_Top_Compute_BConv_Systolic_local_in_x_RAM_1WNR_BRAM_1R1W_646 |          0 |          0 |       0 |    0 |     0 |      1 |      0 |    0 |          0 |
|             local_in_x_39_U                                                                               |                         bd_0_hls_inst_0_Top_Compute_BConv_Systolic_local_in_x_RAM_1WNR_BRAM_1R1W_647 |          0 |          0 |       0 |    0 |     0 |      1 |      0 |    0 |          0 |
|             local_in_x_40_U                                                                               |                         bd_0_hls_inst_0_Top_Compute_BConv_Systolic_local_in_x_RAM_1WNR_BRAM_1R1W_648 |          0 |          0 |       0 |    0 |     0 |      1 |      0 |    0 |          0 |
|             local_in_x_41_U                                                                               |                         bd_0_hls_inst_0_Top_Compute_BConv_Systolic_local_in_x_RAM_1WNR_BRAM_1R1W_649 |          0 |          0 |       0 |    0 |     0 |      1 |      0 |    0 |          0 |
|             local_in_x_42_U                                                                               |                         bd_0_hls_inst_0_Top_Compute_BConv_Systolic_local_in_x_RAM_1WNR_BRAM_1R1W_650 |          0 |          0 |       0 |    0 |     0 |      1 |      0 |    0 |          0 |
|             local_in_x_43_U                                                                               |                         bd_0_hls_inst_0_Top_Compute_BConv_Systolic_local_in_x_RAM_1WNR_BRAM_1R1W_651 |          0 |          0 |       0 |    0 |     0 |      1 |      0 |    0 |          0 |
|             local_in_x_44_U                                                                               |                         bd_0_hls_inst_0_Top_Compute_BConv_Systolic_local_in_x_RAM_1WNR_BRAM_1R1W_652 |          0 |          0 |       0 |    0 |     0 |      1 |      0 |    0 |          0 |
|             local_in_x_45_U                                                                               |                         bd_0_hls_inst_0_Top_Compute_BConv_Systolic_local_in_x_RAM_1WNR_BRAM_1R1W_653 |          0 |          0 |       0 |    0 |     0 |      1 |      0 |    0 |          0 |
|             local_in_x_46_U                                                                               |                         bd_0_hls_inst_0_Top_Compute_BConv_Systolic_local_in_x_RAM_1WNR_BRAM_1R1W_654 |          0 |          0 |       0 |    0 |     0 |      1 |      0 |    0 |          0 |
|             local_in_x_U                                                                                  |                         bd_0_hls_inst_0_Top_Compute_BConv_Systolic_local_in_x_RAM_1WNR_BRAM_1R1W_655 |          0 |          0 |       0 |    0 |     0 |      1 |      0 |    0 |          0 |
|             local_out_x_40_U                                                                              |                             bd_0_hls_inst_0_Top_Compute_BConv_Systolic_local_out_x_RAM_S2P_BRAM_1R1W |          0 |          0 |       0 |    0 |     0 |      1 |      0 |    0 |          0 |
|             local_out_x_41_U                                                                              |                         bd_0_hls_inst_0_Top_Compute_BConv_Systolic_local_out_x_RAM_S2P_BRAM_1R1W_656 |          0 |          0 |       0 |    0 |     0 |      1 |      0 |    0 |          0 |
|             local_out_x_42_U                                                                              |                         bd_0_hls_inst_0_Top_Compute_BConv_Systolic_local_out_x_RAM_S2P_BRAM_1R1W_657 |          0 |          0 |       0 |    0 |     0 |      1 |      0 |    0 |          0 |
|             local_out_x_43_U                                                                              |                         bd_0_hls_inst_0_Top_Compute_BConv_Systolic_local_out_x_RAM_S2P_BRAM_1R1W_658 |          0 |          0 |       0 |    0 |     0 |      1 |      0 |    0 |          0 |
|             local_out_x_44_U                                                                              |                         bd_0_hls_inst_0_Top_Compute_BConv_Systolic_local_out_x_RAM_S2P_BRAM_1R1W_659 |          0 |          0 |       0 |    0 |     0 |      1 |      0 |    0 |          0 |
|             local_out_x_45_U                                                                              |                         bd_0_hls_inst_0_Top_Compute_BConv_Systolic_local_out_x_RAM_S2P_BRAM_1R1W_660 |          0 |          0 |       0 |    0 |     0 |      1 |      0 |    0 |          0 |
|             local_out_x_46_U                                                                              |                         bd_0_hls_inst_0_Top_Compute_BConv_Systolic_local_out_x_RAM_S2P_BRAM_1R1W_661 |          0 |          0 |       0 |    0 |     0 |      1 |      0 |    0 |          0 |
|             local_out_x_47_U                                                                              |                         bd_0_hls_inst_0_Top_Compute_BConv_Systolic_local_out_x_RAM_S2P_BRAM_1R1W_662 |          0 |          0 |       0 |    0 |     0 |      1 |      0 |    0 |          0 |
|             local_out_x_48_U                                                                              |                         bd_0_hls_inst_0_Top_Compute_BConv_Systolic_local_out_x_RAM_S2P_BRAM_1R1W_663 |          0 |          0 |       0 |    0 |     0 |      1 |      0 |    0 |          0 |
|             local_out_x_49_U                                                                              |                         bd_0_hls_inst_0_Top_Compute_BConv_Systolic_local_out_x_RAM_S2P_BRAM_1R1W_664 |          0 |          0 |       0 |    0 |     0 |      1 |      0 |    0 |          0 |
|             local_out_x_50_U                                                                              |                         bd_0_hls_inst_0_Top_Compute_BConv_Systolic_local_out_x_RAM_S2P_BRAM_1R1W_665 |          0 |          0 |       0 |    0 |     0 |      1 |      0 |    0 |          0 |
|             local_out_x_51_U                                                                              |                         bd_0_hls_inst_0_Top_Compute_BConv_Systolic_local_out_x_RAM_S2P_BRAM_1R1W_666 |          0 |          0 |       0 |    0 |     0 |      1 |      0 |    0 |          0 |
|             local_out_x_52_U                                                                              |                         bd_0_hls_inst_0_Top_Compute_BConv_Systolic_local_out_x_RAM_S2P_BRAM_1R1W_667 |          0 |          0 |       0 |    0 |     0 |      1 |      0 |    0 |          0 |
|             local_out_x_53_U                                                                              |                         bd_0_hls_inst_0_Top_Compute_BConv_Systolic_local_out_x_RAM_S2P_BRAM_1R1W_668 |          0 |          0 |       0 |    0 |     0 |      1 |      0 |    0 |          0 |
|             local_out_x_54_U                                                                              |                         bd_0_hls_inst_0_Top_Compute_BConv_Systolic_local_out_x_RAM_S2P_BRAM_1R1W_669 |          0 |          0 |       0 |    0 |     0 |      1 |      0 |    0 |          0 |
|             local_out_x_55_U                                                                              |                         bd_0_hls_inst_0_Top_Compute_BConv_Systolic_local_out_x_RAM_S2P_BRAM_1R1W_670 |          0 |          0 |       0 |    0 |     0 |      1 |      0 |    0 |          0 |
|             local_out_x_56_U                                                                              |                         bd_0_hls_inst_0_Top_Compute_BConv_Systolic_local_out_x_RAM_S2P_BRAM_1R1W_671 |          0 |          0 |       0 |    0 |     0 |      1 |      0 |    0 |          0 |
|             local_out_x_57_U                                                                              |                         bd_0_hls_inst_0_Top_Compute_BConv_Systolic_local_out_x_RAM_S2P_BRAM_1R1W_672 |          0 |          0 |       0 |    0 |     0 |      1 |      0 |    0 |          0 |
|             local_out_x_58_U                                                                              |                         bd_0_hls_inst_0_Top_Compute_BConv_Systolic_local_out_x_RAM_S2P_BRAM_1R1W_673 |          0 |          0 |       0 |    0 |     0 |      1 |      0 |    0 |          0 |
|             local_out_x_59_U                                                                              |                         bd_0_hls_inst_0_Top_Compute_BConv_Systolic_local_out_x_RAM_S2P_BRAM_1R1W_674 |          0 |          0 |       0 |    0 |     0 |      1 |      0 |    0 |          0 |
|             local_out_x_60_U                                                                              |                         bd_0_hls_inst_0_Top_Compute_BConv_Systolic_local_out_x_RAM_S2P_BRAM_1R1W_675 |          0 |          0 |       0 |    0 |     0 |      1 |      0 |    0 |          0 |
|             local_out_x_61_U                                                                              |                         bd_0_hls_inst_0_Top_Compute_BConv_Systolic_local_out_x_RAM_S2P_BRAM_1R1W_676 |          0 |          0 |       0 |    0 |     0 |      1 |      0 |    0 |          0 |
|             local_out_x_62_U                                                                              |                         bd_0_hls_inst_0_Top_Compute_BConv_Systolic_local_out_x_RAM_S2P_BRAM_1R1W_677 |          0 |          0 |       0 |    0 |     0 |      1 |      0 |    0 |          0 |
|             local_out_x_63_U                                                                              |                         bd_0_hls_inst_0_Top_Compute_BConv_Systolic_local_out_x_RAM_S2P_BRAM_1R1W_678 |          0 |          0 |       0 |    0 |     0 |      1 |      0 |    0 |          0 |
|             local_out_x_64_U                                                                              |                         bd_0_hls_inst_0_Top_Compute_BConv_Systolic_local_out_x_RAM_S2P_BRAM_1R1W_679 |          0 |          0 |       0 |    0 |     0 |      1 |      0 |    0 |          0 |
|             local_out_x_65_U                                                                              |                         bd_0_hls_inst_0_Top_Compute_BConv_Systolic_local_out_x_RAM_S2P_BRAM_1R1W_680 |          0 |          0 |       0 |    0 |     0 |      1 |      0 |    0 |          0 |
|             local_out_x_66_U                                                                              |                         bd_0_hls_inst_0_Top_Compute_BConv_Systolic_local_out_x_RAM_S2P_BRAM_1R1W_681 |          0 |          0 |       0 |    0 |     0 |      1 |      0 |    0 |          0 |
|             local_out_x_67_U                                                                              |                         bd_0_hls_inst_0_Top_Compute_BConv_Systolic_local_out_x_RAM_S2P_BRAM_1R1W_682 |          0 |          0 |       0 |    0 |     0 |      1 |      0 |    0 |          0 |
|             local_out_x_68_U                                                                              |                         bd_0_hls_inst_0_Top_Compute_BConv_Systolic_local_out_x_RAM_S2P_BRAM_1R1W_683 |          0 |          0 |       0 |    0 |     0 |      1 |      0 |    0 |          0 |
|             local_out_x_69_U                                                                              |                         bd_0_hls_inst_0_Top_Compute_BConv_Systolic_local_out_x_RAM_S2P_BRAM_1R1W_684 |          0 |          0 |       0 |    0 |     0 |      1 |      0 |    0 |          0 |
|             local_out_x_70_U                                                                              |                         bd_0_hls_inst_0_Top_Compute_BConv_Systolic_local_out_x_RAM_S2P_BRAM_1R1W_685 |          0 |          0 |       0 |    0 |     0 |      1 |      0 |    0 |          0 |
|             local_out_x_71_U                                                                              |                         bd_0_hls_inst_0_Top_Compute_BConv_Systolic_local_out_x_RAM_S2P_BRAM_1R1W_686 |          0 |          0 |       0 |    0 |     0 |      1 |      0 |    0 |          0 |
|             local_out_x_72_U                                                                              |                         bd_0_hls_inst_0_Top_Compute_BConv_Systolic_local_out_x_RAM_S2P_BRAM_1R1W_687 |          0 |          0 |       0 |    0 |     0 |      1 |      0 |    0 |          0 |
|             local_out_x_73_U                                                                              |                         bd_0_hls_inst_0_Top_Compute_BConv_Systolic_local_out_x_RAM_S2P_BRAM_1R1W_688 |          0 |          0 |       0 |    0 |     0 |      1 |      0 |    0 |          0 |
|             local_out_x_74_U                                                                              |                         bd_0_hls_inst_0_Top_Compute_BConv_Systolic_local_out_x_RAM_S2P_BRAM_1R1W_689 |          0 |          0 |       0 |    0 |     0 |      1 |      0 |    0 |          0 |
|             local_out_x_75_U                                                                              |                         bd_0_hls_inst_0_Top_Compute_BConv_Systolic_local_out_x_RAM_S2P_BRAM_1R1W_690 |          0 |          0 |       0 |    0 |     0 |      1 |      0 |    0 |          0 |
|             local_out_x_76_U                                                                              |                         bd_0_hls_inst_0_Top_Compute_BConv_Systolic_local_out_x_RAM_S2P_BRAM_1R1W_691 |          0 |          0 |       0 |    0 |     0 |      1 |      0 |    0 |          0 |
|             local_out_x_77_U                                                                              |                         bd_0_hls_inst_0_Top_Compute_BConv_Systolic_local_out_x_RAM_S2P_BRAM_1R1W_692 |          0 |          0 |       0 |    0 |     0 |      1 |      0 |    0 |          0 |
|             local_out_x_78_U                                                                              |                         bd_0_hls_inst_0_Top_Compute_BConv_Systolic_local_out_x_RAM_S2P_BRAM_1R1W_693 |          0 |          0 |       0 |    0 |     0 |      1 |      0 |    0 |          0 |
|             local_out_x_U                                                                                 |                         bd_0_hls_inst_0_Top_Compute_BConv_Systolic_local_out_x_RAM_S2P_BRAM_1R1W_694 |          0 |          0 |       0 |    0 |     0 |      1 |      0 |    0 |          0 |
|           grp_Execute_Transform_Operation_Pipeline_HKS_VALIDATE_MODULI_fu_704                             |                         bd_0_hls_inst_0_Top_Execute_Transform_Operation_Pipeline_HKS_VALIDATE_MODULI |        129 |        129 |       0 |    0 |     6 |      0 |      0 |    0 |          0 |
|             (grp_Execute_Transform_Operation_Pipeline_HKS_VALIDATE_MODULI_fu_704)                         |                         bd_0_hls_inst_0_Top_Execute_Transform_Operation_Pipeline_HKS_VALIDATE_MODULI |          5 |          5 |       0 |    0 |     4 |      0 |      0 |    0 |          0 |
|             flow_control_loop_pipe_sequential_init_U                                                      |                                       bd_0_hls_inst_0_Top_flow_control_loop_pipe_sequential_init_632 |        126 |        126 |       0 |    0 |     2 |      0 |      0 |    0 |          0 |
|           grp_Execute_Transform_fu_1168                                                                   |                                                                bd_0_hls_inst_0_Top_Execute_Transform |      18955 |      17379 |       0 | 1576 |  8988 |     32 |      0 |    0 |          0 |
|             (grp_Execute_Transform_fu_1168)                                                               |                                                                bd_0_hls_inst_0_Top_Execute_Transform |        227 |        227 |       0 |    0 |   205 |      0 |      0 |    0 |          0 |
|             bank_a_1_U                                                                                    |                                       bd_0_hls_inst_0_Top_Execute_Transform_bank_a_RAM_T2P_BRAM_1R1W |        288 |        288 |       0 |    0 |     0 |      2 |      0 |    0 |          0 |
|             bank_a_2_U                                                                                    |                                   bd_0_hls_inst_0_Top_Execute_Transform_bank_a_RAM_T2P_BRAM_1R1W_520 |        256 |        256 |       0 |    0 |     0 |      2 |      0 |    0 |          0 |
|             bank_a_3_U                                                                                    |                                   bd_0_hls_inst_0_Top_Execute_Transform_bank_a_RAM_T2P_BRAM_1R1W_521 |        289 |        289 |       0 |    0 |     0 |      2 |      0 |    0 |          0 |
|             bank_a_4_U                                                                                    |                                   bd_0_hls_inst_0_Top_Execute_Transform_bank_a_RAM_T2P_BRAM_1R1W_522 |        492 |        492 |       0 |    0 |     0 |      2 |      0 |    0 |          0 |
|             bank_a_5_U                                                                                    |                                   bd_0_hls_inst_0_Top_Execute_Transform_bank_a_RAM_T2P_BRAM_1R1W_523 |        257 |        257 |       0 |    0 |     0 |      2 |      0 |    0 |          0 |
|             bank_a_6_U                                                                                    |                                   bd_0_hls_inst_0_Top_Execute_Transform_bank_a_RAM_T2P_BRAM_1R1W_524 |        224 |        224 |       0 |    0 |     0 |      2 |      0 |    0 |          0 |
|             bank_a_7_U                                                                                    |                                   bd_0_hls_inst_0_Top_Execute_Transform_bank_a_RAM_T2P_BRAM_1R1W_525 |        385 |        385 |       0 |    0 |     0 |      2 |      0 |    0 |          0 |
|             bank_a_U                                                                                      |                                   bd_0_hls_inst_0_Top_Execute_Transform_bank_a_RAM_T2P_BRAM_1R1W_526 |         96 |         96 |       0 |    0 |     0 |      2 |      0 |    0 |          0 |
|             bank_b_1_U                                                                                    |                                   bd_0_hls_inst_0_Top_Execute_Transform_bank_a_RAM_T2P_BRAM_1R1W_527 |         32 |         32 |       0 |    0 |     0 |      2 |      0 |    0 |          0 |
|             bank_b_2_U                                                                                    |                                   bd_0_hls_inst_0_Top_Execute_Transform_bank_a_RAM_T2P_BRAM_1R1W_528 |          0 |          0 |       0 |    0 |     0 |      2 |      0 |    0 |          0 |
|             bank_b_3_U                                                                                    |                                   bd_0_hls_inst_0_Top_Execute_Transform_bank_a_RAM_T2P_BRAM_1R1W_529 |         16 |         16 |       0 |    0 |     0 |      2 |      0 |    0 |          0 |
|             bank_b_4_U                                                                                    |                                   bd_0_hls_inst_0_Top_Execute_Transform_bank_a_RAM_T2P_BRAM_1R1W_530 |         72 |         72 |       0 |    0 |     0 |      2 |      0 |    0 |          0 |
|             bank_b_5_U                                                                                    |                                   bd_0_hls_inst_0_Top_Execute_Transform_bank_a_RAM_T2P_BRAM_1R1W_531 |         32 |         32 |       0 |    0 |     0 |      2 |      0 |    0 |          0 |
|             bank_b_6_U                                                                                    |                                   bd_0_hls_inst_0_Top_Execute_Transform_bank_a_RAM_T2P_BRAM_1R1W_532 |          0 |          0 |       0 |    0 |     0 |      2 |      0 |    0 |          0 |
|             bank_b_7_U                                                                                    |                                   bd_0_hls_inst_0_Top_Execute_Transform_bank_a_RAM_T2P_BRAM_1R1W_533 |         96 |         96 |       0 |    0 |     0 |      2 |      0 |    0 |          0 |
|             bank_b_U                                                                                      |                                   bd_0_hls_inst_0_Top_Execute_Transform_bank_a_RAM_T2P_BRAM_1R1W_534 |         96 |         96 |       0 |    0 |     0 |      2 |      0 |    0 |          0 |
|             grp_CG_Transform_Banks_fu_742                                                                 |                                                               bd_0_hls_inst_0_Top_CG_Transform_Banks |      15676 |      14100 |       0 | 1576 |  8735 |      0 |      0 |    0 |          0 |
|               (grp_CG_Transform_Banks_fu_742)                                                             |                                                               bd_0_hls_inst_0_Top_CG_Transform_Banks |         33 |         33 |       0 |    0 |   134 |      0 |      0 |    0 |          0 |
|               grp_CG_Transform_Banks_Pipeline_BUTTERFLY_LOOP3_fu_555                                      |                                      bd_0_hls_inst_0_Top_CG_Transform_Banks_Pipeline_BUTTERFLY_LOOP3 |       8230 |       7442 |       0 |  788 |  4412 |      0 |      0 |    0 |          0 |
|                 (grp_CG_Transform_Banks_Pipeline_BUTTERFLY_LOOP3_fu_555)                                  |                                      bd_0_hls_inst_0_Top_CG_Transform_Banks_Pipeline_BUTTERFLY_LOOP3 |       2865 |       2077 |       0 |  788 |  3146 |      0 |      0 |    0 |          0 |
|                 add_64ns_64ns_64_2_1_U2814                                                                |                                                         bd_0_hls_inst_0_Top_add_64ns_64ns_64_2_1_584 |        243 |        243 |       0 |    0 |    65 |      0 |      0 |    0 |          0 |
|                   (add_64ns_64ns_64_2_1_U2814)                                                            |                                                         bd_0_hls_inst_0_Top_add_64ns_64ns_64_2_1_584 |         48 |         48 |       0 |    0 |    65 |      0 |      0 |    0 |          0 |
|                   u1                                                                                      |                                              bd_0_hls_inst_0_Top_add_64ns_64ns_64_2_1_comb_adder_630 |         32 |         32 |       0 |    0 |     0 |      0 |      0 |    0 |          0 |
|                   u2                                                                                      |                                              bd_0_hls_inst_0_Top_add_64ns_64ns_64_2_1_comb_adder_631 |        163 |        163 |       0 |    0 |     0 |      0 |      0 |    0 |          0 |
|                 add_64ns_64ns_64_2_1_U2816                                                                |                                                         bd_0_hls_inst_0_Top_add_64ns_64ns_64_2_1_585 |        224 |        224 |       0 |    0 |    65 |      0 |      0 |    0 |          0 |
|                   (add_64ns_64ns_64_2_1_U2816)                                                            |                                                         bd_0_hls_inst_0_Top_add_64ns_64ns_64_2_1_585 |         16 |         16 |       0 |    0 |    65 |      0 |      0 |    0 |          0 |
|                   u1                                                                                      |                                              bd_0_hls_inst_0_Top_add_64ns_64ns_64_2_1_comb_adder_628 |         32 |         32 |       0 |    0 |     0 |      0 |      0 |    0 |          0 |
|                   u2                                                                                      |                                              bd_0_hls_inst_0_Top_add_64ns_64ns_64_2_1_comb_adder_629 |        176 |        176 |       0 |    0 |     0 |      0 |      0 |    0 |          0 |
|                 add_64ns_64ns_64_2_1_U2817                                                                |                                                         bd_0_hls_inst_0_Top_add_64ns_64ns_64_2_1_586 |        224 |        224 |       0 |    0 |    65 |      0 |      0 |    0 |          0 |
|                   (add_64ns_64ns_64_2_1_U2817)                                                            |                                                         bd_0_hls_inst_0_Top_add_64ns_64ns_64_2_1_586 |         16 |         16 |       0 |    0 |    65 |      0 |      0 |    0 |          0 |
|                   u1                                                                                      |                                              bd_0_hls_inst_0_Top_add_64ns_64ns_64_2_1_comb_adder_626 |         32 |         32 |       0 |    0 |     0 |      0 |      0 |    0 |          0 |
|                   u2                                                                                      |                                              bd_0_hls_inst_0_Top_add_64ns_64ns_64_2_1_comb_adder_627 |        176 |        176 |       0 |    0 |     0 |      0 |      0 |    0 |          0 |
|                 add_64ns_64ns_64_2_1_U2818                                                                |                                                         bd_0_hls_inst_0_Top_add_64ns_64ns_64_2_1_587 |        179 |        179 |       0 |    0 |    65 |      0 |      0 |    0 |          0 |
|                   (add_64ns_64ns_64_2_1_U2818)                                                            |                                                         bd_0_hls_inst_0_Top_add_64ns_64ns_64_2_1_587 |         16 |         16 |       0 |    0 |    65 |      0 |      0 |    0 |          0 |
|                   u1                                                                                      |                                              bd_0_hls_inst_0_Top_add_64ns_64ns_64_2_1_comb_adder_624 |         32 |         32 |       0 |    0 |     0 |      0 |      0 |    0 |          0 |
|                   u2                                                                                      |                                              bd_0_hls_inst_0_Top_add_64ns_64ns_64_2_1_comb_adder_625 |        131 |        131 |       0 |    0 |     0 |      0 |      0 |    0 |          0 |
|                 add_64ns_64ns_64_2_1_U2819                                                                |                                                         bd_0_hls_inst_0_Top_add_64ns_64ns_64_2_1_588 |        240 |        240 |       0 |    0 |    65 |      0 |      0 |    0 |          0 |
|                   (add_64ns_64ns_64_2_1_U2819)                                                            |                                                         bd_0_hls_inst_0_Top_add_64ns_64ns_64_2_1_588 |         72 |         72 |       0 |    0 |    65 |      0 |      0 |    0 |          0 |
|                   u2                                                                                      |                                              bd_0_hls_inst_0_Top_add_64ns_64ns_64_2_1_comb_adder_623 |        168 |        168 |       0 |    0 |     0 |      0 |      0 |    0 |          0 |
|                 add_64ns_64ns_64_2_1_U2821                                                                |                                                         bd_0_hls_inst_0_Top_add_64ns_64ns_64_2_1_589 |        237 |        237 |       0 |    0 |    65 |      0 |      0 |    0 |          0 |
|                   (add_64ns_64ns_64_2_1_U2821)                                                            |                                                         bd_0_hls_inst_0_Top_add_64ns_64ns_64_2_1_589 |         28 |         28 |       0 |    0 |    65 |      0 |      0 |    0 |          0 |
|                   u1                                                                                      |                                              bd_0_hls_inst_0_Top_add_64ns_64ns_64_2_1_comb_adder_621 |         32 |         32 |       0 |    0 |     0 |      0 |      0 |    0 |          0 |
|                   u2                                                                                      |                                              bd_0_hls_inst_0_Top_add_64ns_64ns_64_2_1_comb_adder_622 |        177 |        177 |       0 |    0 |     0 |      0 |      0 |    0 |          0 |
|                 add_64ns_64ns_64_2_1_U2823                                                                |                                                         bd_0_hls_inst_0_Top_add_64ns_64ns_64_2_1_590 |        281 |        281 |       0 |    0 |    97 |      0 |      0 |    0 |          0 |
|                   (add_64ns_64ns_64_2_1_U2823)                                                            |                                                         bd_0_hls_inst_0_Top_add_64ns_64ns_64_2_1_590 |         72 |         72 |       0 |    0 |    97 |      0 |      0 |    0 |          0 |
|                   u1                                                                                      |                                              bd_0_hls_inst_0_Top_add_64ns_64ns_64_2_1_comb_adder_619 |         32 |         32 |       0 |    0 |     0 |      0 |      0 |    0 |          0 |
|                   u2                                                                                      |                                              bd_0_hls_inst_0_Top_add_64ns_64ns_64_2_1_comb_adder_620 |        177 |        177 |       0 |    0 |     0 |      0 |      0 |    0 |          0 |
|                 add_64ns_64ns_64_2_1_U2825                                                                |                                                         bd_0_hls_inst_0_Top_add_64ns_64ns_64_2_1_591 |        249 |        249 |       0 |    0 |    97 |      0 |      0 |    0 |          0 |
|                   (add_64ns_64ns_64_2_1_U2825)                                                            |                                                         bd_0_hls_inst_0_Top_add_64ns_64ns_64_2_1_591 |         40 |         40 |       0 |    0 |    97 |      0 |      0 |    0 |          0 |
|                   u1                                                                                      |                                              bd_0_hls_inst_0_Top_add_64ns_64ns_64_2_1_comb_adder_617 |         32 |         32 |       0 |    0 |     0 |      0 |      0 |    0 |          0 |
|                   u2                                                                                      |                                              bd_0_hls_inst_0_Top_add_64ns_64ns_64_2_1_comb_adder_618 |        177 |        177 |       0 |    0 |     0 |      0 |      0 |    0 |          0 |
|                 flow_control_loop_pipe_sequential_init_U                                                  |                                       bd_0_hls_inst_0_Top_flow_control_loop_pipe_sequential_init_592 |         99 |         99 |       0 |    0 |     2 |      0 |      0 |    0 |          0 |
|                 sparsemux_25_4_64_1_1_U2803                                                               |                                                        bd_0_hls_inst_0_Top_sparsemux_25_4_64_1_1_593 |        256 |        256 |       0 |    0 |     0 |      0 |      0 |    0 |          0 |
|                 sparsemux_25_4_64_1_1_U2804                                                               |                                                        bd_0_hls_inst_0_Top_sparsemux_25_4_64_1_1_594 |        256 |        256 |       0 |    0 |     0 |      0 |      0 |    0 |          0 |
|                 sparsemux_25_4_64_1_1_U2805                                                               |                                                        bd_0_hls_inst_0_Top_sparsemux_25_4_64_1_1_595 |        256 |        256 |       0 |    0 |     0 |      0 |      0 |    0 |          0 |
|                 sparsemux_25_4_64_1_1_U2806                                                               |                                                        bd_0_hls_inst_0_Top_sparsemux_25_4_64_1_1_596 |        256 |        256 |       0 |    0 |     0 |      0 |      0 |    0 |          0 |
|                 sparsemux_25_4_64_1_1_U2807                                                               |                                                        bd_0_hls_inst_0_Top_sparsemux_25_4_64_1_1_597 |        256 |        256 |       0 |    0 |     0 |      0 |      0 |    0 |          0 |
|                 sparsemux_25_4_64_1_1_U2808                                                               |                                                        bd_0_hls_inst_0_Top_sparsemux_25_4_64_1_1_598 |        256 |        256 |       0 |    0 |     0 |      0 |      0 |    0 |          0 |
|                 sparsemux_25_4_64_1_1_U2809                                                               |                                                        bd_0_hls_inst_0_Top_sparsemux_25_4_64_1_1_599 |        256 |        256 |       0 |    0 |     0 |      0 |      0 |    0 |          0 |
|                 sparsemux_25_4_64_1_1_U2810                                                               |                                                        bd_0_hls_inst_0_Top_sparsemux_25_4_64_1_1_600 |        256 |        256 |       0 |    0 |     0 |      0 |      0 |    0 |          0 |
|                 sub_64ns_64ns_64_2_1_U2811                                                                |                                                         bd_0_hls_inst_0_Top_sub_64ns_64ns_64_2_1_601 |         97 |         97 |       0 |    0 |    97 |      0 |      0 |    0 |          0 |
|                   (sub_64ns_64ns_64_2_1_U2811)                                                            |                                                         bd_0_hls_inst_0_Top_sub_64ns_64ns_64_2_1_601 |         41 |         41 |       0 |    0 |    97 |      0 |      0 |    0 |          0 |
|                   u2                                                                                      |                                              bd_0_hls_inst_0_Top_sub_64ns_64ns_64_2_1_comb_adder_616 |         56 |         56 |       0 |    0 |     0 |      0 |      0 |    0 |          0 |
|                 sub_64ns_64ns_64_2_1_U2812                                                                |                                                         bd_0_hls_inst_0_Top_sub_64ns_64ns_64_2_1_602 |         96 |         96 |       0 |    0 |    65 |      0 |      0 |    0 |          0 |
|                   (sub_64ns_64ns_64_2_1_U2812)                                                            |                                                         bd_0_hls_inst_0_Top_sub_64ns_64ns_64_2_1_602 |         32 |         32 |       0 |    0 |    65 |      0 |      0 |    0 |          0 |
|                   u2                                                                                      |                                              bd_0_hls_inst_0_Top_sub_64ns_64ns_64_2_1_comb_adder_615 |         64 |         64 |       0 |    0 |     0 |      0 |      0 |    0 |          0 |
|                 sub_64ns_64ns_64_2_1_U2813                                                                |                                                         bd_0_hls_inst_0_Top_sub_64ns_64ns_64_2_1_603 |        258 |        258 |       0 |    0 |    97 |      0 |      0 |    0 |          0 |
|                   (sub_64ns_64ns_64_2_1_U2813)                                                            |                                                         bd_0_hls_inst_0_Top_sub_64ns_64ns_64_2_1_603 |        194 |        194 |       0 |    0 |    97 |      0 |      0 |    0 |          0 |
|                   u2                                                                                      |                                              bd_0_hls_inst_0_Top_sub_64ns_64ns_64_2_1_comb_adder_614 |         64 |         64 |       0 |    0 |     0 |      0 |      0 |    0 |          0 |
|                 sub_64ns_64ns_64_2_1_U2815                                                                |                                                         bd_0_hls_inst_0_Top_sub_64ns_64ns_64_2_1_604 |        236 |        236 |       0 |    0 |    97 |      0 |      0 |    0 |          0 |
|                   (sub_64ns_64ns_64_2_1_U2815)                                                            |                                                         bd_0_hls_inst_0_Top_sub_64ns_64ns_64_2_1_604 |        172 |        172 |       0 |    0 |    97 |      0 |      0 |    0 |          0 |
|                   u2                                                                                      |                                              bd_0_hls_inst_0_Top_sub_64ns_64ns_64_2_1_comb_adder_613 |         64 |         64 |       0 |    0 |     0 |      0 |      0 |    0 |          0 |
|                 sub_64ns_64ns_64_2_1_U2820                                                                |                                                         bd_0_hls_inst_0_Top_sub_64ns_64ns_64_2_1_605 |        193 |        193 |       0 |    0 |    97 |      0 |      0 |    0 |          0 |
|                   (sub_64ns_64ns_64_2_1_U2820)                                                            |                                                         bd_0_hls_inst_0_Top_sub_64ns_64ns_64_2_1_605 |        108 |        108 |       0 |    0 |    97 |      0 |      0 |    0 |          0 |
|                   u2                                                                                      |                                              bd_0_hls_inst_0_Top_sub_64ns_64ns_64_2_1_comb_adder_612 |         85 |         85 |       0 |    0 |     0 |      0 |      0 |    0 |          0 |
|                 sub_64ns_64ns_64_2_1_U2822                                                                |                                                         bd_0_hls_inst_0_Top_sub_64ns_64ns_64_2_1_606 |        164 |        164 |       0 |    0 |    97 |      0 |      0 |    0 |          0 |
|                   (sub_64ns_64ns_64_2_1_U2822)                                                            |                                                         bd_0_hls_inst_0_Top_sub_64ns_64ns_64_2_1_606 |         83 |         83 |       0 |    0 |    97 |      0 |      0 |    0 |          0 |
|                   u2                                                                                      |                                              bd_0_hls_inst_0_Top_sub_64ns_64ns_64_2_1_comb_adder_611 |         81 |         81 |       0 |    0 |     0 |      0 |      0 |    0 |          0 |
|                 sub_64ns_64ns_64_2_1_U2824                                                                |                                                         bd_0_hls_inst_0_Top_sub_64ns_64ns_64_2_1_607 |        149 |        149 |       0 |    0 |    65 |      0 |      0 |    0 |          0 |
|                   (sub_64ns_64ns_64_2_1_U2824)                                                            |                                                         bd_0_hls_inst_0_Top_sub_64ns_64ns_64_2_1_607 |         80 |         80 |       0 |    0 |    65 |      0 |      0 |    0 |          0 |
|                   u2                                                                                      |                                              bd_0_hls_inst_0_Top_sub_64ns_64ns_64_2_1_comb_adder_610 |         69 |         69 |       0 |    0 |     0 |      0 |      0 |    0 |          0 |
|                 sub_64ns_64ns_64_2_1_U2826                                                                |                                                         bd_0_hls_inst_0_Top_sub_64ns_64ns_64_2_1_608 |        149 |        149 |       0 |    0 |    65 |      0 |      0 |    0 |          0 |
|                   (sub_64ns_64ns_64_2_1_U2826)                                                            |                                                         bd_0_hls_inst_0_Top_sub_64ns_64ns_64_2_1_608 |         81 |         81 |       0 |    0 |    65 |      0 |      0 |    0 |          0 |
|                   u2                                                                                      |                                              bd_0_hls_inst_0_Top_sub_64ns_64ns_64_2_1_comb_adder_609 |         68 |         68 |       0 |    0 |     0 |      0 |      0 |    0 |          0 |
|               grp_CG_Transform_Banks_Pipeline_BUTTERFLY_LOOP_fu_320                                       |                                       bd_0_hls_inst_0_Top_CG_Transform_Banks_Pipeline_BUTTERFLY_LOOP |       7415 |       6627 |       0 |  788 |  4189 |      0 |      0 |    0 |          0 |
|                 (grp_CG_Transform_Banks_Pipeline_BUTTERFLY_LOOP_fu_320)                                   |                                       bd_0_hls_inst_0_Top_CG_Transform_Banks_Pipeline_BUTTERFLY_LOOP |       2578 |       1790 |       0 |  788 |  3077 |      0 |      0 |    0 |          0 |
|                 add_64ns_64ns_64_2_1_U2670                                                                |                                                         bd_0_hls_inst_0_Top_add_64ns_64ns_64_2_1_537 |        331 |        331 |       0 |    0 |    97 |      0 |      0 |    0 |          0 |
|                   (add_64ns_64ns_64_2_1_U2670)                                                            |                                                         bd_0_hls_inst_0_Top_add_64ns_64ns_64_2_1_537 |         92 |         92 |       0 |    0 |    97 |      0 |      0 |    0 |          0 |
|                   u1                                                                                      |                                              bd_0_hls_inst_0_Top_add_64ns_64ns_64_2_1_comb_adder_582 |         64 |         64 |       0 |    0 |     0 |      0 |      0 |    0 |          0 |
|                   u2                                                                                      |                                              bd_0_hls_inst_0_Top_add_64ns_64ns_64_2_1_comb_adder_583 |        175 |        175 |       0 |    0 |     0 |      0 |      0 |    0 |          0 |
|                 add_64ns_64ns_64_2_1_U2672                                                                |                                                         bd_0_hls_inst_0_Top_add_64ns_64ns_64_2_1_538 |        239 |        239 |       0 |    0 |    97 |      0 |      0 |    0 |          0 |
|                   (add_64ns_64ns_64_2_1_U2672)                                                            |                                                         bd_0_hls_inst_0_Top_add_64ns_64ns_64_2_1_538 |         32 |         32 |       0 |    0 |    97 |      0 |      0 |    0 |          0 |
|                   u1                                                                                      |                                              bd_0_hls_inst_0_Top_add_64ns_64ns_64_2_1_comb_adder_580 |         32 |         32 |       0 |    0 |     0 |      0 |      0 |    0 |          0 |
|                   u2                                                                                      |                                              bd_0_hls_inst_0_Top_add_64ns_64ns_64_2_1_comb_adder_581 |        175 |        175 |       0 |    0 |     0 |      0 |      0 |    0 |          0 |
|                 add_64ns_64ns_64_2_1_U2673                                                                |                                                         bd_0_hls_inst_0_Top_add_64ns_64ns_64_2_1_539 |        223 |        223 |       0 |    0 |    97 |      0 |      0 |    0 |          0 |
|                   (add_64ns_64ns_64_2_1_U2673)                                                            |                                                         bd_0_hls_inst_0_Top_add_64ns_64ns_64_2_1_539 |         24 |         24 |       0 |    0 |    97 |      0 |      0 |    0 |          0 |
|                   u1                                                                                      |                                              bd_0_hls_inst_0_Top_add_64ns_64ns_64_2_1_comb_adder_578 |         32 |         32 |       0 |    0 |     0 |      0 |      0 |    0 |          0 |
|                   u2                                                                                      |                                              bd_0_hls_inst_0_Top_add_64ns_64ns_64_2_1_comb_adder_579 |        167 |        167 |       0 |    0 |     0 |      0 |      0 |    0 |          0 |
|                 add_64ns_64ns_64_2_1_U2674                                                                |                                                         bd_0_hls_inst_0_Top_add_64ns_64ns_64_2_1_540 |        211 |        211 |       0 |    0 |    65 |      0 |      0 |    0 |          0 |
|                   (add_64ns_64ns_64_2_1_U2674)                                                            |                                                         bd_0_hls_inst_0_Top_add_64ns_64ns_64_2_1_540 |         16 |         16 |       0 |    0 |    65 |      0 |      0 |    0 |          0 |
|                   u1                                                                                      |                                              bd_0_hls_inst_0_Top_add_64ns_64ns_64_2_1_comb_adder_576 |         32 |         32 |       0 |    0 |     0 |      0 |      0 |    0 |          0 |
|                   u2                                                                                      |                                              bd_0_hls_inst_0_Top_add_64ns_64ns_64_2_1_comb_adder_577 |        163 |        163 |       0 |    0 |     0 |      0 |      0 |    0 |          0 |
|                 add_64ns_64ns_64_2_1_U2675                                                                |                                                         bd_0_hls_inst_0_Top_add_64ns_64ns_64_2_1_541 |        176 |        176 |       0 |    0 |    33 |      0 |      0 |    0 |          0 |
|                   (add_64ns_64ns_64_2_1_U2675)                                                            |                                                         bd_0_hls_inst_0_Top_add_64ns_64ns_64_2_1_541 |         16 |         16 |       0 |    0 |    33 |      0 |      0 |    0 |          0 |
|                   u1                                                                                      |                                              bd_0_hls_inst_0_Top_add_64ns_64ns_64_2_1_comb_adder_574 |         32 |         32 |       0 |    0 |     0 |      0 |      0 |    0 |          0 |
|                   u2                                                                                      |                                              bd_0_hls_inst_0_Top_add_64ns_64ns_64_2_1_comb_adder_575 |        128 |        128 |       0 |    0 |     0 |      0 |      0 |    0 |          0 |
|                 add_64ns_64ns_64_2_1_U2677                                                                |                                                         bd_0_hls_inst_0_Top_add_64ns_64ns_64_2_1_542 |        212 |        212 |       0 |    0 |    65 |      0 |      0 |    0 |          0 |
|                   (add_64ns_64ns_64_2_1_U2677)                                                            |                                                         bd_0_hls_inst_0_Top_add_64ns_64ns_64_2_1_542 |         24 |         24 |       0 |    0 |    65 |      0 |      0 |    0 |          0 |
|                   u1                                                                                      |                                              bd_0_hls_inst_0_Top_add_64ns_64ns_64_2_1_comb_adder_572 |         32 |         32 |       0 |    0 |     0 |      0 |      0 |    0 |          0 |
|                   u2                                                                                      |                                              bd_0_hls_inst_0_Top_add_64ns_64ns_64_2_1_comb_adder_573 |        156 |        156 |       0 |    0 |     0 |      0 |      0 |    0 |          0 |
|                 add_64ns_64ns_64_2_1_U2679                                                                |                                                         bd_0_hls_inst_0_Top_add_64ns_64ns_64_2_1_543 |        140 |        140 |       0 |    0 |    33 |      0 |      0 |    0 |          0 |
|                   (add_64ns_64ns_64_2_1_U2679)                                                            |                                                         bd_0_hls_inst_0_Top_add_64ns_64ns_64_2_1_543 |         16 |         16 |       0 |    0 |    33 |      0 |      0 |    0 |          0 |
|                   u2                                                                                      |                                              bd_0_hls_inst_0_Top_add_64ns_64ns_64_2_1_comb_adder_571 |        124 |        124 |       0 |    0 |     0 |      0 |      0 |    0 |          0 |
|                 add_64ns_64ns_64_2_1_U2681                                                                |                                                         bd_0_hls_inst_0_Top_add_64ns_64ns_64_2_1_544 |        212 |        212 |       0 |    0 |    65 |      0 |      0 |    0 |          0 |
|                   (add_64ns_64ns_64_2_1_U2681)                                                            |                                                         bd_0_hls_inst_0_Top_add_64ns_64ns_64_2_1_544 |         24 |         24 |       0 |    0 |    65 |      0 |      0 |    0 |          0 |
|                   u1                                                                                      |                                              bd_0_hls_inst_0_Top_add_64ns_64ns_64_2_1_comb_adder_569 |         32 |         32 |       0 |    0 |     0 |      0 |      0 |    0 |          0 |
|                   u2                                                                                      |                                              bd_0_hls_inst_0_Top_add_64ns_64ns_64_2_1_comb_adder_570 |        156 |        156 |       0 |    0 |     0 |      0 |      0 |    0 |          0 |
|                 flow_control_loop_pipe_sequential_init_U                                                  |                                       bd_0_hls_inst_0_Top_flow_control_loop_pipe_sequential_init_545 |         31 |         31 |       0 |    0 |     2 |      0 |      0 |    0 |          0 |
|                 sparsemux_25_4_64_1_1_U2659                                                               |                                                            bd_0_hls_inst_0_Top_sparsemux_25_4_64_1_1 |        256 |        256 |       0 |    0 |     0 |      0 |      0 |    0 |          0 |
|                 sparsemux_25_4_64_1_1_U2660                                                               |                                                        bd_0_hls_inst_0_Top_sparsemux_25_4_64_1_1_546 |        256 |        256 |       0 |    0 |     0 |      0 |      0 |    0 |          0 |
|                 sparsemux_25_4_64_1_1_U2661                                                               |                                                        bd_0_hls_inst_0_Top_sparsemux_25_4_64_1_1_547 |        192 |        192 |       0 |    0 |     0 |      0 |      0 |    0 |          0 |
|                 sparsemux_25_4_64_1_1_U2662                                                               |                                                        bd_0_hls_inst_0_Top_sparsemux_25_4_64_1_1_548 |        256 |        256 |       0 |    0 |     0 |      0 |      0 |    0 |          0 |
|                 sparsemux_25_4_64_1_1_U2663                                                               |                                                        bd_0_hls_inst_0_Top_sparsemux_25_4_64_1_1_549 |        256 |        256 |       0 |    0 |     0 |      0 |      0 |    0 |          0 |
|                 sparsemux_25_4_64_1_1_U2664                                                               |                                                        bd_0_hls_inst_0_Top_sparsemux_25_4_64_1_1_550 |        192 |        192 |       0 |    0 |     0 |      0 |      0 |    0 |          0 |
|                 sparsemux_25_4_64_1_1_U2665                                                               |                                                        bd_0_hls_inst_0_Top_sparsemux_25_4_64_1_1_551 |        192 |        192 |       0 |    0 |     0 |      0 |      0 |    0 |          0 |
|                 sparsemux_25_4_64_1_1_U2666                                                               |                                                        bd_0_hls_inst_0_Top_sparsemux_25_4_64_1_1_552 |        192 |        192 |       0 |    0 |     0 |      0 |      0 |    0 |          0 |
|                 sub_64ns_64ns_64_2_1_U2667                                                                |                                                         bd_0_hls_inst_0_Top_sub_64ns_64ns_64_2_1_553 |        128 |        128 |       0 |    0 |    97 |      0 |      0 |    0 |          0 |
|                   (sub_64ns_64ns_64_2_1_U2667)                                                            |                                                         bd_0_hls_inst_0_Top_sub_64ns_64ns_64_2_1_553 |         56 |         56 |       0 |    0 |    97 |      0 |      0 |    0 |          0 |
|                   u2                                                                                      |                                              bd_0_hls_inst_0_Top_sub_64ns_64ns_64_2_1_comb_adder_568 |         72 |         72 |       0 |    0 |     0 |      0 |      0 |    0 |          0 |
|                 sub_64ns_64ns_64_2_1_U2668                                                                |                                                         bd_0_hls_inst_0_Top_sub_64ns_64ns_64_2_1_554 |        172 |        172 |       0 |    0 |    86 |      0 |      0 |    0 |          0 |
|                   (sub_64ns_64ns_64_2_1_U2668)                                                            |                                                         bd_0_hls_inst_0_Top_sub_64ns_64ns_64_2_1_554 |        100 |        100 |       0 |    0 |    73 |      0 |      0 |    0 |          0 |
|                   u2                                                                                      |                                              bd_0_hls_inst_0_Top_sub_64ns_64ns_64_2_1_comb_adder_567 |         72 |         72 |       0 |    0 |    13 |      0 |      0 |    0 |          0 |
|                 sub_64ns_64ns_64_2_1_U2669                                                                |                                                         bd_0_hls_inst_0_Top_sub_64ns_64ns_64_2_1_555 |        288 |        288 |       0 |    0 |   114 |      0 |      0 |    0 |          0 |
|                   (sub_64ns_64ns_64_2_1_U2669)                                                            |                                                         bd_0_hls_inst_0_Top_sub_64ns_64ns_64_2_1_555 |        216 |        216 |       0 |    0 |    97 |      0 |      0 |    0 |          0 |
|                   u2                                                                                      |                                              bd_0_hls_inst_0_Top_sub_64ns_64ns_64_2_1_comb_adder_566 |         72 |         72 |       0 |    0 |    17 |      0 |      0 |    0 |          0 |
|                 sub_64ns_64ns_64_2_1_U2671                                                                |                                                         bd_0_hls_inst_0_Top_sub_64ns_64ns_64_2_1_556 |        212 |        212 |       0 |    0 |    65 |      0 |      0 |    0 |          0 |
|                   (sub_64ns_64ns_64_2_1_U2671)                                                            |                                                         bd_0_hls_inst_0_Top_sub_64ns_64ns_64_2_1_556 |        144 |        144 |       0 |    0 |    65 |      0 |      0 |    0 |          0 |
|                   u2                                                                                      |                                              bd_0_hls_inst_0_Top_sub_64ns_64ns_64_2_1_comb_adder_565 |         68 |         68 |       0 |    0 |     0 |      0 |      0 |    0 |          0 |
|                 sub_64ns_64ns_64_2_1_U2676                                                                |                                                         bd_0_hls_inst_0_Top_sub_64ns_64ns_64_2_1_557 |        140 |        140 |       0 |    0 |    65 |      0 |      0 |    0 |          0 |
|                   (sub_64ns_64ns_64_2_1_U2676)                                                            |                                                         bd_0_hls_inst_0_Top_sub_64ns_64ns_64_2_1_557 |         76 |         76 |       0 |    0 |    65 |      0 |      0 |    0 |          0 |
|                   u2                                                                                      |                                              bd_0_hls_inst_0_Top_sub_64ns_64ns_64_2_1_comb_adder_564 |         64 |         64 |       0 |    0 |     0 |      0 |      0 |    0 |          0 |
|                 sub_64ns_64ns_64_2_1_U2678                                                                |                                                         bd_0_hls_inst_0_Top_sub_64ns_64ns_64_2_1_558 |        120 |        120 |       0 |    0 |    33 |      0 |      0 |    0 |          0 |
|                   (sub_64ns_64ns_64_2_1_U2678)                                                            |                                                         bd_0_hls_inst_0_Top_sub_64ns_64ns_64_2_1_558 |         64 |         64 |       0 |    0 |    33 |      0 |      0 |    0 |          0 |
|                   u2                                                                                      |                                              bd_0_hls_inst_0_Top_sub_64ns_64ns_64_2_1_comb_adder_563 |         56 |         56 |       0 |    0 |     0 |      0 |      0 |    0 |          0 |
|                 sub_64ns_64ns_64_2_1_U2680                                                                |                                                         bd_0_hls_inst_0_Top_sub_64ns_64ns_64_2_1_559 |        128 |        128 |       0 |    0 |    65 |      0 |      0 |    0 |          0 |
|                   (sub_64ns_64ns_64_2_1_U2680)                                                            |                                                         bd_0_hls_inst_0_Top_sub_64ns_64ns_64_2_1_559 |         72 |         72 |       0 |    0 |    65 |      0 |      0 |    0 |          0 |
|                   u2                                                                                      |                                              bd_0_hls_inst_0_Top_sub_64ns_64ns_64_2_1_comb_adder_562 |         56 |         56 |       0 |    0 |     0 |      0 |      0 |    0 |          0 |
|                 sub_64ns_64ns_64_2_1_U2682                                                                |                                                         bd_0_hls_inst_0_Top_sub_64ns_64ns_64_2_1_560 |        120 |        120 |       0 |    0 |    33 |      0 |      0 |    0 |          0 |
|                   (sub_64ns_64ns_64_2_1_U2682)                                                            |                                                         bd_0_hls_inst_0_Top_sub_64ns_64ns_64_2_1_560 |         64 |         64 |       0 |    0 |    33 |      0 |      0 |    0 |          0 |
|                   u2                                                                                      |                                              bd_0_hls_inst_0_Top_sub_64ns_64ns_64_2_1_comb_adder_561 |         56 |         56 |       0 |    0 |     0 |      0 |      0 |    0 |          0 |
|             grp_Execute_Transform_Pipeline_TRANSFORM_LOAD_fu_582                                          |                                        bd_0_hls_inst_0_Top_Execute_Transform_Pipeline_TRANSFORM_LOAD |        315 |        315 |       0 |    0 |    24 |      0 |      0 |    0 |          0 |
|               (grp_Execute_Transform_Pipeline_TRANSFORM_LOAD_fu_582)                                      |                                        bd_0_hls_inst_0_Top_Execute_Transform_Pipeline_TRANSFORM_LOAD |        258 |        258 |       0 |    0 |    22 |      0 |      0 |    0 |          0 |
|               flow_control_loop_pipe_sequential_init_U                                                    |                                       bd_0_hls_inst_0_Top_flow_control_loop_pipe_sequential_init_536 |         57 |         57 |       0 |    0 |     2 |      0 |      0 |    0 |          0 |
|             grp_Execute_Transform_Pipeline_TRANSFORM_STORE_fu_962                                         |                                       bd_0_hls_inst_0_Top_Execute_Transform_Pipeline_TRANSFORM_STORE |        107 |        107 |       0 |    0 |    24 |      0 |      0 |    0 |          0 |
|               (grp_Execute_Transform_Pipeline_TRANSFORM_STORE_fu_962)                                     |                                       bd_0_hls_inst_0_Top_Execute_Transform_Pipeline_TRANSFORM_STORE |         44 |         44 |       0 |    0 |    22 |      0 |      0 |    0 |          0 |
|               flow_control_loop_pipe_sequential_init_U                                                    |                                       bd_0_hls_inst_0_Top_flow_control_loop_pipe_sequential_init_535 |         63 |         63 |       0 |    0 |     2 |      0 |      0 |    0 |          0 |
|           grp_Load_HKS_Params_fu_713                                                                      |                                                                  bd_0_hls_inst_0_Top_Load_HKS_Params |       1008 |        985 |       0 |   23 |   771 |      0 |      0 |    0 |          0 |
|             (grp_Load_HKS_Params_fu_713)                                                                  |                                                                  bd_0_hls_inst_0_Top_Load_HKS_Params |         31 |         31 |       0 |    0 |    42 |      0 |      0 |    0 |          0 |
|             grp_Load_HKS_Params_Pipeline_HKS_LOAD_INV_fu_226                                              |                                            bd_0_hls_inst_0_Top_Load_HKS_Params_Pipeline_HKS_LOAD_INV |        290 |        280 |       0 |   10 |   347 |      0 |      0 |    0 |          0 |
|               (grp_Load_HKS_Params_Pipeline_HKS_LOAD_INV_fu_226)                                          |                                            bd_0_hls_inst_0_Top_Load_HKS_Params_Pipeline_HKS_LOAD_INV |        270 |        260 |       0 |   10 |   345 |      0 |      0 |    0 |          0 |
|               flow_control_loop_pipe_sequential_init_U                                                    |                                       bd_0_hls_inst_0_Top_flow_control_loop_pipe_sequential_init_519 |         21 |         21 |       0 |    0 |     2 |      0 |      0 |    0 |          0 |
|             grp_Load_HKS_Params_Pipeline_HKS_LOAD_WEIGHTS_VITIS_LOOP_218_1_fu_138                         |                       bd_0_hls_inst_0_Top_Load_HKS_Params_Pipeline_HKS_LOAD_WEIGHTS_VITIS_LOOP_218_1 |        450 |        437 |       0 |   13 |   372 |      0 |      0 |    0 |          0 |
|               (grp_Load_HKS_Params_Pipeline_HKS_LOAD_WEIGHTS_VITIS_LOOP_218_1_fu_138)                     |                       bd_0_hls_inst_0_Top_Load_HKS_Params_Pipeline_HKS_LOAD_WEIGHTS_VITIS_LOOP_218_1 |        421 |        408 |       0 |   13 |   370 |      0 |      0 |    0 |          0 |
|               flow_control_loop_pipe_sequential_init_U                                                    |                                       bd_0_hls_inst_0_Top_flow_control_loop_pipe_sequential_init_518 |         29 |         29 |       0 |    0 |     2 |      0 |      0 |    0 |          0 |
|             grp_Load_HKS_Params_Pipeline_HKS_OUTPUT_PARAMS_fu_179                                         |                                       bd_0_hls_inst_0_Top_Load_HKS_Params_Pipeline_HKS_OUTPUT_PARAMS |        237 |        237 |       0 |    0 |    10 |      0 |      0 |    0 |          0 |
|               (grp_Load_HKS_Params_Pipeline_HKS_OUTPUT_PARAMS_fu_179)                                     |                                       bd_0_hls_inst_0_Top_Load_HKS_Params_Pipeline_HKS_OUTPUT_PARAMS |         87 |         87 |       0 |    0 |     8 |      0 |      0 |    0 |          0 |
|               flow_control_loop_pipe_sequential_init_U                                                    |                                       bd_0_hls_inst_0_Top_flow_control_loop_pipe_sequential_init_517 |        150 |        150 |       0 |    0 |     2 |      0 |      0 |    0 |          0 |
|           grp_Load_Transform_Input_fu_769                                                                 |                                                             bd_0_hls_inst_0_Top_Load_Transform_Input |        178 |        178 |       0 |    0 |   421 |      0 |      0 |    0 |          0 |
|             (grp_Load_Transform_Input_fu_769)                                                             |                                                             bd_0_hls_inst_0_Top_Load_Transform_Input |         61 |         61 |       0 |    0 |    58 |      0 |      0 |    0 |          0 |
|             grp_Load_Transform_Tower_fu_148                                                               |                                                             bd_0_hls_inst_0_Top_Load_Transform_Tower |        117 |        117 |       0 |    0 |   363 |      0 |      0 |    0 |          0 |
|               (grp_Load_Transform_Tower_fu_148)                                                           |                                                             bd_0_hls_inst_0_Top_Load_Transform_Tower |         85 |         85 |       0 |    0 |    71 |      0 |      0 |    0 |          0 |
|               grp_Load_Transform_Tower_Pipeline_LOAD_TRANSFORM_WORD_fu_163                                |                                bd_0_hls_inst_0_Top_Load_Transform_Tower_Pipeline_LOAD_TRANSFORM_WORD |         32 |         32 |       0 |    0 |   292 |      0 |      0 |    0 |          0 |
|                 (grp_Load_Transform_Tower_Pipeline_LOAD_TRANSFORM_WORD_fu_163)                            |                                bd_0_hls_inst_0_Top_Load_Transform_Tower_Pipeline_LOAD_TRANSFORM_WORD |         14 |         14 |       0 |    0 |   290 |      0 |      0 |    0 |          0 |
|                 flow_control_loop_pipe_sequential_init_U                                                  |                                       bd_0_hls_inst_0_Top_flow_control_loop_pipe_sequential_init_516 |         19 |         19 |       0 |    0 |     2 |      0 |      0 |    0 |          0 |
|           grp_Prepare_HKS_BConv_Input_fu_851                                                              |                                                          bd_0_hls_inst_0_Top_Prepare_HKS_BConv_Input |       4170 |       3944 |       0 |  226 |  2316 |      0 |      0 |    0 |         58 |
|             (grp_Prepare_HKS_BConv_Input_fu_851)                                                          |                                                          bd_0_hls_inst_0_Top_Prepare_HKS_BConv_Input |        200 |        183 |       0 |   17 |   383 |      0 |      0 |    0 |          0 |
|             grp_MultMod_2_fu_929                                                                          |                                                                        bd_0_hls_inst_0_Top_MultMod_2 |       3971 |       3762 |       0 |  209 |  1933 |      0 |      0 |    0 |         58 |
|               (grp_MultMod_2_fu_929)                                                                      |                                                                        bd_0_hls_inst_0_Top_MultMod_2 |        355 |        159 |       0 |  196 |  1010 |      0 |      0 |    0 |          0 |
|               mul_64ns_64ns_128_5_1_U2112                                                                 |                                                        bd_0_hls_inst_0_Top_mul_64ns_64ns_128_5_1_503 |        366 |        366 |       0 |    0 |    51 |      0 |      0 |    0 |         16 |
|               mul_64ns_64ns_128_5_1_U2113                                                                 |                                                        bd_0_hls_inst_0_Top_mul_64ns_64ns_128_5_1_504 |        799 |        799 |       0 |    0 |   179 |      0 |      0 |    0 |         16 |
|               mul_64ns_64ns_128_5_1_U2114                                                                 |                                                        bd_0_hls_inst_0_Top_mul_64ns_64ns_128_5_1_505 |        609 |        609 |       0 |    0 |   179 |      0 |      0 |    0 |         16 |
|               mul_64s_64s_64_5_1_U2115                                                                    |                                                           bd_0_hls_inst_0_Top_mul_64s_64s_64_5_1_506 |        325 |        325 |       0 |    0 |    81 |      0 |      0 |    0 |         10 |
|               sub_64ns_64ns_64_3_1_U2116                                                                  |                                                         bd_0_hls_inst_0_Top_sub_64ns_64ns_64_3_1_507 |         77 |         64 |       0 |   13 |   173 |      0 |      0 |    0 |          0 |
|                 (sub_64ns_64ns_64_3_1_U2116)                                                              |                                                         bd_0_hls_inst_0_Top_sub_64ns_64ns_64_3_1_507 |         34 |         21 |       0 |   13 |   173 |      0 |      0 |    0 |          0 |
|                 u2                                                                                        |                              bd_0_hls_inst_0_Top_sub_64ns_64ns_64_3_1_comb_adder__parameterized0_514 |         22 |         22 |       0 |    0 |     0 |      0 |      0 |    0 |          0 |
|                 u3                                                                                        |                                              bd_0_hls_inst_0_Top_sub_64ns_64ns_64_3_1_comb_adder_515 |         21 |         21 |       0 |    0 |     0 |      0 |      0 |    0 |          0 |
|               sub_64ns_64s_64_3_1_U2117                                                                   |                                                          bd_0_hls_inst_0_Top_sub_64ns_64s_64_3_1_508 |        204 |        204 |       0 |    0 |   130 |      0 |      0 |    0 |          0 |
|                 (sub_64ns_64s_64_3_1_U2117)                                                               |                                                          bd_0_hls_inst_0_Top_sub_64ns_64s_64_3_1_508 |        128 |        128 |       0 |    0 |   130 |      0 |      0 |    0 |          0 |
|                 u2                                                                                        |                               bd_0_hls_inst_0_Top_sub_64ns_64s_64_3_1_comb_adder__parameterized0_512 |         22 |         22 |       0 |    0 |     0 |      0 |      0 |    0 |          0 |
|                 u3                                                                                        |                                               bd_0_hls_inst_0_Top_sub_64ns_64s_64_3_1_comb_adder_513 |         54 |         54 |       0 |    0 |     0 |      0 |      0 |    0 |          0 |
|               sub_64ns_64s_64_3_1_U2118                                                                   |                                                          bd_0_hls_inst_0_Top_sub_64ns_64s_64_3_1_509 |       1238 |       1238 |       0 |    0 |   130 |      0 |      0 |    0 |          0 |
|                 (sub_64ns_64s_64_3_1_U2118)                                                               |                                                          bd_0_hls_inst_0_Top_sub_64ns_64s_64_3_1_509 |        827 |        827 |       0 |    0 |   130 |      0 |      0 |    0 |          0 |
|                 u2                                                                                        |                               bd_0_hls_inst_0_Top_sub_64ns_64s_64_3_1_comb_adder__parameterized0_510 |         22 |         22 |       0 |    0 |     0 |      0 |      0 |    0 |          0 |
|                 u3                                                                                        |                                               bd_0_hls_inst_0_Top_sub_64ns_64s_64_3_1_comb_adder_511 |        389 |        389 |       0 |    0 |     0 |      0 |      0 |    0 |          0 |
|           grp_Store_27_30_1_fu_930                                                                        |                                                                bd_0_hls_inst_0_Top_Store_27_30_1_499 |       1054 |       1054 |       0 |    0 |   455 |      0 |      0 |    0 |          0 |
|             (grp_Store_27_30_1_fu_930)                                                                    |                                                                bd_0_hls_inst_0_Top_Store_27_30_1_499 |        148 |        148 |       0 |    0 |   114 |      0 |      0 |    0 |          0 |
|             grp_Store_Tower_fu_124                                                                        |                                                                  bd_0_hls_inst_0_Top_Store_Tower_500 |        907 |        907 |       0 |    0 |   341 |      0 |      0 |    0 |          0 |
|               (grp_Store_Tower_fu_124)                                                                    |                                                                  bd_0_hls_inst_0_Top_Store_Tower_500 |        117 |        117 |       0 |    0 |    69 |      0 |      0 |    0 |          0 |
|               grp_Store_Tower_Pipeline_STORE_COEFF_fu_148                                                 |                                             bd_0_hls_inst_0_Top_Store_Tower_Pipeline_STORE_COEFF_501 |        790 |        790 |       0 |    0 |   272 |      0 |      0 |    0 |          0 |
|                 (grp_Store_Tower_Pipeline_STORE_COEFF_fu_148)                                             |                                             bd_0_hls_inst_0_Top_Store_Tower_Pipeline_STORE_COEFF_501 |        769 |        769 |       0 |    0 |   270 |      0 |      0 |    0 |          0 |
|                 flow_control_loop_pipe_sequential_init_U                                                  |                                       bd_0_hls_inst_0_Top_flow_control_loop_pipe_sequential_init_502 |         21 |         21 |       0 |    0 |     2 |      0 |      0 |    0 |          0 |
|         grp_Load_1_fu_586                                                                                 |                                                                           bd_0_hls_inst_0_Top_Load_1 |        344 |        344 |       0 |    0 |   480 |      0 |      0 |    0 |          0 |
|           (grp_Load_1_fu_586)                                                                             |                                                                           bd_0_hls_inst_0_Top_Load_1 |        110 |        110 |       0 |    0 |   111 |      0 |      0 |    0 |          0 |
|           grp_Load_Tower_fu_188                                                                           |                                                                       bd_0_hls_inst_0_Top_Load_Tower |        235 |        235 |       0 |    0 |   369 |      0 |      0 |    0 |          0 |
|             (grp_Load_Tower_fu_188)                                                                       |                                                                       bd_0_hls_inst_0_Top_Load_Tower |        113 |        113 |       0 |    0 |    71 |      0 |      0 |    0 |          0 |
|             grp_Load_Tower_Pipeline_LOAD_COEFF_fu_209                                                     |                                                   bd_0_hls_inst_0_Top_Load_Tower_Pipeline_LOAD_COEFF |        122 |        122 |       0 |    0 |   298 |      0 |      0 |    0 |          0 |
|               (grp_Load_Tower_Pipeline_LOAD_COEFF_fu_209)                                                 |                                                   bd_0_hls_inst_0_Top_Load_Tower_Pipeline_LOAD_COEFF |        100 |        100 |       0 |    0 |   296 |      0 |      0 |    0 |          0 |
|               flow_control_loop_pipe_sequential_init_U                                                    |                                       bd_0_hls_inst_0_Top_flow_control_loop_pipe_sequential_init_498 |         22 |         22 |       0 |    0 |     2 |      0 |      0 |    0 |          0 |
|         grp_Load_Auto_Meta_fu_764                                                                         |                                                                   bd_0_hls_inst_0_Top_Load_Auto_Meta |          5 |          5 |       0 |    0 |     9 |      0 |      0 |    0 |          0 |
|         grp_Load_BConv_Params_fu_728                                                                      |                                                                bd_0_hls_inst_0_Top_Load_BConv_Params |       1256 |       1228 |       0 |   28 |  1351 |      0 |      0 |    0 |          0 |
|           (grp_Load_BConv_Params_fu_728)                                                                  |                                                                bd_0_hls_inst_0_Top_Load_BConv_Params |          1 |          1 |       0 |    0 |     6 |      0 |      0 |    0 |          0 |
|           grp_Load_BConv_Params_Pipeline_load_bconv_meta_fu_52                                            |                                       bd_0_hls_inst_0_Top_Load_BConv_Params_Pipeline_load_bconv_meta |        975 |        957 |       0 |   18 |   994 |      0 |      0 |    0 |          0 |
|             (grp_Load_BConv_Params_Pipeline_load_bconv_meta_fu_52)                                        |                                       bd_0_hls_inst_0_Top_Load_BConv_Params_Pipeline_load_bconv_meta |        956 |        938 |       0 |   18 |   992 |      0 |      0 |    0 |          0 |
|             flow_control_loop_pipe_sequential_init_U                                                      |                                       bd_0_hls_inst_0_Top_flow_control_loop_pipe_sequential_init_497 |         19 |         19 |       0 |    0 |     2 |      0 |      0 |    0 |          0 |
|           grp_Load_BConv_Params_Pipeline_load_bconv_w_VITIS_LOOP_123_1_fu_42                              |                         bd_0_hls_inst_0_Top_Load_BConv_Params_Pipeline_load_bconv_w_VITIS_LOOP_123_1 |        280 |        270 |       0 |   10 |   351 |      0 |      0 |    0 |          0 |
|             (grp_Load_BConv_Params_Pipeline_load_bconv_w_VITIS_LOOP_123_1_fu_42)                          |                         bd_0_hls_inst_0_Top_Load_BConv_Params_Pipeline_load_bconv_w_VITIS_LOOP_123_1 |        262 |        252 |       0 |   10 |   349 |      0 |      0 |    0 |          0 |
|             flow_control_loop_pipe_sequential_init_U                                                      |                                       bd_0_hls_inst_0_Top_flow_control_loop_pipe_sequential_init_496 |         18 |         18 |       0 |    0 |     2 |      0 |      0 |    0 |          0 |
|         grp_Load_Init_Params_fu_1972                                                                      |                                                                 bd_0_hls_inst_0_Top_Load_Init_Params |       2818 |       2744 |       0 |   74 |  3212 |      0 |      0 |    0 |          0 |
|           (grp_Load_Init_Params_fu_1972)                                                                  |                                                                 bd_0_hls_inst_0_Top_Load_Init_Params |        392 |        392 |       0 |    0 |   785 |      0 |      0 |    0 |          0 |
|           grp_Load_Init_Params_Pipeline_init_INTTTwiddle_Loop_VITIS_LOOP_99_3_VITIS_LOOP_100_4_fu_488     | bd_0_hls_inst_0_Top_Load_Init_Params_Pipeline_init_INTTTwiddle_Loop_VITIS_LOOP_99_3_VITIS_LOOP_100_4 |        767 |        741 |       0 |   26 |   537 |      0 |      0 |    0 |          0 |
|             (grp_Load_Init_Params_Pipeline_init_INTTTwiddle_Loop_VITIS_LOOP_99_3_VITIS_LOOP_100_4_fu_488) | bd_0_hls_inst_0_Top_Load_Init_Params_Pipeline_init_INTTTwiddle_Loop_VITIS_LOOP_99_3_VITIS_LOOP_100_4 |        759 |        733 |       0 |   26 |   535 |      0 |      0 |    0 |          0 |
|             flow_control_loop_pipe_sequential_init_U                                                      |                                       bd_0_hls_inst_0_Top_flow_control_loop_pipe_sequential_init_495 |          9 |          9 |       0 |    0 |     2 |      0 |      0 |    0 |          0 |
|           grp_Load_Init_Params_Pipeline_init_NTTTwiddle_Loop_VITIS_LOOP_89_1_VITIS_LOOP_90_2_fu_385       |   bd_0_hls_inst_0_Top_Load_Init_Params_Pipeline_init_NTTTwiddle_Loop_VITIS_LOOP_89_1_VITIS_LOOP_90_2 |        516 |        492 |       0 |   24 |   466 |      0 |      0 |    0 |          0 |
|             (grp_Load_Init_Params_Pipeline_init_NTTTwiddle_Loop_VITIS_LOOP_89_1_VITIS_LOOP_90_2_fu_385)   |   bd_0_hls_inst_0_Top_Load_Init_Params_Pipeline_init_NTTTwiddle_Loop_VITIS_LOOP_89_1_VITIS_LOOP_90_2 |        512 |        488 |       0 |   24 |   464 |      0 |      0 |    0 |          0 |
|             flow_control_loop_pipe_sequential_init_U                                                      |                                       bd_0_hls_inst_0_Top_flow_control_loop_pipe_sequential_init_494 |          4 |          4 |       0 |    0 |     2 |      0 |      0 |    0 |          0 |
|           grp_Load_Init_Params_Pipeline_init_P_MOD_fu_362                                                 |                                             bd_0_hls_inst_0_Top_Load_Init_Params_Pipeline_init_P_MOD |         71 |         71 |       0 |    0 |   133 |      0 |      0 |    0 |          0 |
|             (grp_Load_Init_Params_Pipeline_init_P_MOD_fu_362)                                             |                                             bd_0_hls_inst_0_Top_Load_Init_Params_Pipeline_init_P_MOD |          5 |          5 |       0 |    0 |   131 |      0 |      0 |    0 |          0 |
|             flow_control_loop_pipe_sequential_init_U                                                      |                                       bd_0_hls_inst_0_Top_flow_control_loop_pipe_sequential_init_493 |         67 |         67 |       0 |    0 |     2 |      0 |      0 |    0 |          0 |
|           grp_Load_Init_Params_Pipeline_init_P_M_fu_378                                                   |                                               bd_0_hls_inst_0_Top_Load_Init_Params_Pipeline_init_P_M |         79 |         79 |       0 |    0 |   133 |      0 |      0 |    0 |          0 |
|             (grp_Load_Init_Params_Pipeline_init_P_M_fu_378)                                               |                                               bd_0_hls_inst_0_Top_Load_Init_Params_Pipeline_init_P_M |          8 |          8 |       0 |    0 |   131 |      0 |      0 |    0 |          0 |
|             flow_control_loop_pipe_sequential_init_U                                                      |                                       bd_0_hls_inst_0_Top_flow_control_loop_pipe_sequential_init_492 |         71 |         71 |       0 |    0 |     2 |      0 |      0 |    0 |          0 |
|           grp_Load_Init_Params_Pipeline_init_P_S_fu_371                                                   |                                               bd_0_hls_inst_0_Top_Load_Init_Params_Pipeline_init_P_S |         76 |         76 |       0 |    0 |   133 |      0 |      0 |    0 |          0 |
|             (grp_Load_Init_Params_Pipeline_init_P_S_fu_371)                                               |                                               bd_0_hls_inst_0_Top_Load_Init_Params_Pipeline_init_P_S |          8 |          8 |       0 |    0 |   131 |      0 |      0 |    0 |          0 |
|             flow_control_loop_pipe_sequential_init_U                                                      |                                       bd_0_hls_inst_0_Top_flow_control_loop_pipe_sequential_init_491 |         68 |         68 |       0 |    0 |     2 |      0 |      0 |    0 |          0 |
|           grp_Load_Init_Params_Pipeline_init_Q_MOD_fu_330                                                 |                                             bd_0_hls_inst_0_Top_Load_Init_Params_Pipeline_init_Q_MOD |        269 |        261 |       0 |    8 |   342 |      0 |      0 |    0 |          0 |
|             (grp_Load_Init_Params_Pipeline_init_Q_MOD_fu_330)                                             |                                             bd_0_hls_inst_0_Top_Load_Init_Params_Pipeline_init_Q_MOD |        258 |        250 |       0 |    8 |   340 |      0 |      0 |    0 |          0 |
|             flow_control_loop_pipe_sequential_init_U                                                      |                                       bd_0_hls_inst_0_Top_flow_control_loop_pipe_sequential_init_490 |         11 |         11 |       0 |    0 |     2 |      0 |      0 |    0 |          0 |
|           grp_Load_Init_Params_Pipeline_init_Q_M_fu_353                                                   |                                               bd_0_hls_inst_0_Top_Load_Init_Params_Pipeline_init_Q_M |        354 |        346 |       0 |    8 |   342 |      0 |      0 |    0 |          0 |
|             (grp_Load_Init_Params_Pipeline_init_Q_M_fu_353)                                               |                                               bd_0_hls_inst_0_Top_Load_Init_Params_Pipeline_init_Q_M |        340 |        332 |       0 |    8 |   340 |      0 |      0 |    0 |          0 |
|             flow_control_loop_pipe_sequential_init_U                                                      |                                       bd_0_hls_inst_0_Top_flow_control_loop_pipe_sequential_init_489 |         14 |         14 |       0 |    0 |     2 |      0 |      0 |    0 |          0 |
|           grp_Load_Init_Params_Pipeline_init_Q_S_fu_344                                                   |                                               bd_0_hls_inst_0_Top_Load_Init_Params_Pipeline_init_Q_S |        296 |        288 |       0 |    8 |   341 |      0 |      0 |    0 |          0 |
|             (grp_Load_Init_Params_Pipeline_init_Q_S_fu_344)                                               |                                               bd_0_hls_inst_0_Top_Load_Init_Params_Pipeline_init_Q_S |        278 |        270 |       0 |    8 |   339 |      0 |      0 |    0 |          0 |
|             flow_control_loop_pipe_sequential_init_U                                                      |                                       bd_0_hls_inst_0_Top_flow_control_loop_pipe_sequential_init_488 |         18 |         18 |       0 |    0 |     2 |      0 |      0 |    0 |          0 |
|         grp_Load_clone_1_fu_744                                                                           |                                                                     bd_0_hls_inst_0_Top_Load_clone_1 |        206 |        206 |       0 |    0 |   474 |      0 |      0 |    0 |          0 |
|           (grp_Load_clone_1_fu_744)                                                                       |                                                                     bd_0_hls_inst_0_Top_Load_clone_1 |        105 |        105 |       0 |    0 |   111 |      0 |      0 |    0 |          0 |
|           grp_Load_Tower_2_fu_68                                                                          |                                                                     bd_0_hls_inst_0_Top_Load_Tower_2 |        101 |        101 |       0 |    0 |   363 |      0 |      0 |    0 |          0 |
|             (grp_Load_Tower_2_fu_68)                                                                      |                                                                     bd_0_hls_inst_0_Top_Load_Tower_2 |         53 |         53 |       0 |    0 |    71 |      0 |      0 |    0 |          0 |
|             grp_Load_Tower_2_Pipeline_LOAD_COEFF_fu_89                                                    |                                                 bd_0_hls_inst_0_Top_Load_Tower_2_Pipeline_LOAD_COEFF |         48 |         48 |       0 |    0 |   292 |      0 |      0 |    0 |          0 |
|               (grp_Load_Tower_2_Pipeline_LOAD_COEFF_fu_89)                                                |                                                 bd_0_hls_inst_0_Top_Load_Tower_2_Pipeline_LOAD_COEFF |         26 |         26 |       0 |    0 |   290 |      0 |      0 |    0 |          0 |
|               flow_control_loop_pipe_sequential_init_U                                                    |                                       bd_0_hls_inst_0_Top_flow_control_loop_pipe_sequential_init_487 |         22 |         22 |       0 |    0 |     2 |      0 |      0 |    0 |          0 |
|         grp_MultMod_1_fu_2939                                                                             |                                                                        bd_0_hls_inst_0_Top_MultMod_1 |       2222 |       2182 |       0 |   40 |  1100 |      0 |      0 |    0 |         58 |
|           (grp_MultMod_1_fu_2939)                                                                         |                                                                        bd_0_hls_inst_0_Top_MultMod_1 |        249 |        222 |       0 |   27 |   279 |      0 |      0 |    0 |          0 |
|           mul_64ns_64ns_128_5_1_U1183                                                                     |                                                        bd_0_hls_inst_0_Top_mul_64ns_64ns_128_5_1_474 |        202 |        202 |       0 |    0 |    51 |      0 |      0 |    0 |         16 |
|           mul_64ns_64ns_128_5_1_U1184                                                                     |                                                        bd_0_hls_inst_0_Top_mul_64ns_64ns_128_5_1_475 |        633 |        633 |       0 |    0 |   179 |      0 |      0 |    0 |         16 |
|           mul_64ns_64ns_128_5_1_U1185                                                                     |                                                        bd_0_hls_inst_0_Top_mul_64ns_64ns_128_5_1_476 |        270 |        270 |       0 |    0 |   179 |      0 |      0 |    0 |         16 |
|           mul_64s_64s_64_5_1_U1186                                                                        |                                                           bd_0_hls_inst_0_Top_mul_64s_64s_64_5_1_477 |        108 |        108 |       0 |    0 |    81 |      0 |      0 |    0 |         10 |
|           sub_64ns_64ns_64_3_1_U1187                                                                      |                                                         bd_0_hls_inst_0_Top_sub_64ns_64ns_64_3_1_478 |         77 |         64 |       0 |   13 |   173 |      0 |      0 |    0 |          0 |
|             (sub_64ns_64ns_64_3_1_U1187)                                                                  |                                                         bd_0_hls_inst_0_Top_sub_64ns_64ns_64_3_1_478 |         34 |         21 |       0 |   13 |   173 |      0 |      0 |    0 |          0 |
|             u2                                                                                            |                              bd_0_hls_inst_0_Top_sub_64ns_64ns_64_3_1_comb_adder__parameterized0_485 |         22 |         22 |       0 |    0 |     0 |      0 |      0 |    0 |          0 |
|             u3                                                                                            |                                              bd_0_hls_inst_0_Top_sub_64ns_64ns_64_3_1_comb_adder_486 |         21 |         21 |       0 |    0 |     0 |      0 |      0 |    0 |          0 |
|           sub_64ns_64s_64_3_1_U1188                                                                       |                                                          bd_0_hls_inst_0_Top_sub_64ns_64s_64_3_1_479 |         94 |         94 |       0 |    0 |    79 |      0 |      0 |    0 |          0 |
|             (sub_64ns_64s_64_3_1_U1188)                                                                   |                                                          bd_0_hls_inst_0_Top_sub_64ns_64s_64_3_1_479 |         43 |         43 |       0 |    0 |    79 |      0 |      0 |    0 |          0 |
|             u2                                                                                            |                               bd_0_hls_inst_0_Top_sub_64ns_64s_64_3_1_comb_adder__parameterized0_483 |         22 |         22 |       0 |    0 |     0 |      0 |      0 |    0 |          0 |
|             u3                                                                                            |                                               bd_0_hls_inst_0_Top_sub_64ns_64s_64_3_1_comb_adder_484 |         29 |         29 |       0 |    0 |     0 |      0 |      0 |    0 |          0 |
|           sub_64ns_64s_64_3_1_U1189                                                                       |                                                          bd_0_hls_inst_0_Top_sub_64ns_64s_64_3_1_480 |        589 |        589 |       0 |    0 |    79 |      0 |      0 |    0 |          0 |
|             (sub_64ns_64s_64_3_1_U1189)                                                                   |                                                          bd_0_hls_inst_0_Top_sub_64ns_64s_64_3_1_480 |        546 |        546 |       0 |    0 |    79 |      0 |      0 |    0 |          0 |
|             u2                                                                                            |                               bd_0_hls_inst_0_Top_sub_64ns_64s_64_3_1_comb_adder__parameterized0_481 |         22 |         22 |       0 |    0 |     0 |      0 |      0 |    0 |          0 |
|             u3                                                                                            |                                               bd_0_hls_inst_0_Top_sub_64ns_64s_64_3_1_comb_adder_482 |         21 |         21 |       0 |    0 |     0 |      0 |      0 |    0 |          0 |
|         grp_MultMod_1_fu_2947                                                                             |                                                                      bd_0_hls_inst_0_Top_MultMod_1_1 |       2323 |       2283 |       0 |   40 |  1100 |      0 |      0 |    0 |         58 |
|           (grp_MultMod_1_fu_2947)                                                                         |                                                                      bd_0_hls_inst_0_Top_MultMod_1_1 |        273 |        246 |       0 |   27 |   279 |      0 |      0 |    0 |          0 |
|           mul_64ns_64ns_128_5_1_U1183                                                                     |                                                        bd_0_hls_inst_0_Top_mul_64ns_64ns_128_5_1_461 |        202 |        202 |       0 |    0 |    51 |      0 |      0 |    0 |         16 |
|           mul_64ns_64ns_128_5_1_U1184                                                                     |                                                        bd_0_hls_inst_0_Top_mul_64ns_64ns_128_5_1_462 |        633 |        633 |       0 |    0 |   179 |      0 |      0 |    0 |         16 |
|           mul_64ns_64ns_128_5_1_U1185                                                                     |                                                        bd_0_hls_inst_0_Top_mul_64ns_64ns_128_5_1_463 |        270 |        270 |       0 |    0 |   179 |      0 |      0 |    0 |         16 |
|           mul_64s_64s_64_5_1_U1186                                                                        |                                                           bd_0_hls_inst_0_Top_mul_64s_64s_64_5_1_464 |        108 |        108 |       0 |    0 |    81 |      0 |      0 |    0 |         10 |
|           sub_64ns_64ns_64_3_1_U1187                                                                      |                                                         bd_0_hls_inst_0_Top_sub_64ns_64ns_64_3_1_465 |         77 |         64 |       0 |   13 |   173 |      0 |      0 |    0 |          0 |
|             (sub_64ns_64ns_64_3_1_U1187)                                                                  |                                                         bd_0_hls_inst_0_Top_sub_64ns_64ns_64_3_1_465 |         34 |         21 |       0 |   13 |   173 |      0 |      0 |    0 |          0 |
|             u2                                                                                            |                              bd_0_hls_inst_0_Top_sub_64ns_64ns_64_3_1_comb_adder__parameterized0_472 |         22 |         22 |       0 |    0 |     0 |      0 |      0 |    0 |          0 |
|             u3                                                                                            |                                              bd_0_hls_inst_0_Top_sub_64ns_64ns_64_3_1_comb_adder_473 |         21 |         21 |       0 |    0 |     0 |      0 |      0 |    0 |          0 |
|           sub_64ns_64s_64_3_1_U1188                                                                       |                                                          bd_0_hls_inst_0_Top_sub_64ns_64s_64_3_1_466 |         94 |         94 |       0 |    0 |    79 |      0 |      0 |    0 |          0 |
|             (sub_64ns_64s_64_3_1_U1188)                                                                   |                                                          bd_0_hls_inst_0_Top_sub_64ns_64s_64_3_1_466 |         43 |         43 |       0 |    0 |    79 |      0 |      0 |    0 |          0 |
|             u2                                                                                            |                               bd_0_hls_inst_0_Top_sub_64ns_64s_64_3_1_comb_adder__parameterized0_470 |         22 |         22 |       0 |    0 |     0 |      0 |      0 |    0 |          0 |
|             u3                                                                                            |                                               bd_0_hls_inst_0_Top_sub_64ns_64s_64_3_1_comb_adder_471 |         29 |         29 |       0 |    0 |     0 |      0 |      0 |    0 |          0 |
|           sub_64ns_64s_64_3_1_U1189                                                                       |                                                          bd_0_hls_inst_0_Top_sub_64ns_64s_64_3_1_467 |        666 |        666 |       0 |    0 |    79 |      0 |      0 |    0 |          0 |
|             (sub_64ns_64s_64_3_1_U1189)                                                                   |                                                          bd_0_hls_inst_0_Top_sub_64ns_64s_64_3_1_467 |        623 |        623 |       0 |    0 |    79 |      0 |      0 |    0 |          0 |
|             u2                                                                                            |                               bd_0_hls_inst_0_Top_sub_64ns_64s_64_3_1_comb_adder__parameterized0_468 |         22 |         22 |       0 |    0 |     0 |      0 |      0 |    0 |          0 |
|             u3                                                                                            |                                               bd_0_hls_inst_0_Top_sub_64ns_64s_64_3_1_comb_adder_469 |         21 |         21 |       0 |    0 |     0 |      0 |      0 |    0 |          0 |
|         grp_MultMod_1_fu_2955                                                                             |                                                                      bd_0_hls_inst_0_Top_MultMod_1_2 |       2126 |       2086 |       0 |   40 |  1112 |      0 |      0 |    0 |         58 |
|           (grp_MultMod_1_fu_2955)                                                                         |                                                                      bd_0_hls_inst_0_Top_MultMod_1_2 |        207 |        180 |       0 |   27 |   279 |      0 |      0 |    0 |          0 |
|           mul_64ns_64ns_128_5_1_U1183                                                                     |                                                        bd_0_hls_inst_0_Top_mul_64ns_64ns_128_5_1_448 |        202 |        202 |       0 |    0 |    51 |      0 |      0 |    0 |         16 |
|           mul_64ns_64ns_128_5_1_U1184                                                                     |                                                        bd_0_hls_inst_0_Top_mul_64ns_64ns_128_5_1_449 |        633 |        633 |       0 |    0 |   179 |      0 |      0 |    0 |         16 |
|           mul_64ns_64ns_128_5_1_U1185                                                                     |                                                        bd_0_hls_inst_0_Top_mul_64ns_64ns_128_5_1_450 |        270 |        270 |       0 |    0 |   179 |      0 |      0 |    0 |         16 |
|           mul_64s_64s_64_5_1_U1186                                                                        |                                                           bd_0_hls_inst_0_Top_mul_64s_64s_64_5_1_451 |        108 |        108 |       0 |    0 |    81 |      0 |      0 |    0 |         10 |
|           sub_64ns_64ns_64_3_1_U1187                                                                      |                                                         bd_0_hls_inst_0_Top_sub_64ns_64ns_64_3_1_452 |         77 |         64 |       0 |   13 |   173 |      0 |      0 |    0 |          0 |
|             (sub_64ns_64ns_64_3_1_U1187)                                                                  |                                                         bd_0_hls_inst_0_Top_sub_64ns_64ns_64_3_1_452 |         34 |         21 |       0 |   13 |   173 |      0 |      0 |    0 |          0 |
|             u2                                                                                            |                              bd_0_hls_inst_0_Top_sub_64ns_64ns_64_3_1_comb_adder__parameterized0_459 |         22 |         22 |       0 |    0 |     0 |      0 |      0 |    0 |          0 |
|             u3                                                                                            |                                              bd_0_hls_inst_0_Top_sub_64ns_64ns_64_3_1_comb_adder_460 |         21 |         21 |       0 |    0 |     0 |      0 |      0 |    0 |          0 |
|           sub_64ns_64s_64_3_1_U1188                                                                       |                                                          bd_0_hls_inst_0_Top_sub_64ns_64s_64_3_1_453 |         94 |         94 |       0 |    0 |    85 |      0 |      0 |    0 |          0 |
|             (sub_64ns_64s_64_3_1_U1188)                                                                   |                                                          bd_0_hls_inst_0_Top_sub_64ns_64s_64_3_1_453 |         43 |         43 |       0 |    0 |    85 |      0 |      0 |    0 |          0 |
|             u2                                                                                            |                               bd_0_hls_inst_0_Top_sub_64ns_64s_64_3_1_comb_adder__parameterized0_457 |         22 |         22 |       0 |    0 |     0 |      0 |      0 |    0 |          0 |
|             u3                                                                                            |                                               bd_0_hls_inst_0_Top_sub_64ns_64s_64_3_1_comb_adder_458 |         29 |         29 |       0 |    0 |     0 |      0 |      0 |    0 |          0 |
|           sub_64ns_64s_64_3_1_U1189                                                                       |                                                          bd_0_hls_inst_0_Top_sub_64ns_64s_64_3_1_454 |        535 |        535 |       0 |    0 |    85 |      0 |      0 |    0 |          0 |
|             (sub_64ns_64s_64_3_1_U1189)                                                                   |                                                          bd_0_hls_inst_0_Top_sub_64ns_64s_64_3_1_454 |        492 |        492 |       0 |    0 |    85 |      0 |      0 |    0 |          0 |
|             u2                                                                                            |                               bd_0_hls_inst_0_Top_sub_64ns_64s_64_3_1_comb_adder__parameterized0_455 |         22 |         22 |       0 |    0 |     0 |      0 |      0 |    0 |          0 |
|             u3                                                                                            |                                               bd_0_hls_inst_0_Top_sub_64ns_64s_64_3_1_comb_adder_456 |         21 |         21 |       0 |    0 |     0 |      0 |      0 |    0 |          0 |
|         grp_MultMod_1_fu_2963                                                                             |                                                                      bd_0_hls_inst_0_Top_MultMod_1_3 |       5338 |       5128 |       0 |  210 |  1748 |      0 |      0 |    0 |         58 |
|           (grp_MultMod_1_fu_2963)                                                                         |                                                                      bd_0_hls_inst_0_Top_MultMod_1_3 |        482 |        285 |       0 |  197 |   825 |      0 |      0 |    0 |          0 |
|           mul_64ns_64ns_128_5_1_U1183                                                                     |                                                        bd_0_hls_inst_0_Top_mul_64ns_64ns_128_5_1_435 |        202 |        202 |       0 |    0 |    51 |      0 |      0 |    0 |         16 |
|           mul_64ns_64ns_128_5_1_U1184                                                                     |                                                        bd_0_hls_inst_0_Top_mul_64ns_64ns_128_5_1_436 |        799 |        799 |       0 |    0 |   179 |      0 |      0 |    0 |         16 |
|           mul_64ns_64ns_128_5_1_U1185                                                                     |                                                        bd_0_hls_inst_0_Top_mul_64ns_64ns_128_5_1_437 |        609 |        609 |       0 |    0 |   179 |      0 |      0 |    0 |         16 |
|           mul_64s_64s_64_5_1_U1186                                                                        |                                                           bd_0_hls_inst_0_Top_mul_64s_64s_64_5_1_438 |       2474 |       2474 |       0 |    0 |    81 |      0 |      0 |    0 |         10 |
|           sub_64ns_64ns_64_3_1_U1187                                                                      |                                                         bd_0_hls_inst_0_Top_sub_64ns_64ns_64_3_1_439 |         77 |         64 |       0 |   13 |   173 |      0 |      0 |    0 |          0 |
|             (sub_64ns_64ns_64_3_1_U1187)                                                                  |                                                         bd_0_hls_inst_0_Top_sub_64ns_64ns_64_3_1_439 |         34 |         21 |       0 |   13 |   173 |      0 |      0 |    0 |          0 |
|             u2                                                                                            |                              bd_0_hls_inst_0_Top_sub_64ns_64ns_64_3_1_comb_adder__parameterized0_446 |         22 |         22 |       0 |    0 |     0 |      0 |      0 |    0 |          0 |
|             u3                                                                                            |                                              bd_0_hls_inst_0_Top_sub_64ns_64ns_64_3_1_comb_adder_447 |         21 |         21 |       0 |    0 |     0 |      0 |      0 |    0 |          0 |
|           sub_64ns_64s_64_3_1_U1188                                                                       |                                                          bd_0_hls_inst_0_Top_sub_64ns_64s_64_3_1_440 |        180 |        180 |       0 |    0 |   130 |      0 |      0 |    0 |          0 |
|             (sub_64ns_64s_64_3_1_U1188)                                                                   |                                                          bd_0_hls_inst_0_Top_sub_64ns_64s_64_3_1_440 |        137 |        137 |       0 |    0 |   130 |      0 |      0 |    0 |          0 |
|             u2                                                                                            |                               bd_0_hls_inst_0_Top_sub_64ns_64s_64_3_1_comb_adder__parameterized0_444 |         22 |         22 |       0 |    0 |     0 |      0 |      0 |    0 |          0 |
|             u3                                                                                            |                                               bd_0_hls_inst_0_Top_sub_64ns_64s_64_3_1_comb_adder_445 |         21 |         21 |       0 |    0 |     0 |      0 |      0 |    0 |          0 |
|           sub_64ns_64s_64_3_1_U1189                                                                       |                                                          bd_0_hls_inst_0_Top_sub_64ns_64s_64_3_1_441 |        517 |        517 |       0 |    0 |   130 |      0 |      0 |    0 |          0 |
|             (sub_64ns_64s_64_3_1_U1189)                                                                   |                                                          bd_0_hls_inst_0_Top_sub_64ns_64s_64_3_1_441 |        474 |        474 |       0 |    0 |   130 |      0 |      0 |    0 |          0 |
|             u2                                                                                            |                               bd_0_hls_inst_0_Top_sub_64ns_64s_64_3_1_comb_adder__parameterized0_442 |         22 |         22 |       0 |    0 |     0 |      0 |      0 |    0 |          0 |
|             u3                                                                                            |                                               bd_0_hls_inst_0_Top_sub_64ns_64s_64_3_1_comb_adder_443 |         21 |         21 |       0 |    0 |     0 |      0 |      0 |    0 |          0 |
|         grp_MultMod_fu_2819                                                                               |                                                                          bd_0_hls_inst_0_Top_MultMod |       1623 |       1568 |       0 |   55 |  1143 |      0 |      0 |    0 |         58 |
|           (grp_MultMod_fu_2819)                                                                           |                                                                          bd_0_hls_inst_0_Top_MultMod |         66 |         24 |       0 |   42 |   348 |      0 |      0 |    0 |          0 |
|           mul_64ns_64ns_128_5_1_U645                                                                      |                                                        bd_0_hls_inst_0_Top_mul_64ns_64ns_128_5_1_422 |        202 |        202 |       0 |    0 |    51 |      0 |      0 |    0 |         16 |
|           mul_64ns_64ns_128_5_1_U646                                                                      |                                                        bd_0_hls_inst_0_Top_mul_64ns_64ns_128_5_1_423 |        633 |        633 |       0 |    0 |   179 |      0 |      0 |    0 |         16 |
|           mul_64ns_64ns_128_5_1_U647                                                                      |                                                        bd_0_hls_inst_0_Top_mul_64ns_64ns_128_5_1_424 |        270 |        270 |       0 |    0 |   179 |      0 |      0 |    0 |         16 |
|           mul_64s_64s_64_5_1_U648                                                                         |                                                           bd_0_hls_inst_0_Top_mul_64s_64s_64_5_1_425 |        108 |        108 |       0 |    0 |    81 |      0 |      0 |    0 |         10 |
|           sub_64ns_64ns_64_3_1_U649                                                                       |                                                         bd_0_hls_inst_0_Top_sub_64ns_64ns_64_3_1_426 |         77 |         64 |       0 |   13 |   173 |      0 |      0 |    0 |          0 |
|             (sub_64ns_64ns_64_3_1_U649)                                                                   |                                                         bd_0_hls_inst_0_Top_sub_64ns_64ns_64_3_1_426 |         34 |         21 |       0 |   13 |   173 |      0 |      0 |    0 |          0 |
|             u2                                                                                            |                              bd_0_hls_inst_0_Top_sub_64ns_64ns_64_3_1_comb_adder__parameterized0_433 |         22 |         22 |       0 |    0 |     0 |      0 |      0 |    0 |          0 |
|             u3                                                                                            |                                              bd_0_hls_inst_0_Top_sub_64ns_64ns_64_3_1_comb_adder_434 |         21 |         21 |       0 |    0 |     0 |      0 |      0 |    0 |          0 |
|           sub_64ns_64s_64_3_1_U650                                                                        |                                                          bd_0_hls_inst_0_Top_sub_64ns_64s_64_3_1_427 |        139 |        139 |       0 |    0 |    66 |      0 |      0 |    0 |          0 |
|             (sub_64ns_64s_64_3_1_U650)                                                                    |                                                          bd_0_hls_inst_0_Top_sub_64ns_64s_64_3_1_427 |         88 |         88 |       0 |    0 |    66 |      0 |      0 |    0 |          0 |
|             u2                                                                                            |                               bd_0_hls_inst_0_Top_sub_64ns_64s_64_3_1_comb_adder__parameterized0_431 |         22 |         22 |       0 |    0 |     0 |      0 |      0 |    0 |          0 |
|             u3                                                                                            |                                               bd_0_hls_inst_0_Top_sub_64ns_64s_64_3_1_comb_adder_432 |         29 |         29 |       0 |    0 |     0 |      0 |      0 |    0 |          0 |
|           sub_64ns_64s_64_3_1_U651                                                                        |                                                          bd_0_hls_inst_0_Top_sub_64ns_64s_64_3_1_428 |        128 |        128 |       0 |    0 |    66 |      0 |      0 |    0 |          0 |
|             (sub_64ns_64s_64_3_1_U651)                                                                    |                                                          bd_0_hls_inst_0_Top_sub_64ns_64s_64_3_1_428 |         85 |         85 |       0 |    0 |    66 |      0 |      0 |    0 |          0 |
|             u2                                                                                            |                               bd_0_hls_inst_0_Top_sub_64ns_64s_64_3_1_comb_adder__parameterized0_429 |         22 |         22 |       0 |    0 |     0 |      0 |      0 |    0 |          0 |
|             u3                                                                                            |                                               bd_0_hls_inst_0_Top_sub_64ns_64s_64_3_1_comb_adder_430 |         21 |         21 |       0 |    0 |     0 |      0 |      0 |    0 |          0 |
|         grp_MultMod_fu_2827                                                                               |                                                                        bd_0_hls_inst_0_Top_MultMod_4 |       1623 |       1568 |       0 |   55 |  1143 |      0 |      0 |    0 |         58 |
|           (grp_MultMod_fu_2827)                                                                           |                                                                        bd_0_hls_inst_0_Top_MultMod_4 |         66 |         24 |       0 |   42 |   348 |      0 |      0 |    0 |          0 |
|           mul_64ns_64ns_128_5_1_U645                                                                      |                                                        bd_0_hls_inst_0_Top_mul_64ns_64ns_128_5_1_409 |        202 |        202 |       0 |    0 |    51 |      0 |      0 |    0 |         16 |
|           mul_64ns_64ns_128_5_1_U646                                                                      |                                                        bd_0_hls_inst_0_Top_mul_64ns_64ns_128_5_1_410 |        633 |        633 |       0 |    0 |   179 |      0 |      0 |    0 |         16 |
|           mul_64ns_64ns_128_5_1_U647                                                                      |                                                        bd_0_hls_inst_0_Top_mul_64ns_64ns_128_5_1_411 |        270 |        270 |       0 |    0 |   179 |      0 |      0 |    0 |         16 |
|           mul_64s_64s_64_5_1_U648                                                                         |                                                           bd_0_hls_inst_0_Top_mul_64s_64s_64_5_1_412 |        108 |        108 |       0 |    0 |    81 |      0 |      0 |    0 |         10 |
|           sub_64ns_64ns_64_3_1_U649                                                                       |                                                         bd_0_hls_inst_0_Top_sub_64ns_64ns_64_3_1_413 |         77 |         64 |       0 |   13 |   173 |      0 |      0 |    0 |          0 |
|             (sub_64ns_64ns_64_3_1_U649)                                                                   |                                                         bd_0_hls_inst_0_Top_sub_64ns_64ns_64_3_1_413 |         34 |         21 |       0 |   13 |   173 |      0 |      0 |    0 |          0 |
|             u2                                                                                            |                              bd_0_hls_inst_0_Top_sub_64ns_64ns_64_3_1_comb_adder__parameterized0_420 |         22 |         22 |       0 |    0 |     0 |      0 |      0 |    0 |          0 |
|             u3                                                                                            |                                              bd_0_hls_inst_0_Top_sub_64ns_64ns_64_3_1_comb_adder_421 |         21 |         21 |       0 |    0 |     0 |      0 |      0 |    0 |          0 |
|           sub_64ns_64s_64_3_1_U650                                                                        |                                                          bd_0_hls_inst_0_Top_sub_64ns_64s_64_3_1_414 |        139 |        139 |       0 |    0 |    66 |      0 |      0 |    0 |          0 |
|             (sub_64ns_64s_64_3_1_U650)                                                                    |                                                          bd_0_hls_inst_0_Top_sub_64ns_64s_64_3_1_414 |         88 |         88 |       0 |    0 |    66 |      0 |      0 |    0 |          0 |
|             u2                                                                                            |                               bd_0_hls_inst_0_Top_sub_64ns_64s_64_3_1_comb_adder__parameterized0_418 |         22 |         22 |       0 |    0 |     0 |      0 |      0 |    0 |          0 |
|             u3                                                                                            |                                               bd_0_hls_inst_0_Top_sub_64ns_64s_64_3_1_comb_adder_419 |         29 |         29 |       0 |    0 |     0 |      0 |      0 |    0 |          0 |
|           sub_64ns_64s_64_3_1_U651                                                                        |                                                          bd_0_hls_inst_0_Top_sub_64ns_64s_64_3_1_415 |        128 |        128 |       0 |    0 |    66 |      0 |      0 |    0 |          0 |
|             (sub_64ns_64s_64_3_1_U651)                                                                    |                                                          bd_0_hls_inst_0_Top_sub_64ns_64s_64_3_1_415 |         85 |         85 |       0 |    0 |    66 |      0 |      0 |    0 |          0 |
|             u2                                                                                            |                               bd_0_hls_inst_0_Top_sub_64ns_64s_64_3_1_comb_adder__parameterized0_416 |         22 |         22 |       0 |    0 |     0 |      0 |      0 |    0 |          0 |
|             u3                                                                                            |                                               bd_0_hls_inst_0_Top_sub_64ns_64s_64_3_1_comb_adder_417 |         21 |         21 |       0 |    0 |     0 |      0 |      0 |    0 |          0 |
|         grp_MultMod_fu_2835                                                                               |                                                                        bd_0_hls_inst_0_Top_MultMod_5 |       1564 |       1524 |       0 |   40 |  1112 |      0 |      0 |    0 |         58 |
|           (grp_MultMod_fu_2835)                                                                           |                                                                        bd_0_hls_inst_0_Top_MultMod_5 |         51 |         24 |       0 |   27 |   279 |      0 |      0 |    0 |          0 |
|           mul_64ns_64ns_128_5_1_U645                                                                      |                                                        bd_0_hls_inst_0_Top_mul_64ns_64ns_128_5_1_396 |        202 |        202 |       0 |    0 |    51 |      0 |      0 |    0 |         16 |
|           mul_64ns_64ns_128_5_1_U646                                                                      |                                                        bd_0_hls_inst_0_Top_mul_64ns_64ns_128_5_1_397 |        633 |        633 |       0 |    0 |   179 |      0 |      0 |    0 |         16 |
|           mul_64ns_64ns_128_5_1_U647                                                                      |                                                        bd_0_hls_inst_0_Top_mul_64ns_64ns_128_5_1_398 |        270 |        270 |       0 |    0 |   179 |      0 |      0 |    0 |         16 |
|           mul_64s_64s_64_5_1_U648                                                                         |                                                           bd_0_hls_inst_0_Top_mul_64s_64s_64_5_1_399 |        108 |        108 |       0 |    0 |    81 |      0 |      0 |    0 |         10 |
|           sub_64ns_64ns_64_3_1_U649                                                                       |                                                         bd_0_hls_inst_0_Top_sub_64ns_64ns_64_3_1_400 |         77 |         64 |       0 |   13 |   173 |      0 |      0 |    0 |          0 |
|             (sub_64ns_64ns_64_3_1_U649)                                                                   |                                                         bd_0_hls_inst_0_Top_sub_64ns_64ns_64_3_1_400 |         34 |         21 |       0 |   13 |   173 |      0 |      0 |    0 |          0 |
|             u2                                                                                            |                              bd_0_hls_inst_0_Top_sub_64ns_64ns_64_3_1_comb_adder__parameterized0_407 |         22 |         22 |       0 |    0 |     0 |      0 |      0 |    0 |          0 |
|             u3                                                                                            |                                              bd_0_hls_inst_0_Top_sub_64ns_64ns_64_3_1_comb_adder_408 |         21 |         21 |       0 |    0 |     0 |      0 |      0 |    0 |          0 |
|           sub_64ns_64s_64_3_1_U650                                                                        |                                                          bd_0_hls_inst_0_Top_sub_64ns_64s_64_3_1_401 |        135 |        135 |       0 |    0 |    85 |      0 |      0 |    0 |          0 |
|             (sub_64ns_64s_64_3_1_U650)                                                                    |                                                          bd_0_hls_inst_0_Top_sub_64ns_64s_64_3_1_401 |         84 |         84 |       0 |    0 |    85 |      0 |      0 |    0 |          0 |
|             u2                                                                                            |                               bd_0_hls_inst_0_Top_sub_64ns_64s_64_3_1_comb_adder__parameterized0_405 |         22 |         22 |       0 |    0 |     0 |      0 |      0 |    0 |          0 |
|             u3                                                                                            |                                               bd_0_hls_inst_0_Top_sub_64ns_64s_64_3_1_comb_adder_406 |         29 |         29 |       0 |    0 |     0 |      0 |      0 |    0 |          0 |
|           sub_64ns_64s_64_3_1_U651                                                                        |                                                          bd_0_hls_inst_0_Top_sub_64ns_64s_64_3_1_402 |         88 |         88 |       0 |    0 |    85 |      0 |      0 |    0 |          0 |
|             (sub_64ns_64s_64_3_1_U651)                                                                    |                                                          bd_0_hls_inst_0_Top_sub_64ns_64s_64_3_1_402 |         45 |         45 |       0 |    0 |    85 |      0 |      0 |    0 |          0 |
|             u2                                                                                            |                               bd_0_hls_inst_0_Top_sub_64ns_64s_64_3_1_comb_adder__parameterized0_403 |         22 |         22 |       0 |    0 |     0 |      0 |      0 |    0 |          0 |
|             u3                                                                                            |                                               bd_0_hls_inst_0_Top_sub_64ns_64s_64_3_1_comb_adder_404 |         21 |         21 |       0 |    0 |     0 |      0 |      0 |    0 |          0 |
|         grp_MultMod_fu_2843                                                                               |                                                                        bd_0_hls_inst_0_Top_MultMod_6 |       1665 |       1601 |       0 |   64 |  1194 |      0 |      0 |    0 |         58 |
|           (grp_MultMod_fu_2843)                                                                           |                                                                        bd_0_hls_inst_0_Top_MultMod_6 |         75 |         24 |       0 |   51 |   399 |      0 |      0 |    0 |          0 |
|           mul_64ns_64ns_128_5_1_U645                                                                      |                                                        bd_0_hls_inst_0_Top_mul_64ns_64ns_128_5_1_383 |        202 |        202 |       0 |    0 |    51 |      0 |      0 |    0 |         16 |
|           mul_64ns_64ns_128_5_1_U646                                                                      |                                                        bd_0_hls_inst_0_Top_mul_64ns_64ns_128_5_1_384 |        633 |        633 |       0 |    0 |   179 |      0 |      0 |    0 |         16 |
|           mul_64ns_64ns_128_5_1_U647                                                                      |                                                        bd_0_hls_inst_0_Top_mul_64ns_64ns_128_5_1_385 |        270 |        270 |       0 |    0 |   179 |      0 |      0 |    0 |         16 |
|           mul_64s_64s_64_5_1_U648                                                                         |                                                           bd_0_hls_inst_0_Top_mul_64s_64s_64_5_1_386 |        108 |        108 |       0 |    0 |    81 |      0 |      0 |    0 |         10 |
|           sub_64ns_64ns_64_3_1_U649                                                                       |                                                         bd_0_hls_inst_0_Top_sub_64ns_64ns_64_3_1_387 |         77 |         64 |       0 |   13 |   173 |      0 |      0 |    0 |          0 |
|             (sub_64ns_64ns_64_3_1_U649)                                                                   |                                                         bd_0_hls_inst_0_Top_sub_64ns_64ns_64_3_1_387 |         34 |         21 |       0 |   13 |   173 |      0 |      0 |    0 |          0 |
|             u2                                                                                            |                              bd_0_hls_inst_0_Top_sub_64ns_64ns_64_3_1_comb_adder__parameterized0_394 |         22 |         22 |       0 |    0 |     0 |      0 |      0 |    0 |          0 |
|             u3                                                                                            |                                              bd_0_hls_inst_0_Top_sub_64ns_64ns_64_3_1_comb_adder_395 |         21 |         21 |       0 |    0 |     0 |      0 |      0 |    0 |          0 |
|           sub_64ns_64s_64_3_1_U650                                                                        |                                                          bd_0_hls_inst_0_Top_sub_64ns_64s_64_3_1_388 |        155 |        155 |       0 |    0 |    66 |      0 |      0 |    0 |          0 |
|             (sub_64ns_64s_64_3_1_U650)                                                                    |                                                          bd_0_hls_inst_0_Top_sub_64ns_64s_64_3_1_388 |        104 |        104 |       0 |    0 |    66 |      0 |      0 |    0 |          0 |
|             u2                                                                                            |                               bd_0_hls_inst_0_Top_sub_64ns_64s_64_3_1_comb_adder__parameterized0_392 |         22 |         22 |       0 |    0 |     0 |      0 |      0 |    0 |          0 |
|             u3                                                                                            |                                               bd_0_hls_inst_0_Top_sub_64ns_64s_64_3_1_comb_adder_393 |         29 |         29 |       0 |    0 |     0 |      0 |      0 |    0 |          0 |
|           sub_64ns_64s_64_3_1_U651                                                                        |                                                          bd_0_hls_inst_0_Top_sub_64ns_64s_64_3_1_389 |        145 |        145 |       0 |    0 |    66 |      0 |      0 |    0 |          0 |
|             (sub_64ns_64s_64_3_1_U651)                                                                    |                                                          bd_0_hls_inst_0_Top_sub_64ns_64s_64_3_1_389 |        102 |        102 |       0 |    0 |    66 |      0 |      0 |    0 |          0 |
|             u2                                                                                            |                               bd_0_hls_inst_0_Top_sub_64ns_64s_64_3_1_comb_adder__parameterized0_390 |         22 |         22 |       0 |    0 |     0 |      0 |      0 |    0 |          0 |
|             u3                                                                                            |                                               bd_0_hls_inst_0_Top_sub_64ns_64s_64_3_1_comb_adder_391 |         21 |         21 |       0 |    0 |     0 |      0 |      0 |    0 |          0 |
|         grp_MultMod_fu_2851                                                                               |                                                                        bd_0_hls_inst_0_Top_MultMod_7 |       1665 |       1601 |       0 |   64 |  1194 |      0 |      0 |    0 |         58 |
|           (grp_MultMod_fu_2851)                                                                           |                                                                        bd_0_hls_inst_0_Top_MultMod_7 |         75 |         24 |       0 |   51 |   399 |      0 |      0 |    0 |          0 |
|           mul_64ns_64ns_128_5_1_U645                                                                      |                                                        bd_0_hls_inst_0_Top_mul_64ns_64ns_128_5_1_370 |        202 |        202 |       0 |    0 |    51 |      0 |      0 |    0 |         16 |
|           mul_64ns_64ns_128_5_1_U646                                                                      |                                                        bd_0_hls_inst_0_Top_mul_64ns_64ns_128_5_1_371 |        633 |        633 |       0 |    0 |   179 |      0 |      0 |    0 |         16 |
|           mul_64ns_64ns_128_5_1_U647                                                                      |                                                        bd_0_hls_inst_0_Top_mul_64ns_64ns_128_5_1_372 |        270 |        270 |       0 |    0 |   179 |      0 |      0 |    0 |         16 |
|           mul_64s_64s_64_5_1_U648                                                                         |                                                           bd_0_hls_inst_0_Top_mul_64s_64s_64_5_1_373 |        108 |        108 |       0 |    0 |    81 |      0 |      0 |    0 |         10 |
|           sub_64ns_64ns_64_3_1_U649                                                                       |                                                         bd_0_hls_inst_0_Top_sub_64ns_64ns_64_3_1_374 |         77 |         64 |       0 |   13 |   173 |      0 |      0 |    0 |          0 |
|             (sub_64ns_64ns_64_3_1_U649)                                                                   |                                                         bd_0_hls_inst_0_Top_sub_64ns_64ns_64_3_1_374 |         34 |         21 |       0 |   13 |   173 |      0 |      0 |    0 |          0 |
|             u2                                                                                            |                              bd_0_hls_inst_0_Top_sub_64ns_64ns_64_3_1_comb_adder__parameterized0_381 |         22 |         22 |       0 |    0 |     0 |      0 |      0 |    0 |          0 |
|             u3                                                                                            |                                              bd_0_hls_inst_0_Top_sub_64ns_64ns_64_3_1_comb_adder_382 |         21 |         21 |       0 |    0 |     0 |      0 |      0 |    0 |          0 |
|           sub_64ns_64s_64_3_1_U650                                                                        |                                                          bd_0_hls_inst_0_Top_sub_64ns_64s_64_3_1_375 |        155 |        155 |       0 |    0 |    66 |      0 |      0 |    0 |          0 |
|             (sub_64ns_64s_64_3_1_U650)                                                                    |                                                          bd_0_hls_inst_0_Top_sub_64ns_64s_64_3_1_375 |        104 |        104 |       0 |    0 |    66 |      0 |      0 |    0 |          0 |
|             u2                                                                                            |                               bd_0_hls_inst_0_Top_sub_64ns_64s_64_3_1_comb_adder__parameterized0_379 |         22 |         22 |       0 |    0 |     0 |      0 |      0 |    0 |          0 |
|             u3                                                                                            |                                               bd_0_hls_inst_0_Top_sub_64ns_64s_64_3_1_comb_adder_380 |         29 |         29 |       0 |    0 |     0 |      0 |      0 |    0 |          0 |
|           sub_64ns_64s_64_3_1_U651                                                                        |                                                          bd_0_hls_inst_0_Top_sub_64ns_64s_64_3_1_376 |        145 |        145 |       0 |    0 |    66 |      0 |      0 |    0 |          0 |
|             (sub_64ns_64s_64_3_1_U651)                                                                    |                                                          bd_0_hls_inst_0_Top_sub_64ns_64s_64_3_1_376 |        102 |        102 |       0 |    0 |    66 |      0 |      0 |    0 |          0 |
|             u2                                                                                            |                               bd_0_hls_inst_0_Top_sub_64ns_64s_64_3_1_comb_adder__parameterized0_377 |         22 |         22 |       0 |    0 |     0 |      0 |      0 |    0 |          0 |
|             u3                                                                                            |                                               bd_0_hls_inst_0_Top_sub_64ns_64s_64_3_1_comb_adder_378 |         21 |         21 |       0 |    0 |     0 |      0 |      0 |    0 |          0 |
|         grp_MultMod_fu_2859                                                                               |                                                                        bd_0_hls_inst_0_Top_MultMod_8 |       3479 |       3276 |       0 |  203 |  1659 |      0 |      0 |    0 |         58 |
|           (grp_MultMod_fu_2859)                                                                           |                                                                        bd_0_hls_inst_0_Top_MultMod_8 |        323 |        133 |       0 |  190 |   736 |      0 |      0 |    0 |          0 |
|           mul_64ns_64ns_128_5_1_U645                                                                      |                                                        bd_0_hls_inst_0_Top_mul_64ns_64ns_128_5_1_357 |        202 |        202 |       0 |    0 |    51 |      0 |      0 |    0 |         16 |
|           mul_64ns_64ns_128_5_1_U646                                                                      |                                                        bd_0_hls_inst_0_Top_mul_64ns_64ns_128_5_1_358 |        799 |        799 |       0 |    0 |   179 |      0 |      0 |    0 |         16 |
|           mul_64ns_64ns_128_5_1_U647                                                                      |                                                        bd_0_hls_inst_0_Top_mul_64ns_64ns_128_5_1_359 |        609 |        609 |       0 |    0 |   179 |      0 |      0 |    0 |         16 |
|           mul_64s_64s_64_5_1_U648                                                                         |                                                           bd_0_hls_inst_0_Top_mul_64s_64s_64_5_1_360 |       1041 |       1041 |       0 |    0 |    81 |      0 |      0 |    0 |         10 |
|           sub_64ns_64ns_64_3_1_U649                                                                       |                                                         bd_0_hls_inst_0_Top_sub_64ns_64ns_64_3_1_361 |         77 |         64 |       0 |   13 |   173 |      0 |      0 |    0 |          0 |
|             (sub_64ns_64ns_64_3_1_U649)                                                                   |                                                         bd_0_hls_inst_0_Top_sub_64ns_64ns_64_3_1_361 |         34 |         21 |       0 |   13 |   173 |      0 |      0 |    0 |          0 |
|             u2                                                                                            |                              bd_0_hls_inst_0_Top_sub_64ns_64ns_64_3_1_comb_adder__parameterized0_368 |         22 |         22 |       0 |    0 |     0 |      0 |      0 |    0 |          0 |
|             u3                                                                                            |                                              bd_0_hls_inst_0_Top_sub_64ns_64ns_64_3_1_comb_adder_369 |         21 |         21 |       0 |    0 |     0 |      0 |      0 |    0 |          0 |
|           sub_64ns_64s_64_3_1_U650                                                                        |                                                          bd_0_hls_inst_0_Top_sub_64ns_64s_64_3_1_362 |        162 |        162 |       0 |    0 |   130 |      0 |      0 |    0 |          0 |
|             (sub_64ns_64s_64_3_1_U650)                                                                    |                                                          bd_0_hls_inst_0_Top_sub_64ns_64s_64_3_1_362 |        119 |        119 |       0 |    0 |   130 |      0 |      0 |    0 |          0 |
|             u2                                                                                            |                               bd_0_hls_inst_0_Top_sub_64ns_64s_64_3_1_comb_adder__parameterized0_366 |         22 |         22 |       0 |    0 |     0 |      0 |      0 |    0 |          0 |
|             u3                                                                                            |                                               bd_0_hls_inst_0_Top_sub_64ns_64s_64_3_1_comb_adder_367 |         21 |         21 |       0 |    0 |     0 |      0 |      0 |    0 |          0 |
|           sub_64ns_64s_64_3_1_U651                                                                        |                                                          bd_0_hls_inst_0_Top_sub_64ns_64s_64_3_1_363 |        268 |        268 |       0 |    0 |   130 |      0 |      0 |    0 |          0 |
|             (sub_64ns_64s_64_3_1_U651)                                                                    |                                                          bd_0_hls_inst_0_Top_sub_64ns_64s_64_3_1_363 |        225 |        225 |       0 |    0 |   130 |      0 |      0 |    0 |          0 |
|             u2                                                                                            |                               bd_0_hls_inst_0_Top_sub_64ns_64s_64_3_1_comb_adder__parameterized0_364 |         22 |         22 |       0 |    0 |     0 |      0 |      0 |    0 |          0 |
|             u3                                                                                            |                                               bd_0_hls_inst_0_Top_sub_64ns_64s_64_3_1_comb_adder_365 |         21 |         21 |       0 |    0 |     0 |      0 |      0 |    0 |          0 |
|         grp_MultMod_fu_2867                                                                               |                                                                        bd_0_hls_inst_0_Top_MultMod_9 |       3480 |       3277 |       0 |  203 |  1659 |      0 |      0 |    0 |         58 |
|           (grp_MultMod_fu_2867)                                                                           |                                                                        bd_0_hls_inst_0_Top_MultMod_9 |        323 |        133 |       0 |  190 |   736 |      0 |      0 |    0 |          0 |
|           mul_64ns_64ns_128_5_1_U645                                                                      |                                                        bd_0_hls_inst_0_Top_mul_64ns_64ns_128_5_1_344 |        202 |        202 |       0 |    0 |    51 |      0 |      0 |    0 |         16 |
|           mul_64ns_64ns_128_5_1_U646                                                                      |                                                        bd_0_hls_inst_0_Top_mul_64ns_64ns_128_5_1_345 |        799 |        799 |       0 |    0 |   179 |      0 |      0 |    0 |         16 |
|           mul_64ns_64ns_128_5_1_U647                                                                      |                                                        bd_0_hls_inst_0_Top_mul_64ns_64ns_128_5_1_346 |        609 |        609 |       0 |    0 |   179 |      0 |      0 |    0 |         16 |
|           mul_64s_64s_64_5_1_U648                                                                         |                                                           bd_0_hls_inst_0_Top_mul_64s_64s_64_5_1_347 |       1042 |       1042 |       0 |    0 |    81 |      0 |      0 |    0 |         10 |
|           sub_64ns_64ns_64_3_1_U649                                                                       |                                                         bd_0_hls_inst_0_Top_sub_64ns_64ns_64_3_1_348 |         77 |         64 |       0 |   13 |   173 |      0 |      0 |    0 |          0 |
|             (sub_64ns_64ns_64_3_1_U649)                                                                   |                                                         bd_0_hls_inst_0_Top_sub_64ns_64ns_64_3_1_348 |         34 |         21 |       0 |   13 |   173 |      0 |      0 |    0 |          0 |
|             u2                                                                                            |                              bd_0_hls_inst_0_Top_sub_64ns_64ns_64_3_1_comb_adder__parameterized0_355 |         22 |         22 |       0 |    0 |     0 |      0 |      0 |    0 |          0 |
|             u3                                                                                            |                                              bd_0_hls_inst_0_Top_sub_64ns_64ns_64_3_1_comb_adder_356 |         21 |         21 |       0 |    0 |     0 |      0 |      0 |    0 |          0 |
|           sub_64ns_64s_64_3_1_U650                                                                        |                                                          bd_0_hls_inst_0_Top_sub_64ns_64s_64_3_1_349 |        162 |        162 |       0 |    0 |   130 |      0 |      0 |    0 |          0 |
|             (sub_64ns_64s_64_3_1_U650)                                                                    |                                                          bd_0_hls_inst_0_Top_sub_64ns_64s_64_3_1_349 |        119 |        119 |       0 |    0 |   130 |      0 |      0 |    0 |          0 |
|             u2                                                                                            |                               bd_0_hls_inst_0_Top_sub_64ns_64s_64_3_1_comb_adder__parameterized0_353 |         22 |         22 |       0 |    0 |     0 |      0 |      0 |    0 |          0 |
|             u3                                                                                            |                                               bd_0_hls_inst_0_Top_sub_64ns_64s_64_3_1_comb_adder_354 |         21 |         21 |       0 |    0 |     0 |      0 |      0 |    0 |          0 |
|           sub_64ns_64s_64_3_1_U651                                                                        |                                                          bd_0_hls_inst_0_Top_sub_64ns_64s_64_3_1_350 |        268 |        268 |       0 |    0 |   130 |      0 |      0 |    0 |          0 |
|             (sub_64ns_64s_64_3_1_U651)                                                                    |                                                          bd_0_hls_inst_0_Top_sub_64ns_64s_64_3_1_350 |        225 |        225 |       0 |    0 |   130 |      0 |      0 |    0 |          0 |
|             u2                                                                                            |                               bd_0_hls_inst_0_Top_sub_64ns_64s_64_3_1_comb_adder__parameterized0_351 |         22 |         22 |       0 |    0 |     0 |      0 |      0 |    0 |          0 |
|             u3                                                                                            |                                               bd_0_hls_inst_0_Top_sub_64ns_64s_64_3_1_comb_adder_352 |         21 |         21 |       0 |    0 |     0 |      0 |      0 |    0 |          0 |
|         grp_MultMod_fu_2875                                                                               |                                                                       bd_0_hls_inst_0_Top_MultMod_10 |       1809 |       1745 |       0 |   64 |  1194 |      0 |      0 |    0 |         58 |
|           (grp_MultMod_fu_2875)                                                                           |                                                                       bd_0_hls_inst_0_Top_MultMod_10 |        116 |         65 |       0 |   51 |   399 |      0 |      0 |    0 |          0 |
|           mul_64ns_64ns_128_5_1_U645                                                                      |                                                        bd_0_hls_inst_0_Top_mul_64ns_64ns_128_5_1_331 |        202 |        202 |       0 |    0 |    51 |      0 |      0 |    0 |         16 |
|           mul_64ns_64ns_128_5_1_U646                                                                      |                                                        bd_0_hls_inst_0_Top_mul_64ns_64ns_128_5_1_332 |        633 |        633 |       0 |    0 |   179 |      0 |      0 |    0 |         16 |
|           mul_64ns_64ns_128_5_1_U647                                                                      |                                                        bd_0_hls_inst_0_Top_mul_64ns_64ns_128_5_1_333 |        270 |        270 |       0 |    0 |   179 |      0 |      0 |    0 |         16 |
|           mul_64s_64s_64_5_1_U648                                                                         |                                                           bd_0_hls_inst_0_Top_mul_64s_64s_64_5_1_334 |        108 |        108 |       0 |    0 |    81 |      0 |      0 |    0 |         10 |
|           sub_64ns_64ns_64_3_1_U649                                                                       |                                                         bd_0_hls_inst_0_Top_sub_64ns_64ns_64_3_1_335 |         77 |         64 |       0 |   13 |   173 |      0 |      0 |    0 |          0 |
|             (sub_64ns_64ns_64_3_1_U649)                                                                   |                                                         bd_0_hls_inst_0_Top_sub_64ns_64ns_64_3_1_335 |         34 |         21 |       0 |   13 |   173 |      0 |      0 |    0 |          0 |
|             u2                                                                                            |                              bd_0_hls_inst_0_Top_sub_64ns_64ns_64_3_1_comb_adder__parameterized0_342 |         22 |         22 |       0 |    0 |     0 |      0 |      0 |    0 |          0 |
|             u3                                                                                            |                                              bd_0_hls_inst_0_Top_sub_64ns_64ns_64_3_1_comb_adder_343 |         21 |         21 |       0 |    0 |     0 |      0 |      0 |    0 |          0 |
|           sub_64ns_64s_64_3_1_U650                                                                        |                                                          bd_0_hls_inst_0_Top_sub_64ns_64s_64_3_1_336 |        155 |        155 |       0 |    0 |    66 |      0 |      0 |    0 |          0 |
|             (sub_64ns_64s_64_3_1_U650)                                                                    |                                                          bd_0_hls_inst_0_Top_sub_64ns_64s_64_3_1_336 |        104 |        104 |       0 |    0 |    66 |      0 |      0 |    0 |          0 |
|             u2                                                                                            |                               bd_0_hls_inst_0_Top_sub_64ns_64s_64_3_1_comb_adder__parameterized0_340 |         22 |         22 |       0 |    0 |     0 |      0 |      0 |    0 |          0 |
|             u3                                                                                            |                                               bd_0_hls_inst_0_Top_sub_64ns_64s_64_3_1_comb_adder_341 |         29 |         29 |       0 |    0 |     0 |      0 |      0 |    0 |          0 |
|           sub_64ns_64s_64_3_1_U651                                                                        |                                                          bd_0_hls_inst_0_Top_sub_64ns_64s_64_3_1_337 |        248 |        248 |       0 |    0 |    66 |      0 |      0 |    0 |          0 |
|             (sub_64ns_64s_64_3_1_U651)                                                                    |                                                          bd_0_hls_inst_0_Top_sub_64ns_64s_64_3_1_337 |        205 |        205 |       0 |    0 |    66 |      0 |      0 |    0 |          0 |
|             u2                                                                                            |                               bd_0_hls_inst_0_Top_sub_64ns_64s_64_3_1_comb_adder__parameterized0_338 |         22 |         22 |       0 |    0 |     0 |      0 |      0 |    0 |          0 |
|             u3                                                                                            |                                               bd_0_hls_inst_0_Top_sub_64ns_64s_64_3_1_comb_adder_339 |         21 |         21 |       0 |    0 |     0 |      0 |      0 |    0 |          0 |
|         grp_MultMod_fu_2883                                                                               |                                                                       bd_0_hls_inst_0_Top_MultMod_11 |       2746 |       2538 |       0 |  208 |  1716 |      0 |      0 |    0 |         58 |
|           (grp_MultMod_fu_2883)                                                                           |                                                                       bd_0_hls_inst_0_Top_MultMod_11 |        290 |         95 |       0 |  195 |   793 |      0 |      0 |    0 |          0 |
|           mul_64ns_64ns_128_5_1_U645                                                                      |                                                        bd_0_hls_inst_0_Top_mul_64ns_64ns_128_5_1_318 |        202 |        202 |       0 |    0 |    51 |      0 |      0 |    0 |         16 |
|           mul_64ns_64ns_128_5_1_U646                                                                      |                                                        bd_0_hls_inst_0_Top_mul_64ns_64ns_128_5_1_319 |        799 |        799 |       0 |    0 |   179 |      0 |      0 |    0 |         16 |
|           mul_64ns_64ns_128_5_1_U647                                                                      |                                                        bd_0_hls_inst_0_Top_mul_64ns_64ns_128_5_1_320 |        610 |        610 |       0 |    0 |   179 |      0 |      0 |    0 |         16 |
|           mul_64s_64s_64_5_1_U648                                                                         |                                                           bd_0_hls_inst_0_Top_mul_64s_64s_64_5_1_321 |        327 |        327 |       0 |    0 |    81 |      0 |      0 |    0 |         10 |
|           sub_64ns_64ns_64_3_1_U649                                                                       |                                                         bd_0_hls_inst_0_Top_sub_64ns_64ns_64_3_1_322 |         77 |         64 |       0 |   13 |   173 |      0 |      0 |    0 |          0 |
|             (sub_64ns_64ns_64_3_1_U649)                                                                   |                                                         bd_0_hls_inst_0_Top_sub_64ns_64ns_64_3_1_322 |         34 |         21 |       0 |   13 |   173 |      0 |      0 |    0 |          0 |
|             u2                                                                                            |                              bd_0_hls_inst_0_Top_sub_64ns_64ns_64_3_1_comb_adder__parameterized0_329 |         22 |         22 |       0 |    0 |     0 |      0 |      0 |    0 |          0 |
|             u3                                                                                            |                                              bd_0_hls_inst_0_Top_sub_64ns_64ns_64_3_1_comb_adder_330 |         21 |         21 |       0 |    0 |     0 |      0 |      0 |    0 |          0 |
|           sub_64ns_64s_64_3_1_U650                                                                        |                                                          bd_0_hls_inst_0_Top_sub_64ns_64s_64_3_1_323 |        181 |        181 |       0 |    0 |   130 |      0 |      0 |    0 |          0 |
|             (sub_64ns_64s_64_3_1_U650)                                                                    |                                                          bd_0_hls_inst_0_Top_sub_64ns_64s_64_3_1_323 |        138 |        138 |       0 |    0 |   130 |      0 |      0 |    0 |          0 |
|             u2                                                                                            |                               bd_0_hls_inst_0_Top_sub_64ns_64s_64_3_1_comb_adder__parameterized0_327 |         22 |         22 |       0 |    0 |     0 |      0 |      0 |    0 |          0 |
|             u3                                                                                            |                                               bd_0_hls_inst_0_Top_sub_64ns_64s_64_3_1_comb_adder_328 |         21 |         21 |       0 |    0 |     0 |      0 |      0 |    0 |          0 |
|           sub_64ns_64s_64_3_1_U651                                                                        |                                                          bd_0_hls_inst_0_Top_sub_64ns_64s_64_3_1_324 |        261 |        261 |       0 |    0 |   130 |      0 |      0 |    0 |          0 |
|             (sub_64ns_64s_64_3_1_U651)                                                                    |                                                          bd_0_hls_inst_0_Top_sub_64ns_64s_64_3_1_324 |        218 |        218 |       0 |    0 |   130 |      0 |      0 |    0 |          0 |
|             u2                                                                                            |                               bd_0_hls_inst_0_Top_sub_64ns_64s_64_3_1_comb_adder__parameterized0_325 |         22 |         22 |       0 |    0 |     0 |      0 |      0 |    0 |          0 |
|             u3                                                                                            |                                               bd_0_hls_inst_0_Top_sub_64ns_64s_64_3_1_comb_adder_326 |         21 |         21 |       0 |    0 |     0 |      0 |      0 |    0 |          0 |
|         grp_MultMod_fu_2891                                                                               |                                                                       bd_0_hls_inst_0_Top_MultMod_12 |       2747 |       2539 |       0 |  208 |  1729 |      0 |      0 |    0 |         58 |
|           (grp_MultMod_fu_2891)                                                                           |                                                                       bd_0_hls_inst_0_Top_MultMod_12 |        290 |         95 |       0 |  195 |   793 |      0 |      0 |    0 |          0 |
|           mul_64ns_64ns_128_5_1_U645                                                                      |                                                        bd_0_hls_inst_0_Top_mul_64ns_64ns_128_5_1_305 |        202 |        202 |       0 |    0 |    51 |      0 |      0 |    0 |         16 |
|           mul_64ns_64ns_128_5_1_U646                                                                      |                                                        bd_0_hls_inst_0_Top_mul_64ns_64ns_128_5_1_306 |        799 |        799 |       0 |    0 |   179 |      0 |      0 |    0 |         16 |
|           mul_64ns_64ns_128_5_1_U647                                                                      |                                                        bd_0_hls_inst_0_Top_mul_64ns_64ns_128_5_1_307 |        610 |        610 |       0 |    0 |   179 |      0 |      0 |    0 |         16 |
|           mul_64s_64s_64_5_1_U648                                                                         |                                                           bd_0_hls_inst_0_Top_mul_64s_64s_64_5_1_308 |        329 |        329 |       0 |    0 |    94 |      0 |      0 |    0 |         10 |
|           sub_64ns_64ns_64_3_1_U649                                                                       |                                                         bd_0_hls_inst_0_Top_sub_64ns_64ns_64_3_1_309 |         77 |         64 |       0 |   13 |   173 |      0 |      0 |    0 |          0 |
|             (sub_64ns_64ns_64_3_1_U649)                                                                   |                                                         bd_0_hls_inst_0_Top_sub_64ns_64ns_64_3_1_309 |         34 |         21 |       0 |   13 |   173 |      0 |      0 |    0 |          0 |
|             u2                                                                                            |                              bd_0_hls_inst_0_Top_sub_64ns_64ns_64_3_1_comb_adder__parameterized0_316 |         22 |         22 |       0 |    0 |     0 |      0 |      0 |    0 |          0 |
|             u3                                                                                            |                                              bd_0_hls_inst_0_Top_sub_64ns_64ns_64_3_1_comb_adder_317 |         21 |         21 |       0 |    0 |     0 |      0 |      0 |    0 |          0 |
|           sub_64ns_64s_64_3_1_U650                                                                        |                                                          bd_0_hls_inst_0_Top_sub_64ns_64s_64_3_1_310 |        181 |        181 |       0 |    0 |   130 |      0 |      0 |    0 |          0 |
|             (sub_64ns_64s_64_3_1_U650)                                                                    |                                                          bd_0_hls_inst_0_Top_sub_64ns_64s_64_3_1_310 |        138 |        138 |       0 |    0 |   130 |      0 |      0 |    0 |          0 |
|             u2                                                                                            |                               bd_0_hls_inst_0_Top_sub_64ns_64s_64_3_1_comb_adder__parameterized0_314 |         22 |         22 |       0 |    0 |     0 |      0 |      0 |    0 |          0 |
|             u3                                                                                            |                                               bd_0_hls_inst_0_Top_sub_64ns_64s_64_3_1_comb_adder_315 |         21 |         21 |       0 |    0 |     0 |      0 |      0 |    0 |          0 |
|           sub_64ns_64s_64_3_1_U651                                                                        |                                                          bd_0_hls_inst_0_Top_sub_64ns_64s_64_3_1_311 |        261 |        261 |       0 |    0 |   130 |      0 |      0 |    0 |          0 |
|             (sub_64ns_64s_64_3_1_U651)                                                                    |                                                          bd_0_hls_inst_0_Top_sub_64ns_64s_64_3_1_311 |        218 |        218 |       0 |    0 |   130 |      0 |      0 |    0 |          0 |
|             u2                                                                                            |                               bd_0_hls_inst_0_Top_sub_64ns_64s_64_3_1_comb_adder__parameterized0_312 |         22 |         22 |       0 |    0 |     0 |      0 |      0 |    0 |          0 |
|             u3                                                                                            |                                               bd_0_hls_inst_0_Top_sub_64ns_64s_64_3_1_comb_adder_313 |         21 |         21 |       0 |    0 |     0 |      0 |      0 |    0 |          0 |
|         grp_MultMod_fu_2899                                                                               |                                                                       bd_0_hls_inst_0_Top_MultMod_13 |       2744 |       2536 |       0 |  208 |  1716 |      0 |      0 |    0 |         58 |
|           (grp_MultMod_fu_2899)                                                                           |                                                                       bd_0_hls_inst_0_Top_MultMod_13 |        290 |         95 |       0 |  195 |   793 |      0 |      0 |    0 |          0 |
|           mul_64ns_64ns_128_5_1_U645                                                                      |                                                        bd_0_hls_inst_0_Top_mul_64ns_64ns_128_5_1_292 |        202 |        202 |       0 |    0 |    51 |      0 |      0 |    0 |         16 |
|           mul_64ns_64ns_128_5_1_U646                                                                      |                                                        bd_0_hls_inst_0_Top_mul_64ns_64ns_128_5_1_293 |        799 |        799 |       0 |    0 |   179 |      0 |      0 |    0 |         16 |
|           mul_64ns_64ns_128_5_1_U647                                                                      |                                                        bd_0_hls_inst_0_Top_mul_64ns_64ns_128_5_1_294 |        610 |        610 |       0 |    0 |   179 |      0 |      0 |    0 |         16 |
|           mul_64s_64s_64_5_1_U648                                                                         |                                                           bd_0_hls_inst_0_Top_mul_64s_64s_64_5_1_295 |        326 |        326 |       0 |    0 |    81 |      0 |      0 |    0 |         10 |
|           sub_64ns_64ns_64_3_1_U649                                                                       |                                                         bd_0_hls_inst_0_Top_sub_64ns_64ns_64_3_1_296 |         77 |         64 |       0 |   13 |   173 |      0 |      0 |    0 |          0 |
|             (sub_64ns_64ns_64_3_1_U649)                                                                   |                                                         bd_0_hls_inst_0_Top_sub_64ns_64ns_64_3_1_296 |         34 |         21 |       0 |   13 |   173 |      0 |      0 |    0 |          0 |
|             u2                                                                                            |                              bd_0_hls_inst_0_Top_sub_64ns_64ns_64_3_1_comb_adder__parameterized0_303 |         22 |         22 |       0 |    0 |     0 |      0 |      0 |    0 |          0 |
|             u3                                                                                            |                                              bd_0_hls_inst_0_Top_sub_64ns_64ns_64_3_1_comb_adder_304 |         21 |         21 |       0 |    0 |     0 |      0 |      0 |    0 |          0 |
|           sub_64ns_64s_64_3_1_U650                                                                        |                                                          bd_0_hls_inst_0_Top_sub_64ns_64s_64_3_1_297 |        181 |        181 |       0 |    0 |   130 |      0 |      0 |    0 |          0 |
|             (sub_64ns_64s_64_3_1_U650)                                                                    |                                                          bd_0_hls_inst_0_Top_sub_64ns_64s_64_3_1_297 |        138 |        138 |       0 |    0 |   130 |      0 |      0 |    0 |          0 |
|             u2                                                                                            |                               bd_0_hls_inst_0_Top_sub_64ns_64s_64_3_1_comb_adder__parameterized0_301 |         22 |         22 |       0 |    0 |     0 |      0 |      0 |    0 |          0 |
|             u3                                                                                            |                                               bd_0_hls_inst_0_Top_sub_64ns_64s_64_3_1_comb_adder_302 |         21 |         21 |       0 |    0 |     0 |      0 |      0 |    0 |          0 |
|           sub_64ns_64s_64_3_1_U651                                                                        |                                                          bd_0_hls_inst_0_Top_sub_64ns_64s_64_3_1_298 |        261 |        261 |       0 |    0 |   130 |      0 |      0 |    0 |          0 |
|             (sub_64ns_64s_64_3_1_U651)                                                                    |                                                          bd_0_hls_inst_0_Top_sub_64ns_64s_64_3_1_298 |        218 |        218 |       0 |    0 |   130 |      0 |      0 |    0 |          0 |
|             u2                                                                                            |                               bd_0_hls_inst_0_Top_sub_64ns_64s_64_3_1_comb_adder__parameterized0_299 |         22 |         22 |       0 |    0 |     0 |      0 |      0 |    0 |          0 |
|             u3                                                                                            |                                               bd_0_hls_inst_0_Top_sub_64ns_64s_64_3_1_comb_adder_300 |         21 |         21 |       0 |    0 |     0 |      0 |      0 |    0 |          0 |
|         grp_MultMod_fu_2907                                                                               |                                                                       bd_0_hls_inst_0_Top_MultMod_14 |       2746 |       2538 |       0 |  208 |  1716 |      0 |      0 |    0 |         58 |
|           (grp_MultMod_fu_2907)                                                                           |                                                                       bd_0_hls_inst_0_Top_MultMod_14 |        290 |         95 |       0 |  195 |   793 |      0 |      0 |    0 |          0 |
|           mul_64ns_64ns_128_5_1_U645                                                                      |                                                        bd_0_hls_inst_0_Top_mul_64ns_64ns_128_5_1_279 |        202 |        202 |       0 |    0 |    51 |      0 |      0 |    0 |         16 |
|           mul_64ns_64ns_128_5_1_U646                                                                      |                                                        bd_0_hls_inst_0_Top_mul_64ns_64ns_128_5_1_280 |        799 |        799 |       0 |    0 |   179 |      0 |      0 |    0 |         16 |
|           mul_64ns_64ns_128_5_1_U647                                                                      |                                                        bd_0_hls_inst_0_Top_mul_64ns_64ns_128_5_1_281 |        610 |        610 |       0 |    0 |   179 |      0 |      0 |    0 |         16 |
|           mul_64s_64s_64_5_1_U648                                                                         |                                                           bd_0_hls_inst_0_Top_mul_64s_64s_64_5_1_282 |        327 |        327 |       0 |    0 |    81 |      0 |      0 |    0 |         10 |
|           sub_64ns_64ns_64_3_1_U649                                                                       |                                                         bd_0_hls_inst_0_Top_sub_64ns_64ns_64_3_1_283 |         77 |         64 |       0 |   13 |   173 |      0 |      0 |    0 |          0 |
|             (sub_64ns_64ns_64_3_1_U649)                                                                   |                                                         bd_0_hls_inst_0_Top_sub_64ns_64ns_64_3_1_283 |         34 |         21 |       0 |   13 |   173 |      0 |      0 |    0 |          0 |
|             u2                                                                                            |                              bd_0_hls_inst_0_Top_sub_64ns_64ns_64_3_1_comb_adder__parameterized0_290 |         22 |         22 |       0 |    0 |     0 |      0 |      0 |    0 |          0 |
|             u3                                                                                            |                                              bd_0_hls_inst_0_Top_sub_64ns_64ns_64_3_1_comb_adder_291 |         21 |         21 |       0 |    0 |     0 |      0 |      0 |    0 |          0 |
|           sub_64ns_64s_64_3_1_U650                                                                        |                                                          bd_0_hls_inst_0_Top_sub_64ns_64s_64_3_1_284 |        181 |        181 |       0 |    0 |   130 |      0 |      0 |    0 |          0 |
|             (sub_64ns_64s_64_3_1_U650)                                                                    |                                                          bd_0_hls_inst_0_Top_sub_64ns_64s_64_3_1_284 |        138 |        138 |       0 |    0 |   130 |      0 |      0 |    0 |          0 |
|             u2                                                                                            |                               bd_0_hls_inst_0_Top_sub_64ns_64s_64_3_1_comb_adder__parameterized0_288 |         22 |         22 |       0 |    0 |     0 |      0 |      0 |    0 |          0 |
|             u3                                                                                            |                                               bd_0_hls_inst_0_Top_sub_64ns_64s_64_3_1_comb_adder_289 |         21 |         21 |       0 |    0 |     0 |      0 |      0 |    0 |          0 |
|           sub_64ns_64s_64_3_1_U651                                                                        |                                                          bd_0_hls_inst_0_Top_sub_64ns_64s_64_3_1_285 |        261 |        261 |       0 |    0 |   130 |      0 |      0 |    0 |          0 |
|             (sub_64ns_64s_64_3_1_U651)                                                                    |                                                          bd_0_hls_inst_0_Top_sub_64ns_64s_64_3_1_285 |        218 |        218 |       0 |    0 |   130 |      0 |      0 |    0 |          0 |
|             u2                                                                                            |                               bd_0_hls_inst_0_Top_sub_64ns_64s_64_3_1_comb_adder__parameterized0_286 |         22 |         22 |       0 |    0 |     0 |      0 |      0 |    0 |          0 |
|             u3                                                                                            |                                               bd_0_hls_inst_0_Top_sub_64ns_64s_64_3_1_comb_adder_287 |         21 |         21 |       0 |    0 |     0 |      0 |      0 |    0 |          0 |
|         grp_MultMod_fu_2915                                                                               |                                                                       bd_0_hls_inst_0_Top_MultMod_15 |       4170 |       3976 |       0 |  194 |  1633 |      0 |      0 |    0 |         58 |
|           (grp_MultMod_fu_2915)                                                                           |                                                                       bd_0_hls_inst_0_Top_MultMod_15 |        321 |        140 |       0 |  181 |   697 |      0 |      0 |    0 |          0 |
|           mul_64ns_64ns_128_5_1_U645                                                                      |                                                        bd_0_hls_inst_0_Top_mul_64ns_64ns_128_5_1_266 |        202 |        202 |       0 |    0 |    51 |      0 |      0 |    0 |         16 |
|           mul_64ns_64ns_128_5_1_U646                                                                      |                                                        bd_0_hls_inst_0_Top_mul_64ns_64ns_128_5_1_267 |        799 |        799 |       0 |    0 |   179 |      0 |      0 |    0 |         16 |
|           mul_64ns_64ns_128_5_1_U647                                                                      |                                                        bd_0_hls_inst_0_Top_mul_64ns_64ns_128_5_1_268 |        610 |        610 |       0 |    0 |   179 |      0 |      0 |    0 |         16 |
|           mul_64s_64s_64_5_1_U648                                                                         |                                                           bd_0_hls_inst_0_Top_mul_64s_64s_64_5_1_269 |       1756 |       1756 |       0 |    0 |    94 |      0 |      0 |    0 |         10 |
|           sub_64ns_64ns_64_3_1_U649                                                                       |                                                         bd_0_hls_inst_0_Top_sub_64ns_64ns_64_3_1_270 |         77 |         64 |       0 |   13 |   173 |      0 |      0 |    0 |          0 |
|             (sub_64ns_64ns_64_3_1_U649)                                                                   |                                                         bd_0_hls_inst_0_Top_sub_64ns_64ns_64_3_1_270 |         34 |         21 |       0 |   13 |   173 |      0 |      0 |    0 |          0 |
|             u2                                                                                            |                              bd_0_hls_inst_0_Top_sub_64ns_64ns_64_3_1_comb_adder__parameterized0_277 |         22 |         22 |       0 |    0 |     0 |      0 |      0 |    0 |          0 |
|             u3                                                                                            |                                              bd_0_hls_inst_0_Top_sub_64ns_64ns_64_3_1_comb_adder_278 |         21 |         21 |       0 |    0 |     0 |      0 |      0 |    0 |          0 |
|           sub_64ns_64s_64_3_1_U650                                                                        |                                                          bd_0_hls_inst_0_Top_sub_64ns_64s_64_3_1_271 |        162 |        162 |       0 |    0 |   130 |      0 |      0 |    0 |          0 |
|             (sub_64ns_64s_64_3_1_U650)                                                                    |                                                          bd_0_hls_inst_0_Top_sub_64ns_64s_64_3_1_271 |        119 |        119 |       0 |    0 |   130 |      0 |      0 |    0 |          0 |
|             u2                                                                                            |                               bd_0_hls_inst_0_Top_sub_64ns_64s_64_3_1_comb_adder__parameterized0_275 |         22 |         22 |       0 |    0 |     0 |      0 |      0 |    0 |          0 |
|             u3                                                                                            |                                               bd_0_hls_inst_0_Top_sub_64ns_64s_64_3_1_comb_adder_276 |         21 |         21 |       0 |    0 |     0 |      0 |      0 |    0 |          0 |
|           sub_64ns_64s_64_3_1_U651                                                                        |                                                          bd_0_hls_inst_0_Top_sub_64ns_64s_64_3_1_272 |        245 |        245 |       0 |    0 |   130 |      0 |      0 |    0 |          0 |
|             (sub_64ns_64s_64_3_1_U651)                                                                    |                                                          bd_0_hls_inst_0_Top_sub_64ns_64s_64_3_1_272 |        202 |        202 |       0 |    0 |   130 |      0 |      0 |    0 |          0 |
|             u2                                                                                            |                               bd_0_hls_inst_0_Top_sub_64ns_64s_64_3_1_comb_adder__parameterized0_273 |         22 |         22 |       0 |    0 |     0 |      0 |      0 |    0 |          0 |
|             u3                                                                                            |                                               bd_0_hls_inst_0_Top_sub_64ns_64s_64_3_1_comb_adder_274 |         21 |         21 |       0 |    0 |     0 |      0 |      0 |    0 |          0 |
|         grp_MultMod_fu_2923                                                                               |                                                                       bd_0_hls_inst_0_Top_MultMod_16 |       3422 |       3228 |       0 |  194 |  1609 |      0 |      0 |    0 |         58 |
|           (grp_MultMod_fu_2923)                                                                           |                                                                       bd_0_hls_inst_0_Top_MultMod_16 |        298 |        117 |       0 |  181 |   686 |      0 |      0 |    0 |          0 |
|           mul_64ns_64ns_128_5_1_U645                                                                      |                                                        bd_0_hls_inst_0_Top_mul_64ns_64ns_128_5_1_253 |        202 |        202 |       0 |    0 |    51 |      0 |      0 |    0 |         16 |
|           mul_64ns_64ns_128_5_1_U646                                                                      |                                                        bd_0_hls_inst_0_Top_mul_64ns_64ns_128_5_1_254 |        799 |        799 |       0 |    0 |   179 |      0 |      0 |    0 |         16 |
|           mul_64ns_64ns_128_5_1_U647                                                                      |                                                        bd_0_hls_inst_0_Top_mul_64ns_64ns_128_5_1_255 |        609 |        609 |       0 |    0 |   179 |      0 |      0 |    0 |         16 |
|           mul_64s_64s_64_5_1_U648                                                                         |                                                           bd_0_hls_inst_0_Top_mul_64s_64s_64_5_1_256 |       1043 |       1043 |       0 |    0 |    81 |      0 |      0 |    0 |         10 |
|           sub_64ns_64ns_64_3_1_U649                                                                       |                                                         bd_0_hls_inst_0_Top_sub_64ns_64ns_64_3_1_257 |         77 |         64 |       0 |   13 |   173 |      0 |      0 |    0 |          0 |
|             (sub_64ns_64ns_64_3_1_U649)                                                                   |                                                         bd_0_hls_inst_0_Top_sub_64ns_64ns_64_3_1_257 |         34 |         21 |       0 |   13 |   173 |      0 |      0 |    0 |          0 |
|             u2                                                                                            |                              bd_0_hls_inst_0_Top_sub_64ns_64ns_64_3_1_comb_adder__parameterized0_264 |         22 |         22 |       0 |    0 |     0 |      0 |      0 |    0 |          0 |
|             u3                                                                                            |                                              bd_0_hls_inst_0_Top_sub_64ns_64ns_64_3_1_comb_adder_265 |         21 |         21 |       0 |    0 |     0 |      0 |      0 |    0 |          0 |
|           sub_64ns_64s_64_3_1_U650                                                                        |                                                          bd_0_hls_inst_0_Top_sub_64ns_64s_64_3_1_258 |        162 |        162 |       0 |    0 |   130 |      0 |      0 |    0 |          0 |
|             (sub_64ns_64s_64_3_1_U650)                                                                    |                                                          bd_0_hls_inst_0_Top_sub_64ns_64s_64_3_1_258 |        119 |        119 |       0 |    0 |   130 |      0 |      0 |    0 |          0 |
|             u2                                                                                            |                               bd_0_hls_inst_0_Top_sub_64ns_64s_64_3_1_comb_adder__parameterized0_262 |         22 |         22 |       0 |    0 |     0 |      0 |      0 |    0 |          0 |
|             u3                                                                                            |                                               bd_0_hls_inst_0_Top_sub_64ns_64s_64_3_1_comb_adder_263 |         21 |         21 |       0 |    0 |     0 |      0 |      0 |    0 |          0 |
|           sub_64ns_64s_64_3_1_U651                                                                        |                                                          bd_0_hls_inst_0_Top_sub_64ns_64s_64_3_1_259 |        234 |        234 |       0 |    0 |   130 |      0 |      0 |    0 |          0 |
|             (sub_64ns_64s_64_3_1_U651)                                                                    |                                                          bd_0_hls_inst_0_Top_sub_64ns_64s_64_3_1_259 |        191 |        191 |       0 |    0 |   130 |      0 |      0 |    0 |          0 |
|             u2                                                                                            |                               bd_0_hls_inst_0_Top_sub_64ns_64s_64_3_1_comb_adder__parameterized0_260 |         22 |         22 |       0 |    0 |     0 |      0 |      0 |    0 |          0 |
|             u3                                                                                            |                                               bd_0_hls_inst_0_Top_sub_64ns_64s_64_3_1_comb_adder_261 |         21 |         21 |       0 |    0 |     0 |      0 |      0 |    0 |          0 |
|         grp_MultMod_fu_2931                                                                               |                                                                       bd_0_hls_inst_0_Top_MultMod_17 |       3432 |       3238 |       0 |  194 |  1786 |      0 |      0 |    0 |         58 |
|           (grp_MultMod_fu_2931)                                                                           |                                                                       bd_0_hls_inst_0_Top_MultMod_17 |        298 |        117 |       0 |  181 |   782 |      0 |      0 |    0 |          0 |
|           mul_64ns_64ns_128_5_1_U645                                                                      |                                                            bd_0_hls_inst_0_Top_mul_64ns_64ns_128_5_1 |        202 |        202 |       0 |    0 |    51 |      0 |      0 |    0 |         16 |
|           mul_64ns_64ns_128_5_1_U646                                                                      |                                                        bd_0_hls_inst_0_Top_mul_64ns_64ns_128_5_1_248 |        799 |        799 |       0 |    0 |   179 |      0 |      0 |    0 |         16 |
|           mul_64ns_64ns_128_5_1_U647                                                                      |                                                        bd_0_hls_inst_0_Top_mul_64ns_64ns_128_5_1_249 |        618 |        618 |       0 |    0 |   179 |      0 |      0 |    0 |         16 |
|           mul_64s_64s_64_5_1_U648                                                                         |                                                               bd_0_hls_inst_0_Top_mul_64s_64s_64_5_1 |       1044 |       1044 |       0 |    0 |   162 |      0 |      0 |    0 |         10 |
|           sub_64ns_64ns_64_3_1_U649                                                                       |                                                             bd_0_hls_inst_0_Top_sub_64ns_64ns_64_3_1 |         77 |         64 |       0 |   13 |   173 |      0 |      0 |    0 |          0 |
|             (sub_64ns_64ns_64_3_1_U649)                                                                   |                                                             bd_0_hls_inst_0_Top_sub_64ns_64ns_64_3_1 |         34 |         21 |       0 |   13 |   173 |      0 |      0 |    0 |          0 |
|             u2                                                                                            |                                  bd_0_hls_inst_0_Top_sub_64ns_64ns_64_3_1_comb_adder__parameterized0 |         22 |         22 |       0 |    0 |     0 |      0 |      0 |    0 |          0 |
|             u3                                                                                            |                                                  bd_0_hls_inst_0_Top_sub_64ns_64ns_64_3_1_comb_adder |         21 |         21 |       0 |    0 |     0 |      0 |      0 |    0 |          0 |
|           sub_64ns_64s_64_3_1_U650                                                                        |                                                              bd_0_hls_inst_0_Top_sub_64ns_64s_64_3_1 |        162 |        162 |       0 |    0 |   130 |      0 |      0 |    0 |          0 |
|             (sub_64ns_64s_64_3_1_U650)                                                                    |                                                              bd_0_hls_inst_0_Top_sub_64ns_64s_64_3_1 |        119 |        119 |       0 |    0 |   130 |      0 |      0 |    0 |          0 |
|             u2                                                                                            |                               bd_0_hls_inst_0_Top_sub_64ns_64s_64_3_1_comb_adder__parameterized0_251 |         22 |         22 |       0 |    0 |     0 |      0 |      0 |    0 |          0 |
|             u3                                                                                            |                                               bd_0_hls_inst_0_Top_sub_64ns_64s_64_3_1_comb_adder_252 |         21 |         21 |       0 |    0 |     0 |      0 |      0 |    0 |          0 |
|           sub_64ns_64s_64_3_1_U651                                                                        |                                                          bd_0_hls_inst_0_Top_sub_64ns_64s_64_3_1_250 |        234 |        234 |       0 |    0 |   130 |      0 |      0 |    0 |          0 |
|             (sub_64ns_64s_64_3_1_U651)                                                                    |                                                          bd_0_hls_inst_0_Top_sub_64ns_64s_64_3_1_250 |        191 |        191 |       0 |    0 |   130 |      0 |      0 |    0 |          0 |
|             u2                                                                                            |                                   bd_0_hls_inst_0_Top_sub_64ns_64s_64_3_1_comb_adder__parameterized0 |         22 |         22 |       0 |    0 |     0 |      0 |      0 |    0 |          0 |
|             u3                                                                                            |                                                   bd_0_hls_inst_0_Top_sub_64ns_64s_64_3_1_comb_adder |         21 |         21 |       0 |    0 |     0 |      0 |      0 |    0 |          0 |
|         grp_Store_27_30_1_fu_980                                                                          |                                                                    bd_0_hls_inst_0_Top_Store_27_30_1 |        719 |        719 |       0 |    0 |   455 |      0 |      0 |    0 |          0 |
|           (grp_Store_27_30_1_fu_980)                                                                      |                                                                    bd_0_hls_inst_0_Top_Store_27_30_1 |        109 |        109 |       0 |    0 |   114 |      0 |      0 |    0 |          0 |
|           grp_Store_Tower_fu_124                                                                          |                                                                      bd_0_hls_inst_0_Top_Store_Tower |        610 |        610 |       0 |    0 |   341 |      0 |      0 |    0 |          0 |
|             (grp_Store_Tower_fu_124)                                                                      |                                                                      bd_0_hls_inst_0_Top_Store_Tower |         59 |         59 |       0 |    0 |    69 |      0 |      0 |    0 |          0 |
|             grp_Store_Tower_Pipeline_STORE_COEFF_fu_148                                                   |                                                 bd_0_hls_inst_0_Top_Store_Tower_Pipeline_STORE_COEFF |        551 |        551 |       0 |    0 |   272 |      0 |      0 |    0 |          0 |
|               (grp_Store_Tower_Pipeline_STORE_COEFF_fu_148)                                               |                                                 bd_0_hls_inst_0_Top_Store_Tower_Pipeline_STORE_COEFF |        514 |        514 |       0 |    0 |   270 |      0 |      0 |    0 |          0 |
|               flow_control_loop_pipe_sequential_init_U                                                    |                                       bd_0_hls_inst_0_Top_flow_control_loop_pipe_sequential_init_247 |         37 |         37 |       0 |    0 |     2 |      0 |      0 |    0 |          0 |
|         grp_Store_41_44_1_fu_1836                                                                         |                                                                    bd_0_hls_inst_0_Top_Store_41_44_1 |       1365 |       1365 |       0 |    0 |   451 |      0 |      0 |    0 |          0 |
|           (grp_Store_41_44_1_fu_1836)                                                                     |                                                                    bd_0_hls_inst_0_Top_Store_41_44_1 |         96 |         96 |       0 |    0 |   106 |      0 |      0 |    0 |          0 |
|           grp_Store_Tower_1_fu_188                                                                        |                                                                    bd_0_hls_inst_0_Top_Store_Tower_1 |       1270 |       1270 |       0 |    0 |   345 |      0 |      0 |    0 |          0 |
|             (grp_Store_Tower_1_fu_188)                                                                    |                                                                    bd_0_hls_inst_0_Top_Store_Tower_1 |        125 |        125 |       0 |    0 |    69 |      0 |      0 |    0 |          0 |
|             grp_Store_Tower_1_Pipeline_STORE_COEFF_fu_212                                                 |                                               bd_0_hls_inst_0_Top_Store_Tower_1_Pipeline_STORE_COEFF |       1145 |       1145 |       0 |    0 |   276 |      0 |      0 |    0 |          0 |
|               (grp_Store_Tower_1_Pipeline_STORE_COEFF_fu_212)                                             |                                               bd_0_hls_inst_0_Top_Store_Tower_1_Pipeline_STORE_COEFF |       1090 |       1090 |       0 |    0 |   274 |      0 |      0 |    0 |          0 |
|               flow_control_loop_pipe_sequential_init_U                                                    |                                       bd_0_hls_inst_0_Top_flow_control_loop_pipe_sequential_init_246 |         55 |         55 |       0 |    0 |     2 |      0 |      0 |    0 |          0 |
|         grp_Top_Pipeline_Limb_Loop_Row_Loop_Col_Loop2_fu_1414                                             |                                        bd_0_hls_inst_0_Top_Top_Pipeline_Limb_Loop_Row_Loop_Col_Loop2 |       2989 |       2989 |       0 |    0 |   841 |      0 |      0 |    0 |          0 |
|           (grp_Top_Pipeline_Limb_Loop_Row_Loop_Col_Loop2_fu_1414)                                         |                                        bd_0_hls_inst_0_Top_Top_Pipeline_Limb_Loop_Row_Loop_Col_Loop2 |        365 |        365 |       0 |    0 |   451 |      0 |      0 |    0 |          0 |
|           flow_control_loop_pipe_sequential_init_U                                                        |                                       bd_0_hls_inst_0_Top_flow_control_loop_pipe_sequential_init_230 |          6 |          6 |       0 |    0 |     2 |      0 |      0 |    0 |          0 |
|           sparsemux_17_3_64_1_1_U1422                                                                     |                                                        bd_0_hls_inst_0_Top_sparsemux_17_3_64_1_1_231 |        128 |        128 |       0 |    0 |     0 |      0 |      0 |    0 |          0 |
|           sparsemux_17_3_64_1_1_U1423                                                                     |                                                        bd_0_hls_inst_0_Top_sparsemux_17_3_64_1_1_232 |        128 |        128 |       0 |    0 |     0 |      0 |      0 |    0 |          0 |
|           sparsemux_17_3_64_1_1_U1424                                                                     |                                                        bd_0_hls_inst_0_Top_sparsemux_17_3_64_1_1_233 |        128 |        128 |       0 |    0 |     0 |      0 |      0 |    0 |          0 |
|           sparsemux_17_3_64_1_1_U1426                                                                     |                                                        bd_0_hls_inst_0_Top_sparsemux_17_3_64_1_1_234 |        128 |        128 |       0 |    0 |     0 |      0 |      0 |    0 |          0 |
|           sparsemux_17_3_64_1_1_U1427                                                                     |                                                        bd_0_hls_inst_0_Top_sparsemux_17_3_64_1_1_235 |        128 |        128 |       0 |    0 |     0 |      0 |      0 |    0 |          0 |
|           sparsemux_17_3_64_1_1_U1428                                                                     |                                                        bd_0_hls_inst_0_Top_sparsemux_17_3_64_1_1_236 |        128 |        128 |       0 |    0 |     0 |      0 |      0 |    0 |          0 |
|           sparsemux_17_3_64_1_1_U1429                                                                     |                                                        bd_0_hls_inst_0_Top_sparsemux_17_3_64_1_1_237 |        128 |        128 |       0 |    0 |     0 |      0 |      0 |    0 |          0 |
|           sparsemux_17_3_64_1_1_U1430                                                                     |                                                        bd_0_hls_inst_0_Top_sparsemux_17_3_64_1_1_238 |        128 |        128 |       0 |    0 |     0 |      0 |      0 |    0 |          0 |
|           sparsemux_17_3_64_1_1_U1431                                                                     |                                                        bd_0_hls_inst_0_Top_sparsemux_17_3_64_1_1_239 |        128 |        128 |       0 |    0 |     0 |      0 |      0 |    0 |          0 |
|           sub_64ns_64ns_64_2_1_U1425                                                                      |                                                             bd_0_hls_inst_0_Top_sub_64ns_64ns_64_2_1 |        282 |        282 |       0 |    0 |    97 |      0 |      0 |    0 |          0 |
|             (sub_64ns_64ns_64_2_1_U1425)                                                                  |                                                             bd_0_hls_inst_0_Top_sub_64ns_64ns_64_2_1 |        176 |        176 |       0 |    0 |    97 |      0 |      0 |    0 |          0 |
|             u2                                                                                            |                                              bd_0_hls_inst_0_Top_sub_64ns_64ns_64_2_1_comb_adder_245 |        106 |        106 |       0 |    0 |     0 |      0 |      0 |    0 |          0 |
|           sub_64ns_64ns_64_2_1_U1432                                                                      |                                                         bd_0_hls_inst_0_Top_sub_64ns_64ns_64_2_1_240 |        160 |        160 |       0 |    0 |    97 |      0 |      0 |    0 |          0 |
|             (sub_64ns_64ns_64_2_1_U1432)                                                                  |                                                         bd_0_hls_inst_0_Top_sub_64ns_64ns_64_2_1_240 |        112 |        112 |       0 |    0 |    97 |      0 |      0 |    0 |          0 |
|             u2                                                                                            |                                              bd_0_hls_inst_0_Top_sub_64ns_64ns_64_2_1_comb_adder_244 |         48 |         48 |       0 |    0 |     0 |      0 |      0 |    0 |          0 |
|           sub_64ns_64ns_64_2_1_U1433                                                                      |                                                         bd_0_hls_inst_0_Top_sub_64ns_64ns_64_2_1_241 |        352 |        352 |       0 |    0 |    97 |      0 |      0 |    0 |          0 |
|             (sub_64ns_64ns_64_2_1_U1433)                                                                  |                                                         bd_0_hls_inst_0_Top_sub_64ns_64ns_64_2_1_241 |        208 |        208 |       0 |    0 |    97 |      0 |      0 |    0 |          0 |
|             u2                                                                                            |                                              bd_0_hls_inst_0_Top_sub_64ns_64ns_64_2_1_comb_adder_243 |        144 |        144 |       0 |    0 |     0 |      0 |      0 |    0 |          0 |
|           sub_64ns_64ns_64_2_1_U1434                                                                      |                                                         bd_0_hls_inst_0_Top_sub_64ns_64ns_64_2_1_242 |        672 |        672 |       0 |    0 |    97 |      0 |      0 |    0 |          0 |
|             (sub_64ns_64ns_64_2_1_U1434)                                                                  |                                                         bd_0_hls_inst_0_Top_sub_64ns_64ns_64_2_1_242 |        368 |        368 |       0 |    0 |    97 |      0 |      0 |    0 |          0 |
|             u2                                                                                            |                                                  bd_0_hls_inst_0_Top_sub_64ns_64ns_64_2_1_comb_adder |        304 |        304 |       0 |    0 |     0 |      0 |      0 |    0 |          0 |
|         grp_Top_Pipeline_Limb_Loop_Row_Loop_Col_Loop_fu_1625                                              |                                         bd_0_hls_inst_0_Top_Top_Pipeline_Limb_Loop_Row_Loop_Col_Loop |       2095 |       2095 |       0 |    0 |   615 |      0 |      0 |    0 |          0 |
|           (grp_Top_Pipeline_Limb_Loop_Row_Loop_Col_Loop_fu_1625)                                          |                                         bd_0_hls_inst_0_Top_Top_Pipeline_Limb_Loop_Row_Loop_Col_Loop |        105 |        105 |       0 |    0 |   225 |      0 |      0 |    0 |          0 |
|           add_64ns_64ns_64_2_1_U1546                                                                      |                                                             bd_0_hls_inst_0_Top_add_64ns_64ns_64_2_1 |        192 |        192 |       0 |    0 |    97 |      0 |      0 |    0 |          0 |
|             (add_64ns_64ns_64_2_1_U1546)                                                                  |                                                             bd_0_hls_inst_0_Top_add_64ns_64ns_64_2_1 |         48 |         48 |       0 |    0 |    97 |      0 |      0 |    0 |          0 |
|             u1                                                                                            |                                              bd_0_hls_inst_0_Top_add_64ns_64ns_64_2_1_comb_adder_228 |         32 |         32 |       0 |    0 |     0 |      0 |      0 |    0 |          0 |
|             u2                                                                                            |                                              bd_0_hls_inst_0_Top_add_64ns_64ns_64_2_1_comb_adder_229 |        112 |        112 |       0 |    0 |     0 |      0 |      0 |    0 |          0 |
|           add_64ns_64ns_64_2_1_U1553                                                                      |                                                         bd_0_hls_inst_0_Top_add_64ns_64ns_64_2_1_212 |        192 |        192 |       0 |    0 |    97 |      0 |      0 |    0 |          0 |
|             (add_64ns_64ns_64_2_1_U1553)                                                                  |                                                         bd_0_hls_inst_0_Top_add_64ns_64ns_64_2_1_212 |         48 |         48 |       0 |    0 |    97 |      0 |      0 |    0 |          0 |
|             u1                                                                                            |                                              bd_0_hls_inst_0_Top_add_64ns_64ns_64_2_1_comb_adder_226 |         32 |         32 |       0 |    0 |     0 |      0 |      0 |    0 |          0 |
|             u2                                                                                            |                                              bd_0_hls_inst_0_Top_add_64ns_64ns_64_2_1_comb_adder_227 |        112 |        112 |       0 |    0 |     0 |      0 |      0 |    0 |          0 |
|           add_64ns_64ns_64_2_1_U1554                                                                      |                                                         bd_0_hls_inst_0_Top_add_64ns_64ns_64_2_1_213 |        256 |        256 |       0 |    0 |    97 |      0 |      0 |    0 |          0 |
|             (add_64ns_64ns_64_2_1_U1554)                                                                  |                                                         bd_0_hls_inst_0_Top_add_64ns_64ns_64_2_1_213 |         48 |         48 |       0 |    0 |    97 |      0 |      0 |    0 |          0 |
|             u1                                                                                            |                                              bd_0_hls_inst_0_Top_add_64ns_64ns_64_2_1_comb_adder_224 |         32 |         32 |       0 |    0 |     0 |      0 |      0 |    0 |          0 |
|             u2                                                                                            |                                              bd_0_hls_inst_0_Top_add_64ns_64ns_64_2_1_comb_adder_225 |        176 |        176 |       0 |    0 |     0 |      0 |      0 |    0 |          0 |
|           add_64ns_64ns_64_2_1_U1555                                                                      |                                                         bd_0_hls_inst_0_Top_add_64ns_64ns_64_2_1_214 |        192 |        192 |       0 |    0 |    97 |      0 |      0 |    0 |          0 |
|             (add_64ns_64ns_64_2_1_U1555)                                                                  |                                                         bd_0_hls_inst_0_Top_add_64ns_64ns_64_2_1_214 |         48 |         48 |       0 |    0 |    97 |      0 |      0 |    0 |          0 |
|             u1                                                                                            |                                                  bd_0_hls_inst_0_Top_add_64ns_64ns_64_2_1_comb_adder |         32 |         32 |       0 |    0 |     0 |      0 |      0 |    0 |          0 |
|             u2                                                                                            |                                              bd_0_hls_inst_0_Top_add_64ns_64ns_64_2_1_comb_adder_223 |        112 |        112 |       0 |    0 |     0 |      0 |      0 |    0 |          0 |
|           flow_control_loop_pipe_sequential_init_U                                                        |                                           bd_0_hls_inst_0_Top_flow_control_loop_pipe_sequential_init |          6 |          6 |       0 |    0 |     2 |      0 |      0 |    0 |          0 |
|           sparsemux_17_3_64_1_1_U1543                                                                     |                                                            bd_0_hls_inst_0_Top_sparsemux_17_3_64_1_1 |        128 |        128 |       0 |    0 |     0 |      0 |      0 |    0 |          0 |
|           sparsemux_17_3_64_1_1_U1544                                                                     |                                                        bd_0_hls_inst_0_Top_sparsemux_17_3_64_1_1_215 |        128 |        128 |       0 |    0 |     0 |      0 |      0 |    0 |          0 |
|           sparsemux_17_3_64_1_1_U1545                                                                     |                                                        bd_0_hls_inst_0_Top_sparsemux_17_3_64_1_1_216 |        128 |        128 |       0 |    0 |     0 |      0 |      0 |    0 |          0 |
|           sparsemux_17_3_64_1_1_U1547                                                                     |                                                        bd_0_hls_inst_0_Top_sparsemux_17_3_64_1_1_217 |        128 |        128 |       0 |    0 |     0 |      0 |      0 |    0 |          0 |
|           sparsemux_17_3_64_1_1_U1548                                                                     |                                                        bd_0_hls_inst_0_Top_sparsemux_17_3_64_1_1_218 |        128 |        128 |       0 |    0 |     0 |      0 |      0 |    0 |          0 |
|           sparsemux_17_3_64_1_1_U1549                                                                     |                                                        bd_0_hls_inst_0_Top_sparsemux_17_3_64_1_1_219 |        128 |        128 |       0 |    0 |     0 |      0 |      0 |    0 |          0 |
|           sparsemux_17_3_64_1_1_U1550                                                                     |                                                        bd_0_hls_inst_0_Top_sparsemux_17_3_64_1_1_220 |        128 |        128 |       0 |    0 |     0 |      0 |      0 |    0 |          0 |
|           sparsemux_17_3_64_1_1_U1551                                                                     |                                                        bd_0_hls_inst_0_Top_sparsemux_17_3_64_1_1_221 |        128 |        128 |       0 |    0 |     0 |      0 |      0 |    0 |          0 |
|           sparsemux_17_3_64_1_1_U1552                                                                     |                                                        bd_0_hls_inst_0_Top_sparsemux_17_3_64_1_1_222 |        128 |        128 |       0 |    0 |     0 |      0 |      0 |    0 |          0 |
|         in_w_U                                                                                            |                                                               bd_0_hls_inst_0_Top_in_w_RAM_AUTO_1R1W |         33 |          1 |      32 |    0 |    64 |      0 |      0 |    0 |          0 |
|         out_S_U                                                                                           |                                                            bd_0_hls_inst_0_Top_out_mod_RAM_AUTO_1R1W |         32 |          0 |      32 |    0 |    64 |      0 |      0 |    0 |          0 |
|         out_m_barrett_U                                                                                   |                                                         bd_0_hls_inst_0_Top_out_mod_RAM_AUTO_1R1W_18 |         32 |          0 |      32 |    0 |    64 |      0 |      0 |    0 |          0 |
|         out_mod_U                                                                                         |                                                         bd_0_hls_inst_0_Top_out_mod_RAM_AUTO_1R1W_19 |         32 |          0 |      32 |    0 |    64 |      0 |      0 |    0 |          0 |
|         p_ZL13poly_buffer_1_0_0_U                                                                         |                                         bd_0_hls_inst_0_Top_p_ZL13poly_buffer_1_0_0_RAM_2P_BRAM_1R1W |          1 |          1 |       0 |    0 |     0 |      1 |      0 |    0 |          0 |
|         p_ZL13poly_buffer_1_0_1_U                                                                         |                                      bd_0_hls_inst_0_Top_p_ZL13poly_buffer_1_0_0_RAM_2P_BRAM_1R1W_20 |          0 |          0 |       0 |    0 |     0 |      1 |      0 |    0 |          0 |
|         p_ZL13poly_buffer_1_0_2_U                                                                         |                                      bd_0_hls_inst_0_Top_p_ZL13poly_buffer_1_0_0_RAM_2P_BRAM_1R1W_21 |          0 |          0 |       0 |    0 |     0 |      1 |      0 |    0 |          0 |
|         p_ZL13poly_buffer_1_0_3_U                                                                         |                                      bd_0_hls_inst_0_Top_p_ZL13poly_buffer_1_0_0_RAM_2P_BRAM_1R1W_22 |          0 |          0 |       0 |    0 |     0 |      1 |      0 |    0 |          0 |
|         p_ZL13poly_buffer_1_0_4_U                                                                         |                                      bd_0_hls_inst_0_Top_p_ZL13poly_buffer_1_0_0_RAM_2P_BRAM_1R1W_23 |          2 |          2 |       0 |    0 |     0 |      1 |      0 |    0 |          0 |
|         p_ZL13poly_buffer_1_0_5_U                                                                         |                                      bd_0_hls_inst_0_Top_p_ZL13poly_buffer_1_0_0_RAM_2P_BRAM_1R1W_24 |          0 |          0 |       0 |    0 |     0 |      1 |      0 |    0 |          0 |
|         p_ZL13poly_buffer_1_0_6_U                                                                         |                                      bd_0_hls_inst_0_Top_p_ZL13poly_buffer_1_0_0_RAM_2P_BRAM_1R1W_25 |          1 |          1 |       0 |    0 |     0 |      1 |      0 |    0 |          0 |
|         p_ZL13poly_buffer_1_0_7_U                                                                         |                                      bd_0_hls_inst_0_Top_p_ZL13poly_buffer_1_0_0_RAM_2P_BRAM_1R1W_26 |          0 |          0 |       0 |    0 |     0 |      1 |      0 |    0 |          0 |
|         p_ZL13poly_buffer_1_1_0_U                                                                         |                                      bd_0_hls_inst_0_Top_p_ZL13poly_buffer_1_0_0_RAM_2P_BRAM_1R1W_27 |          1 |          1 |       0 |    0 |     0 |      1 |      0 |    0 |          0 |
|         p_ZL13poly_buffer_1_1_1_U                                                                         |                                      bd_0_hls_inst_0_Top_p_ZL13poly_buffer_1_0_0_RAM_2P_BRAM_1R1W_28 |          1 |          1 |       0 |    0 |     0 |      1 |      0 |    0 |          0 |
|         p_ZL13poly_buffer_1_1_2_U                                                                         |                                      bd_0_hls_inst_0_Top_p_ZL13poly_buffer_1_0_0_RAM_2P_BRAM_1R1W_29 |          0 |          0 |       0 |    0 |     0 |      1 |      0 |    0 |          0 |
|         p_ZL13poly_buffer_1_1_3_U                                                                         |                                      bd_0_hls_inst_0_Top_p_ZL13poly_buffer_1_0_0_RAM_2P_BRAM_1R1W_30 |          2 |          2 |       0 |    0 |     0 |      1 |      0 |    0 |          0 |
|         p_ZL13poly_buffer_1_1_4_U                                                                         |                                      bd_0_hls_inst_0_Top_p_ZL13poly_buffer_1_0_0_RAM_2P_BRAM_1R1W_31 |          0 |          0 |       0 |    0 |     0 |      1 |      0 |    0 |          0 |
|         p_ZL13poly_buffer_1_1_5_U                                                                         |                                      bd_0_hls_inst_0_Top_p_ZL13poly_buffer_1_0_0_RAM_2P_BRAM_1R1W_32 |          0 |          0 |       0 |    0 |     0 |      1 |      0 |    0 |          0 |
|         p_ZL13poly_buffer_1_1_6_U                                                                         |                                      bd_0_hls_inst_0_Top_p_ZL13poly_buffer_1_0_0_RAM_2P_BRAM_1R1W_33 |          0 |          0 |       0 |    0 |     0 |      1 |      0 |    0 |          0 |
|         p_ZL13poly_buffer_1_1_7_U                                                                         |                                      bd_0_hls_inst_0_Top_p_ZL13poly_buffer_1_0_0_RAM_2P_BRAM_1R1W_34 |          0 |          0 |       0 |    0 |     0 |      1 |      0 |    0 |          0 |
|         p_ZL13poly_buffer_1_2_0_U                                                                         |                                      bd_0_hls_inst_0_Top_p_ZL13poly_buffer_1_0_0_RAM_2P_BRAM_1R1W_35 |          1 |          1 |       0 |    0 |     0 |      1 |      0 |    0 |          0 |
|         p_ZL13poly_buffer_1_2_1_U                                                                         |                                      bd_0_hls_inst_0_Top_p_ZL13poly_buffer_1_0_0_RAM_2P_BRAM_1R1W_36 |          0 |          0 |       0 |    0 |     0 |      1 |      0 |    0 |          0 |
|         p_ZL13poly_buffer_1_2_2_U                                                                         |                                      bd_0_hls_inst_0_Top_p_ZL13poly_buffer_1_0_0_RAM_2P_BRAM_1R1W_37 |          0 |          0 |       0 |    0 |     0 |      1 |      0 |    0 |          0 |
|         p_ZL13poly_buffer_1_2_3_U                                                                         |                                      bd_0_hls_inst_0_Top_p_ZL13poly_buffer_1_0_0_RAM_2P_BRAM_1R1W_38 |          0 |          0 |       0 |    0 |     0 |      1 |      0 |    0 |          0 |
|         p_ZL13poly_buffer_1_2_4_U                                                                         |                                      bd_0_hls_inst_0_Top_p_ZL13poly_buffer_1_0_0_RAM_2P_BRAM_1R1W_39 |          0 |          0 |       0 |    0 |     0 |      1 |      0 |    0 |          0 |
|         p_ZL13poly_buffer_1_2_5_U                                                                         |                                      bd_0_hls_inst_0_Top_p_ZL13poly_buffer_1_0_0_RAM_2P_BRAM_1R1W_40 |          0 |          0 |       0 |    0 |     0 |      1 |      0 |    0 |          0 |
|         p_ZL13poly_buffer_1_2_6_U                                                                         |                                      bd_0_hls_inst_0_Top_p_ZL13poly_buffer_1_0_0_RAM_2P_BRAM_1R1W_41 |          0 |          0 |       0 |    0 |     0 |      1 |      0 |    0 |          0 |
|         p_ZL13poly_buffer_1_2_7_U                                                                         |                                      bd_0_hls_inst_0_Top_p_ZL13poly_buffer_1_0_0_RAM_2P_BRAM_1R1W_42 |          0 |          0 |       0 |    0 |     0 |      1 |      0 |    0 |          0 |
|         p_ZL13poly_buffer_1_3_0_U                                                                         |                                      bd_0_hls_inst_0_Top_p_ZL13poly_buffer_1_0_0_RAM_2P_BRAM_1R1W_43 |          1 |          1 |       0 |    0 |     0 |      1 |      0 |    0 |          0 |
|         p_ZL13poly_buffer_1_3_1_U                                                                         |                                      bd_0_hls_inst_0_Top_p_ZL13poly_buffer_1_0_0_RAM_2P_BRAM_1R1W_44 |          0 |          0 |       0 |    0 |     0 |      1 |      0 |    0 |          0 |
|         p_ZL13poly_buffer_1_3_2_U                                                                         |                                      bd_0_hls_inst_0_Top_p_ZL13poly_buffer_1_0_0_RAM_2P_BRAM_1R1W_45 |          0 |          0 |       0 |    0 |     0 |      1 |      0 |    0 |          0 |
|         p_ZL13poly_buffer_1_3_3_U                                                                         |                                      bd_0_hls_inst_0_Top_p_ZL13poly_buffer_1_0_0_RAM_2P_BRAM_1R1W_46 |          0 |          0 |       0 |    0 |     0 |      1 |      0 |    0 |          0 |
|         p_ZL13poly_buffer_1_3_4_U                                                                         |                                      bd_0_hls_inst_0_Top_p_ZL13poly_buffer_1_0_0_RAM_2P_BRAM_1R1W_47 |          0 |          0 |       0 |    0 |     0 |      1 |      0 |    0 |          0 |
|         p_ZL13poly_buffer_1_3_5_U                                                                         |                                      bd_0_hls_inst_0_Top_p_ZL13poly_buffer_1_0_0_RAM_2P_BRAM_1R1W_48 |          2 |          2 |       0 |    0 |     0 |      1 |      0 |    0 |          0 |
|         p_ZL13poly_buffer_1_3_6_U                                                                         |                                      bd_0_hls_inst_0_Top_p_ZL13poly_buffer_1_0_0_RAM_2P_BRAM_1R1W_49 |          0 |          0 |       0 |    0 |     0 |      1 |      0 |    0 |          0 |
|         p_ZL13poly_buffer_1_3_7_U                                                                         |                                      bd_0_hls_inst_0_Top_p_ZL13poly_buffer_1_0_0_RAM_2P_BRAM_1R1W_50 |          0 |          0 |       0 |    0 |     0 |      1 |      0 |    0 |          0 |
|         p_ZL13poly_buffer_1_4_0_U                                                                         |                                      bd_0_hls_inst_0_Top_p_ZL13poly_buffer_1_0_0_RAM_2P_BRAM_1R1W_51 |          1 |          1 |       0 |    0 |     0 |      1 |      0 |    0 |          0 |
|         p_ZL13poly_buffer_1_4_1_U                                                                         |                                      bd_0_hls_inst_0_Top_p_ZL13poly_buffer_1_0_0_RAM_2P_BRAM_1R1W_52 |          4 |          4 |       0 |    0 |     0 |      1 |      0 |    0 |          0 |
|         p_ZL13poly_buffer_1_4_2_U                                                                         |                                      bd_0_hls_inst_0_Top_p_ZL13poly_buffer_1_0_0_RAM_2P_BRAM_1R1W_53 |          0 |          0 |       0 |    0 |     0 |      1 |      0 |    0 |          0 |
|         p_ZL13poly_buffer_1_4_3_U                                                                         |                                      bd_0_hls_inst_0_Top_p_ZL13poly_buffer_1_0_0_RAM_2P_BRAM_1R1W_54 |          1 |          1 |       0 |    0 |     0 |      1 |      0 |    0 |          0 |
|         p_ZL13poly_buffer_1_4_4_U                                                                         |                                      bd_0_hls_inst_0_Top_p_ZL13poly_buffer_1_0_0_RAM_2P_BRAM_1R1W_55 |          2 |          2 |       0 |    0 |     0 |      1 |      0 |    0 |          0 |
|         p_ZL13poly_buffer_1_4_5_U                                                                         |                                      bd_0_hls_inst_0_Top_p_ZL13poly_buffer_1_0_0_RAM_2P_BRAM_1R1W_56 |          0 |          0 |       0 |    0 |     0 |      1 |      0 |    0 |          0 |
|         p_ZL13poly_buffer_1_4_6_U                                                                         |                                      bd_0_hls_inst_0_Top_p_ZL13poly_buffer_1_0_0_RAM_2P_BRAM_1R1W_57 |          0 |          0 |       0 |    0 |     0 |      1 |      0 |    0 |          0 |
|         p_ZL13poly_buffer_1_4_7_U                                                                         |                                      bd_0_hls_inst_0_Top_p_ZL13poly_buffer_1_0_0_RAM_2P_BRAM_1R1W_58 |          0 |          0 |       0 |    0 |     0 |      1 |      0 |    0 |          0 |
|         p_ZL13poly_buffer_1_5_0_U                                                                         |                                      bd_0_hls_inst_0_Top_p_ZL13poly_buffer_1_0_0_RAM_2P_BRAM_1R1W_59 |          3 |          3 |       0 |    0 |     0 |      1 |      0 |    0 |          0 |
|         p_ZL13poly_buffer_1_5_1_U                                                                         |                                      bd_0_hls_inst_0_Top_p_ZL13poly_buffer_1_0_0_RAM_2P_BRAM_1R1W_60 |          3 |          3 |       0 |    0 |     0 |      1 |      0 |    0 |          0 |
|         p_ZL13poly_buffer_1_5_2_U                                                                         |                                      bd_0_hls_inst_0_Top_p_ZL13poly_buffer_1_0_0_RAM_2P_BRAM_1R1W_61 |          0 |          0 |       0 |    0 |     0 |      1 |      0 |    0 |          0 |
|         p_ZL13poly_buffer_1_5_3_U                                                                         |                                      bd_0_hls_inst_0_Top_p_ZL13poly_buffer_1_0_0_RAM_2P_BRAM_1R1W_62 |          0 |          0 |       0 |    0 |     0 |      1 |      0 |    0 |          0 |
|         p_ZL13poly_buffer_1_5_4_U                                                                         |                                      bd_0_hls_inst_0_Top_p_ZL13poly_buffer_1_0_0_RAM_2P_BRAM_1R1W_63 |          0 |          0 |       0 |    0 |     0 |      1 |      0 |    0 |          0 |
|         p_ZL13poly_buffer_1_5_5_U                                                                         |                                      bd_0_hls_inst_0_Top_p_ZL13poly_buffer_1_0_0_RAM_2P_BRAM_1R1W_64 |          0 |          0 |       0 |    0 |     0 |      1 |      0 |    0 |          0 |
|         p_ZL13poly_buffer_1_5_6_U                                                                         |                                      bd_0_hls_inst_0_Top_p_ZL13poly_buffer_1_0_0_RAM_2P_BRAM_1R1W_65 |          0 |          0 |       0 |    0 |     0 |      1 |      0 |    0 |          0 |
|         p_ZL13poly_buffer_1_5_7_U                                                                         |                                      bd_0_hls_inst_0_Top_p_ZL13poly_buffer_1_0_0_RAM_2P_BRAM_1R1W_66 |          0 |          0 |       0 |    0 |     0 |      1 |      0 |    0 |          0 |
|         p_ZL13poly_buffer_1_6_0_U                                                                         |                                      bd_0_hls_inst_0_Top_p_ZL13poly_buffer_1_0_0_RAM_2P_BRAM_1R1W_67 |          2 |          2 |       0 |    0 |     0 |      1 |      0 |    0 |          0 |
|         p_ZL13poly_buffer_1_6_1_U                                                                         |                                      bd_0_hls_inst_0_Top_p_ZL13poly_buffer_1_0_0_RAM_2P_BRAM_1R1W_68 |          1 |          1 |       0 |    0 |     0 |      1 |      0 |    0 |          0 |
|         p_ZL13poly_buffer_1_6_2_U                                                                         |                                      bd_0_hls_inst_0_Top_p_ZL13poly_buffer_1_0_0_RAM_2P_BRAM_1R1W_69 |          0 |          0 |       0 |    0 |     0 |      1 |      0 |    0 |          0 |
|         p_ZL13poly_buffer_1_6_3_U                                                                         |                                      bd_0_hls_inst_0_Top_p_ZL13poly_buffer_1_0_0_RAM_2P_BRAM_1R1W_70 |          1 |          1 |       0 |    0 |     0 |      1 |      0 |    0 |          0 |
|         p_ZL13poly_buffer_1_6_4_U                                                                         |                                      bd_0_hls_inst_0_Top_p_ZL13poly_buffer_1_0_0_RAM_2P_BRAM_1R1W_71 |          0 |          0 |       0 |    0 |     0 |      1 |      0 |    0 |          0 |
|         p_ZL13poly_buffer_1_6_5_U                                                                         |                                      bd_0_hls_inst_0_Top_p_ZL13poly_buffer_1_0_0_RAM_2P_BRAM_1R1W_72 |          1 |          1 |       0 |    0 |     0 |      1 |      0 |    0 |          0 |
|         p_ZL13poly_buffer_1_6_6_U                                                                         |                                      bd_0_hls_inst_0_Top_p_ZL13poly_buffer_1_0_0_RAM_2P_BRAM_1R1W_73 |          0 |          0 |       0 |    0 |     0 |      1 |      0 |    0 |          0 |
|         p_ZL13poly_buffer_1_6_7_U                                                                         |                                      bd_0_hls_inst_0_Top_p_ZL13poly_buffer_1_0_0_RAM_2P_BRAM_1R1W_74 |          2 |          2 |       0 |    0 |     0 |      1 |      0 |    0 |          0 |
|         p_ZL13poly_buffer_1_7_0_U                                                                         |                                      bd_0_hls_inst_0_Top_p_ZL13poly_buffer_1_0_0_RAM_2P_BRAM_1R1W_75 |          0 |          0 |       0 |    0 |     0 |      1 |      0 |    0 |          0 |
|         p_ZL13poly_buffer_1_7_1_U                                                                         |                                      bd_0_hls_inst_0_Top_p_ZL13poly_buffer_1_0_0_RAM_2P_BRAM_1R1W_76 |          0 |          0 |       0 |    0 |     0 |      1 |      0 |    0 |          0 |
|         p_ZL13poly_buffer_1_7_2_U                                                                         |                                      bd_0_hls_inst_0_Top_p_ZL13poly_buffer_1_0_0_RAM_2P_BRAM_1R1W_77 |          0 |          0 |       0 |    0 |     0 |      1 |      0 |    0 |          0 |
|         p_ZL13poly_buffer_1_7_3_U                                                                         |                                      bd_0_hls_inst_0_Top_p_ZL13poly_buffer_1_0_0_RAM_2P_BRAM_1R1W_78 |          0 |          0 |       0 |    0 |     0 |      1 |      0 |    0 |          0 |
|         p_ZL13poly_buffer_1_7_4_U                                                                         |                                      bd_0_hls_inst_0_Top_p_ZL13poly_buffer_1_0_0_RAM_2P_BRAM_1R1W_79 |          0 |          0 |       0 |    0 |     0 |      1 |      0 |    0 |          0 |
|         p_ZL13poly_buffer_1_7_5_U                                                                         |                                      bd_0_hls_inst_0_Top_p_ZL13poly_buffer_1_0_0_RAM_2P_BRAM_1R1W_80 |          0 |          0 |       0 |    0 |     0 |      1 |      0 |    0 |          0 |
|         p_ZL13poly_buffer_1_7_6_U                                                                         |                                      bd_0_hls_inst_0_Top_p_ZL13poly_buffer_1_0_0_RAM_2P_BRAM_1R1W_81 |          0 |          0 |       0 |    0 |     0 |      1 |      0 |    0 |          0 |
|         p_ZL13poly_buffer_1_7_7_U                                                                         |                                      bd_0_hls_inst_0_Top_p_ZL13poly_buffer_1_0_0_RAM_2P_BRAM_1R1W_82 |          0 |          0 |       0 |    0 |     0 |      1 |      0 |    0 |          0 |
|         p_ZL13poly_buffer_2_0_U                                                                           |                                           bd_0_hls_inst_0_Top_p_ZL13poly_buffer_2_0_RAM_2P_BRAM_1R1W |         71 |         71 |       0 |    0 |     0 |     14 |      1 |    0 |          0 |
|         p_ZL13poly_buffer_2_1_U                                                                           |                                        bd_0_hls_inst_0_Top_p_ZL13poly_buffer_2_0_RAM_2P_BRAM_1R1W_83 |         72 |         72 |       0 |    0 |     0 |     14 |      1 |    0 |          0 |
|         p_ZL13poly_buffer_2_2_U                                                                           |                                        bd_0_hls_inst_0_Top_p_ZL13poly_buffer_2_0_RAM_2P_BRAM_1R1W_84 |         76 |         76 |       0 |    0 |     0 |     16 |      0 |    0 |          0 |
|         p_ZL13poly_buffer_2_3_U                                                                           |                                        bd_0_hls_inst_0_Top_p_ZL13poly_buffer_2_0_RAM_2P_BRAM_1R1W_85 |         72 |         72 |       0 |    0 |     0 |     14 |      1 |    0 |          0 |
|         p_ZL13result_buffer_0_0_U                                                                         |                                         bd_0_hls_inst_0_Top_p_ZL13result_buffer_0_0_RAM_2P_BRAM_1R1W |          7 |          7 |       0 |    0 |     0 |      2 |      0 |    0 |          0 |
|         p_ZL13result_buffer_0_1_U                                                                         |                                      bd_0_hls_inst_0_Top_p_ZL13result_buffer_0_0_RAM_2P_BRAM_1R1W_86 |          0 |          0 |       0 |    0 |     0 |      2 |      0 |    0 |          0 |
|         p_ZL13result_buffer_0_2_U                                                                         |                                      bd_0_hls_inst_0_Top_p_ZL13result_buffer_0_0_RAM_2P_BRAM_1R1W_87 |          0 |          0 |       0 |    0 |     0 |      2 |      0 |    0 |          0 |
|         p_ZL13result_buffer_0_3_U                                                                         |                                      bd_0_hls_inst_0_Top_p_ZL13result_buffer_0_0_RAM_2P_BRAM_1R1W_88 |          0 |          0 |       0 |    0 |     0 |      2 |      0 |    0 |          0 |
|         p_ZL13result_buffer_0_4_U                                                                         |                                      bd_0_hls_inst_0_Top_p_ZL13result_buffer_0_0_RAM_2P_BRAM_1R1W_89 |          0 |          0 |       0 |    0 |     0 |      2 |      0 |    0 |          0 |
|         p_ZL13result_buffer_0_5_U                                                                         |                                      bd_0_hls_inst_0_Top_p_ZL13result_buffer_0_0_RAM_2P_BRAM_1R1W_90 |          0 |          0 |       0 |    0 |     0 |      2 |      0 |    0 |          0 |
|         p_ZL13result_buffer_0_6_U                                                                         |                                      bd_0_hls_inst_0_Top_p_ZL13result_buffer_0_0_RAM_2P_BRAM_1R1W_91 |          0 |          0 |       0 |    0 |     0 |      2 |      0 |    0 |          0 |
|         p_ZL13result_buffer_0_7_U                                                                         |                                      bd_0_hls_inst_0_Top_p_ZL13result_buffer_0_0_RAM_2P_BRAM_1R1W_92 |          1 |          1 |       0 |    0 |     0 |      2 |      0 |    0 |          0 |
|         p_ZL13result_buffer_1_0_U                                                                         |                                      bd_0_hls_inst_0_Top_p_ZL13result_buffer_0_0_RAM_2P_BRAM_1R1W_93 |          5 |          5 |       0 |    0 |     0 |      2 |      0 |    0 |          0 |
|         p_ZL13result_buffer_1_1_U                                                                         |                                      bd_0_hls_inst_0_Top_p_ZL13result_buffer_0_0_RAM_2P_BRAM_1R1W_94 |          0 |          0 |       0 |    0 |     0 |      2 |      0 |    0 |          0 |
|         p_ZL13result_buffer_1_2_U                                                                         |                                      bd_0_hls_inst_0_Top_p_ZL13result_buffer_0_0_RAM_2P_BRAM_1R1W_95 |          0 |          0 |       0 |    0 |     0 |      2 |      0 |    0 |          0 |
|         p_ZL13result_buffer_1_3_U                                                                         |                                      bd_0_hls_inst_0_Top_p_ZL13result_buffer_0_0_RAM_2P_BRAM_1R1W_96 |          0 |          0 |       0 |    0 |     0 |      2 |      0 |    0 |          0 |
|         p_ZL13result_buffer_1_4_U                                                                         |                                      bd_0_hls_inst_0_Top_p_ZL13result_buffer_0_0_RAM_2P_BRAM_1R1W_97 |          6 |          6 |       0 |    0 |     0 |      2 |      0 |    0 |          0 |
|         p_ZL13result_buffer_1_5_U                                                                         |                                      bd_0_hls_inst_0_Top_p_ZL13result_buffer_0_0_RAM_2P_BRAM_1R1W_98 |          0 |          0 |       0 |    0 |     0 |      2 |      0 |    0 |          0 |
|         p_ZL13result_buffer_1_6_U                                                                         |                                      bd_0_hls_inst_0_Top_p_ZL13result_buffer_0_0_RAM_2P_BRAM_1R1W_99 |          0 |          0 |       0 |    0 |     0 |      2 |      0 |    0 |          0 |
|         p_ZL13result_buffer_1_7_U                                                                         |                                     bd_0_hls_inst_0_Top_p_ZL13result_buffer_0_0_RAM_2P_BRAM_1R1W_100 |          1 |          1 |       0 |    0 |     0 |      2 |      0 |    0 |          0 |
|         p_ZL13result_buffer_2_0_U                                                                         |                                     bd_0_hls_inst_0_Top_p_ZL13result_buffer_0_0_RAM_2P_BRAM_1R1W_101 |          0 |          0 |       0 |    0 |     0 |      2 |      0 |    0 |          0 |
|         p_ZL13result_buffer_2_1_U                                                                         |                                     bd_0_hls_inst_0_Top_p_ZL13result_buffer_0_0_RAM_2P_BRAM_1R1W_102 |          0 |          0 |       0 |    0 |     0 |      2 |      0 |    0 |          0 |
|         p_ZL13result_buffer_2_2_U                                                                         |                                     bd_0_hls_inst_0_Top_p_ZL13result_buffer_0_0_RAM_2P_BRAM_1R1W_103 |          0 |          0 |       0 |    0 |     0 |      2 |      0 |    0 |          0 |
|         p_ZL13result_buffer_2_3_U                                                                         |                                     bd_0_hls_inst_0_Top_p_ZL13result_buffer_0_0_RAM_2P_BRAM_1R1W_104 |          3 |          3 |       0 |    0 |     0 |      2 |      0 |    0 |          0 |
|         p_ZL13result_buffer_2_4_U                                                                         |                                     bd_0_hls_inst_0_Top_p_ZL13result_buffer_0_0_RAM_2P_BRAM_1R1W_105 |          6 |          6 |       0 |    0 |     0 |      2 |      0 |    0 |          0 |
|         p_ZL13result_buffer_2_5_U                                                                         |                                     bd_0_hls_inst_0_Top_p_ZL13result_buffer_0_0_RAM_2P_BRAM_1R1W_106 |          5 |          5 |       0 |    0 |     0 |      2 |      0 |    0 |          0 |
|         p_ZL13result_buffer_2_6_U                                                                         |                                     bd_0_hls_inst_0_Top_p_ZL13result_buffer_0_0_RAM_2P_BRAM_1R1W_107 |          1 |          1 |       0 |    0 |     0 |      2 |      0 |    0 |          0 |
|         p_ZL13result_buffer_2_7_U                                                                         |                                     bd_0_hls_inst_0_Top_p_ZL13result_buffer_0_0_RAM_2P_BRAM_1R1W_108 |          2 |          2 |       0 |    0 |     0 |      2 |      0 |    0 |          0 |
|         p_ZL13result_buffer_3_0_U                                                                         |                                     bd_0_hls_inst_0_Top_p_ZL13result_buffer_0_0_RAM_2P_BRAM_1R1W_109 |          8 |          8 |       0 |    0 |     0 |      2 |      0 |    0 |          0 |
|         p_ZL13result_buffer_3_1_U                                                                         |                                     bd_0_hls_inst_0_Top_p_ZL13result_buffer_0_0_RAM_2P_BRAM_1R1W_110 |          1 |          1 |       0 |    0 |     0 |      2 |      0 |    0 |          0 |
|         p_ZL13result_buffer_3_2_U                                                                         |                                     bd_0_hls_inst_0_Top_p_ZL13result_buffer_0_0_RAM_2P_BRAM_1R1W_111 |          0 |          0 |       0 |    0 |     0 |      2 |      0 |    0 |          0 |
|         p_ZL13result_buffer_3_3_U                                                                         |                                     bd_0_hls_inst_0_Top_p_ZL13result_buffer_0_0_RAM_2P_BRAM_1R1W_112 |          1 |          1 |       0 |    0 |     0 |      2 |      0 |    0 |          0 |
|         p_ZL13result_buffer_3_4_U                                                                         |                                     bd_0_hls_inst_0_Top_p_ZL13result_buffer_0_0_RAM_2P_BRAM_1R1W_113 |          2 |          2 |       0 |    0 |     0 |      2 |      0 |    0 |          0 |
|         p_ZL13result_buffer_3_5_U                                                                         |                                     bd_0_hls_inst_0_Top_p_ZL13result_buffer_0_0_RAM_2P_BRAM_1R1W_114 |          0 |          0 |       0 |    0 |     0 |      2 |      0 |    0 |          0 |
|         p_ZL13result_buffer_3_6_U                                                                         |                                     bd_0_hls_inst_0_Top_p_ZL13result_buffer_0_0_RAM_2P_BRAM_1R1W_115 |          0 |          0 |       0 |    0 |     0 |      2 |      0 |    0 |          0 |
|         p_ZL13result_buffer_3_7_U                                                                         |                                     bd_0_hls_inst_0_Top_p_ZL13result_buffer_0_0_RAM_2P_BRAM_1R1W_116 |          4 |          4 |       0 |    0 |     0 |      2 |      0 |    0 |          0 |
|         p_ZL16NTTTwiddleFactor_0_0_U                                                                      |                                      bd_0_hls_inst_0_Top_p_ZL16NTTTwiddleFactor_0_0_RAM_2P_URAM_1R1W |          0 |          0 |       0 |    0 |     0 |      0 |      0 |    1 |          0 |
|         p_ZL16NTTTwiddleFactor_0_1_U                                                                      |                                  bd_0_hls_inst_0_Top_p_ZL16NTTTwiddleFactor_0_0_RAM_2P_URAM_1R1W_117 |          0 |          0 |       0 |    0 |     0 |      0 |      0 |    1 |          0 |
|         p_ZL16NTTTwiddleFactor_0_2_U                                                                      |                                  bd_0_hls_inst_0_Top_p_ZL16NTTTwiddleFactor_0_0_RAM_2P_URAM_1R1W_118 |          0 |          0 |       0 |    0 |     0 |      0 |      0 |    1 |          0 |
|         p_ZL16NTTTwiddleFactor_0_3_U                                                                      |                                  bd_0_hls_inst_0_Top_p_ZL16NTTTwiddleFactor_0_0_RAM_2P_URAM_1R1W_119 |          0 |          0 |       0 |    0 |     0 |      0 |      0 |    1 |          0 |
|         p_ZL16NTTTwiddleFactor_10_0_U                                                                     |                                  bd_0_hls_inst_0_Top_p_ZL16NTTTwiddleFactor_0_0_RAM_2P_URAM_1R1W_120 |          0 |          0 |       0 |    0 |     0 |      0 |      0 |    1 |          0 |
|         p_ZL16NTTTwiddleFactor_10_1_U                                                                     |                                  bd_0_hls_inst_0_Top_p_ZL16NTTTwiddleFactor_0_0_RAM_2P_URAM_1R1W_121 |          0 |          0 |       0 |    0 |     0 |      0 |      0 |    1 |          0 |
|         p_ZL16NTTTwiddleFactor_10_2_U                                                                     |                                  bd_0_hls_inst_0_Top_p_ZL16NTTTwiddleFactor_0_0_RAM_2P_URAM_1R1W_122 |          0 |          0 |       0 |    0 |     0 |      0 |      0 |    1 |          0 |
|         p_ZL16NTTTwiddleFactor_10_3_U                                                                     |                                  bd_0_hls_inst_0_Top_p_ZL16NTTTwiddleFactor_0_0_RAM_2P_URAM_1R1W_123 |          0 |          0 |       0 |    0 |     0 |      0 |      0 |    1 |          0 |
|         p_ZL16NTTTwiddleFactor_11_0_U                                                                     |                                  bd_0_hls_inst_0_Top_p_ZL16NTTTwiddleFactor_0_0_RAM_2P_URAM_1R1W_124 |          0 |          0 |       0 |    0 |     0 |      0 |      0 |    1 |          0 |
|         p_ZL16NTTTwiddleFactor_11_1_U                                                                     |                                  bd_0_hls_inst_0_Top_p_ZL16NTTTwiddleFactor_0_0_RAM_2P_URAM_1R1W_125 |          0 |          0 |       0 |    0 |     0 |      0 |      0 |    1 |          0 |
|         p_ZL16NTTTwiddleFactor_11_2_U                                                                     |                                  bd_0_hls_inst_0_Top_p_ZL16NTTTwiddleFactor_0_0_RAM_2P_URAM_1R1W_126 |          0 |          0 |       0 |    0 |     0 |      0 |      0 |    1 |          0 |
|         p_ZL16NTTTwiddleFactor_11_3_U                                                                     |                                  bd_0_hls_inst_0_Top_p_ZL16NTTTwiddleFactor_0_0_RAM_2P_URAM_1R1W_127 |          0 |          0 |       0 |    0 |     0 |      0 |      0 |    1 |          0 |
|         p_ZL16NTTTwiddleFactor_1_0_U                                                                      |                                  bd_0_hls_inst_0_Top_p_ZL16NTTTwiddleFactor_0_0_RAM_2P_URAM_1R1W_128 |          0 |          0 |       0 |    0 |     0 |      0 |      0 |    1 |          0 |
|         p_ZL16NTTTwiddleFactor_1_1_U                                                                      |                                  bd_0_hls_inst_0_Top_p_ZL16NTTTwiddleFactor_0_0_RAM_2P_URAM_1R1W_129 |          0 |          0 |       0 |    0 |     0 |      0 |      0 |    1 |          0 |
|         p_ZL16NTTTwiddleFactor_1_2_U                                                                      |                                  bd_0_hls_inst_0_Top_p_ZL16NTTTwiddleFactor_0_0_RAM_2P_URAM_1R1W_130 |          0 |          0 |       0 |    0 |     0 |      0 |      0 |    1 |          0 |
|         p_ZL16NTTTwiddleFactor_1_3_U                                                                      |                                  bd_0_hls_inst_0_Top_p_ZL16NTTTwiddleFactor_0_0_RAM_2P_URAM_1R1W_131 |          0 |          0 |       0 |    0 |     0 |      0 |      0 |    1 |          0 |
|         p_ZL16NTTTwiddleFactor_2_0_U                                                                      |                                  bd_0_hls_inst_0_Top_p_ZL16NTTTwiddleFactor_0_0_RAM_2P_URAM_1R1W_132 |          0 |          0 |       0 |    0 |     0 |      0 |      0 |    1 |          0 |
|         p_ZL16NTTTwiddleFactor_2_1_U                                                                      |                                  bd_0_hls_inst_0_Top_p_ZL16NTTTwiddleFactor_0_0_RAM_2P_URAM_1R1W_133 |          0 |          0 |       0 |    0 |     0 |      0 |      0 |    1 |          0 |
|         p_ZL16NTTTwiddleFactor_2_2_U                                                                      |                                  bd_0_hls_inst_0_Top_p_ZL16NTTTwiddleFactor_0_0_RAM_2P_URAM_1R1W_134 |          0 |          0 |       0 |    0 |     0 |      0 |      0 |    1 |          0 |
|         p_ZL16NTTTwiddleFactor_2_3_U                                                                      |                                  bd_0_hls_inst_0_Top_p_ZL16NTTTwiddleFactor_0_0_RAM_2P_URAM_1R1W_135 |          0 |          0 |       0 |    0 |     0 |      0 |      0 |    1 |          0 |
|         p_ZL16NTTTwiddleFactor_3_0_U                                                                      |                                  bd_0_hls_inst_0_Top_p_ZL16NTTTwiddleFactor_0_0_RAM_2P_URAM_1R1W_136 |          0 |          0 |       0 |    0 |     0 |      0 |      0 |    1 |          0 |
|         p_ZL16NTTTwiddleFactor_3_1_U                                                                      |                                  bd_0_hls_inst_0_Top_p_ZL16NTTTwiddleFactor_0_0_RAM_2P_URAM_1R1W_137 |          0 |          0 |       0 |    0 |     0 |      0 |      0 |    1 |          0 |
|         p_ZL16NTTTwiddleFactor_3_2_U                                                                      |                                  bd_0_hls_inst_0_Top_p_ZL16NTTTwiddleFactor_0_0_RAM_2P_URAM_1R1W_138 |          0 |          0 |       0 |    0 |     0 |      0 |      0 |    1 |          0 |
|         p_ZL16NTTTwiddleFactor_3_3_U                                                                      |                                  bd_0_hls_inst_0_Top_p_ZL16NTTTwiddleFactor_0_0_RAM_2P_URAM_1R1W_139 |          0 |          0 |       0 |    0 |     0 |      0 |      0 |    1 |          0 |
|         p_ZL16NTTTwiddleFactor_4_0_U                                                                      |                                  bd_0_hls_inst_0_Top_p_ZL16NTTTwiddleFactor_0_0_RAM_2P_URAM_1R1W_140 |          0 |          0 |       0 |    0 |     0 |      0 |      0 |    1 |          0 |
|         p_ZL16NTTTwiddleFactor_4_1_U                                                                      |                                  bd_0_hls_inst_0_Top_p_ZL16NTTTwiddleFactor_0_0_RAM_2P_URAM_1R1W_141 |          0 |          0 |       0 |    0 |     0 |      0 |      0 |    1 |          0 |
|         p_ZL16NTTTwiddleFactor_4_2_U                                                                      |                                  bd_0_hls_inst_0_Top_p_ZL16NTTTwiddleFactor_0_0_RAM_2P_URAM_1R1W_142 |          0 |          0 |       0 |    0 |     0 |      0 |      0 |    1 |          0 |
|         p_ZL16NTTTwiddleFactor_4_3_U                                                                      |                                  bd_0_hls_inst_0_Top_p_ZL16NTTTwiddleFactor_0_0_RAM_2P_URAM_1R1W_143 |          0 |          0 |       0 |    0 |     0 |      0 |      0 |    1 |          0 |
|         p_ZL16NTTTwiddleFactor_5_0_U                                                                      |                                  bd_0_hls_inst_0_Top_p_ZL16NTTTwiddleFactor_0_0_RAM_2P_URAM_1R1W_144 |          0 |          0 |       0 |    0 |     0 |      0 |      0 |    1 |          0 |
|         p_ZL16NTTTwiddleFactor_5_1_U                                                                      |                                  bd_0_hls_inst_0_Top_p_ZL16NTTTwiddleFactor_0_0_RAM_2P_URAM_1R1W_145 |          0 |          0 |       0 |    0 |     0 |      0 |      0 |    1 |          0 |
|         p_ZL16NTTTwiddleFactor_5_2_U                                                                      |                                  bd_0_hls_inst_0_Top_p_ZL16NTTTwiddleFactor_0_0_RAM_2P_URAM_1R1W_146 |          0 |          0 |       0 |    0 |     0 |      0 |      0 |    1 |          0 |
|         p_ZL16NTTTwiddleFactor_5_3_U                                                                      |                                  bd_0_hls_inst_0_Top_p_ZL16NTTTwiddleFactor_0_0_RAM_2P_URAM_1R1W_147 |          0 |          0 |       0 |    0 |     0 |      0 |      0 |    1 |          0 |
|         p_ZL16NTTTwiddleFactor_6_0_U                                                                      |                                  bd_0_hls_inst_0_Top_p_ZL16NTTTwiddleFactor_0_0_RAM_2P_URAM_1R1W_148 |          0 |          0 |       0 |    0 |     0 |      0 |      0 |    1 |          0 |
|         p_ZL16NTTTwiddleFactor_6_1_U                                                                      |                                  bd_0_hls_inst_0_Top_p_ZL16NTTTwiddleFactor_0_0_RAM_2P_URAM_1R1W_149 |          0 |          0 |       0 |    0 |     0 |      0 |      0 |    1 |          0 |
|         p_ZL16NTTTwiddleFactor_6_2_U                                                                      |                                  bd_0_hls_inst_0_Top_p_ZL16NTTTwiddleFactor_0_0_RAM_2P_URAM_1R1W_150 |          0 |          0 |       0 |    0 |     0 |      0 |      0 |    1 |          0 |
|         p_ZL16NTTTwiddleFactor_6_3_U                                                                      |                                  bd_0_hls_inst_0_Top_p_ZL16NTTTwiddleFactor_0_0_RAM_2P_URAM_1R1W_151 |          0 |          0 |       0 |    0 |     0 |      0 |      0 |    1 |          0 |
|         p_ZL16NTTTwiddleFactor_7_0_U                                                                      |                                  bd_0_hls_inst_0_Top_p_ZL16NTTTwiddleFactor_0_0_RAM_2P_URAM_1R1W_152 |          0 |          0 |       0 |    0 |     0 |      0 |      0 |    1 |          0 |
|         p_ZL16NTTTwiddleFactor_7_1_U                                                                      |                                  bd_0_hls_inst_0_Top_p_ZL16NTTTwiddleFactor_0_0_RAM_2P_URAM_1R1W_153 |          0 |          0 |       0 |    0 |     0 |      0 |      0 |    1 |          0 |
|         p_ZL16NTTTwiddleFactor_7_2_U                                                                      |                                  bd_0_hls_inst_0_Top_p_ZL16NTTTwiddleFactor_0_0_RAM_2P_URAM_1R1W_154 |          0 |          0 |       0 |    0 |     0 |      0 |      0 |    1 |          0 |
|         p_ZL16NTTTwiddleFactor_7_3_U                                                                      |                                  bd_0_hls_inst_0_Top_p_ZL16NTTTwiddleFactor_0_0_RAM_2P_URAM_1R1W_155 |          0 |          0 |       0 |    0 |     0 |      0 |      0 |    1 |          0 |
|         p_ZL16NTTTwiddleFactor_8_0_U                                                                      |                                  bd_0_hls_inst_0_Top_p_ZL16NTTTwiddleFactor_0_0_RAM_2P_URAM_1R1W_156 |          0 |          0 |       0 |    0 |     0 |      0 |      0 |    1 |          0 |
|         p_ZL16NTTTwiddleFactor_8_1_U                                                                      |                                  bd_0_hls_inst_0_Top_p_ZL16NTTTwiddleFactor_0_0_RAM_2P_URAM_1R1W_157 |          0 |          0 |       0 |    0 |     0 |      0 |      0 |    1 |          0 |
|         p_ZL16NTTTwiddleFactor_8_2_U                                                                      |                                  bd_0_hls_inst_0_Top_p_ZL16NTTTwiddleFactor_0_0_RAM_2P_URAM_1R1W_158 |          0 |          0 |       0 |    0 |     0 |      0 |      0 |    1 |          0 |
|         p_ZL16NTTTwiddleFactor_8_3_U                                                                      |                                  bd_0_hls_inst_0_Top_p_ZL16NTTTwiddleFactor_0_0_RAM_2P_URAM_1R1W_159 |          0 |          0 |       0 |    0 |     0 |      0 |      0 |    1 |          0 |
|         p_ZL16NTTTwiddleFactor_9_0_U                                                                      |                                  bd_0_hls_inst_0_Top_p_ZL16NTTTwiddleFactor_0_0_RAM_2P_URAM_1R1W_160 |          0 |          0 |       0 |    0 |     0 |      0 |      0 |    1 |          0 |
|         p_ZL16NTTTwiddleFactor_9_1_U                                                                      |                                  bd_0_hls_inst_0_Top_p_ZL16NTTTwiddleFactor_0_0_RAM_2P_URAM_1R1W_161 |          0 |          0 |       0 |    0 |     0 |      0 |      0 |    1 |          0 |
|         p_ZL16NTTTwiddleFactor_9_2_U                                                                      |                                  bd_0_hls_inst_0_Top_p_ZL16NTTTwiddleFactor_0_0_RAM_2P_URAM_1R1W_162 |          0 |          0 |       0 |    0 |     0 |      0 |      0 |    1 |          0 |
|         p_ZL16NTTTwiddleFactor_9_3_U                                                                      |                                  bd_0_hls_inst_0_Top_p_ZL16NTTTwiddleFactor_0_0_RAM_2P_URAM_1R1W_163 |          0 |          0 |       0 |    0 |     0 |      0 |      0 |    1 |          0 |
|         p_ZL17INTTTwiddleFactor_0_0_U                                                                     |                                  bd_0_hls_inst_0_Top_p_ZL16NTTTwiddleFactor_0_0_RAM_2P_URAM_1R1W_164 |          0 |          0 |       0 |    0 |     0 |      0 |      0 |    1 |          0 |
|         p_ZL17INTTTwiddleFactor_0_1_U                                                                     |                                  bd_0_hls_inst_0_Top_p_ZL16NTTTwiddleFactor_0_0_RAM_2P_URAM_1R1W_165 |          0 |          0 |       0 |    0 |     0 |      0 |      0 |    1 |          0 |
|         p_ZL17INTTTwiddleFactor_0_2_U                                                                     |                                  bd_0_hls_inst_0_Top_p_ZL16NTTTwiddleFactor_0_0_RAM_2P_URAM_1R1W_166 |          0 |          0 |       0 |    0 |     0 |      0 |      0 |    1 |          0 |
|         p_ZL17INTTTwiddleFactor_0_3_U                                                                     |                                  bd_0_hls_inst_0_Top_p_ZL16NTTTwiddleFactor_0_0_RAM_2P_URAM_1R1W_167 |          0 |          0 |       0 |    0 |     0 |      0 |      0 |    1 |          0 |
|         p_ZL17INTTTwiddleFactor_10_0_U                                                                    |                                  bd_0_hls_inst_0_Top_p_ZL16NTTTwiddleFactor_0_0_RAM_2P_URAM_1R1W_168 |          0 |          0 |       0 |    0 |     0 |      0 |      0 |    1 |          0 |
|         p_ZL17INTTTwiddleFactor_10_1_U                                                                    |                                  bd_0_hls_inst_0_Top_p_ZL16NTTTwiddleFactor_0_0_RAM_2P_URAM_1R1W_169 |          0 |          0 |       0 |    0 |     0 |      0 |      0 |    1 |          0 |
|         p_ZL17INTTTwiddleFactor_10_2_U                                                                    |                                  bd_0_hls_inst_0_Top_p_ZL16NTTTwiddleFactor_0_0_RAM_2P_URAM_1R1W_170 |          0 |          0 |       0 |    0 |     0 |      0 |      0 |    1 |          0 |
|         p_ZL17INTTTwiddleFactor_10_3_U                                                                    |                                  bd_0_hls_inst_0_Top_p_ZL16NTTTwiddleFactor_0_0_RAM_2P_URAM_1R1W_171 |          0 |          0 |       0 |    0 |     0 |      0 |      0 |    1 |          0 |
|         p_ZL17INTTTwiddleFactor_11_0_U                                                                    |                                  bd_0_hls_inst_0_Top_p_ZL16NTTTwiddleFactor_0_0_RAM_2P_URAM_1R1W_172 |          0 |          0 |       0 |    0 |     0 |      0 |      0 |    1 |          0 |
|         p_ZL17INTTTwiddleFactor_11_1_U                                                                    |                                  bd_0_hls_inst_0_Top_p_ZL16NTTTwiddleFactor_0_0_RAM_2P_URAM_1R1W_173 |          0 |          0 |       0 |    0 |     0 |      0 |      0 |    1 |          0 |
|         p_ZL17INTTTwiddleFactor_11_2_U                                                                    |                                  bd_0_hls_inst_0_Top_p_ZL16NTTTwiddleFactor_0_0_RAM_2P_URAM_1R1W_174 |          0 |          0 |       0 |    0 |     0 |      0 |      0 |    1 |          0 |
|         p_ZL17INTTTwiddleFactor_11_3_U                                                                    |                                  bd_0_hls_inst_0_Top_p_ZL16NTTTwiddleFactor_0_0_RAM_2P_URAM_1R1W_175 |          0 |          0 |       0 |    0 |     0 |      0 |      0 |    1 |          0 |
|         p_ZL17INTTTwiddleFactor_1_0_U                                                                     |                                  bd_0_hls_inst_0_Top_p_ZL16NTTTwiddleFactor_0_0_RAM_2P_URAM_1R1W_176 |          0 |          0 |       0 |    0 |     0 |      0 |      0 |    1 |          0 |
|         p_ZL17INTTTwiddleFactor_1_1_U                                                                     |                                  bd_0_hls_inst_0_Top_p_ZL16NTTTwiddleFactor_0_0_RAM_2P_URAM_1R1W_177 |          0 |          0 |       0 |    0 |     0 |      0 |      0 |    1 |          0 |
|         p_ZL17INTTTwiddleFactor_1_2_U                                                                     |                                  bd_0_hls_inst_0_Top_p_ZL16NTTTwiddleFactor_0_0_RAM_2P_URAM_1R1W_178 |          0 |          0 |       0 |    0 |     0 |      0 |      0 |    1 |          0 |
|         p_ZL17INTTTwiddleFactor_1_3_U                                                                     |                                  bd_0_hls_inst_0_Top_p_ZL16NTTTwiddleFactor_0_0_RAM_2P_URAM_1R1W_179 |          0 |          0 |       0 |    0 |     0 |      0 |      0 |    1 |          0 |
|         p_ZL17INTTTwiddleFactor_2_0_U                                                                     |                                  bd_0_hls_inst_0_Top_p_ZL16NTTTwiddleFactor_0_0_RAM_2P_URAM_1R1W_180 |          0 |          0 |       0 |    0 |     0 |      0 |      0 |    1 |          0 |
|         p_ZL17INTTTwiddleFactor_2_1_U                                                                     |                                  bd_0_hls_inst_0_Top_p_ZL16NTTTwiddleFactor_0_0_RAM_2P_URAM_1R1W_181 |          0 |          0 |       0 |    0 |     0 |      0 |      0 |    1 |          0 |
|         p_ZL17INTTTwiddleFactor_2_2_U                                                                     |                                  bd_0_hls_inst_0_Top_p_ZL16NTTTwiddleFactor_0_0_RAM_2P_URAM_1R1W_182 |          0 |          0 |       0 |    0 |     0 |      0 |      0 |    1 |          0 |
|         p_ZL17INTTTwiddleFactor_2_3_U                                                                     |                                  bd_0_hls_inst_0_Top_p_ZL16NTTTwiddleFactor_0_0_RAM_2P_URAM_1R1W_183 |          0 |          0 |       0 |    0 |     0 |      0 |      0 |    1 |          0 |
|         p_ZL17INTTTwiddleFactor_3_0_U                                                                     |                                  bd_0_hls_inst_0_Top_p_ZL16NTTTwiddleFactor_0_0_RAM_2P_URAM_1R1W_184 |          0 |          0 |       0 |    0 |     0 |      0 |      0 |    1 |          0 |
|         p_ZL17INTTTwiddleFactor_3_1_U                                                                     |                                  bd_0_hls_inst_0_Top_p_ZL16NTTTwiddleFactor_0_0_RAM_2P_URAM_1R1W_185 |          0 |          0 |       0 |    0 |     0 |      0 |      0 |    1 |          0 |
|         p_ZL17INTTTwiddleFactor_3_2_U                                                                     |                                  bd_0_hls_inst_0_Top_p_ZL16NTTTwiddleFactor_0_0_RAM_2P_URAM_1R1W_186 |          0 |          0 |       0 |    0 |     0 |      0 |      0 |    1 |          0 |
|         p_ZL17INTTTwiddleFactor_3_3_U                                                                     |                                  bd_0_hls_inst_0_Top_p_ZL16NTTTwiddleFactor_0_0_RAM_2P_URAM_1R1W_187 |          0 |          0 |       0 |    0 |     0 |      0 |      0 |    1 |          0 |
|         p_ZL17INTTTwiddleFactor_4_0_U                                                                     |                                  bd_0_hls_inst_0_Top_p_ZL16NTTTwiddleFactor_0_0_RAM_2P_URAM_1R1W_188 |          0 |          0 |       0 |    0 |     0 |      0 |      0 |    1 |          0 |
|         p_ZL17INTTTwiddleFactor_4_1_U                                                                     |                                  bd_0_hls_inst_0_Top_p_ZL16NTTTwiddleFactor_0_0_RAM_2P_URAM_1R1W_189 |          0 |          0 |       0 |    0 |     0 |      0 |      0 |    1 |          0 |
|         p_ZL17INTTTwiddleFactor_4_2_U                                                                     |                                  bd_0_hls_inst_0_Top_p_ZL16NTTTwiddleFactor_0_0_RAM_2P_URAM_1R1W_190 |          0 |          0 |       0 |    0 |     0 |      0 |      0 |    1 |          0 |
|         p_ZL17INTTTwiddleFactor_4_3_U                                                                     |                                  bd_0_hls_inst_0_Top_p_ZL16NTTTwiddleFactor_0_0_RAM_2P_URAM_1R1W_191 |          0 |          0 |       0 |    0 |     0 |      0 |      0 |    1 |          0 |
|         p_ZL17INTTTwiddleFactor_5_0_U                                                                     |                                  bd_0_hls_inst_0_Top_p_ZL16NTTTwiddleFactor_0_0_RAM_2P_URAM_1R1W_192 |          0 |          0 |       0 |    0 |     0 |      0 |      0 |    1 |          0 |
|         p_ZL17INTTTwiddleFactor_5_1_U                                                                     |                                  bd_0_hls_inst_0_Top_p_ZL16NTTTwiddleFactor_0_0_RAM_2P_URAM_1R1W_193 |          0 |          0 |       0 |    0 |     0 |      0 |      0 |    1 |          0 |
|         p_ZL17INTTTwiddleFactor_5_2_U                                                                     |                                  bd_0_hls_inst_0_Top_p_ZL16NTTTwiddleFactor_0_0_RAM_2P_URAM_1R1W_194 |          0 |          0 |       0 |    0 |     0 |      0 |      0 |    1 |          0 |
|         p_ZL17INTTTwiddleFactor_5_3_U                                                                     |                                  bd_0_hls_inst_0_Top_p_ZL16NTTTwiddleFactor_0_0_RAM_2P_URAM_1R1W_195 |          0 |          0 |       0 |    0 |     0 |      0 |      0 |    1 |          0 |
|         p_ZL17INTTTwiddleFactor_6_0_U                                                                     |                                  bd_0_hls_inst_0_Top_p_ZL16NTTTwiddleFactor_0_0_RAM_2P_URAM_1R1W_196 |          0 |          0 |       0 |    0 |     0 |      0 |      0 |    1 |          0 |
|         p_ZL17INTTTwiddleFactor_6_1_U                                                                     |                                  bd_0_hls_inst_0_Top_p_ZL16NTTTwiddleFactor_0_0_RAM_2P_URAM_1R1W_197 |          0 |          0 |       0 |    0 |     0 |      0 |      0 |    1 |          0 |
|         p_ZL17INTTTwiddleFactor_6_2_U                                                                     |                                  bd_0_hls_inst_0_Top_p_ZL16NTTTwiddleFactor_0_0_RAM_2P_URAM_1R1W_198 |          0 |          0 |       0 |    0 |     0 |      0 |      0 |    1 |          0 |
|         p_ZL17INTTTwiddleFactor_6_3_U                                                                     |                                  bd_0_hls_inst_0_Top_p_ZL16NTTTwiddleFactor_0_0_RAM_2P_URAM_1R1W_199 |          0 |          0 |       0 |    0 |     0 |      0 |      0 |    1 |          0 |
|         p_ZL17INTTTwiddleFactor_7_0_U                                                                     |                                  bd_0_hls_inst_0_Top_p_ZL16NTTTwiddleFactor_0_0_RAM_2P_URAM_1R1W_200 |          0 |          0 |       0 |    0 |     0 |      0 |      0 |    1 |          0 |
|         p_ZL17INTTTwiddleFactor_7_1_U                                                                     |                                  bd_0_hls_inst_0_Top_p_ZL16NTTTwiddleFactor_0_0_RAM_2P_URAM_1R1W_201 |          0 |          0 |       0 |    0 |     0 |      0 |      0 |    1 |          0 |
|         p_ZL17INTTTwiddleFactor_7_2_U                                                                     |                                  bd_0_hls_inst_0_Top_p_ZL16NTTTwiddleFactor_0_0_RAM_2P_URAM_1R1W_202 |          0 |          0 |       0 |    0 |     0 |      0 |      0 |    1 |          0 |
|         p_ZL17INTTTwiddleFactor_7_3_U                                                                     |                                  bd_0_hls_inst_0_Top_p_ZL16NTTTwiddleFactor_0_0_RAM_2P_URAM_1R1W_203 |          0 |          0 |       0 |    0 |     0 |      0 |      0 |    1 |          0 |
|         p_ZL17INTTTwiddleFactor_8_0_U                                                                     |                                  bd_0_hls_inst_0_Top_p_ZL16NTTTwiddleFactor_0_0_RAM_2P_URAM_1R1W_204 |          0 |          0 |       0 |    0 |     0 |      0 |      0 |    1 |          0 |
|         p_ZL17INTTTwiddleFactor_8_1_U                                                                     |                                  bd_0_hls_inst_0_Top_p_ZL16NTTTwiddleFactor_0_0_RAM_2P_URAM_1R1W_205 |          0 |          0 |       0 |    0 |     0 |      0 |      0 |    1 |          0 |
|         p_ZL17INTTTwiddleFactor_8_2_U                                                                     |                                  bd_0_hls_inst_0_Top_p_ZL16NTTTwiddleFactor_0_0_RAM_2P_URAM_1R1W_206 |          0 |          0 |       0 |    0 |     0 |      0 |      0 |    1 |          0 |
|         p_ZL17INTTTwiddleFactor_8_3_U                                                                     |                                  bd_0_hls_inst_0_Top_p_ZL16NTTTwiddleFactor_0_0_RAM_2P_URAM_1R1W_207 |          0 |          0 |       0 |    0 |     0 |      0 |      0 |    1 |          0 |
|         p_ZL17INTTTwiddleFactor_9_0_U                                                                     |                                  bd_0_hls_inst_0_Top_p_ZL16NTTTwiddleFactor_0_0_RAM_2P_URAM_1R1W_208 |          0 |          0 |       0 |    0 |     0 |      0 |      0 |    1 |          0 |
|         p_ZL17INTTTwiddleFactor_9_1_U                                                                     |                                  bd_0_hls_inst_0_Top_p_ZL16NTTTwiddleFactor_0_0_RAM_2P_URAM_1R1W_209 |          0 |          0 |       0 |    0 |     0 |      0 |      0 |    1 |          0 |
|         p_ZL17INTTTwiddleFactor_9_2_U                                                                     |                                  bd_0_hls_inst_0_Top_p_ZL16NTTTwiddleFactor_0_0_RAM_2P_URAM_1R1W_210 |          0 |          0 |       0 |    0 |     0 |      0 |      0 |    1 |          0 |
|         p_ZL17INTTTwiddleFactor_9_3_U                                                                     |                                  bd_0_hls_inst_0_Top_p_ZL16NTTTwiddleFactor_0_0_RAM_2P_URAM_1R1W_211 |          0 |          0 |       0 |    0 |     0 |      0 |      0 |    1 |          0 |
+-----------------------------------------------------------------------------------------------------------+------------------------------------------------------------------------------------------------------+------------+------------+---------+------+-------+--------+--------+------+------------+
* Note: The sum of lower-level cells may be larger than their parent cells total, due to cross-hierarchy LUT combining


