cd build/hks_impl && HKS_IMPL_PROJECT="/home/timhan/FHE/openfhe-for-HKS-ACC/src/fpga_backend/Solution/hks_digit_csynth_wide256_direct_r3" \
	/tools/Xilinx/Vitis_HLS/2023.2/bin/vitis_hls -f ../../hks_impl.tcl

****** Vitis HLS - High-Level Synthesis from C, C++ and OpenCL v2023.2 (64-bit)
  **** SW Build 4023990 on Oct 11 2023
  **** IP Build 4028589 on Sat Oct 14 00:45:43 MDT 2023
  **** SharedData Build 4025554 on Tue Oct 10 17:18:54 MDT 2023
    ** Copyright 1986-2022 Xilinx, Inc. All Rights Reserved.
    ** Copyright 2022-2023 Advanced Micro Devices, Inc. All Rights Reserved.

source /tools/Xilinx/Vitis_HLS/2023.2/scripts/vitis_hls/hls.tcl -notrace
INFO: [HLS 200-10] Running '/tools/Xilinx/Vitis_HLS/2023.2/bin/unwrapped/lnx64.o/vitis_hls'
INFO: [HLS 200-10] For user 'timhan' on host 'LAPTOP-PERMR8RO.localdomain' (Linux_x86_64 version 6.18.33.2-microsoft-standard-WSL2) on Fri Sep 04 11:13:32 CST 2026
INFO: [HLS 200-10] On os Ubuntu 22.04.5 LTS
INFO: [HLS 200-10] In directory '/home/timhan/FHE/openfhe-for-HKS-ACC/src/fpga_backend/build/hks_impl'
INFO: [HLS 200-2053] The vitis_hls executable is being deprecated. Consider using vitis-run --mode hls --tcl
Sourcing Tcl script '../../hks_impl.tcl'
INFO: [HLS 200-1510] Running: open_project /home/timhan/FHE/openfhe-for-HKS-ACC/src/fpga_backend/Solution/hks_digit_csynth_wide256_direct_r3 
INFO: [HLS 200-10] Opening project '/home/timhan/FHE/openfhe-for-HKS-ACC/src/fpga_backend/Solution/hks_digit_csynth_wide256_direct_r3'.
INFO: [HLS 200-1510] Running: open_solution solution1 
INFO: [HLS 200-10] Opening solution '/home/timhan/FHE/openfhe-for-HKS-ACC/src/fpga_backend/Solution/hks_digit_csynth_wide256_direct_r3/solution1'.
INFO: [SYN 201-201] Setting up clock 'default' with a period of 6ns.
INFO: [SYN 201-201] Setting up clock 'default' with an uncertainty of 0.75ns.
INFO: [HLS 200-1611] Setting target device to 'xcu55c-fsvh2892-2L-e'
INFO: [HLS 200-1505] Using flow_target 'vivado'
Resolution: For help on HLS 200-1505 see docs.xilinx.com/access/sources/dita/topic?Doc_Version=2023.2%20English&url=ug1448-hls-guidance&resourceid=200-1505.html
INFO: [HLS 200-435] Setting 'open_solution -flow_target vivado' configuration: config_interface -m_axi_alignment_byte_size=1
INFO: [HLS 200-435] Setting 'open_solution -flow_target vivado' configuration: config_interface -m_axi_max_widen_bitwidth=0
INFO: [HLS 200-1464] Running solution command: config_interface -m_axi_alignment_byte_size=32
INFO: [HLS 200-1464] Running solution command: config_interface -m_axi_max_widen_bitwidth=256
INFO: [HLS 200-1510] Running: export_design -rtl verilog -format ip_catalog -flow impl 
INFO: [IMPL 213-8] Exporting RTL as a Vivado IP.

****** Vivado v2023.2 (64-bit)
  **** SW Build 4029153 on Fri Oct 13 20:13:54 MDT 2023
  **** IP Build 4028589 on Sat Oct 14 00:45:43 MDT 2023
  **** SharedData Build 4025554 on Tue Oct 10 17:18:54 MDT 2023
    ** Copyright 1986-2022 Xilinx, Inc. All Rights Reserved.
    ** Copyright 2022-2023 Advanced Micro Devices, Inc. All Rights Reserved.

source run_ippack.tcl -notrace
INFO: [IP_Flow 19-234] Refreshing IP repositories
INFO: [IP_Flow 19-1704] No user IP repositories specified
INFO: [IP_Flow 19-2313] Loaded Vivado IP repository '/tools/Xilinx/Vivado/2023.2/data/ip'.
INFO: [Common 17-206] Exiting Vivado at Fri Sep  4 11:14:17 2026...
INFO: [IMPL 213-8] Starting RTL evaluation using Vivado ...

****** Vivado v2023.2 (64-bit)
  **** SW Build 4029153 on Fri Oct 13 20:13:54 MDT 2023
  **** IP Build 4028589 on Sat Oct 14 00:45:43 MDT 2023
  **** SharedData Build 4025554 on Tue Oct 10 17:18:54 MDT 2023
    ** Copyright 1986-2022 Xilinx, Inc. All Rights Reserved.
    ** Copyright 2022-2023 Advanced Micro Devices, Inc. All Rights Reserved.

source run_vivado.tcl
# source ./settings.tcl
## set top_module Top
## set language verilog
## set family virtexuplushbm
## set device xcu55c
## set package -fsvh2892
## set speed -2L-e
## set clock ap_clk
## set fsm_ext "off"
## set add_io_buffers false ;
# source -notrace ./extraction.tcl
# set vivado_proj_name project
# set vivado_proj_dir .
# set target_device "${device}${package}${speed}"
# set target_clk_period_ns "6.000"
# set target_clk_freq_hz [expr {floor(1000 / $target_clk_period_ns) * 1000000}]
# set ip_vlnv xilinx.com:hls:Top:1.0
# set ip_repo_path ../ip
# set bd_design_name bd_0
# set bd_inst_name hls_inst
# set bd_props {}
# set has_synth true
# set synth_design_args {-directive sdx_optimization_effort_high}
# set synth_dcp ""
# set synth_props {}
# set has_impl 1
# set impl_props {}
# set report_options [dict create]
# dict set report_options report_level 2
# dict set report_options report_max_paths 10
# dict set report_options stdout_hls_reports 1
# dict set report_options stdout_vivado_reports 0
# dict set report_options hls_project hks_digit_csynth_wide256_direct_r3
# dict set report_options hls_solution solution1
# dict set report_options has_synth $has_synth
# dict set report_options has_impl $has_impl
# dict set report_options vivado_reportbasename $top_module
# dict set report_options vivado_reportdir ./report
# dict set report_options hls_impl_dir ..
# dict set report_options hls_reportdir ../report/$language
# dict set report_options target_clk_period $target_clk_period_ns
# dict set report_options target_device $target_device
# dict set report_options language $language
# dict set report_options clock_name $clock
# dict set report_options error_if_impl_timing_fails false
# dict set report_options bindmodules {Top_flow_control_loop_pipe_sequential_init Top_sparsemux_17_3_64_1_1 Top_sparsemux_7_2_64_1_1 Top_mul_64ns_64ns_128_5_1 Top_mul_64s_64s_64_5_1 Top_sub_64ns_64ns_64_3_1 Top_sub_64ns_64s_64_3_1 Top_sparsemux_17_3_64_1_1_x Top_sparsemux_11_3_64_1_1 Top_Compute_BConv_Systolic_local_in_x_RAM_1WNR_BRAM_1R1W Top_Compute_BConv_Systolic_local_out_x_RAM_S2P_BRAM_1R1W Top_sub_64ns_64ns_64_2_1 Top_add_64ns_64ns_64_2_1 Top_sparsemux_25_4_64_1_1 Top_Execute_Transform_bank_a_RAM_T2P_BRAM_1R1W Top_S_RAM_AUTO_1R1W Top_p_ZL13poly_buffer_2_0_RAM_2P_BRAM_1R1W Top_p_ZL13result_buffer_0_0_RAM_2P_BRAM_1R1W Top_p_ZL13poly_buffer_1_0_0_RAM_2P_BRAM_1R1W Top_p_ZL16NTTTwiddleFactor_0_0_RAM_2P_URAM_1R1W Top_in_w_RAM_AUTO_1R1W Top_out_mod_RAM_AUTO_1R1W Top_gmem0_m_axi Top_gmem1_m_axi Top_gmem2_m_axi Top_control_s_axi}
# dict set report_options max_module_depth 10
# create_project $vivado_proj_name $vivado_proj_dir -part $target_device -force
# set_property target_language $language [current_project]
# if { ![file exists $ip_repo_path] } {
#   error "Cannot find packaged HLS IP"
# }
# set_property ip_repo_paths [file normalize $ip_repo_path] [current_project]
# update_ip_catalog
INFO: [IP_Flow 19-234] Refreshing IP repositories
INFO: [IP_Flow 19-1700] Loaded user IP repository '/home/timhan/FHE/openfhe-for-HKS-ACC/src/fpga_backend/Solution/hks_digit_csynth_wide256_direct_r3/solution1/impl/ip'.
INFO: [IP_Flow 19-2313] Loaded Vivado IP repository '/tools/Xilinx/Vivado/2023.2/data/ip'.
# create_bd_design $bd_design_name
Wrote  : </home/timhan/FHE/openfhe-for-HKS-ACC/src/fpga_backend/Solution/hks_digit_csynth_wide256_direct_r3/solution1/impl/verilog/project.srcs/sources_1/bd/bd_0/bd_0.bd> 
# set cell_inst [create_bd_cell -type ip -vlnv $ip_vlnv $bd_inst_name]
# if { [llength $bd_props] } { 
#   set_property -dict $bd_props $cell_inst 
# }
# make_bd_pins_external $cell_inst
# make_bd_intf_pins_external $cell_inst
# set bd_clk_ports [get_bd_ports -filter {TYPE==clk}]
# if { [llength $bd_clk_ports] && $target_clk_freq_hz ne "" } { 
#   set_property CONFIG.FREQ_HZ $target_clk_freq_hz $bd_clk_ports 
# }
# foreach bd_port [get_bd_intf_ports] {
#   set_property name [regsub {_0$} [get_property name $bd_port] {}] $bd_port
# }
# foreach bd_port [get_bd_ports -filter {INTF!=TRUE}] {
#   set_property name [regsub {_0$} [get_property name $bd_port] {}] $bd_port
# }
# set s_axi_addr_width_min 32
# foreach bd_port [get_bd_intf_ports -filter {MODE == "Slave" && VLNV =~ "xilinx.com:interface:aximm_rtl:*"}] {
#   set bd_port_addr_width [get_property CONFIG.ADDR_WIDTH $bd_port]
#   if { $bd_port_addr_width < $s_axi_addr_width_min } {
#     puts "INFO: Updating $bd_port CONFIG.ADDR_WIDTH to $s_axi_addr_width_min"
#     set_property CONFIG.ADDR_WIDTH $s_axi_addr_width_min $bd_port
#   }
# }
INFO: Updating /s_axi_control CONFIG.ADDR_WIDTH to 32
# set_msg_config -id {[BD 41-1265]} -severity {CRITICAL WARNING} -new_severity {INFO}
# assign_bd_address
Slave segment '/hls_inst/s_axi_control/Reg' is being assigned into address space '/s_axi_control' at <0x0000_0000 [ 64K ]>.
Slave segment '/m_axi_gmem0/Reg' is being assigned into address space '/hls_inst/Data_m_axi_gmem0' at <0x44A0_0000 [ 64K ]>.
Slave segment '/m_axi_gmem1/Reg' is being assigned into address space '/hls_inst/Data_m_axi_gmem1' at <0x44A0_0000 [ 64K ]>.
Slave segment '/m_axi_gmem2/Reg' is being assigned into address space '/hls_inst/Data_m_axi_gmem2' at <0x44A0_0000 [ 64K ]>.
Wrote  : </home/timhan/FHE/openfhe-for-HKS-ACC/src/fpga_backend/Solution/hks_digit_csynth_wide256_direct_r3/solution1/impl/verilog/project.srcs/sources_1/bd/bd_0/bd_0.bd> 
Verilog Output written to : /home/timhan/FHE/openfhe-for-HKS-ACC/src/fpga_backend/Solution/hks_digit_csynth_wide256_direct_r3/solution1/impl/verilog/project.gen/sources_1/bd/bd_0/synth/bd_0.v
Verilog Output written to : /home/timhan/FHE/openfhe-for-HKS-ACC/src/fpga_backend/Solution/hks_digit_csynth_wide256_direct_r3/solution1/impl/verilog/project.gen/sources_1/bd/bd_0/sim/bd_0.v
Verilog Output written to : /home/timhan/FHE/openfhe-for-HKS-ACC/src/fpga_backend/Solution/hks_digit_csynth_wide256_direct_r3/solution1/impl/verilog/project.gen/sources_1/bd/bd_0/hdl/bd_0_wrapper.v
# set toprtl [make_wrapper -files [get_files ${bd_design_name}.bd] -top]
# add_files -norecurse $toprtl
# set top_inst_name [file root [file tail $toprtl]]
# puts "Using BD top: $top_inst_name"
Using BD top: bd_0_wrapper
# set xdc_files [glob -nocomplain ./*.xdc]
# if { [llength $xdc_files] } {
#     add_files -fileset constrs_1 -norecurse $xdc_files
# }
# launch_runs synth_1 -scripts_only
INFO: [BD 41-1662] The design 'bd_0.bd' is already validated. Therefore parameter propagation will not be re-run.
Verilog Output written to : /home/timhan/FHE/openfhe-for-HKS-ACC/src/fpga_backend/Solution/hks_digit_csynth_wide256_direct_r3/solution1/impl/verilog/project.gen/sources_1/bd/bd_0/synth/bd_0.v
Verilog Output written to : /home/timhan/FHE/openfhe-for-HKS-ACC/src/fpga_backend/Solution/hks_digit_csynth_wide256_direct_r3/solution1/impl/verilog/project.gen/sources_1/bd/bd_0/sim/bd_0.v
Verilog Output written to : /home/timhan/FHE/openfhe-for-HKS-ACC/src/fpga_backend/Solution/hks_digit_csynth_wide256_direct_r3/solution1/impl/verilog/project.gen/sources_1/bd/bd_0/hdl/bd_0_wrapper.v
INFO: [BD 41-1029] Generation completed for the IP Integrator block hls_inst .
Exporting to file /home/timhan/FHE/openfhe-for-HKS-ACC/src/fpga_backend/Solution/hks_digit_csynth_wide256_direct_r3/solution1/impl/verilog/project.gen/sources_1/bd/bd_0/hw_handoff/bd_0.hwh
Generated Hardware Definition File /home/timhan/FHE/openfhe-for-HKS-ACC/src/fpga_backend/Solution/hks_digit_csynth_wide256_direct_r3/solution1/impl/verilog/project.gen/sources_1/bd/bd_0/synth/bd_0.hwdef
INFO: [IP_Flow 19-6924] IPCACHE: Running cache check for IP inst: bd_0_hls_inst_0
WARNING: [Vivado 12-7122] Auto Incremental Compile:: No reference checkpoint was found in run synth_1. Auto-incremental flow will not be run, the standard flow will be run instead.
# foreach run [get_runs -filter {IS_SYNTHESIS == 1}] {
#   reset_run [get_runs $run]
# }
# set_property XPM_LIBRARIES {XPM_MEMORY XPM_FIFO} [current_project]
# hls_vivado_reports_setup $report_options
TIMESTAMP: HLS-REPORT: initialize report directories: 2026-09-04 11:14:39 CST
# if { $has_synth || $has_impl } {
#   # synth properties setting
#   set_property -name {STEPS.SYNTH_DESIGN.ARGS.MORE OPTIONS} -value {-mode out_of_context} -objects [get_runs synth_1]
#   set ip_inst [get_ips -quiet ${bd_design_name}*${bd_inst_name}*]
#   if { ![llength $ip_inst] } {
#       error "Cannot find HLS IP instance: ${bd_design_name}*${bd_inst_name}*"
#   }
#   set synth_run [get_runs -filter {IS_SYNTHESIS == 1} ${ip_inst}*]
#   if { ![llength $synth_run] } {
#       error "Cannot find synth run for HLS IP: ${ip_inst}*"
#   }
# 
#   if { [llength $synth_design_args] } {
#       set_property -name {STEPS.SYNTH_DESIGN.ARGS.MORE OPTIONS} -value $synth_design_args -objects $synth_run
#   }
# 
#   if { [llength $synth_props] } {
#     set_property -dict $synth_props $synth_run
#   }
# 
#   # launch run synth
#   launch_runs synth_1
#   wait_on_run synth_1
#   # synth reports
#   hls_vivado_reports_synth synth_1 $report_options
#   if { $synth_dcp ne "" } {
#     file mkdir [file dirname $synth_dcp]
#     set run_dcp [glob -nocomplain [get_property DIRECTORY $synth_run]/*.dcp]
#     if { [llength $run_dcp] != 1 } { error "Cannot find single dcp file for run $synth_run" }
#     file copy -force $run_dcp $synth_dcp
#   }
# }
INFO: [IP_Flow 19-6924] IPCACHE: Running cache check for IP inst: bd_0_hls_inst_0
WARNING: [Vivado 12-7122] Auto Incremental Compile:: No reference checkpoint was found in run synth_1. Auto-incremental flow will not be run, the standard flow will be run instead.
[Fri Sep  4 11:14:39 2026] Launched bd_0_hls_inst_0_synth_1...
Run output will be captured here: /home/timhan/FHE/openfhe-for-HKS-ACC/src/fpga_backend/Solution/hks_digit_csynth_wide256_direct_r3/solution1/impl/verilog/project.runs/bd_0_hls_inst_0_synth_1/runme.log
[Fri Sep  4 11:14:39 2026] Launched synth_1...
Run output will be captured here: /home/timhan/FHE/openfhe-for-HKS-ACC/src/fpga_backend/Solution/hks_digit_csynth_wide256_direct_r3/solution1/impl/verilog/project.runs/synth_1/runme.log
[Fri Sep  4 11:14:39 2026] Waiting for synth_1 to finish...

*** Running vivado
    with args -log bd_0_wrapper.vds -m64 -product Vivado -mode batch -messageDb vivado.pb -notrace -source bd_0_wrapper.tcl


****** Vivado v2023.2 (64-bit)
  **** SW Build 4029153 on Fri Oct 13 20:13:54 MDT 2023
  **** IP Build 4028589 on Sat Oct 14 00:45:43 MDT 2023
  **** SharedData Build 4025554 on Tue Oct 10 17:18:54 MDT 2023
    ** Copyright 1986-2022 Xilinx, Inc. All Rights Reserved.
    ** Copyright 2022-2023 Advanced Micro Devices, Inc. All Rights Reserved.

source bd_0_wrapper.tcl -notrace
INFO: [IP_Flow 19-234] Refreshing IP repositories
INFO: [IP_Flow 19-1700] Loaded user IP repository '/home/timhan/FHE/openfhe-for-HKS-ACC/src/fpga_backend/Solution/hks_digit_csynth_wide256_direct_r3/solution1/impl/ip'.
INFO: [IP_Flow 19-2313] Loaded Vivado IP repository '/tools/Xilinx/Vivado/2023.2/data/ip'.
Command: synth_design -top bd_0_wrapper -part xcu55c-fsvh2892-2L-e -mode out_of_context
Starting synth_design
Attempting to get a license for feature 'Synthesis' and/or device 'xcu55c'
INFO: [Common 17-349] Got license for feature 'Synthesis' and/or device 'xcu55c'
INFO: [Device 21-403] Loading part xcu55c-fsvh2892-2L-e
INFO: [Synth 8-7079] Multithreading enabled for synth_design using a maximum of 4 processes.
INFO: [Synth 8-7078] Launching helper process for spawning children vivado processes
INFO: [Synth 8-7075] Helper process launched with PID 18125
---------------------------------------------------------------------------------
Starting RTL Elaboration : Time (s): cpu = 00:00:02 ; elapsed = 00:00:02 . Memory (MB): peak = 3080.426 ; gain = 397.715 ; free physical = 9278 ; free virtual = 18453
---------------------------------------------------------------------------------
INFO: [Synth 8-6157] synthesizing module 'bd_0_wrapper' [/home/timhan/FHE/openfhe-for-HKS-ACC/src/fpga_backend/Solution/hks_digit_csynth_wide256_direct_r3/solution1/impl/verilog/project.gen/sources_1/bd/bd_0/hdl/bd_0_wrapper.v:13]
INFO: [Synth 8-6157] synthesizing module 'bd_0' [/home/timhan/FHE/openfhe-for-HKS-ACC/src/fpga_backend/Solution/hks_digit_csynth_wide256_direct_r3/solution1/impl/verilog/project.gen/sources_1/bd/bd_0/synth/bd_0.v:13]
INFO: [Synth 8-6157] synthesizing module 'bd_0_hls_inst_0' [/home/timhan/FHE/openfhe-for-HKS-ACC/src/fpga_backend/Solution/hks_digit_csynth_wide256_direct_r3/solution1/impl/verilog/project.runs/synth_1/.Xil/Vivado-18119-LAPTOP-PERMR8RO/realtime/bd_0_hls_inst_0_stub.v:6]
INFO: [Synth 8-6155] done synthesizing module 'bd_0_hls_inst_0' (0#1) [/home/timhan/FHE/openfhe-for-HKS-ACC/src/fpga_backend/Solution/hks_digit_csynth_wide256_direct_r3/solution1/impl/verilog/project.runs/synth_1/.Xil/Vivado-18119-LAPTOP-PERMR8RO/realtime/bd_0_hls_inst_0_stub.v:6]
INFO: [Synth 8-6155] done synthesizing module 'bd_0' (0#1) [/home/timhan/FHE/openfhe-for-HKS-ACC/src/fpga_backend/Solution/hks_digit_csynth_wide256_direct_r3/solution1/impl/verilog/project.gen/sources_1/bd/bd_0/synth/bd_0.v:13]
INFO: [Synth 8-6155] done synthesizing module 'bd_0_wrapper' (0#1) [/home/timhan/FHE/openfhe-for-HKS-ACC/src/fpga_backend/Solution/hks_digit_csynth_wide256_direct_r3/solution1/impl/verilog/project.gen/sources_1/bd/bd_0/hdl/bd_0_wrapper.v:13]
---------------------------------------------------------------------------------
Finished RTL Elaboration : Time (s): cpu = 00:00:03 ; elapsed = 00:00:03 . Memory (MB): peak = 3163.363 ; gain = 480.652 ; free physical = 9171 ; free virtual = 18349
---------------------------------------------------------------------------------
---------------------------------------------------------------------------------
Start Handling Custom Attributes
---------------------------------------------------------------------------------
---------------------------------------------------------------------------------
Finished Handling Custom Attributes : Time (s): cpu = 00:00:03 ; elapsed = 00:00:03 . Memory (MB): peak = 3175.238 ; gain = 492.527 ; free physical = 9170 ; free virtual = 18348
---------------------------------------------------------------------------------
---------------------------------------------------------------------------------
Finished RTL Optimization Phase 1 : Time (s): cpu = 00:00:03 ; elapsed = 00:00:03 . Memory (MB): peak = 3175.238 ; gain = 492.527 ; free physical = 9170 ; free virtual = 18348
---------------------------------------------------------------------------------
Netlist sorting complete. Time (s): cpu = 00:00:00 ; elapsed = 00:00:00 . Memory (MB): peak = 3175.238 ; gain = 0.000 ; free physical = 9171 ; free virtual = 18350
INFO: [Project 1-570] Preparing netlist for logic optimization

Processing XDC Constraints
Initializing timing engine
Parsing XDC File [/home/timhan/FHE/openfhe-for-HKS-ACC/src/fpga_backend/Solution/hks_digit_csynth_wide256_direct_r3/solution1/impl/verilog/project.gen/sources_1/bd/bd_0/ip/bd_0_hls_inst_0/bd_0_hls_inst_0/bd_0_hls_inst_0_in_context.xdc] for cell 'bd_0_i/hls_inst'
Finished Parsing XDC File [/home/timhan/FHE/openfhe-for-HKS-ACC/src/fpga_backend/Solution/hks_digit_csynth_wide256_direct_r3/solution1/impl/verilog/project.gen/sources_1/bd/bd_0/ip/bd_0_hls_inst_0/bd_0_hls_inst_0/bd_0_hls_inst_0_in_context.xdc] for cell 'bd_0_i/hls_inst'
Parsing XDC File [/home/timhan/FHE/openfhe-for-HKS-ACC/src/fpga_backend/Solution/hks_digit_csynth_wide256_direct_r3/solution1/impl/verilog/Top.xdc]
Finished Parsing XDC File [/home/timhan/FHE/openfhe-for-HKS-ACC/src/fpga_backend/Solution/hks_digit_csynth_wide256_direct_r3/solution1/impl/verilog/Top.xdc]
Parsing XDC File [/home/timhan/FHE/openfhe-for-HKS-ACC/src/fpga_backend/Solution/hks_digit_csynth_wide256_direct_r3/solution1/impl/verilog/project.runs/synth_1/dont_touch.xdc]
Finished Parsing XDC File [/home/timhan/FHE/openfhe-for-HKS-ACC/src/fpga_backend/Solution/hks_digit_csynth_wide256_direct_r3/solution1/impl/verilog/project.runs/synth_1/dont_touch.xdc]
Completed Processing XDC Constraints

Netlist sorting complete. Time (s): cpu = 00:00:00 ; elapsed = 00:00:00 . Memory (MB): peak = 3268.207 ; gain = 0.000 ; free physical = 9147 ; free virtual = 18326
INFO: [Project 1-111] Unisim Transformation Summary:
No Unisim elements were transformed.

Constraint Validation Runtime : Time (s): cpu = 00:00:00.03 ; elapsed = 00:00:00.02 . Memory (MB): peak = 3268.242 ; gain = 0.000 ; free physical = 9147 ; free virtual = 18326
---------------------------------------------------------------------------------
Finished Constraint Validation : Time (s): cpu = 00:00:08 ; elapsed = 00:00:09 . Memory (MB): peak = 3268.242 ; gain = 585.531 ; free physical = 9147 ; free virtual = 18326
---------------------------------------------------------------------------------
---------------------------------------------------------------------------------
Start Loading Part and Timing Information
---------------------------------------------------------------------------------
Loading part: xcu55c-fsvh2892-2L-e
INFO: [Synth 8-6742] Reading net delay rules and data
---------------------------------------------------------------------------------
Finished Loading Part and Timing Information : Time (s): cpu = 00:00:08 ; elapsed = 00:00:10 . Memory (MB): peak = 3268.242 ; gain = 585.531 ; free physical = 9147 ; free virtual = 18326
---------------------------------------------------------------------------------
---------------------------------------------------------------------------------
Start Applying 'set_property' XDC Constraints
---------------------------------------------------------------------------------
Applied set_property KEEP_HIERARCHY = SOFT for bd_0_i. (constraint file  auto generated constraint).
Applied set_property KEEP_HIERARCHY = SOFT for bd_0_i/hls_inst. (constraint file  auto generated constraint).
---------------------------------------------------------------------------------
Finished applying 'set_property' XDC Constraints : Time (s): cpu = 00:00:08 ; elapsed = 00:00:10 . Memory (MB): peak = 3268.242 ; gain = 585.531 ; free physical = 9147 ; free virtual = 18326
---------------------------------------------------------------------------------
---------------------------------------------------------------------------------
Finished RTL Optimization Phase 2 : Time (s): cpu = 00:00:08 ; elapsed = 00:00:10 . Memory (MB): peak = 3268.242 ; gain = 585.531 ; free physical = 9143 ; free virtual = 18324
---------------------------------------------------------------------------------
---------------------------------------------------------------------------------
Start RTL Component Statistics 
---------------------------------------------------------------------------------
Detailed RTL Component Info : 
---------------------------------------------------------------------------------
Finished RTL Component Statistics 
---------------------------------------------------------------------------------
---------------------------------------------------------------------------------
Start Part Resource Summary
---------------------------------------------------------------------------------
Part Resources:
DSPs: 9024 (col length:94)
BRAMs: 4032 (col length: RAMB18 288 RAMB36 144)
---------------------------------------------------------------------------------
Finished Part Resource Summary
---------------------------------------------------------------------------------
---------------------------------------------------------------------------------
Start Cross Boundary and Area Optimization
---------------------------------------------------------------------------------
WARNING: [Synth 8-7080] Parallel synthesis criteria is not met
---------------------------------------------------------------------------------
Finished Cross Boundary and Area Optimization : Time (s): cpu = 00:00:09 ; elapsed = 00:00:10 . Memory (MB): peak = 3268.242 ; gain = 585.531 ; free physical = 9143 ; free virtual = 18324
---------------------------------------------------------------------------------
---------------------------------------------------------------------------------
Start Applying XDC Timing Constraints
---------------------------------------------------------------------------------
---------------------------------------------------------------------------------
Finished Applying XDC Timing Constraints : Time (s): cpu = 00:00:14 ; elapsed = 00:00:16 . Memory (MB): peak = 3613.012 ; gain = 930.301 ; free physical = 8734 ; free virtual = 17971
---------------------------------------------------------------------------------
---------------------------------------------------------------------------------
Start Timing Optimization
---------------------------------------------------------------------------------
---------------------------------------------------------------------------------
Finished Timing Optimization : Time (s): cpu = 00:00:14 ; elapsed = 00:00:16 . Memory (MB): peak = 3614.012 ; gain = 931.301 ; free physical = 8734 ; free virtual = 17971
---------------------------------------------------------------------------------
---------------------------------------------------------------------------------
Start Technology Mapping
---------------------------------------------------------------------------------
---------------------------------------------------------------------------------
Finished Technology Mapping : Time (s): cpu = 00:00:14 ; elapsed = 00:00:16 . Memory (MB): peak = 3625.027 ; gain = 942.316 ; free physical = 8728 ; free virtual = 17964
---------------------------------------------------------------------------------
---------------------------------------------------------------------------------
Start IO Insertion
---------------------------------------------------------------------------------
---------------------------------------------------------------------------------
Start Flattening Before IO Insertion
---------------------------------------------------------------------------------
---------------------------------------------------------------------------------
Finished Flattening Before IO Insertion
---------------------------------------------------------------------------------
---------------------------------------------------------------------------------
Start Final Netlist Cleanup
---------------------------------------------------------------------------------
---------------------------------------------------------------------------------
Finished Final Netlist Cleanup
---------------------------------------------------------------------------------
---------------------------------------------------------------------------------
Finished IO Insertion : Time (s): cpu = 00:00:16 ; elapsed = 00:00:17 . Memory (MB): peak = 3638.902 ; gain = 956.191 ; free physical = 8730 ; free virtual = 17967
---------------------------------------------------------------------------------
---------------------------------------------------------------------------------
Start Renaming Generated Instances
---------------------------------------------------------------------------------
---------------------------------------------------------------------------------
Finished Renaming Generated Instances : Time (s): cpu = 00:00:16 ; elapsed = 00:00:17 . Memory (MB): peak = 3638.902 ; gain = 956.191 ; free physical = 8730 ; free virtual = 17967
---------------------------------------------------------------------------------
---------------------------------------------------------------------------------
Start Rebuilding User Hierarchy
---------------------------------------------------------------------------------
---------------------------------------------------------------------------------
Finished Rebuilding User Hierarchy : Time (s): cpu = 00:00:16 ; elapsed = 00:00:17 . Memory (MB): peak = 3638.902 ; gain = 956.191 ; free physical = 8730 ; free virtual = 17967
---------------------------------------------------------------------------------
---------------------------------------------------------------------------------
Start Renaming Generated Ports
---------------------------------------------------------------------------------
---------------------------------------------------------------------------------
Finished Renaming Generated Ports : Time (s): cpu = 00:00:16 ; elapsed = 00:00:17 . Memory (MB): peak = 3638.902 ; gain = 956.191 ; free physical = 8730 ; free virtual = 17967
---------------------------------------------------------------------------------
---------------------------------------------------------------------------------
Start Handling Custom Attributes
---------------------------------------------------------------------------------
---------------------------------------------------------------------------------
Finished Handling Custom Attributes : Time (s): cpu = 00:00:16 ; elapsed = 00:00:17 . Memory (MB): peak = 3638.902 ; gain = 956.191 ; free physical = 8730 ; free virtual = 17967
---------------------------------------------------------------------------------
---------------------------------------------------------------------------------
Start Renaming Generated Nets
---------------------------------------------------------------------------------
---------------------------------------------------------------------------------
Finished Renaming Generated Nets : Time (s): cpu = 00:00:16 ; elapsed = 00:00:17 . Memory (MB): peak = 3638.902 ; gain = 956.191 ; free physical = 8730 ; free virtual = 17967
---------------------------------------------------------------------------------
---------------------------------------------------------------------------------
Start Writing Synthesis Report
---------------------------------------------------------------------------------

Report BlackBoxes: 
+------+----------------+----------+
|      |BlackBox name   |Instances |
+------+----------------+----------+
|1     |bd_0_hls_inst_0 |         1|
+------+----------------+----------+

Report Cell Usage: 
+------+--------------+------+
|      |Cell          |Count |
+------+--------------+------+
|1     |bd_0_hls_inst |     1|
+------+--------------+------+
---------------------------------------------------------------------------------
Finished Writing Synthesis Report : Time (s): cpu = 00:00:16 ; elapsed = 00:00:17 . Memory (MB): peak = 3638.902 ; gain = 956.191 ; free physical = 8730 ; free virtual = 17967
---------------------------------------------------------------------------------
Synthesis finished with 0 errors, 0 critical warnings and 1 warnings.
Synthesis Optimization Runtime : Time (s): cpu = 00:00:13 ; elapsed = 00:00:14 . Memory (MB): peak = 3638.902 ; gain = 863.188 ; free physical = 8730 ; free virtual = 17967
Synthesis Optimization Complete : Time (s): cpu = 00:00:16 ; elapsed = 00:00:18 . Memory (MB): peak = 3638.910 ; gain = 956.191 ; free physical = 8730 ; free virtual = 17967
INFO: [Project 1-571] Translating synthesized netlist
Netlist sorting complete. Time (s): cpu = 00:00:00.01 ; elapsed = 00:00:00.01 . Memory (MB): peak = 3638.910 ; gain = 0.000 ; free physical = 9021 ; free virtual = 18258
INFO: [Project 1-570] Preparing netlist for logic optimization
INFO: [Opt 31-138] Pushed 0 inverter(s) to 0 load pin(s).
Netlist sorting complete. Time (s): cpu = 00:00:00 ; elapsed = 00:00:00 . Memory (MB): peak = 3716.418 ; gain = 0.000 ; free physical = 8950 ; free virtual = 18188
INFO: [Project 1-111] Unisim Transformation Summary:
No Unisim elements were transformed.

Synth Design complete | Checksum: 4a9bd4b6
INFO: [Common 17-83] Releasing license: Synthesis
22 Infos, 1 Warnings, 0 Critical Warnings and 0 Errors encountered.
synth_design completed successfully
synth_design: Time (s): cpu = 00:00:22 ; elapsed = 00:00:24 . Memory (MB): peak = 3716.453 ; gain = 2360.203 ; free physical = 8946 ; free virtual = 18184
INFO: [Common 17-2834] synth_design peak Physical Memory [PSS] (MB): overall = 3040.335; main = 3040.335; forked = 384.516
INFO: [Common 17-2834] synth_design peak Virtual Memory [VSS] (MB): overall = 4217.801; main = 3716.418; forked = 981.609
INFO: [Common 17-1381] The checkpoint '/home/timhan/FHE/openfhe-for-HKS-ACC/src/fpga_backend/Solution/hks_digit_csynth_wide256_direct_r3/solution1/impl/verilog/project.runs/synth_1/bd_0_wrapper.dcp' has been generated.
INFO: [runtcl-4] Executing : report_utilization -file bd_0_wrapper_utilization_synth.rpt -pb bd_0_wrapper_utilization_synth.pb
INFO: [Common 17-206] Exiting Vivado at Fri Sep  4 11:24:41 2026...
[Fri Sep  4 11:24:52 2026] synth_1 finished
wait_on_runs: Time (s): cpu = 00:09:13 ; elapsed = 00:10:12 . Memory (MB): peak = 1709.586 ; gain = 0.000 ; free physical = 11685 ; free virtual = 20951
TIMESTAMP: HLS-REPORT: synthesis open_run: 2026-09-04 11:24:52 CST
INFO: HLS-REPORT: Opening synthesis design database: open_run synth_1
Design is defaulting to impl run constrset: constrs_1
Design is defaulting to synth run part: xcu55c-fsvh2892-2L-e
INFO: [Device 21-403] Loading part xcu55c-fsvh2892-2L-e
INFO: [Project 1-454] Reading design checkpoint '/home/timhan/FHE/openfhe-for-HKS-ACC/src/fpga_backend/Solution/hks_digit_csynth_wide256_direct_r3/solution1/impl/verilog/project.gen/sources_1/bd/bd_0/ip/bd_0_hls_inst_0/bd_0_hls_inst_0.dcp' for cell 'bd_0_i/hls_inst'
Netlist sorting complete. Time (s): cpu = 00:00:00.97 ; elapsed = 00:00:00.97 . Memory (MB): peak = 3191.793 ; gain = 0.000 ; free physical = 10291 ; free virtual = 19687
INFO: [Netlist 29-17] Analyzing 9038 Unisim elements for replacement
INFO: [Netlist 29-28] Unisim Transformation completed in 4 CPU seconds
INFO: [Project 1-479] Netlist was created with Vivado 2023.2
INFO: [Project 1-570] Preparing netlist for logic optimization
Parsing XDC File [/home/timhan/FHE/openfhe-for-HKS-ACC/src/fpga_backend/Solution/hks_digit_csynth_wide256_direct_r3/solution1/impl/verilog/Top.xdc]
Finished Parsing XDC File [/home/timhan/FHE/openfhe-for-HKS-ACC/src/fpga_backend/Solution/hks_digit_csynth_wide256_direct_r3/solution1/impl/verilog/Top.xdc]
INFO: [Opt 31-138] Pushed 0 inverter(s) to 0 load pin(s).
Netlist sorting complete. Time (s): cpu = 00:00:00.03 ; elapsed = 00:00:00.02 . Memory (MB): peak = 3836.797 ; gain = 0.000 ; free physical = 11031 ; free virtual = 20565
INFO: [Project 1-111] Unisim Transformation Summary:
  A total of 1544 instances were transformed.
  DSP48E2 => DSP48E2 (DSP_ALU, DSP_A_B_DATA, DSP_C_DATA, DSP_MULTIPLIER, DSP_M_DATA, DSP_OUTPUT, DSP_PREADD, DSP_PREADD_DATA): 1160 instances
  RAM16X1S => RAM32X1S (RAMS32): 384 instances

open_run: Time (s): cpu = 00:00:33 ; elapsed = 00:00:37 . Memory (MB): peak = 3836.832 ; gain = 2127.246 ; free physical = 11031 ; free virtual = 20565
TIMESTAMP: HLS-REPORT: synthesis generate_reports_vivado: 2026-09-04 11:25:29 CST
INFO: HLS-REPORT: Running report: report_utilization -file ./report/Top_utilization_synth.rpt
INFO: HLS-REPORT: Running report: report_utilization -hierarchical -hierarchical_depth 10 -file ./report/Top_utilization_hierarchical_synth.rpt
INFO: HLS-REPORT: Running report: report_timing_summary -file ./report/Top_timing_synth.rpt
INFO: [Timing 38-35] Done setting XDC timing constraints.
INFO: [Timing 38-91] UpdateTimingParams: Speed grade: -2L, Temperature grade: E, Delay Type: min_max.
INFO: [Timing 38-191] Multithreading enabled for timing update using a maximum of 8 CPUs
WARNING: [Timing 38-242] The property HD.CLK_SRC of clock port "ap_clk" is not set. In out-of-context mode, this prevents timing estimation for clock delay/skew
Resolution: Set the HD.CLK_SRC property of the out-of-context port to the location of the clock buffer instance in the top-level design
report_timing_summary: Time (s): cpu = 00:01:59 ; elapsed = 00:00:39 . Memory (MB): peak = 6268.957 ; gain = 2432.125 ; free physical = 8554 ; free virtual = 18225
INFO: HLS-REPORT: Running report: report_timing -max_paths 10 -file ./report/Top_timing_paths_synth.rpt
INFO: [Timing 38-91] UpdateTimingParams: Speed grade: -2L, Temperature grade: E, Delay Type: max.
INFO: [Timing 38-191] Multithreading enabled for timing update using a maximum of 8 CPUs
INFO: [Timing 38-78] ReportTimingParams: -max_paths 10 -nworst 1 -delay_type max -sort_by slack.
INFO: HLS-REPORT: Running report: report_design_analysis -file ./report/Top_design_analysis_synth.rpt
INFO: [Implflow 30-839]  
report_design_analysis: Time (s): cpu = 00:00:16 ; elapsed = 00:00:05 . Memory (MB): peak = 6268.957 ; gain = 0.000 ; free physical = 8180 ; free virtual = 17881
INFO: HLS-REPORT: Running report: ::tclapp::xilinx::designutils::report_failfast -detailed_report synth -file ./report/Top_failfast_synth.rpt
 -I- design metrics completed in 3 seconds
 -I- DONT_TOUCH metric completed in 2 seconds
 -I- MARK_DEBUG metric completed in 2 seconds
 -I- utilization metrics completed in 2 seconds
 -I- control set metrics completed in 1 seconds
 -I- methodology check metrics completed in 15 seconds
 -I- average fanout metrics completed in 24 seconds (4 modules)
 -I- Generated file /home/timhan/FHE/openfhe-for-HKS-ACC/src/fpga_backend/Solution/hks_digit_csynth_wide256_direct_r3/solution1/impl/verilog/report/synth.AVGFO.rpt
 -I- non-FD high fanout nets completed in 6 seconds
 -I- path budgeting metrics completed in 11 seconds
#  +-----------------------------------------------------------------------------------------+
#  | Design Summary                                                                          |
#  | design_1                                                                                |
#  | xcu55c-fsvh2892-2L-e                                                                    |
#  +-----------------------------------------------------------+-----------+--------+--------+
#  | Criteria                                                  | Guideline | Actual | Status |
#  +-----------------------------------------------------------+-----------+--------+--------+
#  | LUT                                                       | 70%       | 8.53%  | OK     |
#  | FD                                                        | 50%       | 2.45%  | OK     |
#  | LUTRAM+SRL                                                | 25%       | 1.27%  | OK     |
#  | CARRY8                                                    | 25%       | 2.91%  | OK     |
#  | MUXF7                                                     | 15%       | 0.39%  | OK     |
#  | DSP                                                       | 80%       | 12.85% | OK     |
#  | RAMB/FIFO                                                 | 80%       | 17.83% | OK     |
#  | URAM                                                      | 80%       | 10.00% | OK     |
#  | DSP+RAMB+URAM (Avg)                                       | 70%       | 13.56% | OK     |
#  | BUFGCE* + BUFGCTRL                                        | 24        | 0      | OK     |
#  | DONT_TOUCH (cells/nets)                                   | 0         | 0      | OK     |
#  | MARK_DEBUG (nets)                                         | 0         | 0      | OK     |
#  | Control Sets                                              | 24444     | 383    | OK     |
#  | Average Fanout for modules > 100k cells                   | 4         | 1.17   | OK     |
#  | Max Average Fanout for modules > 100k cells               | 4         | 1.17   | OK     |
#  | Non-FD high fanout nets > 10k loads                       | 0         | 0      | OK     |
#  +-----------------------------------------------------------+-----------+--------+--------+
#  | TIMING-6 (No common primary clock between related clocks) | 0         | 0      | OK     |
#  | TIMING-7 (No common node between related clocks)          | 0         | 0      | OK     |
#  | TIMING-8 (No common period between related clocks)        | 0         | 0      | OK     |
#  | TIMING-14 (LUT on the clock tree)                         | 0         | 0      | OK     |
#  | TIMING-35 (No common node in paths with the same clock)   | 0         | 0      | OK     |
#  +-----------------------------------------------------------+-----------+--------+--------+
#  | Number of paths above max LUT budgeting (0.300ns)         | 0         | 0      | OK     |
#  | Number of paths above max Net budgeting (0.208ns)         | 0         | 0      | OK     |
#  +-----------------------------------------------------------+-----------+--------+--------+
 -I- Generated file /home/timhan/FHE/openfhe-for-HKS-ACC/src/fpga_backend/Solution/hks_digit_csynth_wide256_direct_r3/solution1/impl/verilog/report/Top_failfast_synth.rpt
 -I- Number of criteria to review: 0
 -I- This report should be run before placing the design and uses conservative guidelines beyond which runtime and timing closure will likely be more challenging
 -I- report_failfast completed in 66 seconds
TIMESTAMP: HLS-REPORT: synthesis gen_data_dict_vivado: 2026-09-04 11:27:22 CST
TIMESTAMP: HLS-REPORT: synth extract_util_hier: 2026-09-04 11:27:22 CST
TIMESTAMP: HLS-REPORT: synth get_cell_hier_data: 2026-09-04 11:27:22 CST
TIMESTAMP: HLS-REPORT: synth get_timing_paths: 2026-09-04 11:27:24 CST
TIMESTAMP: HLS-REPORT: synth process timing paths: 2026-09-04 11:27:24 CST
TIMESTAMP: HLS-REPORT: synth get_all_vv_rpt_files: 2026-09-04 11:27:24 CST
TIMESTAMP: HLS-REPORT: synthesis write_reports_vivado: 2026-09-04 11:27:24 CST
HLS EXTRACTION: synth area_totals:  0 1303680 2607360 9024 4032 0 960
HLS EXTRACTION: synth area_current: 0 111172 63847 1160 719 0 7238 0 96 96
HLS EXTRACTION: synth resources_dict: AVAIL_LUT 1303680 LUT 111172 AVAIL_FF 2607360 FF 63847 AVAIL_DSP 9024 DSP 1160 AVAIL_BRAM 4032 BRAM 719 AVAIL_URAM 960 URAM 96 LATCH 0 SRL 7238 AVAIL_CLB 0 CLB 0
INFO: HLS-REPORT: generated /home/timhan/FHE/openfhe-for-HKS-ACC/src/fpga_backend/Solution/hks_digit_csynth_wide256_direct_r3/solution1/impl/verilog/report/vivado_syn.xml
INFO: HLS-REPORT: generated /home/timhan/FHE/openfhe-for-HKS-ACC/src/fpga_backend/Solution/hks_digit_csynth_wide256_direct_r3/solution1/impl/report/verilog/Top_export.rpt


Implementation tool: Xilinx Vivado v.2023.2
Project:             hks_digit_csynth_wide256_direct_r3
Solution:            solution1
Device target:       xcu55c-fsvh2892-2L-e
Report date:         Fri Sep 04 11:27:25 CST 2026

#=== Post-Synthesis Resource usage ===
SLICE:            0
LUT:         111172
FF:           63847
DSP:           1160
BRAM:           719
URAM:            96
LATCH:            0
SRL:           7238
CLB:              0

#=== Final timing ===
CP required:                     6.000
CP achieved post-synthesis:      3.862
Timing met

TIMESTAMP: HLS-REPORT: synthesis end: 2026-09-04 11:27:25 CST
# if { $has_impl } {
#   # launch run impl
#   if { [llength $impl_props] } {
#     set_property -dict $impl_props [get_runs impl_1]
#   }
#   launch_runs impl_1
#   wait_on_run impl_1
#   # impl reports
#   hls_vivado_reports_impl impl_1 $report_options
# }
INFO: [Timing 38-480] Writing timing data to binary archive.
Write ShapeDB Complete: Time (s): cpu = 00:00:00.74 ; elapsed = 00:00:00.2 . Memory (MB): peak = 9518.773 ; gain = 0.000 ; free physical = 5318 ; free virtual = 15197
report_design_analysis: Time (s): cpu = 00:00:08 ; elapsed = 00:00:08 . Memory (MB): peak = 9526.777 ; gain = 8.004 ; free physical = 4826 ; free virtual = 15185
WARNING: [Common 17-210] 'write_hwdef' is deprecated.
[Fri Sep  4 11:27:46 2026] Launched impl_1...
Run output will be captured here: /home/timhan/FHE/openfhe-for-HKS-ACC/src/fpga_backend/Solution/hks_digit_csynth_wide256_direct_r3/solution1/impl/verilog/project.runs/impl_1/runme.log
launch_runs: Time (s): cpu = 00:00:24 ; elapsed = 00:00:21 . Memory (MB): peak = 9526.777 ; gain = 32.016 ; free physical = 5218 ; free virtual = 15127
[Fri Sep  4 11:27:46 2026] Waiting for impl_1 to finish...

*** Running vivado
    with args -log bd_0_wrapper.vdi -applog -m64 -product Vivado -messageDb vivado.pb -mode batch -source bd_0_wrapper.tcl -notrace


****** Vivado v2023.2 (64-bit)
  **** SW Build 4029153 on Fri Oct 13 20:13:54 MDT 2023
  **** IP Build 4028589 on Sat Oct 14 00:45:43 MDT 2023
  **** SharedData Build 4025554 on Tue Oct 10 17:18:54 MDT 2023
    ** Copyright 1986-2022 Xilinx, Inc. All Rights Reserved.
    ** Copyright 2022-2023 Advanced Micro Devices, Inc. All Rights Reserved.

source bd_0_wrapper.tcl -notrace
Command: open_checkpoint /home/timhan/FHE/openfhe-for-HKS-ACC/src/fpga_backend/Solution/hks_digit_csynth_wide256_direct_r3/solution1/impl/verilog/project.runs/impl_1/bd_0_wrapper.dcp
INFO: [Device 21-403] Loading part xcu55c-fsvh2892-2L-e
Netlist sorting complete. Time (s): cpu = 00:00:01 ; elapsed = 00:00:01 . Memory (MB): peak = 3062.324 ; gain = 4.000 ; free physical = 3034 ; free virtual = 12944
INFO: [Netlist 29-17] Analyzing 9038 Unisim elements for replacement
INFO: [Netlist 29-28] Unisim Transformation completed in 4 CPU seconds
INFO: [Project 1-479] Netlist was created with Vivado 2023.2
INFO: [Project 1-570] Preparing netlist for logic optimization
Read ShapeDB Complete: Time (s): cpu = 00:00:00.26 ; elapsed = 00:00:00.29 . Memory (MB): peak = 3636.816 ; gain = 44.688 ; free physical = 2492 ; free virtual = 12402
INFO: [Timing 38-478] Restoring timing data from binary archive.
INFO: [Timing 38-479] Binary timing data restore complete.
INFO: [Project 1-856] Restoring constraints from binary archive.
INFO: [Project 1-853] Binary constraint restore complete.
Netlist sorting complete. Time (s): cpu = 00:00:00.01 ; elapsed = 00:00:00.01 . Memory (MB): peak = 5043.777 ; gain = 0.000 ; free physical = 1203 ; free virtual = 11112
INFO: [Project 1-111] Unisim Transformation Summary:
  A total of 1544 instances were transformed.
  DSP48E2 => DSP48E2 (DSP_ALU, DSP_A_B_DATA, DSP_C_DATA, DSP_MULTIPLIER, DSP_M_DATA, DSP_OUTPUT, DSP_PREADD, DSP_PREADD_DATA): 1160 instances
  RAM16X1S => RAM32X1S (RAMS32): 384 instances

INFO: [Project 1-604] Checkpoint was created with Vivado v2023.2 (64-bit) build 4029153
open_checkpoint: Time (s): cpu = 00:00:41 ; elapsed = 00:00:34 . Memory (MB): peak = 5043.812 ; gain = 3699.785 ; free physical = 1203 ; free virtual = 11112
INFO: [IP_Flow 19-234] Refreshing IP repositories
INFO: [IP_Flow 19-1700] Loaded user IP repository '/home/timhan/FHE/openfhe-for-HKS-ACC/src/fpga_backend/Solution/hks_digit_csynth_wide256_direct_r3/solution1/impl/ip'.
INFO: [IP_Flow 19-2313] Loaded Vivado IP repository '/tools/Xilinx/Vivado/2023.2/data/ip'.
Command: opt_design
Attempting to get a license for feature 'Implementation' and/or device 'xcu55c'
INFO: [Common 17-349] Got license for feature 'Implementation' and/or device 'xcu55c'
Running DRC as a precondition to command opt_design

Starting DRC Task
INFO: [DRC 23-27] Running DRC with 8 threads
INFO: [Project 1-461] DRC finished with 0 Errors
INFO: [Project 1-462] Please refer to the DRC report (report_drc) for more information.

Time (s): cpu = 00:00:03 ; elapsed = 00:00:01 . Memory (MB): peak = 5107.809 ; gain = 63.996 ; free physical = 1209 ; free virtual = 11119

Starting Cache Timing Information Task
Ending Cache Timing Information Task | Checksum: bfff1736

Time (s): cpu = 00:00:00.47 ; elapsed = 00:00:00.23 . Memory (MB): peak = 5107.809 ; gain = 0.000 ; free physical = 1209 ; free virtual = 11119

Starting Logic Optimization Task

Phase 1 Initialization

Phase 1.1 Core Generation And Design Setup
Phase 1.1 Core Generation And Design Setup | Checksum: bfff1736

Time (s): cpu = 00:00:00.03 ; elapsed = 00:00:00.03 . Memory (MB): peak = 5161.691 ; gain = 0.000 ; free physical = 1130 ; free virtual = 11040

Phase 1.2 Setup Constraints And Sort Netlist
Phase 1.2 Setup Constraints And Sort Netlist | Checksum: bfff1736

Time (s): cpu = 00:00:00.08 ; elapsed = 00:00:00.08 . Memory (MB): peak = 5161.691 ; gain = 0.000 ; free physical = 1130 ; free virtual = 11040
Phase 1 Initialization | Checksum: bfff1736

Time (s): cpu = 00:00:00.09 ; elapsed = 00:00:00.08 . Memory (MB): peak = 5161.691 ; gain = 0.000 ; free physical = 1130 ; free virtual = 11040

Phase 2 Timer Update And Timing Data Collection

Phase 2.1 Timer Update
Phase 2.1 Timer Update | Checksum: bfff1736

Time (s): cpu = 00:00:19 ; elapsed = 00:00:04 . Memory (MB): peak = 5161.691 ; gain = 0.000 ; free physical = 1116 ; free virtual = 11026

Phase 2.2 Timing Data Collection
Phase 2.2 Timing Data Collection | Checksum: bfff1736

Time (s): cpu = 00:00:20 ; elapsed = 00:00:05 . Memory (MB): peak = 5161.691 ; gain = 0.000 ; free physical = 1114 ; free virtual = 11024
Phase 2 Timer Update And Timing Data Collection | Checksum: bfff1736

Time (s): cpu = 00:00:20 ; elapsed = 00:00:05 . Memory (MB): peak = 5161.691 ; gain = 0.000 ; free physical = 1114 ; free virtual = 11024

Phase 3 Retarget
INFO: [Opt 31-1566] Pulled 6 inverters resulting in an inversion of 46 pins
INFO: [Opt 31-138] Pushed 2 inverter(s) to 2831 load pin(s).
INFO: [Opt 31-49] Retargeted 0 cell(s).
Phase 3 Retarget | Checksum: 2a3ea16a

Time (s): cpu = 00:00:22 ; elapsed = 00:00:07 . Memory (MB): peak = 5185.703 ; gain = 24.012 ; free physical = 1112 ; free virtual = 11022
Retarget | Checksum: 2a3ea16a
INFO: [Opt 31-389] Phase Retarget created 0 cells and removed 11 cells

Phase 4 Constant propagation
INFO: [Opt 31-138] Pushed 0 inverter(s) to 0 load pin(s).
Phase 4 Constant propagation | Checksum: 1221b2721

Time (s): cpu = 00:00:23 ; elapsed = 00:00:07 . Memory (MB): peak = 5185.703 ; gain = 24.012 ; free physical = 1113 ; free virtual = 11023
Constant propagation | Checksum: 1221b2721
INFO: [Opt 31-389] Phase Constant propagation created 5 cells and removed 286 cells

Phase 5 Sweep
Phase 5 Sweep | Checksum: 62be02d8

Time (s): cpu = 00:00:26 ; elapsed = 00:00:11 . Memory (MB): peak = 5185.703 ; gain = 24.012 ; free physical = 1117 ; free virtual = 11028
Sweep | Checksum: 62be02d8
INFO: [Opt 31-389] Phase Sweep created 0 cells and removed 0 cells

Phase 6 BUFG optimization
INFO: [Opt 31-1077] Phase BUFG optimization inserted 0 global clock buffer(s) for CLOCK_LOW_FANOUT.
Phase 6 BUFG optimization | Checksum: 62be02d8

Time (s): cpu = 00:00:27 ; elapsed = 00:00:12 . Memory (MB): peak = 5217.719 ; gain = 56.027 ; free physical = 1119 ; free virtual = 11029
BUFG optimization | Checksum: 62be02d8
INFO: [Opt 31-662] Phase BUFG optimization created 0 cells of which 0 are BUFGs and removed 0 cells.

Phase 7 Shift Register Optimization
WARNING: [Opt 31-1131] Can not pull register out from bd_0_i/hls_inst/inst/fifo_burst/U_fifo_srl/mem_reg[14][0]_srl15 due to none static srl address bits
WARNING: [Opt 31-1131] Can not pull register out from bd_0_i/hls_inst/inst/gmem0_m_axi_U/fifo_burst/U_fifo_srl/mem_reg[14][0]_srl15 due to none static srl address bits
WARNING: [Opt 31-1131] Can not pull register out from bd_0_i/hls_inst/inst/gmem0_m_axi_U/load_unit/fifo_rreq/U_fifo_srl/mem_reg[5][48]_srl6 due to none static srl address bits
WARNING: [Opt 31-1131] Can not pull register out from bd_0_i/hls_inst/inst/gmem0_m_axi_U/load_unit/fifo_rreq/U_fifo_srl/mem_reg[5][51]_srl6 due to none static srl address bits
WARNING: [Opt 31-1131] Can not pull register out from bd_0_i/hls_inst/inst/gmem0_m_axi_U/load_unit/fifo_rreq/U_fifo_srl/mem_reg[5][52]_srl6 due to none static srl address bits
WARNING: [Opt 31-1131] Can not pull register out from bd_0_i/hls_inst/inst/gmem0_m_axi_U/load_unit/fifo_rreq/U_fifo_srl/mem_reg[5][58]_srl6 due to none static srl address bits
WARNING: [Opt 31-1131] Can not pull register out from bd_0_i/hls_inst/inst/gmem0_m_axi_U/load_unit/fifo_rreq/U_fifo_srl/mem_reg[5][5]_srl6 due to none static srl address bits
WARNING: [Opt 31-1131] Can not pull register out from bd_0_i/hls_inst/inst/gmem0_m_axi_U/load_unit/fifo_rreq/U_fifo_srl/mem_reg[5][49]_srl6 due to none static srl address bits
WARNING: [Opt 31-1131] Can not pull register out from bd_0_i/hls_inst/inst/gmem0_m_axi_U/load_unit/fifo_rreq/U_fifo_srl/mem_reg[5][53]_srl6 due to none static srl address bits
WARNING: [Opt 31-1131] Can not pull register out from bd_0_i/hls_inst/inst/gmem0_m_axi_U/load_unit/fifo_rreq/U_fifo_srl/mem_reg[5][54]_srl6 due to none static srl address bits
WARNING: [Opt 31-1131] Can not pull register out from bd_0_i/hls_inst/inst/gmem0_m_axi_U/load_unit/fifo_rreq/U_fifo_srl/mem_reg[5][64]_srl6 due to none static srl address bits
WARNING: [Opt 31-1131] Can not pull register out from bd_0_i/hls_inst/inst/gmem0_m_axi_U/load_unit/fifo_rreq/U_fifo_srl/mem_reg[5][9]_srl6 due to none static srl address bits
WARNING: [Opt 31-1131] Can not pull register out from bd_0_i/hls_inst/inst/gmem0_m_axi_U/load_unit/fifo_rreq/U_fifo_srl/mem_reg[5][47]_srl6 due to none static srl address bits
WARNING: [Opt 31-1131] Can not pull register out from bd_0_i/hls_inst/inst/gmem0_m_axi_U/load_unit/fifo_rreq/U_fifo_srl/mem_reg[5][56]_srl6 due to none static srl address bits
WARNING: [Opt 31-1131] Can not pull register out from bd_0_i/hls_inst/inst/gmem0_m_axi_U/load_unit/fifo_rreq/U_fifo_srl/mem_reg[5][8]_srl6 due to none static srl address bits
WARNING: [Opt 31-1131] Can not pull register out from bd_0_i/hls_inst/inst/gmem0_m_axi_U/load_unit/fifo_rreq/U_fifo_srl/mem_reg[5][46]_srl6 due to none static srl address bits
WARNING: [Opt 31-1131] Can not pull register out from bd_0_i/hls_inst/inst/gmem0_m_axi_U/load_unit/fifo_rreq/U_fifo_srl/mem_reg[5][6]_srl6 due to none static srl address bits
WARNING: [Opt 31-1131] Can not pull register out from bd_0_i/hls_inst/inst/gmem0_m_axi_U/load_unit/fifo_rreq/U_fifo_srl/mem_reg[5][55]_srl6 due to none static srl address bits
WARNING: [Opt 31-1131] Can not pull register out from bd_0_i/hls_inst/inst/gmem0_m_axi_U/load_unit/fifo_rreq/U_fifo_srl/mem_reg[5][74]_srl6 due to none static srl address bits
WARNING: [Opt 31-1131] Can not pull register out from bd_0_i/hls_inst/inst/gmem0_m_axi_U/load_unit/fifo_rreq/U_fifo_srl/mem_reg[5][50]_srl6 due to none static srl address bits
WARNING: [Opt 31-1131] Can not pull register out from bd_0_i/hls_inst/inst/gmem0_m_axi_U/load_unit/fifo_rreq/U_fifo_srl/mem_reg[5][4]_srl6 due to none static srl address bits
WARNING: [Opt 31-1131] Can not pull register out from bd_0_i/hls_inst/inst/gmem0_m_axi_U/load_unit/fifo_rreq/U_fifo_srl/mem_reg[5][57]_srl6 due to none static srl address bits
WARNING: [Opt 31-1131] Can not pull register out from bd_0_i/hls_inst/inst/gmem0_m_axi_U/load_unit/fifo_rreq/U_fifo_srl/mem_reg[5][7]_srl6 due to none static srl address bits
WARNING: [Opt 31-1131] Can not pull register out from bd_0_i/hls_inst/inst/gmem0_m_axi_U/load_unit/fifo_rreq/U_fifo_srl/mem_reg[5][0]_srl6 due to none static srl address bits
WARNING: [Opt 31-1131] Can not pull register out from bd_0_i/hls_inst/inst/gmem0_m_axi_U/load_unit/fifo_rreq/U_fifo_srl/mem_reg[5][10]_srl6 due to none static srl address bits
WARNING: [Opt 31-1131] Can not pull register out from bd_0_i/hls_inst/inst/gmem0_m_axi_U/load_unit/fifo_rreq/U_fifo_srl/mem_reg[5][11]_srl6 due to none static srl address bits
WARNING: [Opt 31-1131] Can not pull register out from bd_0_i/hls_inst/inst/gmem0_m_axi_U/load_unit/fifo_rreq/U_fifo_srl/mem_reg[5][12]_srl6 due to none static srl address bits
WARNING: [Opt 31-1131] Can not pull register out from bd_0_i/hls_inst/inst/gmem0_m_axi_U/load_unit/fifo_rreq/U_fifo_srl/mem_reg[5][13]_srl6 due to none static srl address bits
WARNING: [Opt 31-1131] Can not pull register out from bd_0_i/hls_inst/inst/gmem0_m_axi_U/load_unit/fifo_rreq/U_fifo_srl/mem_reg[5][14]_srl6 due to none static srl address bits
WARNING: [Opt 31-1131] Can not pull register out from bd_0_i/hls_inst/inst/gmem0_m_axi_U/load_unit/fifo_rreq/U_fifo_srl/mem_reg[5][15]_srl6 due to none static srl address bits
WARNING: [Opt 31-1131] Can not pull register out from bd_0_i/hls_inst/inst/gmem0_m_axi_U/load_unit/fifo_rreq/U_fifo_srl/mem_reg[5][16]_srl6 due to none static srl address bits
WARNING: [Opt 31-1131] Can not pull register out from bd_0_i/hls_inst/inst/gmem0_m_axi_U/load_unit/fifo_rreq/U_fifo_srl/mem_reg[5][17]_srl6 due to none static srl address bits
WARNING: [Opt 31-1131] Can not pull register out from bd_0_i/hls_inst/inst/gmem0_m_axi_U/load_unit/fifo_rreq/U_fifo_srl/mem_reg[5][18]_srl6 due to none static srl address bits
WARNING: [Opt 31-1131] Can not pull register out from bd_0_i/hls_inst/inst/gmem0_m_axi_U/load_unit/fifo_rreq/U_fifo_srl/mem_reg[5][19]_srl6 due to none static srl address bits
WARNING: [Opt 31-1131] Can not pull register out from bd_0_i/hls_inst/inst/gmem0_m_axi_U/load_unit/fifo_rreq/U_fifo_srl/mem_reg[5][1]_srl6 due to none static srl address bits
WARNING: [Opt 31-1131] Can not pull register out from bd_0_i/hls_inst/inst/gmem0_m_axi_U/load_unit/fifo_rreq/U_fifo_srl/mem_reg[5][20]_srl6 due to none static srl address bits
WARNING: [Opt 31-1131] Can not pull register out from bd_0_i/hls_inst/inst/gmem0_m_axi_U/load_unit/fifo_rreq/U_fifo_srl/mem_reg[5][21]_srl6 due to none static srl address bits
WARNING: [Opt 31-1131] Can not pull register out from bd_0_i/hls_inst/inst/gmem0_m_axi_U/load_unit/fifo_rreq/U_fifo_srl/mem_reg[5][22]_srl6 due to none static srl address bits
WARNING: [Opt 31-1131] Can not pull register out from bd_0_i/hls_inst/inst/gmem0_m_axi_U/load_unit/fifo_rreq/U_fifo_srl/mem_reg[5][23]_srl6 due to none static srl address bits
WARNING: [Opt 31-1131] Can not pull register out from bd_0_i/hls_inst/inst/gmem0_m_axi_U/load_unit/fifo_rreq/U_fifo_srl/mem_reg[5][24]_srl6 due to none static srl address bits
WARNING: [Opt 31-1131] Can not pull register out from bd_0_i/hls_inst/inst/gmem0_m_axi_U/load_unit/fifo_rreq/U_fifo_srl/mem_reg[5][25]_srl6 due to none static srl address bits
WARNING: [Opt 31-1131] Can not pull register out from bd_0_i/hls_inst/inst/gmem0_m_axi_U/load_unit/fifo_rreq/U_fifo_srl/mem_reg[5][26]_srl6 due to none static srl address bits
WARNING: [Opt 31-1131] Can not pull register out from bd_0_i/hls_inst/inst/gmem0_m_axi_U/load_unit/fifo_rreq/U_fifo_srl/mem_reg[5][27]_srl6 due to none static srl address bits
WARNING: [Opt 31-1131] Can not pull register out from bd_0_i/hls_inst/inst/gmem0_m_axi_U/load_unit/fifo_rreq/U_fifo_srl/mem_reg[5][28]_srl6 due to none static srl address bits
WARNING: [Opt 31-1131] Can not pull register out from bd_0_i/hls_inst/inst/gmem0_m_axi_U/load_unit/fifo_rreq/U_fifo_srl/mem_reg[5][29]_srl6 due to none static srl address bits
WARNING: [Opt 31-1131] Can not pull register out from bd_0_i/hls_inst/inst/gmem0_m_axi_U/load_unit/fifo_rreq/U_fifo_srl/mem_reg[5][2]_srl6 due to none static srl address bits
WARNING: [Opt 31-1131] Can not pull register out from bd_0_i/hls_inst/inst/gmem0_m_axi_U/load_unit/fifo_rreq/U_fifo_srl/mem_reg[5][30]_srl6 due to none static srl address bits
WARNING: [Opt 31-1131] Can not pull register out from bd_0_i/hls_inst/inst/gmem0_m_axi_U/load_unit/fifo_rreq/U_fifo_srl/mem_reg[5][31]_srl6 due to none static srl address bits
WARNING: [Opt 31-1131] Can not pull register out from bd_0_i/hls_inst/inst/gmem0_m_axi_U/load_unit/fifo_rreq/U_fifo_srl/mem_reg[5][32]_srl6 due to none static srl address bits
WARNING: [Opt 31-1131] Can not pull register out from bd_0_i/hls_inst/inst/gmem0_m_axi_U/load_unit/fifo_rreq/U_fifo_srl/mem_reg[5][33]_srl6 due to none static srl address bits
WARNING: [Opt 31-1131] Can not pull register out from bd_0_i/hls_inst/inst/gmem0_m_axi_U/load_unit/fifo_rreq/U_fifo_srl/mem_reg[5][34]_srl6 due to none static srl address bits
WARNING: [Opt 31-1131] Can not pull register out from bd_0_i/hls_inst/inst/gmem0_m_axi_U/load_unit/fifo_rreq/U_fifo_srl/mem_reg[5][35]_srl6 due to none static srl address bits
WARNING: [Opt 31-1131] Can not pull register out from bd_0_i/hls_inst/inst/gmem0_m_axi_U/load_unit/fifo_rreq/U_fifo_srl/mem_reg[5][36]_srl6 due to none static srl address bits
WARNING: [Opt 31-1131] Can not pull register out from bd_0_i/hls_inst/inst/gmem0_m_axi_U/load_unit/fifo_rreq/U_fifo_srl/mem_reg[5][37]_srl6 due to none static srl address bits
WARNING: [Opt 31-1131] Can not pull register out from bd_0_i/hls_inst/inst/gmem0_m_axi_U/load_unit/fifo_rreq/U_fifo_srl/mem_reg[5][38]_srl6 due to none static srl address bits
WARNING: [Opt 31-1131] Can not pull register out from bd_0_i/hls_inst/inst/gmem0_m_axi_U/load_unit/fifo_rreq/U_fifo_srl/mem_reg[5][39]_srl6 due to none static srl address bits
WARNING: [Opt 31-1131] Can not pull register out from bd_0_i/hls_inst/inst/gmem0_m_axi_U/load_unit/fifo_rreq/U_fifo_srl/mem_reg[5][3]_srl6 due to none static srl address bits
WARNING: [Opt 31-1131] Can not pull register out from bd_0_i/hls_inst/inst/gmem0_m_axi_U/load_unit/fifo_rreq/U_fifo_srl/mem_reg[5][40]_srl6 due to none static srl address bits
WARNING: [Opt 31-1131] Can not pull register out from bd_0_i/hls_inst/inst/gmem0_m_axi_U/load_unit/fifo_rreq/U_fifo_srl/mem_reg[5][41]_srl6 due to none static srl address bits
WARNING: [Opt 31-1131] Can not pull register out from bd_0_i/hls_inst/inst/gmem0_m_axi_U/load_unit/fifo_rreq/U_fifo_srl/mem_reg[5][42]_srl6 due to none static srl address bits
WARNING: [Opt 31-1131] Can not pull register out from bd_0_i/hls_inst/inst/gmem0_m_axi_U/load_unit/fifo_rreq/U_fifo_srl/mem_reg[5][43]_srl6 due to none static srl address bits
WARNING: [Opt 31-1131] Can not pull register out from bd_0_i/hls_inst/inst/gmem0_m_axi_U/load_unit/fifo_rreq/U_fifo_srl/mem_reg[5][44]_srl6 due to none static srl address bits
WARNING: [Opt 31-1131] Can not pull register out from bd_0_i/hls_inst/inst/gmem0_m_axi_U/load_unit/fifo_rreq/U_fifo_srl/mem_reg[5][45]_srl6 due to none static srl address bits
WARNING: [Opt 31-1131] Can not pull register out from bd_0_i/hls_inst/inst/gmem1_m_axi_U/load_unit/fifo_rreq/U_fifo_srl/mem_reg[5][57]_srl6 due to none static srl address bits
WARNING: [Opt 31-1131] Can not pull register out from bd_0_i/hls_inst/inst/gmem1_m_axi_U/load_unit/fifo_rreq/U_fifo_srl/mem_reg[5][64]_srl6 due to none static srl address bits
WARNING: [Opt 31-1131] Can not pull register out from bd_0_i/hls_inst/inst/gmem1_m_axi_U/load_unit/fifo_rreq/U_fifo_srl/mem_reg[5][74]_srl6 due to none static srl address bits
WARNING: [Opt 31-1131] Can not pull register out from bd_0_i/hls_inst/inst/gmem1_m_axi_U/load_unit/fifo_rreq/U_fifo_srl/mem_reg[5][8]_srl6 due to none static srl address bits
WARNING: [Opt 31-1131] Can not pull register out from bd_0_i/hls_inst/inst/gmem1_m_axi_U/load_unit/fifo_rreq/U_fifo_srl/mem_reg[5][9]_srl6 due to none static srl address bits
WARNING: [Opt 31-1131] Can not pull register out from bd_0_i/hls_inst/inst/gmem1_m_axi_U/load_unit/fifo_rreq/U_fifo_srl/mem_reg[5][55]_srl6 due to none static srl address bits
WARNING: [Opt 31-1131] Can not pull register out from bd_0_i/hls_inst/inst/gmem1_m_axi_U/load_unit/fifo_rreq/U_fifo_srl/mem_reg[5][6]_srl6 due to none static srl address bits
WARNING: [Opt 31-1131] Can not pull register out from bd_0_i/hls_inst/inst/gmem1_m_axi_U/load_unit/fifo_rreq/U_fifo_srl/mem_reg[5][7]_srl6 due to none static srl address bits
WARNING: [Opt 31-1131] Can not pull register out from bd_0_i/hls_inst/inst/gmem1_m_axi_U/load_unit/fifo_rreq/U_fifo_srl/mem_reg[5][58]_srl6 due to none static srl address bits
WARNING: [Opt 31-1131] Can not pull register out from bd_0_i/hls_inst/inst/gmem1_m_axi_U/load_unit/fifo_rreq/U_fifo_srl/mem_reg[5][5]_srl6 due to none static srl address bits
WARNING: [Opt 31-1131] Can not pull register out from bd_0_i/hls_inst/inst/gmem1_m_axi_U/load_unit/fifo_rreq/U_fifo_srl/mem_reg[5][56]_srl6 due to none static srl address bits
WARNING: [Opt 31-1131] Can not pull register out from bd_0_i/hls_inst/inst/gmem1_m_axi_U/load_unit/fifo_rreq/U_fifo_srl/mem_reg[5][0]_srl6 due to none static srl address bits
WARNING: [Opt 31-1131] Can not pull register out from bd_0_i/hls_inst/inst/gmem1_m_axi_U/load_unit/fifo_rreq/U_fifo_srl/mem_reg[5][10]_srl6 due to none static srl address bits
WARNING: [Opt 31-1131] Can not pull register out from bd_0_i/hls_inst/inst/gmem1_m_axi_U/load_unit/fifo_rreq/U_fifo_srl/mem_reg[5][11]_srl6 due to none static srl address bits
WARNING: [Opt 31-1131] Can not pull register out from bd_0_i/hls_inst/inst/gmem1_m_axi_U/load_unit/fifo_rreq/U_fifo_srl/mem_reg[5][12]_srl6 due to none static srl address bits
WARNING: [Opt 31-1131] Can not pull register out from bd_0_i/hls_inst/inst/gmem1_m_axi_U/load_unit/fifo_rreq/U_fifo_srl/mem_reg[5][13]_srl6 due to none static srl address bits
WARNING: [Opt 31-1131] Can not pull register out from bd_0_i/hls_inst/inst/gmem1_m_axi_U/load_unit/fifo_rreq/U_fifo_srl/mem_reg[5][14]_srl6 due to none static srl address bits
WARNING: [Opt 31-1131] Can not pull register out from bd_0_i/hls_inst/inst/gmem1_m_axi_U/load_unit/fifo_rreq/U_fifo_srl/mem_reg[5][15]_srl6 due to none static srl address bits
WARNING: [Opt 31-1131] Can not pull register out from bd_0_i/hls_inst/inst/gmem1_m_axi_U/load_unit/fifo_rreq/U_fifo_srl/mem_reg[5][16]_srl6 due to none static srl address bits
WARNING: [Opt 31-1131] Can not pull register out from bd_0_i/hls_inst/inst/gmem1_m_axi_U/load_unit/fifo_rreq/U_fifo_srl/mem_reg[5][17]_srl6 due to none static srl address bits
WARNING: [Opt 31-1131] Can not pull register out from bd_0_i/hls_inst/inst/gmem1_m_axi_U/load_unit/fifo_rreq/U_fifo_srl/mem_reg[5][18]_srl6 due to none static srl address bits
WARNING: [Opt 31-1131] Can not pull register out from bd_0_i/hls_inst/inst/gmem1_m_axi_U/load_unit/fifo_rreq/U_fifo_srl/mem_reg[5][19]_srl6 due to none static srl address bits
WARNING: [Opt 31-1131] Can not pull register out from bd_0_i/hls_inst/inst/gmem1_m_axi_U/load_unit/fifo_rreq/U_fifo_srl/mem_reg[5][1]_srl6 due to none static srl address bits
WARNING: [Opt 31-1131] Can not pull register out from bd_0_i/hls_inst/inst/gmem1_m_axi_U/load_unit/fifo_rreq/U_fifo_srl/mem_reg[5][20]_srl6 due to none static srl address bits
WARNING: [Opt 31-1131] Can not pull register out from bd_0_i/hls_inst/inst/gmem1_m_axi_U/load_unit/fifo_rreq/U_fifo_srl/mem_reg[5][21]_srl6 due to none static srl address bits
WARNING: [Opt 31-1131] Can not pull register out from bd_0_i/hls_inst/inst/gmem1_m_axi_U/load_unit/fifo_rreq/U_fifo_srl/mem_reg[5][22]_srl6 due to none static srl address bits
WARNING: [Opt 31-1131] Can not pull register out from bd_0_i/hls_inst/inst/gmem1_m_axi_U/load_unit/fifo_rreq/U_fifo_srl/mem_reg[5][23]_srl6 due to none static srl address bits
WARNING: [Opt 31-1131] Can not pull register out from bd_0_i/hls_inst/inst/gmem1_m_axi_U/load_unit/fifo_rreq/U_fifo_srl/mem_reg[5][24]_srl6 due to none static srl address bits
WARNING: [Opt 31-1131] Can not pull register out from bd_0_i/hls_inst/inst/gmem1_m_axi_U/load_unit/fifo_rreq/U_fifo_srl/mem_reg[5][25]_srl6 due to none static srl address bits
WARNING: [Opt 31-1131] Can not pull register out from bd_0_i/hls_inst/inst/gmem1_m_axi_U/load_unit/fifo_rreq/U_fifo_srl/mem_reg[5][26]_srl6 due to none static srl address bits
WARNING: [Opt 31-1131] Can not pull register out from bd_0_i/hls_inst/inst/gmem1_m_axi_U/load_unit/fifo_rreq/U_fifo_srl/mem_reg[5][27]_srl6 due to none static srl address bits
WARNING: [Opt 31-1131] Can not pull register out from bd_0_i/hls_inst/inst/gmem1_m_axi_U/load_unit/fifo_rreq/U_fifo_srl/mem_reg[5][28]_srl6 due to none static srl address bits
WARNING: [Opt 31-1131] Can not pull register out from bd_0_i/hls_inst/inst/gmem1_m_axi_U/load_unit/fifo_rreq/U_fifo_srl/mem_reg[5][29]_srl6 due to none static srl address bits
WARNING: [Opt 31-1131] Can not pull register out from bd_0_i/hls_inst/inst/gmem1_m_axi_U/load_unit/fifo_rreq/U_fifo_srl/mem_reg[5][2]_srl6 due to none static srl address bits
WARNING: [Opt 31-1131] Can not pull register out from bd_0_i/hls_inst/inst/gmem1_m_axi_U/load_unit/fifo_rreq/U_fifo_srl/mem_reg[5][30]_srl6 due to none static srl address bits
WARNING: [Opt 31-1131] Can not pull register out from bd_0_i/hls_inst/inst/gmem1_m_axi_U/load_unit/fifo_rreq/U_fifo_srl/mem_reg[5][31]_srl6 due to none static srl address bits
WARNING: [Opt 31-1131] Can not pull register out from bd_0_i/hls_inst/inst/gmem1_m_axi_U/load_unit/fifo_rreq/U_fifo_srl/mem_reg[5][32]_srl6 due to none static srl address bits
INFO: [Common 17-14] Message 'Opt 31-1131' appears 100 times and further instances of the messages will be disabled. Use the Tcl command set_msg_config to change the current settings.
INFO: [Opt 31-1064] SRL Remap converted 0 SRLs to 0 registers and converted 0 registers of register chains to 0 SRLs
Phase 7 Shift Register Optimization | Checksum: 2feda836

Time (s): cpu = 00:00:27 ; elapsed = 00:00:12 . Memory (MB): peak = 5217.719 ; gain = 56.027 ; free physical = 1119 ; free virtual = 11029
Shift Register Optimization | Checksum: 2feda836
INFO: [Opt 31-389] Phase Shift Register Optimization created 61 cells and removed 0 cells

Phase 8 Post Processing Netlist
Phase 8 Post Processing Netlist | Checksum: 2feda836

Time (s): cpu = 00:00:28 ; elapsed = 00:00:13 . Memory (MB): peak = 5217.719 ; gain = 56.027 ; free physical = 1121 ; free virtual = 11031
Post Processing Netlist | Checksum: 2feda836
INFO: [Opt 31-389] Phase Post Processing Netlist created 0 cells and removed 0 cells

Phase 9 Finalization

Phase 9.1 Finalizing Design Cores and Updating Shapes
Phase 9.1 Finalizing Design Cores and Updating Shapes | Checksum: 1968ae4c5

Time (s): cpu = 00:00:35 ; elapsed = 00:00:19 . Memory (MB): peak = 5217.719 ; gain = 56.027 ; free physical = 1117 ; free virtual = 11028

Phase 9.2 Verifying Netlist Connectivity

Starting Connectivity Check Task

Time (s): cpu = 00:00:00.19 ; elapsed = 00:00:00.2 . Memory (MB): peak = 5217.719 ; gain = 0.000 ; free physical = 1117 ; free virtual = 11028
Phase 9.2 Verifying Netlist Connectivity | Checksum: 1968ae4c5

Time (s): cpu = 00:00:35 ; elapsed = 00:00:20 . Memory (MB): peak = 5217.719 ; gain = 56.027 ; free physical = 1117 ; free virtual = 11028
Phase 9 Finalization | Checksum: 1968ae4c5

Time (s): cpu = 00:00:35 ; elapsed = 00:00:20 . Memory (MB): peak = 5217.719 ; gain = 56.027 ; free physical = 1117 ; free virtual = 11028
Opt_design Change Summary
=========================


-------------------------------------------------------------------------------------------------------------------------
|  Phase                        |  #Cells created  |  #Cells Removed  |  #Constrained objects preventing optimizations  |
-------------------------------------------------------------------------------------------------------------------------
|  Retarget                     |               0  |              11  |                                              0  |
|  Constant propagation         |               5  |             286  |                                              0  |
|  Sweep                        |               0  |               0  |                                              0  |
|  BUFG optimization            |               0  |               0  |                                              0  |
|  Shift Register Optimization  |              61  |               0  |                                              0  |
|  Post Processing Netlist      |               0  |               0  |                                              0  |
-------------------------------------------------------------------------------------------------------------------------


Ending Logic Optimization Task | Checksum: 1968ae4c5

Time (s): cpu = 00:00:35 ; elapsed = 00:00:20 . Memory (MB): peak = 5217.719 ; gain = 56.027 ; free physical = 1117 ; free virtual = 11028
INFO: [Constraints 18-11670] Building netlist checker database with flags, 0x8
Done building netlist checker database: Time (s): cpu = 00:00:00.07 ; elapsed = 00:00:00.08 . Memory (MB): peak = 5217.719 ; gain = 0.000 ; free physical = 1119 ; free virtual = 11029

Starting Power Optimization Task
INFO: [Pwropt 34-132] Skipping clock gating for clocks with a period < 2.00 ns.
INFO: [Pwropt 34-9] Applying IDT optimizations ...
INFO: [Pwropt 34-10] Applying ODC optimizations ...
INFO: [Timing 38-35] Done setting XDC timing constraints.
Running Vector-less Activity Propagation...

Finished Running Vector-less Activity Propagation


Starting PowerOpt Patch Enables Task
INFO: [Pwropt 34-162] WRITE_MODE attribute of 0 BRAM(s) out of a total of 361 has been updated to save power. Run report_power_opt to get a complete listing of the BRAMs updated.
INFO: [Pwropt 34-201] Structural ODC has moved 0 WE to EN ports
Number of BRAM Ports augmented: 37 newly gated: 8 Total Ports: 722
Ending PowerOpt Patch Enables Task | Checksum: 154ce63e0

Time (s): cpu = 00:00:01 ; elapsed = 00:00:01 . Memory (MB): peak = 7306.391 ; gain = 0.000 ; free physical = 217 ; free virtual = 9197
Ending Power Optimization Task | Checksum: 154ce63e0

Time (s): cpu = 00:01:53 ; elapsed = 00:00:46 . Memory (MB): peak = 7306.391 ; gain = 2088.672 ; free physical = 217 ; free virtual = 9197

Starting Final Cleanup Task
Ending Final Cleanup Task | Checksum: 154ce63e0

Time (s): cpu = 00:00:00.01 ; elapsed = 00:00:00.01 . Memory (MB): peak = 7306.391 ; gain = 0.000 ; free physical = 217 ; free virtual = 9197

Starting Netlist Obfuscation Task
Netlist sorting complete. Time (s): cpu = 00:00:00.02 ; elapsed = 00:00:00.02 . Memory (MB): peak = 7306.391 ; gain = 0.000 ; free physical = 217 ; free virtual = 9197
Ending Netlist Obfuscation Task | Checksum: 1467a9d58

Time (s): cpu = 00:00:00.03 ; elapsed = 00:00:00.03 . Memory (MB): peak = 7306.391 ; gain = 0.000 ; free physical = 217 ; free virtual = 9197
INFO: [Common 17-83] Releasing license: Implementation
39 Infos, 100 Warnings, 0 Critical Warnings and 0 Errors encountered.
opt_design completed successfully
opt_design: Time (s): cpu = 00:02:34 ; elapsed = 00:01:09 . Memory (MB): peak = 7306.391 ; gain = 2262.578 ; free physical = 217 ; free virtual = 9200
INFO: [runtcl-4] Executing : report_drc -file bd_0_wrapper_drc_opted.rpt -pb bd_0_wrapper_drc_opted.pb -rpx bd_0_wrapper_drc_opted.rpx
Command: report_drc -file bd_0_wrapper_drc_opted.rpt -pb bd_0_wrapper_drc_opted.pb -rpx bd_0_wrapper_drc_opted.rpx
INFO: [IP_Flow 19-1839] IP Catalog is up to date.
INFO: [DRC 23-27] Running DRC with 8 threads
INFO: [Vivado_Tcl 2-168] The results of DRC are in file /home/timhan/FHE/openfhe-for-HKS-ACC/src/fpga_backend/Solution/hks_digit_csynth_wide256_direct_r3/solution1/impl/verilog/project.runs/impl_1/bd_0_wrapper_drc_opted.rpt.
report_drc completed successfully
report_drc: Time (s): cpu = 00:00:16 ; elapsed = 00:00:08 . Memory (MB): peak = 7306.391 ; gain = 0.000 ; free physical = 204 ; free virtual = 9187
INFO: [Timing 38-35] Done setting XDC timing constraints.
INFO: [Timing 38-480] Writing timing data to binary archive.
Write ShapeDB Complete: Time (s): cpu = 00:00:00.94 ; elapsed = 00:00:00.22 . Memory (MB): peak = 7314.395 ; gain = 0.000 ; free physical = 228 ; free virtual = 9204
INFO: [Common 17-1381] The checkpoint '/home/timhan/FHE/openfhe-for-HKS-ACC/src/fpga_backend/Solution/hks_digit_csynth_wide256_direct_r3/solution1/impl/verilog/project.runs/impl_1/bd_0_wrapper_opt.dcp' has been generated.
write_checkpoint: Time (s): cpu = 00:01:16 ; elapsed = 00:00:22 . Memory (MB): peak = 7314.395 ; gain = 8.004 ; free physical = 694 ; free virtual = 9180
Command: place_design
Attempting to get a license for feature 'Implementation' and/or device 'xcu55c'
INFO: [Common 17-349] Got license for feature 'Implementation' and/or device 'xcu55c'
INFO: [Common 17-83] Releasing license: Implementation
INFO: [DRC 23-27] Running DRC with 8 threads
INFO: [Vivado_Tcl 4-198] DRC finished with 0 Errors
INFO: [Vivado_Tcl 4-199] Please refer to the DRC report (report_drc) for more information.
Running DRC as a precondition to command place_design
INFO: [DRC 23-27] Running DRC with 8 threads
INFO: [Vivado_Tcl 4-198] DRC finished with 0 Errors
INFO: [Vivado_Tcl 4-199] Please refer to the DRC report (report_drc) for more information.
INFO: [Place 30-611] Multithreading enabled for place_design using a maximum of 8 CPUs

Starting Placer Task

Phase 1 Placer Initialization

Phase 1.1 Placer Initialization Netlist Sorting
Netlist sorting complete. Time (s): cpu = 00:00:00.01 ; elapsed = 00:00:00.01 . Memory (MB): peak = 7346.410 ; gain = 0.000 ; free physical = 675 ; free virtual = 9191
Phase 1.1 Placer Initialization Netlist Sorting | Checksum: 5ed22d3e

Time (s): cpu = 00:00:00.11 ; elapsed = 00:00:00.12 . Memory (MB): peak = 7346.410 ; gain = 0.000 ; free physical = 674 ; free virtual = 9191
Netlist sorting complete. Time (s): cpu = 00:00:00.01 ; elapsed = 00:00:00.01 . Memory (MB): peak = 7346.410 ; gain = 0.000 ; free physical = 674 ; free virtual = 9192

Phase 1.2 IO Placement/ Clock Placement/ Build Placer Device
Phase 1.2 IO Placement/ Clock Placement/ Build Placer Device | Checksum: 35b6f494

Time (s): cpu = 00:00:19 ; elapsed = 00:00:16 . Memory (MB): peak = 7346.410 ; gain = 0.000 ; free physical = 611 ; free virtual = 9152

Phase 1.3 Build Placer Netlist Model
Phase 1.3 Build Placer Netlist Model | Checksum: 427a8f4b

Time (s): cpu = 00:01:46 ; elapsed = 00:00:50 . Memory (MB): peak = 8219.902 ; gain = 873.492 ; free physical = 207 ; free virtual = 8185

Phase 1.4 Constrain Clocks/Macros
Phase 1.4 Constrain Clocks/Macros | Checksum: 427a8f4b

Time (s): cpu = 00:01:46 ; elapsed = 00:00:50 . Memory (MB): peak = 8219.902 ; gain = 873.492 ; free physical = 207 ; free virtual = 8185
Phase 1 Placer Initialization | Checksum: 427a8f4b

Time (s): cpu = 00:01:47 ; elapsed = 00:00:51 . Memory (MB): peak = 8219.902 ; gain = 873.492 ; free physical = 207 ; free virtual = 8186

Phase 2 Global Placement

Phase 2.1 Floorplanning

Phase 2.1.1 Partition Driven Placement

Phase 2.1.1.1 PBP: Partition Driven Placement
Phase 2.1.1.1 PBP: Partition Driven Placement | Checksum: 7b0c4a50

Time (s): cpu = 00:04:08 ; elapsed = 00:01:49 . Memory (MB): peak = 8299.941 ; gain = 953.531 ; free physical = 210 ; free virtual = 8190

Phase 2.1.1.2 PBP: Clock Region Placement
INFO: [Place 30-3164] Check ILP status : ILP-based clock placer is skipped.
Phase 2.1.1.2 PBP: Clock Region Placement | Checksum: 7b0c4a50

Time (s): cpu = 00:04:09 ; elapsed = 00:01:49 . Memory (MB): peak = 8299.941 ; gain = 953.531 ; free physical = 210 ; free virtual = 8190

Phase 2.1.1.3 PBP: Discrete Incremental
Phase 2.1.1.3 PBP: Discrete Incremental | Checksum: 11d7887be

Time (s): cpu = 00:04:12 ; elapsed = 00:01:53 . Memory (MB): peak = 8299.941 ; gain = 953.531 ; free physical = 210 ; free virtual = 8190

Phase 2.1.1.4 PBP: Compute Congestion
Phase 2.1.1.4 PBP: Compute Congestion | Checksum: 11d7887be

Time (s): cpu = 00:04:52 ; elapsed = 00:02:03 . Memory (MB): peak = 8299.941 ; gain = 953.531 ; free physical = 185 ; free virtual = 8204

Phase 2.1.1.5 PBP: Macro Placement
Phase 2.1.1.5 PBP: Macro Placement | Checksum: dc8f4f82

Time (s): cpu = 00:04:59 ; elapsed = 00:02:10 . Memory (MB): peak = 8299.941 ; gain = 953.531 ; free physical = 177 ; free virtual = 8201

Phase 2.1.1.6 PBP: UpdateTiming
Phase 2.1.1.6 PBP: UpdateTiming | Checksum: e71c41a0

Time (s): cpu = 00:05:18 ; elapsed = 00:02:17 . Memory (MB): peak = 8299.941 ; gain = 953.531 ; free physical = 176 ; free virtual = 8201

Phase 2.1.1.7 PBP: Add part constraints
Phase 2.1.1.7 PBP: Add part constraints | Checksum: e71c41a0

Time (s): cpu = 00:05:19 ; elapsed = 00:02:18 . Memory (MB): peak = 8299.941 ; gain = 953.531 ; free physical = 176 ; free virtual = 8201
Phase 2.1.1 Partition Driven Placement | Checksum: e71c41a0

Time (s): cpu = 00:05:19 ; elapsed = 00:02:18 . Memory (MB): peak = 8299.941 ; gain = 953.531 ; free physical = 176 ; free virtual = 8201
Phase 2.1 Floorplanning | Checksum: 13be2f626

Time (s): cpu = 00:05:20 ; elapsed = 00:02:19 . Memory (MB): peak = 8299.941 ; gain = 953.531 ; free physical = 176 ; free virtual = 8201

Phase 2.2 Physical Synthesis After Floorplan
INFO: [Physopt 32-775] End 1 Pass. Optimized 0 net or cell. Created 0 new cell, deleted 0 existing cell and moved 0 existing cell
Netlist sorting complete. Time (s): cpu = 00:00:00.02 ; elapsed = 00:00:00.02 . Memory (MB): peak = 8299.941 ; gain = 0.000 ; free physical = 163 ; free virtual = 8202

Summary of Physical Synthesis Optimizations
============================================


-----------------------------------------------------------------------------------------------------------------------------------------------
|  Optimization                         |  Added Cells  |  Removed Cells  |  Optimized Cells/Nets  |  Dont Touch  |  Iterations  |  Elapsed   |
-----------------------------------------------------------------------------------------------------------------------------------------------
|  PSIP Post Floorplan SLR Replication  |            0  |              0  |                     0  |           0  |           1  |  00:00:01  |
|  Total                                |            0  |              0  |                     0  |           0  |           1  |  00:00:01  |
-----------------------------------------------------------------------------------------------------------------------------------------------


Phase 2.2 Physical Synthesis After Floorplan | Checksum: 13be2f626

Time (s): cpu = 00:05:22 ; elapsed = 00:02:22 . Memory (MB): peak = 8299.941 ; gain = 953.531 ; free physical = 157 ; free virtual = 8200

Phase 2.3 Update Timing before SLR Path Opt
Phase 2.3 Update Timing before SLR Path Opt | Checksum: 13be2f626

Time (s): cpu = 00:05:22 ; elapsed = 00:02:22 . Memory (MB): peak = 8299.941 ; gain = 953.531 ; free physical = 157 ; free virtual = 8200

Phase 2.4 Post-Processing in Floorplanning
Phase 2.4 Post-Processing in Floorplanning | Checksum: f54b3024

Time (s): cpu = 00:05:23 ; elapsed = 00:02:23 . Memory (MB): peak = 8299.941 ; gain = 953.531 ; free physical = 157 ; free virtual = 8200

Phase 2.5 Global Placement Core

Phase 2.5.1 UpdateTiming Before Physical Synthesis
Phase 2.5.1 UpdateTiming Before Physical Synthesis | Checksum: 1cb625307

Time (s): cpu = 00:12:04 ; elapsed = 00:05:00 . Memory (MB): peak = 8554.984 ; gain = 1208.574 ; free physical = 160 ; free virtual = 7994

Phase 2.5.2 Physical Synthesis In Placer
INFO: [Physopt 32-1035] Found 218 LUTNM shape to break, 3176 LUT instances to create LUTNM shape
INFO: [Physopt 32-1044] Break lutnm for timing: one critical 164, two critical 54, total 218, new lutff created 0
INFO: [Physopt 32-1138] End 1 Pass. Optimized 1373 nets or LUTs. Breaked 218 LUTs, combined 1155 existing LUTs and moved 0 existing LUT
INFO: [Physopt 32-1030] Pass 1. Identified 104 candidate driver sets for equivalent driver rewiring.
INFO: [Physopt 32-661] Optimized 90 nets.  Re-placed 549 instances.
INFO: [Physopt 32-775] End 1 Pass. Optimized 90 nets or cells. Created 0 new cell, deleted 9 existing cells and moved 549 existing cells
Netlist sorting complete. Time (s): cpu = 00:00:00.7 ; elapsed = 00:00:00.71 . Memory (MB): peak = 8554.984 ; gain = 0.000 ; free physical = 169 ; free virtual = 8012
INFO: [Physopt 32-76] Pass 1. Identified 1 candidate net for fanout optimization.
INFO: [Physopt 32-81] Processed net bd_0_i/hls_inst/inst/grp_Execute_Transform_Operation_fu_2188/grp_Prepare_HKS_BConv_Input_fu_851/grp_MultMod_2_fu_929/ap_ce_reg. Replicated 16 times.
INFO: [Physopt 32-232] Optimized 1 net. Created 16 new instances.
INFO: [Physopt 32-775] End 1 Pass. Optimized 1 net or cell. Created 16 new cells, deleted 0 existing cell and moved 0 existing cell
Netlist sorting complete. Time (s): cpu = 00:00:00.05 ; elapsed = 00:00:00.05 . Memory (MB): peak = 8554.984 ; gain = 0.000 ; free physical = 180 ; free virtual = 8007
INFO: [Physopt 32-457] Pass 1. Identified 14 candidate cells for DSP register optimization.
INFO: [Physopt 32-665] Processed cell bd_0_i/hls_inst/inst/grp_MultMod_fu_2931/mul_64s_64s_64_5_1_U648/tmp_product__0. 17 registers were pushed out.
INFO: [Physopt 32-665] Processed cell bd_0_i/hls_inst/inst/grp_MultMod_fu_2931/mul_64s_64s_64_5_1_U648/buff1_reg__0. 17 registers were pushed out.
INFO: [Physopt 32-665] Processed cell bd_0_i/hls_inst/inst/grp_MultMod_fu_2931/mul_64s_64s_64_5_1_U648/buff1_reg__1. 17 registers were pushed out.
INFO: [Physopt 32-665] Processed cell bd_0_i/hls_inst/inst/grp_MultMod_fu_2931/mul_64s_64s_64_5_1_U648/buff0_reg__1. 17 registers were pushed out.
INFO: [Physopt 32-665] Processed cell bd_0_i/hls_inst/inst/grp_MultMod_fu_2931/mul_64s_64s_64_5_1_U648/buff1_reg. 17 registers were pushed out.
INFO: [Physopt 32-665] Processed cell bd_0_i/hls_inst/inst/grp_MultMod_fu_2931/mul_64s_64s_64_5_1_U648/buff0_reg. 13 registers were pushed out.
INFO: [Physopt 32-665] Processed cell bd_0_i/hls_inst/inst/grp_MultMod_fu_2931/mul_64s_64s_64_5_1_U648/tmp_product__1. 17 registers were pushed out.
INFO: [Physopt 32-665] Processed cell bd_0_i/hls_inst/inst/grp_MultMod_fu_2931/mul_64s_64s_64_5_1_U648/buff0_reg__2. 17 registers were pushed out.
INFO: [Physopt 32-665] Processed cell bd_0_i/hls_inst/inst/grp_MultMod_fu_2931/mul_64s_64s_64_5_1_U648/tmp_product. 17 registers were pushed out.
INFO: [Physopt 32-665] Processed cell bd_0_i/hls_inst/inst/grp_MultMod_fu_2931/mul_64s_64s_64_5_1_U648/buff0_reg__0. 17 registers were pushed out.
INFO: [Physopt 32-665] Processed cell bd_0_i/hls_inst/inst/grp_MultMod_fu_2915/mul_64s_64s_64_5_1_U648/buff0_reg. 13 registers were pushed out.
INFO: [Physopt 32-665] Processed cell bd_0_i/hls_inst/inst/grp_MultMod_1_fu_2955/mul_64ns_64ns_128_5_1_U1183/buff1_reg__0. 17 registers were pushed out.
INFO: [Physopt 32-665] Processed cell bd_0_i/hls_inst/inst/grp_MultMod_1_fu_2947/mul_64ns_64ns_128_5_1_U1183/buff0_reg__1. 13 registers were pushed out.
INFO: [Physopt 32-665] Processed cell bd_0_i/hls_inst/inst/grp_MultMod_fu_2891/mul_64s_64s_64_5_1_U648/buff0_reg. 13 registers were pushed out.
INFO: [Physopt 32-775] End 2 Pass. Optimized 14 nets or cells. Created 222 new cells, deleted 0 existing cell and moved 0 existing cell
Netlist sorting complete. Time (s): cpu = 00:00:00.24 ; elapsed = 00:00:00.24 . Memory (MB): peak = 8554.984 ; gain = 0.000 ; free physical = 179 ; free virtual = 8010
INFO: [Physopt 32-1123] No candidate cells found for Shift Register to Pipeline optimization
INFO: [Physopt 32-775] End 2 Pass. Optimized 0 net or cell. Created 0 new cell, deleted 0 existing cell and moved 0 existing cell
INFO: [Physopt 32-1402] Pass 1: Identified 9 candidate cells for Shift Register optimization.
INFO: [Physopt 32-775] End 1 Pass. Optimized 7 nets or cells. Created 11 new cells, deleted 0 existing cell and moved 0 existing cell
Netlist sorting complete. Time (s): cpu = 00:00:00.03 ; elapsed = 00:00:00.03 . Memory (MB): peak = 8554.984 ; gain = 0.000 ; free physical = 179 ; free virtual = 8010
INFO: [Physopt 32-526] No candidate cells for BRAM register optimization found in the design
INFO: [Physopt 32-775] End 1 Pass. Optimized 0 net or cell. Created 0 new cell, deleted 0 existing cell and moved 0 existing cell
INFO: [Physopt 32-846] No candidate cells for URAM register optimization found in the design
INFO: [Physopt 32-775] End 1 Pass. Optimized 0 net or cell. Created 0 new cell, deleted 0 existing cell and moved 0 existing cell
INFO: [Physopt 32-846] No candidate cells for URAM register optimization found in the design
INFO: [Physopt 32-775] End 1 Pass. Optimized 0 net or cell. Created 0 new cell, deleted 0 existing cell and moved 0 existing cell
INFO: [Physopt 32-949] No candidate nets found for dynamic/static region interface net replication
INFO: [Physopt 32-775] End 1 Pass. Optimized 0 net or cell. Created 0 new cell, deleted 0 existing cell and moved 0 existing cell
Netlist sorting complete. Time (s): cpu = 00:00:00.01 ; elapsed = 00:00:00.02 . Memory (MB): peak = 8554.984 ; gain = 0.000 ; free physical = 179 ; free virtual = 8010

Summary of Physical Synthesis Optimizations
============================================


-----------------------------------------------------------------------------------------------------------------------------------------------------------
|  Optimization                                     |  Added Cells  |  Removed Cells  |  Optimized Cells/Nets  |  Dont Touch  |  Iterations  |  Elapsed   |
-----------------------------------------------------------------------------------------------------------------------------------------------------------
|  LUT Combining                                    |          218  |           1155  |                  1373  |           0  |           1  |  00:00:02  |
|  Retime                                           |            0  |              0  |                     0  |           0  |           1  |  00:00:00  |
|  Equivalent Driver Rewiring                       |            0  |              9  |                    90  |           0  |           1  |  00:00:07  |
|  Very High Fanout                                 |           16  |              0  |                     1  |           0  |           1  |  00:00:01  |
|  DSP Register                                     |          222  |              0  |                    14  |           0  |           1  |  00:00:01  |
|  Shift Register to Pipeline                       |            0  |              0  |                     0  |           0  |           1  |  00:00:00  |
|  Shift Register                                   |           11  |              0  |                     7  |           0  |           1  |  00:00:01  |
|  BRAM Register                                    |            0  |              0  |                     0  |           0  |           1  |  00:00:00  |
|  URAM Register                                    |            0  |              0  |                     0  |           0  |           1  |  00:00:00  |
|  Dynamic/Static Region Interface Net Replication  |            0  |              0  |                     0  |           0  |           1  |  00:00:00  |
|  Total                                            |          467  |           1164  |                  1485  |           0  |          10  |  00:00:13  |
-----------------------------------------------------------------------------------------------------------------------------------------------------------


Phase 2.5.2 Physical Synthesis In Placer | Checksum: 2318afa01

Time (s): cpu = 00:12:37 ; elapsed = 00:05:26 . Memory (MB): peak = 8554.984 ; gain = 1208.574 ; free physical = 178 ; free virtual = 8010
Phase 2.5 Global Placement Core | Checksum: 234276021

Time (s): cpu = 00:14:04 ; elapsed = 00:05:56 . Memory (MB): peak = 8554.984 ; gain = 1208.574 ; free physical = 147 ; free virtual = 8018
Phase 2 Global Placement | Checksum: 234276021

Time (s): cpu = 00:14:05 ; elapsed = 00:05:58 . Memory (MB): peak = 8554.984 ; gain = 1208.574 ; free physical = 146 ; free virtual = 8017

Phase 3 Detail Placement

Phase 3.1 Commit Multi Column Macros
Phase 3.1 Commit Multi Column Macros | Checksum: 1e3cc3014

Time (s): cpu = 00:15:02 ; elapsed = 00:06:16 . Memory (MB): peak = 8554.984 ; gain = 1208.574 ; free physical = 145 ; free virtual = 8017

Phase 3.2 Commit Most Macros & LUTRAMs
Phase 3.2 Commit Most Macros & LUTRAMs | Checksum: 297a10715

Time (s): cpu = 00:15:27 ; elapsed = 00:06:26 . Memory (MB): peak = 8554.984 ; gain = 1208.574 ; free physical = 144 ; free virtual = 8017

Phase 3.3 Small Shape DP

Phase 3.3.1 Small Shape Clustering
Phase 3.3.1 Small Shape Clustering | Checksum: 21ae8181a

Time (s): cpu = 00:18:41 ; elapsed = 00:07:13 . Memory (MB): peak = 8572.137 ; gain = 1225.727 ; free physical = 123 ; free virtual = 7953

Phase 3.3.2 Slice Area Swap

Phase 3.3.2.1 Slice Area Swap Initial
Phase 3.3.2.1 Slice Area Swap Initial | Checksum: 27bf74059

Time (s): cpu = 00:18:57 ; elapsed = 00:07:33 . Memory (MB): peak = 8580.141 ; gain = 1233.730 ; free physical = 129 ; free virtual = 7958
Phase 3.3.2 Slice Area Swap | Checksum: 233615e66

Time (s): cpu = 00:19:02 ; elapsed = 00:07:39 . Memory (MB): peak = 8580.141 ; gain = 1233.730 ; free physical = 130 ; free virtual = 7959
Phase 3.3 Small Shape DP | Checksum: 13de008e7

Time (s): cpu = 00:19:15 ; elapsed = 00:07:44 . Memory (MB): peak = 8580.141 ; gain = 1233.730 ; free physical = 130 ; free virtual = 7959

Phase 3.4 Re-assign LUT pins
Phase 3.4 Re-assign LUT pins | Checksum: 1d646c0f6

Time (s): cpu = 00:19:21 ; elapsed = 00:07:50 . Memory (MB): peak = 8580.141 ; gain = 1233.730 ; free physical = 130 ; free virtual = 7959

Phase 3.5 Pipeline Register Optimization
Phase 3.5 Pipeline Register Optimization | Checksum: 2301d6f38

Time (s): cpu = 00:19:23 ; elapsed = 00:07:52 . Memory (MB): peak = 8580.141 ; gain = 1233.730 ; free physical = 130 ; free virtual = 7959
Phase 3 Detail Placement | Checksum: 2301d6f38

Time (s): cpu = 00:19:24 ; elapsed = 00:07:53 . Memory (MB): peak = 8580.141 ; gain = 1233.730 ; free physical = 130 ; free virtual = 7959

Phase 4 Post Placement Optimization and Clean-Up

Phase 4.1 Post Commit Optimization
INFO: [Timing 38-35] Done setting XDC timing constraints.

Phase 4.1.1 Post Placement Optimization
Post Placement Optimization Initialization | Checksum: 13168374b

Phase 4.1.1.1 BUFG Insertion

Starting Physical Synthesis Task

Phase 1 Physical Synthesis Initialization
INFO: [Physopt 32-721] Multithreading enabled for phys_opt_design using a maximum of 8 CPUs
INFO: [Physopt 32-619] Estimated Timing Summary | WNS=-0.193 | TNS=-1.703 |
Phase 1 Physical Synthesis Initialization | Checksum: 11a580ee3

Time (s): cpu = 00:00:13 ; elapsed = 00:00:04 . Memory (MB): peak = 8612.156 ; gain = 0.000 ; free physical = 121 ; free virtual = 7930
INFO: [Place 46-35] Processed net bd_0_i/hls_inst/inst/grp_Compute_BConv_Systolic_fu_1053/grp_Compute_BConv_Systolic_Pipeline_Systolic_Loop_fu_714/flow_control_loop_pipe_sequential_init_U/ap_loop_init, inserted BUFG to drive 1551 loads.
INFO: [Place 46-35] Processed net bd_0_i/hls_inst/inst/grp_Execute_Transform_Operation_fu_2188/grp_Compute_BConv_Systolic_33_34_fu_1005/grp_Compute_BConv_Systolic_33_34_Pipeline_Systolic_Loop_fu_1000/flow_control_loop_pipe_sequential_init_U/ap_loop_init, inserted BUFG to drive 1551 loads.
INFO: [Place 46-56] BUFG insertion identified 2 candidate nets. Inserted BUFG: 2, Replicated BUFG Driver: 0, Skipped due to Placement/Routing Conflicts: 0, Skipped due to Timing Degradation: 0, Skipped due to netlist editing failed: 0.
Ending Physical Synthesis Task | Checksum: e5b3a178

Time (s): cpu = 00:00:21 ; elapsed = 00:00:08 . Memory (MB): peak = 8612.156 ; gain = 0.000 ; free physical = 118 ; free virtual = 7930
Phase 4.1.1.1 BUFG Insertion | Checksum: 1042f4b89

Time (s): cpu = 00:22:16 ; elapsed = 00:08:39 . Memory (MB): peak = 8612.156 ; gain = 1265.746 ; free physical = 118 ; free virtual = 7930

Phase 4.1.1.2 BUFG Replication
INFO: [Place 46-63] BUFG replication identified 0 candidate nets: Replicated nets: 0, Replicated BUFGs: 0, Replicated BUFG Driver: 0, moved BUFGs: 0, Skipped due to Placement / Routing Conflict: 0, Skipped due to Timing: 0, Skipped due to constraints: 0
Phase 4.1.1.2 BUFG Replication | Checksum: 1042f4b89

Time (s): cpu = 00:22:18 ; elapsed = 00:08:41 . Memory (MB): peak = 8612.156 ; gain = 1265.746 ; free physical = 118 ; free virtual = 7930

Phase 4.1.1.3 Post Placement Timing Optimization
INFO: [Place 30-746] Post Placement Timing Summary WNS=0.412. For the most accurate timing information please run report_timing.
Phase 4.1.1.3 Post Placement Timing Optimization | Checksum: bbb9176f

Time (s): cpu = 00:22:54 ; elapsed = 00:09:15 . Memory (MB): peak = 8612.156 ; gain = 1265.746 ; free physical = 118 ; free virtual = 7930

Phase 4.1.1.4 Replication
INFO: [Place 46-19] Post Replication Timing Summary WNS=0.412. For the most accurate timing information please run report_timing.
Phase 4.1.1.4 Replication | Checksum: bbb9176f

Time (s): cpu = 00:22:56 ; elapsed = 00:09:17 . Memory (MB): peak = 8612.156 ; gain = 1265.746 ; free physical = 118 ; free virtual = 7930

Time (s): cpu = 00:22:56 ; elapsed = 00:09:17 . Memory (MB): peak = 8612.156 ; gain = 1265.746 ; free physical = 118 ; free virtual = 7930
Phase 4.1 Post Commit Optimization | Checksum: bbb9176f

Time (s): cpu = 00:22:57 ; elapsed = 00:09:18 . Memory (MB): peak = 8612.156 ; gain = 1265.746 ; free physical = 118 ; free virtual = 7930
Netlist sorting complete. Time (s): cpu = 00:00:00.01 ; elapsed = 00:00:00.01 . Memory (MB): peak = 8769.172 ; gain = 0.000 ; free physical = 138 ; free virtual = 7810

Phase 4.2 Post Placement Cleanup
Phase 4.2 Post Placement Cleanup | Checksum: d8d08f9d

Time (s): cpu = 00:23:48 ; elapsed = 00:09:43 . Memory (MB): peak = 8769.172 ; gain = 1422.762 ; free physical = 138 ; free virtual = 7810

Phase 4.3 Placer Reporting

Phase 4.3.1 Print Estimated Congestion
INFO: [Place 30-612] Post-Placement Estimated Congestion 
 ________________________________________________________________________
|           | Global Congestion | Long Congestion   | Short Congestion  |
| Direction | Region Size       | Region Size       | Region Size       |
|___________|___________________|___________________|___________________|
|      North|                8x8|              16x16|                4x4|
|___________|___________________|___________________|___________________|
|      South|              16x16|              32x32|                4x4|
|___________|___________________|___________________|___________________|
|       East|              16x16|              32x32|              16x16|
|___________|___________________|___________________|___________________|
|       West|                1x1|                1x1|                8x8|
|___________|___________________|___________________|___________________|

SLR0:
 ________________________________________________________________________
|           | Global Congestion | Long Congestion   | Short Congestion  |
| Direction | Region Size       | Region Size       | Region Size       |
|___________|___________________|___________________|___________________|
|      North|                8x8|              16x16|                4x4|
|___________|___________________|___________________|___________________|
|      South|              16x16|              32x32|                4x4|
|___________|___________________|___________________|___________________|
|       East|              16x16|              32x32|              16x16|
|___________|___________________|___________________|___________________|
|       West|                1x1|                1x1|                8x8|
|___________|___________________|___________________|___________________|

SLR1:
 ________________________________________________________________________
|           | Global Congestion | Long Congestion   | Short Congestion  |
| Direction | Region Size       | Region Size       | Region Size       |
|___________|___________________|___________________|___________________|
|      North|                1x1|                1x1|                1x1|
|___________|___________________|___________________|___________________|
|      South|                1x1|                1x1|                1x1|
|___________|___________________|___________________|___________________|
|       East|                1x1|                1x1|                1x1|
|___________|___________________|___________________|___________________|
|       West|                1x1|                1x1|                1x1|
|___________|___________________|___________________|___________________|

SLR2:
 ________________________________________________________________________
|           | Global Congestion | Long Congestion   | Short Congestion  |
| Direction | Region Size       | Region Size       | Region Size       |
|___________|___________________|___________________|___________________|
|      North|                1x1|                1x1|                1x1|
|___________|___________________|___________________|___________________|
|      South|                1x1|                1x1|                1x1|
|___________|___________________|___________________|___________________|
|       East|                1x1|                1x1|                1x1|
|___________|___________________|___________________|___________________|
|       West|                1x1|                1x1|                1x1|
|___________|___________________|___________________|___________________|

Phase 4.3.1 Print Estimated Congestion | Checksum: d8d08f9d

Time (s): cpu = 00:23:49 ; elapsed = 00:09:44 . Memory (MB): peak = 8769.172 ; gain = 1422.762 ; free physical = 138 ; free virtual = 7809
Phase 4.3 Placer Reporting | Checksum: d8d08f9d

Time (s): cpu = 00:23:50 ; elapsed = 00:09:45 . Memory (MB): peak = 8769.172 ; gain = 1422.762 ; free physical = 138 ; free virtual = 7809

Phase 4.4 Final Placement Cleanup
Netlist sorting complete. Time (s): cpu = 00:00:00.01 ; elapsed = 00:00:00.02 . Memory (MB): peak = 8769.172 ; gain = 0.000 ; free physical = 138 ; free virtual = 7809

Time (s): cpu = 00:23:50 ; elapsed = 00:09:45 . Memory (MB): peak = 8769.172 ; gain = 1422.762 ; free physical = 138 ; free virtual = 7809
Phase 4 Post Placement Optimization and Clean-Up | Checksum: 12b8a8c99

Time (s): cpu = 00:23:52 ; elapsed = 00:09:46 . Memory (MB): peak = 8769.172 ; gain = 1422.762 ; free physical = 138 ; free virtual = 7810
Ending Placer Task | Checksum: 108eb8d3f

Time (s): cpu = 00:23:53 ; elapsed = 00:09:47 . Memory (MB): peak = 8769.172 ; gain = 1422.762 ; free physical = 138 ; free virtual = 7810
105 Infos, 100 Warnings, 0 Critical Warnings and 0 Errors encountered.
place_design completed successfully
place_design: Time (s): cpu = 00:24:02 ; elapsed = 00:09:51 . Memory (MB): peak = 8769.172 ; gain = 1454.777 ; free physical = 124 ; free virtual = 7812
INFO: [runtcl-4] Executing : report_io -file bd_0_wrapper_io_placed.rpt
report_io: Time (s): cpu = 00:00:00.3 ; elapsed = 00:00:00.47 . Memory (MB): peak = 8769.172 ; gain = 0.000 ; free physical = 126 ; free virtual = 7791
INFO: [runtcl-4] Executing : report_utilization -file bd_0_wrapper_utilization_placed.rpt -pb bd_0_wrapper_utilization_placed.pb
INFO: [runtcl-4] Executing : report_control_sets -verbose -file bd_0_wrapper_control_sets_placed.rpt
report_control_sets: Time (s): cpu = 00:00:00.14 ; elapsed = 00:00:00.27 . Memory (MB): peak = 8769.172 ; gain = 0.000 ; free physical = 130 ; free virtual = 7797
INFO: [Timing 38-480] Writing timing data to binary archive.
Write ShapeDB Complete: Time (s): cpu = 00:00:01 ; elapsed = 00:00:00.3 . Memory (MB): peak = 8769.172 ; gain = 0.000 ; free physical = 124 ; free virtual = 7777
Wrote PlaceDB: Time (s): cpu = 00:00:21 ; elapsed = 00:00:07 . Memory (MB): peak = 8769.172 ; gain = 0.000 ; free physical = 123 ; free virtual = 7757
Wrote PulsedLatchDB: Time (s): cpu = 00:00:00 ; elapsed = 00:00:00 . Memory (MB): peak = 8769.172 ; gain = 0.000 ; free physical = 116 ; free virtual = 7757
Writing XDEF routing.
Writing XDEF routing logical nets.
Writing XDEF routing special nets.
Wrote RouteStorage: Time (s): cpu = 00:00:01 ; elapsed = 00:00:00.79 . Memory (MB): peak = 8769.172 ; gain = 0.000 ; free physical = 121 ; free virtual = 7755
Wrote Netlist Cache: Time (s): cpu = 00:00:00.27 ; elapsed = 00:00:00.29 . Memory (MB): peak = 8769.172 ; gain = 0.000 ; free physical = 120 ; free virtual = 7734
Wrote Device Cache: Time (s): cpu = 00:00:00.01 ; elapsed = 00:00:00.01 . Memory (MB): peak = 8769.172 ; gain = 0.000 ; free physical = 120 ; free virtual = 7736
Write Physdb Complete: Time (s): cpu = 00:00:23 ; elapsed = 00:00:08 . Memory (MB): peak = 8769.172 ; gain = 0.000 ; free physical = 120 ; free virtual = 7737
report_design_analysis: Time (s): cpu = 00:00:23 ; elapsed = 00:00:12 . Memory (MB): peak = 8769.172 ; gain = 0.000 ; free physical = 141 ; free virtual = 7767
INFO: [Common 17-1381] The checkpoint '/home/timhan/FHE/openfhe-for-HKS-ACC/src/fpga_backend/Solution/hks_digit_csynth_wide256_direct_r3/solution1/impl/verilog/project.runs/impl_1/bd_0_wrapper_placed.dcp' has been generated.
write_checkpoint: Time (s): cpu = 00:00:52 ; elapsed = 00:00:27 . Memory (MB): peak = 8769.172 ; gain = 0.000 ; free physical = 521 ; free virtual = 7766
Command: phys_opt_design
Attempting to get a license for feature 'Implementation' and/or device 'xcu55c'
INFO: [Common 17-349] Got license for feature 'Implementation' and/or device 'xcu55c'

Starting Initial Update Timing Task
WARNING: [Timing 38-242] The property HD.CLK_SRC of clock port "ap_clk" is not set. In out-of-context mode, this prevents timing estimation for clock delay/skew
Resolution: Set the HD.CLK_SRC property of the out-of-context port to the location of the clock buffer instance in the top-level design

Time (s): cpu = 00:00:58 ; elapsed = 00:00:14 . Memory (MB): peak = 8769.172 ; gain = 0.000 ; free physical = 485 ; free virtual = 7783
INFO: [Vivado_Tcl 4-383] Design worst setup slack (WNS) is greater than or equal to 0.000 ns. Skipping all physical synthesis optimizations.
INFO: [Vivado_Tcl 4-232] No setup violation found. The netlist was not modified.
INFO: [Common 17-83] Releasing license: Implementation
114 Infos, 101 Warnings, 0 Critical Warnings and 0 Errors encountered.
phys_opt_design completed successfully
phys_opt_design: Time (s): cpu = 00:01:00 ; elapsed = 00:00:16 . Memory (MB): peak = 8769.172 ; gain = 0.000 ; free physical = 485 ; free virtual = 7783
INFO: [Timing 38-480] Writing timing data to binary archive.
Write ShapeDB Complete: Time (s): cpu = 00:00:01 ; elapsed = 00:00:00.22 . Memory (MB): peak = 8769.172 ; gain = 0.000 ; free physical = 430 ; free virtual = 7764
Wrote PlaceDB: Time (s): cpu = 00:00:20 ; elapsed = 00:00:07 . Memory (MB): peak = 8769.172 ; gain = 0.000 ; free physical = 120 ; free virtual = 7750
Wrote PulsedLatchDB: Time (s): cpu = 00:00:00 ; elapsed = 00:00:00 . Memory (MB): peak = 8769.172 ; gain = 0.000 ; free physical = 120 ; free virtual = 7750
Writing XDEF routing.
Writing XDEF routing logical nets.
Writing XDEF routing special nets.
Wrote RouteStorage: Time (s): cpu = 00:00:01 ; elapsed = 00:00:00.71 . Memory (MB): peak = 8769.172 ; gain = 0.000 ; free physical = 120 ; free virtual = 7752
Wrote Netlist Cache: Time (s): cpu = 00:00:00.19 ; elapsed = 00:00:00.21 . Memory (MB): peak = 8769.172 ; gain = 0.000 ; free physical = 135 ; free virtual = 7742
Wrote Device Cache: Time (s): cpu = 00:00:00.01 ; elapsed = 00:00:00.01 . Memory (MB): peak = 8769.172 ; gain = 0.000 ; free physical = 127 ; free virtual = 7737
Write Physdb Complete: Time (s): cpu = 00:00:22 ; elapsed = 00:00:08 . Memory (MB): peak = 8769.172 ; gain = 0.000 ; free physical = 127 ; free virtual = 7736
INFO: [Common 17-1381] The checkpoint '/home/timhan/FHE/openfhe-for-HKS-ACC/src/fpga_backend/Solution/hks_digit_csynth_wide256_direct_r3/solution1/impl/verilog/project.runs/impl_1/bd_0_wrapper_physopt.dcp' has been generated.
write_checkpoint: Time (s): cpu = 00:00:28 ; elapsed = 00:00:14 . Memory (MB): peak = 8769.172 ; gain = 0.000 ; free physical = 564 ; free virtual = 7781
Command: route_design
Attempting to get a license for feature 'Implementation' and/or device 'xcu55c'
INFO: [Common 17-349] Got license for feature 'Implementation' and/or device 'xcu55c'
Running DRC as a precondition to command route_design
INFO: [DRC 23-27] Running DRC with 8 threads
INFO: [Vivado_Tcl 4-198] DRC finished with 0 Errors
INFO: [Vivado_Tcl 4-199] Please refer to the DRC report (report_drc) for more information.


Starting Routing Task
INFO: [Route 35-254] Multithreading enabled for route_design using a maximum of 8 CPUs

Phase 1 Build RT Design
Checksum: PlaceDB: 16b05595 ConstDB: 0 ShapeSum: d523bf7c RouteDB: 1d17782e
Nodegraph reading from file.  Time (s): cpu = 00:00:01 ; elapsed = 00:00:01 . Memory (MB): peak = 8769.172 ; gain = 0.000 ; free physical = 483 ; free virtual = 7790
WARNING: [Route 35-198] Port "ap_rst_n" does not have an associated HD.PARTPIN_LOCS, which will prevent the partial routing of the signal "ap_rst_n". Without this partial route, timing analysis to/from this port will not be accurate, and no routing information for this port can be exported.
WARNING: [Route 35-197] Clock port "ap_clk" does not have an associated HD.CLK_SRC. Without this constraint, timing analysis may not be accurate and upstream checks cannot be done to ensure correct clock placement.
WARNING: [Route 35-198] Port "m_axi_gmem2_bvalid" does not have an associated HD.PARTPIN_LOCS, which will prevent the partial routing of the signal "m_axi_gmem2_bvalid". Without this partial route, timing analysis to/from this port will not be accurate, and no routing information for this port can be exported.
WARNING: [Route 35-198] Port "m_axi_gmem2_awready" does not have an associated HD.PARTPIN_LOCS, which will prevent the partial routing of the signal "m_axi_gmem2_awready". Without this partial route, timing analysis to/from this port will not be accurate, and no routing information for this port can be exported.
WARNING: [Route 35-198] Port "s_axi_control_arvalid" does not have an associated HD.PARTPIN_LOCS, which will prevent the partial routing of the signal "s_axi_control_arvalid". Without this partial route, timing analysis to/from this port will not be accurate, and no routing information for this port can be exported.
WARNING: [Route 35-198] Port "s_axi_control_rready" does not have an associated HD.PARTPIN_LOCS, which will prevent the partial routing of the signal "s_axi_control_rready". Without this partial route, timing analysis to/from this port will not be accurate, and no routing information for this port can be exported.
WARNING: [Route 35-198] Port "s_axi_control_araddr[0]" does not have an associated HD.PARTPIN_LOCS, which will prevent the partial routing of the signal "s_axi_control_araddr[0]". Without this partial route, timing analysis to/from this port will not be accurate, and no routing information for this port can be exported.
WARNING: [Route 35-198] Port "s_axi_control_araddr[1]" does not have an associated HD.PARTPIN_LOCS, which will prevent the partial routing of the signal "s_axi_control_araddr[1]". Without this partial route, timing analysis to/from this port will not be accurate, and no routing information for this port can be exported.
WARNING: [Route 35-198] Port "s_axi_control_wdata[24]" does not have an associated HD.PARTPIN_LOCS, which will prevent the partial routing of the signal "s_axi_control_wdata[24]". Without this partial route, timing analysis to/from this port will not be accurate, and no routing information for this port can be exported.
WARNING: [Route 35-198] Port "s_axi_control_wstrb[3]" does not have an associated HD.PARTPIN_LOCS, which will prevent the partial routing of the signal "s_axi_control_wstrb[3]". Without this partial route, timing analysis to/from this port will not be accurate, and no routing information for this port can be exported.
WARNING: [Route 35-198] Port "s_axi_control_wdata[29]" does not have an associated HD.PARTPIN_LOCS, which will prevent the partial routing of the signal "s_axi_control_wdata[29]". Without this partial route, timing analysis to/from this port will not be accurate, and no routing information for this port can be exported.
WARNING: [Route 35-198] Port "s_axi_control_araddr[6]" does not have an associated HD.PARTPIN_LOCS, which will prevent the partial routing of the signal "s_axi_control_araddr[6]". Without this partial route, timing analysis to/from this port will not be accurate, and no routing information for this port can be exported.
WARNING: [Route 35-198] Port "s_axi_control_araddr[4]" does not have an associated HD.PARTPIN_LOCS, which will prevent the partial routing of the signal "s_axi_control_araddr[4]". Without this partial route, timing analysis to/from this port will not be accurate, and no routing information for this port can be exported.
WARNING: [Route 35-198] Port "s_axi_control_araddr[5]" does not have an associated HD.PARTPIN_LOCS, which will prevent the partial routing of the signal "s_axi_control_araddr[5]". Without this partial route, timing analysis to/from this port will not be accurate, and no routing information for this port can be exported.
WARNING: [Route 35-198] Port "s_axi_control_araddr[3]" does not have an associated HD.PARTPIN_LOCS, which will prevent the partial routing of the signal "s_axi_control_araddr[3]". Without this partial route, timing analysis to/from this port will not be accurate, and no routing information for this port can be exported.
WARNING: [Route 35-198] Port "s_axi_control_araddr[2]" does not have an associated HD.PARTPIN_LOCS, which will prevent the partial routing of the signal "s_axi_control_araddr[2]". Without this partial route, timing analysis to/from this port will not be accurate, and no routing information for this port can be exported.
WARNING: [Route 35-198] Port "s_axi_control_wdata[25]" does not have an associated HD.PARTPIN_LOCS, which will prevent the partial routing of the signal "s_axi_control_wdata[25]". Without this partial route, timing analysis to/from this port will not be accurate, and no routing information for this port can be exported.
WARNING: [Route 35-198] Port "s_axi_control_wdata[28]" does not have an associated HD.PARTPIN_LOCS, which will prevent the partial routing of the signal "s_axi_control_wdata[28]". Without this partial route, timing analysis to/from this port will not be accurate, and no routing information for this port can be exported.
WARNING: [Route 35-198] Port "s_axi_control_wdata[26]" does not have an associated HD.PARTPIN_LOCS, which will prevent the partial routing of the signal "s_axi_control_wdata[26]". Without this partial route, timing analysis to/from this port will not be accurate, and no routing information for this port can be exported.
WARNING: [Route 35-198] Port "s_axi_control_wdata[27]" does not have an associated HD.PARTPIN_LOCS, which will prevent the partial routing of the signal "s_axi_control_wdata[27]". Without this partial route, timing analysis to/from this port will not be accurate, and no routing information for this port can be exported.
WARNING: [Route 35-198] Port "m_axi_gmem0_arready" does not have an associated HD.PARTPIN_LOCS, which will prevent the partial routing of the signal "m_axi_gmem0_arready". Without this partial route, timing analysis to/from this port will not be accurate, and no routing information for this port can be exported.
WARNING: [Route 35-198] Port "s_axi_control_wdata[20]" does not have an associated HD.PARTPIN_LOCS, which will prevent the partial routing of the signal "s_axi_control_wdata[20]". Without this partial route, timing analysis to/from this port will not be accurate, and no routing information for this port can be exported.
WARNING: [Route 35-198] Port "s_axi_control_wstrb[2]" does not have an associated HD.PARTPIN_LOCS, which will prevent the partial routing of the signal "s_axi_control_wstrb[2]". Without this partial route, timing analysis to/from this port will not be accurate, and no routing information for this port can be exported.
WARNING: [Route 35-198] Port "s_axi_control_wdata[21]" does not have an associated HD.PARTPIN_LOCS, which will prevent the partial routing of the signal "s_axi_control_wdata[21]". Without this partial route, timing analysis to/from this port will not be accurate, and no routing information for this port can be exported.
WARNING: [Route 35-198] Port "s_axi_control_wdata[31]" does not have an associated HD.PARTPIN_LOCS, which will prevent the partial routing of the signal "s_axi_control_wdata[31]". Without this partial route, timing analysis to/from this port will not be accurate, and no routing information for this port can be exported.
WARNING: [Route 35-198] Port "m_axi_gmem1_arready" does not have an associated HD.PARTPIN_LOCS, which will prevent the partial routing of the signal "m_axi_gmem1_arready". Without this partial route, timing analysis to/from this port will not be accurate, and no routing information for this port can be exported.
WARNING: [Route 35-198] Port "m_axi_gmem2_wready" does not have an associated HD.PARTPIN_LOCS, which will prevent the partial routing of the signal "m_axi_gmem2_wready". Without this partial route, timing analysis to/from this port will not be accurate, and no routing information for this port can be exported.
WARNING: [Route 35-198] Port "s_axi_control_wdata[22]" does not have an associated HD.PARTPIN_LOCS, which will prevent the partial routing of the signal "s_axi_control_wdata[22]". Without this partial route, timing analysis to/from this port will not be accurate, and no routing information for this port can be exported.
WARNING: [Route 35-198] Port "s_axi_control_wdata[23]" does not have an associated HD.PARTPIN_LOCS, which will prevent the partial routing of the signal "s_axi_control_wdata[23]". Without this partial route, timing analysis to/from this port will not be accurate, and no routing information for this port can be exported.
WARNING: [Route 35-198] Port "s_axi_control_wdata[12]" does not have an associated HD.PARTPIN_LOCS, which will prevent the partial routing of the signal "s_axi_control_wdata[12]". Without this partial route, timing analysis to/from this port will not be accurate, and no routing information for this port can be exported.
WARNING: [Route 35-198] Port "s_axi_control_wstrb[1]" does not have an associated HD.PARTPIN_LOCS, which will prevent the partial routing of the signal "s_axi_control_wstrb[1]". Without this partial route, timing analysis to/from this port will not be accurate, and no routing information for this port can be exported.
WARNING: [Route 35-198] Port "s_axi_control_wdata[13]" does not have an associated HD.PARTPIN_LOCS, which will prevent the partial routing of the signal "s_axi_control_wdata[13]". Without this partial route, timing analysis to/from this port will not be accurate, and no routing information for this port can be exported.
WARNING: [Route 35-198] Port "s_axi_control_wdata[10]" does not have an associated HD.PARTPIN_LOCS, which will prevent the partial routing of the signal "s_axi_control_wdata[10]". Without this partial route, timing analysis to/from this port will not be accurate, and no routing information for this port can be exported.
WARNING: [Route 35-198] Port "s_axi_control_wdata[30]" does not have an associated HD.PARTPIN_LOCS, which will prevent the partial routing of the signal "s_axi_control_wdata[30]". Without this partial route, timing analysis to/from this port will not be accurate, and no routing information for this port can be exported.
WARNING: [Route 35-198] Port "s_axi_control_wdata[19]" does not have an associated HD.PARTPIN_LOCS, which will prevent the partial routing of the signal "s_axi_control_wdata[19]". Without this partial route, timing analysis to/from this port will not be accurate, and no routing information for this port can be exported.
WARNING: [Route 35-198] Port "s_axi_control_wdata[18]" does not have an associated HD.PARTPIN_LOCS, which will prevent the partial routing of the signal "s_axi_control_wdata[18]". Without this partial route, timing analysis to/from this port will not be accurate, and no routing information for this port can be exported.
WARNING: [Route 35-198] Port "s_axi_control_wdata[15]" does not have an associated HD.PARTPIN_LOCS, which will prevent the partial routing of the signal "s_axi_control_wdata[15]". Without this partial route, timing analysis to/from this port will not be accurate, and no routing information for this port can be exported.
WARNING: [Route 35-198] Port "s_axi_control_wdata[16]" does not have an associated HD.PARTPIN_LOCS, which will prevent the partial routing of the signal "s_axi_control_wdata[16]". Without this partial route, timing analysis to/from this port will not be accurate, and no routing information for this port can be exported.
WARNING: [Route 35-198] Port "s_axi_control_wdata[7]" does not have an associated HD.PARTPIN_LOCS, which will prevent the partial routing of the signal "s_axi_control_wdata[7]". Without this partial route, timing analysis to/from this port will not be accurate, and no routing information for this port can be exported.
WARNING: [Route 35-198] Port "s_axi_control_wstrb[0]" does not have an associated HD.PARTPIN_LOCS, which will prevent the partial routing of the signal "s_axi_control_wstrb[0]". Without this partial route, timing analysis to/from this port will not be accurate, and no routing information for this port can be exported.
WARNING: [Route 35-198] Port "s_axi_control_wdata[0]" does not have an associated HD.PARTPIN_LOCS, which will prevent the partial routing of the signal "s_axi_control_wdata[0]". Without this partial route, timing analysis to/from this port will not be accurate, and no routing information for this port can be exported.
WARNING: [Route 35-198] Port "s_axi_control_wdata[11]" does not have an associated HD.PARTPIN_LOCS, which will prevent the partial routing of the signal "s_axi_control_wdata[11]". Without this partial route, timing analysis to/from this port will not be accurate, and no routing information for this port can be exported.
WARNING: [Route 35-198] Port "s_axi_control_bready" does not have an associated HD.PARTPIN_LOCS, which will prevent the partial routing of the signal "s_axi_control_bready". Without this partial route, timing analysis to/from this port will not be accurate, and no routing information for this port can be exported.
WARNING: [Route 35-198] Port "s_axi_control_awvalid" does not have an associated HD.PARTPIN_LOCS, which will prevent the partial routing of the signal "s_axi_control_awvalid". Without this partial route, timing analysis to/from this port will not be accurate, and no routing information for this port can be exported.
WARNING: [Route 35-198] Port "s_axi_control_wvalid" does not have an associated HD.PARTPIN_LOCS, which will prevent the partial routing of the signal "s_axi_control_wvalid". Without this partial route, timing analysis to/from this port will not be accurate, and no routing information for this port can be exported.
WARNING: [Route 35-198] Port "s_axi_control_awaddr[0]" does not have an associated HD.PARTPIN_LOCS, which will prevent the partial routing of the signal "s_axi_control_awaddr[0]". Without this partial route, timing analysis to/from this port will not be accurate, and no routing information for this port can be exported.
WARNING: [Route 35-198] Port "s_axi_control_awaddr[1]" does not have an associated HD.PARTPIN_LOCS, which will prevent the partial routing of the signal "s_axi_control_awaddr[1]". Without this partial route, timing analysis to/from this port will not be accurate, and no routing information for this port can be exported.
WARNING: [Route 35-198] Port "s_axi_control_awaddr[2]" does not have an associated HD.PARTPIN_LOCS, which will prevent the partial routing of the signal "s_axi_control_awaddr[2]". Without this partial route, timing analysis to/from this port will not be accurate, and no routing information for this port can be exported.
WARNING: [Route 35-198] Port "s_axi_control_awaddr[3]" does not have an associated HD.PARTPIN_LOCS, which will prevent the partial routing of the signal "s_axi_control_awaddr[3]". Without this partial route, timing analysis to/from this port will not be accurate, and no routing information for this port can be exported.
WARNING: [Route 35-198] Port "s_axi_control_awaddr[4]" does not have an associated HD.PARTPIN_LOCS, which will prevent the partial routing of the signal "s_axi_control_awaddr[4]". Without this partial route, timing analysis to/from this port will not be accurate, and no routing information for this port can be exported.
WARNING: [Route 35-198] Port "s_axi_control_awaddr[5]" does not have an associated HD.PARTPIN_LOCS, which will prevent the partial routing of the signal "s_axi_control_awaddr[5]". Without this partial route, timing analysis to/from this port will not be accurate, and no routing information for this port can be exported.
WARNING: [Route 35-198] Port "s_axi_control_awaddr[6]" does not have an associated HD.PARTPIN_LOCS, which will prevent the partial routing of the signal "s_axi_control_awaddr[6]". Without this partial route, timing analysis to/from this port will not be accurate, and no routing information for this port can be exported.
WARNING: [Route 35-198] Port "s_axi_control_wdata[14]" does not have an associated HD.PARTPIN_LOCS, which will prevent the partial routing of the signal "s_axi_control_wdata[14]". Without this partial route, timing analysis to/from this port will not be accurate, and no routing information for this port can be exported.
WARNING: [Route 35-198] Port "s_axi_control_wdata[9]" does not have an associated HD.PARTPIN_LOCS, which will prevent the partial routing of the signal "s_axi_control_wdata[9]". Without this partial route, timing analysis to/from this port will not be accurate, and no routing information for this port can be exported.
WARNING: [Route 35-198] Port "s_axi_control_wdata[4]" does not have an associated HD.PARTPIN_LOCS, which will prevent the partial routing of the signal "s_axi_control_wdata[4]". Without this partial route, timing analysis to/from this port will not be accurate, and no routing information for this port can be exported.
WARNING: [Route 35-198] Port "s_axi_control_wdata[5]" does not have an associated HD.PARTPIN_LOCS, which will prevent the partial routing of the signal "s_axi_control_wdata[5]". Without this partial route, timing analysis to/from this port will not be accurate, and no routing information for this port can be exported.
WARNING: [Route 35-198] Port "s_axi_control_wdata[1]" does not have an associated HD.PARTPIN_LOCS, which will prevent the partial routing of the signal "s_axi_control_wdata[1]". Without this partial route, timing analysis to/from this port will not be accurate, and no routing information for this port can be exported.
WARNING: [Route 35-198] Port "s_axi_control_wdata[17]" does not have an associated HD.PARTPIN_LOCS, which will prevent the partial routing of the signal "s_axi_control_wdata[17]". Without this partial route, timing analysis to/from this port will not be accurate, and no routing information for this port can be exported.
WARNING: [Route 35-198] Port "s_axi_control_wdata[8]" does not have an associated HD.PARTPIN_LOCS, which will prevent the partial routing of the signal "s_axi_control_wdata[8]". Without this partial route, timing analysis to/from this port will not be accurate, and no routing information for this port can be exported.
WARNING: [Route 35-198] Port "s_axi_control_wdata[6]" does not have an associated HD.PARTPIN_LOCS, which will prevent the partial routing of the signal "s_axi_control_wdata[6]". Without this partial route, timing analysis to/from this port will not be accurate, and no routing information for this port can be exported.
WARNING: [Route 35-198] Port "s_axi_control_wdata[3]" does not have an associated HD.PARTPIN_LOCS, which will prevent the partial routing of the signal "s_axi_control_wdata[3]". Without this partial route, timing analysis to/from this port will not be accurate, and no routing information for this port can be exported.
WARNING: [Route 35-198] Port "s_axi_control_wdata[2]" does not have an associated HD.PARTPIN_LOCS, which will prevent the partial routing of the signal "s_axi_control_wdata[2]". Without this partial route, timing analysis to/from this port will not be accurate, and no routing information for this port can be exported.
WARNING: [Route 35-198] Port "m_axi_gmem1_rvalid" does not have an associated HD.PARTPIN_LOCS, which will prevent the partial routing of the signal "m_axi_gmem1_rvalid". Without this partial route, timing analysis to/from this port will not be accurate, and no routing information for this port can be exported.
WARNING: [Route 35-198] Port "m_axi_gmem0_rdata[25]" does not have an associated HD.PARTPIN_LOCS, which will prevent the partial routing of the signal "m_axi_gmem0_rdata[25]". Without this partial route, timing analysis to/from this port will not be accurate, and no routing information for this port can be exported.
WARNING: [Route 35-198] Port "m_axi_gmem0_rdata[29]" does not have an associated HD.PARTPIN_LOCS, which will prevent the partial routing of the signal "m_axi_gmem0_rdata[29]". Without this partial route, timing analysis to/from this port will not be accurate, and no routing information for this port can be exported.
WARNING: [Route 35-198] Port "m_axi_gmem0_rdata[41]" does not have an associated HD.PARTPIN_LOCS, which will prevent the partial routing of the signal "m_axi_gmem0_rdata[41]". Without this partial route, timing analysis to/from this port will not be accurate, and no routing information for this port can be exported.
WARNING: [Route 35-198] Port "m_axi_gmem0_rdata[45]" does not have an associated HD.PARTPIN_LOCS, which will prevent the partial routing of the signal "m_axi_gmem0_rdata[45]". Without this partial route, timing analysis to/from this port will not be accurate, and no routing information for this port can be exported.
WARNING: [Route 35-198] Port "m_axi_gmem0_rdata[31]" does not have an associated HD.PARTPIN_LOCS, which will prevent the partial routing of the signal "m_axi_gmem0_rdata[31]". Without this partial route, timing analysis to/from this port will not be accurate, and no routing information for this port can be exported.
WARNING: [Route 35-198] Port "m_axi_gmem0_rdata[43]" does not have an associated HD.PARTPIN_LOCS, which will prevent the partial routing of the signal "m_axi_gmem0_rdata[43]". Without this partial route, timing analysis to/from this port will not be accurate, and no routing information for this port can be exported.
WARNING: [Route 35-198] Port "m_axi_gmem0_rdata[47]" does not have an associated HD.PARTPIN_LOCS, which will prevent the partial routing of the signal "m_axi_gmem0_rdata[47]". Without this partial route, timing analysis to/from this port will not be accurate, and no routing information for this port can be exported.
WARNING: [Route 35-198] Port "m_axi_gmem0_rdata[59]" does not have an associated HD.PARTPIN_LOCS, which will prevent the partial routing of the signal "m_axi_gmem0_rdata[59]". Without this partial route, timing analysis to/from this port will not be accurate, and no routing information for this port can be exported.
WARNING: [Route 35-198] Port "m_axi_gmem0_rdata[81]" does not have an associated HD.PARTPIN_LOCS, which will prevent the partial routing of the signal "m_axi_gmem0_rdata[81]". Without this partial route, timing analysis to/from this port will not be accurate, and no routing information for this port can be exported.
WARNING: [Route 35-198] Port "m_axi_gmem0_rdata[109]" does not have an associated HD.PARTPIN_LOCS, which will prevent the partial routing of the signal "m_axi_gmem0_rdata[109]". Without this partial route, timing analysis to/from this port will not be accurate, and no routing information for this port can be exported.
WARNING: [Route 35-198] Port "m_axi_gmem0_rdata[113]" does not have an associated HD.PARTPIN_LOCS, which will prevent the partial routing of the signal "m_axi_gmem0_rdata[113]". Without this partial route, timing analysis to/from this port will not be accurate, and no routing information for this port can be exported.
WARNING: [Route 35-198] Port "m_axi_gmem0_rdata[117]" does not have an associated HD.PARTPIN_LOCS, which will prevent the partial routing of the signal "m_axi_gmem0_rdata[117]". Without this partial route, timing analysis to/from this port will not be accurate, and no routing information for this port can be exported.
WARNING: [Route 35-198] Port "m_axi_gmem0_rdata[127]" does not have an associated HD.PARTPIN_LOCS, which will prevent the partial routing of the signal "m_axi_gmem0_rdata[127]". Without this partial route, timing analysis to/from this port will not be accurate, and no routing information for this port can be exported.
WARNING: [Route 35-198] Port "m_axi_gmem0_rdata[129]" does not have an associated HD.PARTPIN_LOCS, which will prevent the partial routing of the signal "m_axi_gmem0_rdata[129]". Without this partial route, timing analysis to/from this port will not be accurate, and no routing information for this port can be exported.
WARNING: [Route 35-198] Port "m_axi_gmem0_rdata[77]" does not have an associated HD.PARTPIN_LOCS, which will prevent the partial routing of the signal "m_axi_gmem0_rdata[77]". Without this partial route, timing analysis to/from this port will not be accurate, and no routing information for this port can be exported.
WARNING: [Route 35-198] Port "m_axi_gmem0_rdata[85]" does not have an associated HD.PARTPIN_LOCS, which will prevent the partial routing of the signal "m_axi_gmem0_rdata[85]". Without this partial route, timing analysis to/from this port will not be accurate, and no routing information for this port can be exported.
WARNING: [Route 35-198] Port "m_axi_gmem0_rdata[87]" does not have an associated HD.PARTPIN_LOCS, which will prevent the partial routing of the signal "m_axi_gmem0_rdata[87]". Without this partial route, timing analysis to/from this port will not be accurate, and no routing information for this port can be exported.
WARNING: [Route 35-198] Port "m_axi_gmem1_rdata[225]" does not have an associated HD.PARTPIN_LOCS, which will prevent the partial routing of the signal "m_axi_gmem1_rdata[225]". Without this partial route, timing analysis to/from this port will not be accurate, and no routing information for this port can be exported.
WARNING: [Route 35-198] Port "m_axi_gmem1_rdata[227]" does not have an associated HD.PARTPIN_LOCS, which will prevent the partial routing of the signal "m_axi_gmem1_rdata[227]". Without this partial route, timing analysis to/from this port will not be accurate, and no routing information for this port can be exported.
WARNING: [Route 35-198] Port "m_axi_gmem1_rdata[231]" does not have an associated HD.PARTPIN_LOCS, which will prevent the partial routing of the signal "m_axi_gmem1_rdata[231]". Without this partial route, timing analysis to/from this port will not be accurate, and no routing information for this port can be exported.
WARNING: [Route 35-198] Port "m_axi_gmem1_rdata[241]" does not have an associated HD.PARTPIN_LOCS, which will prevent the partial routing of the signal "m_axi_gmem1_rdata[241]". Without this partial route, timing analysis to/from this port will not be accurate, and no routing information for this port can be exported.
WARNING: [Route 35-198] Port "m_axi_gmem1_rdata[245]" does not have an associated HD.PARTPIN_LOCS, which will prevent the partial routing of the signal "m_axi_gmem1_rdata[245]". Without this partial route, timing analysis to/from this port will not be accurate, and no routing information for this port can be exported.
WARNING: [Route 35-198] Port "m_axi_gmem1_rdata[255]" does not have an associated HD.PARTPIN_LOCS, which will prevent the partial routing of the signal "m_axi_gmem1_rdata[255]". Without this partial route, timing analysis to/from this port will not be accurate, and no routing information for this port can be exported.
WARNING: [Route 35-198] Port "m_axi_gmem0_rdata[53]" does not have an associated HD.PARTPIN_LOCS, which will prevent the partial routing of the signal "m_axi_gmem0_rdata[53]". Without this partial route, timing analysis to/from this port will not be accurate, and no routing information for this port can be exported.
WARNING: [Route 35-198] Port "m_axi_gmem0_rdata[65]" does not have an associated HD.PARTPIN_LOCS, which will prevent the partial routing of the signal "m_axi_gmem0_rdata[65]". Without this partial route, timing analysis to/from this port will not be accurate, and no routing information for this port can be exported.
WARNING: [Route 35-198] Port "m_axi_gmem0_rdata[21]" does not have an associated HD.PARTPIN_LOCS, which will prevent the partial routing of the signal "m_axi_gmem0_rdata[21]". Without this partial route, timing analysis to/from this port will not be accurate, and no routing information for this port can be exported.
WARNING: [Route 35-198] Port "m_axi_gmem0_rdata[23]" does not have an associated HD.PARTPIN_LOCS, which will prevent the partial routing of the signal "m_axi_gmem0_rdata[23]". Without this partial route, timing analysis to/from this port will not be accurate, and no routing information for this port can be exported.
WARNING: [Route 35-198] Port "m_axi_gmem0_rdata[37]" does not have an associated HD.PARTPIN_LOCS, which will prevent the partial routing of the signal "m_axi_gmem0_rdata[37]". Without this partial route, timing analysis to/from this port will not be accurate, and no routing information for this port can be exported.
WARNING: [Route 35-198] Port "m_axi_gmem0_rdata[39]" does not have an associated HD.PARTPIN_LOCS, which will prevent the partial routing of the signal "m_axi_gmem0_rdata[39]". Without this partial route, timing analysis to/from this port will not be accurate, and no routing information for this port can be exported.
WARNING: [Route 35-198] Port "m_axi_gmem0_rdata[5]" does not have an associated HD.PARTPIN_LOCS, which will prevent the partial routing of the signal "m_axi_gmem0_rdata[5]". Without this partial route, timing analysis to/from this port will not be accurate, and no routing information for this port can be exported.
WARNING: [Route 35-198] Port "m_axi_gmem0_rdata[67]" does not have an associated HD.PARTPIN_LOCS, which will prevent the partial routing of the signal "m_axi_gmem0_rdata[67]". Without this partial route, timing analysis to/from this port will not be accurate, and no routing information for this port can be exported.
WARNING: [Route 35-198] Port "m_axi_gmem0_rdata[69]" does not have an associated HD.PARTPIN_LOCS, which will prevent the partial routing of the signal "m_axi_gmem0_rdata[69]". Without this partial route, timing analysis to/from this port will not be accurate, and no routing information for this port can be exported.
WARNING: [Route 35-198] Port "m_axi_gmem0_rdata[71]" does not have an associated HD.PARTPIN_LOCS, which will prevent the partial routing of the signal "m_axi_gmem0_rdata[71]". Without this partial route, timing analysis to/from this port will not be accurate, and no routing information for this port can be exported.
WARNING: [Route 35-198] Port "m_axi_gmem0_rdata[44]" does not have an associated HD.PARTPIN_LOCS, which will prevent the partial routing of the signal "m_axi_gmem0_rdata[44]". Without this partial route, timing analysis to/from this port will not be accurate, and no routing information for this port can be exported.
WARNING: [Route 35-198] Port "m_axi_gmem0_rvalid" does not have an associated HD.PARTPIN_LOCS, which will prevent the partial routing of the signal "m_axi_gmem0_rvalid". Without this partial route, timing analysis to/from this port will not be accurate, and no routing information for this port can be exported.
WARNING: [Route 35-198] Port "m_axi_gmem0_rdata[103]" does not have an associated HD.PARTPIN_LOCS, which will prevent the partial routing of the signal "m_axi_gmem0_rdata[103]". Without this partial route, timing analysis to/from this port will not be accurate, and no routing information for this port can be exported.
WARNING: [Route 35-198] Port "m_axi_gmem0_rdata[119]" does not have an associated HD.PARTPIN_LOCS, which will prevent the partial routing of the signal "m_axi_gmem0_rdata[119]". Without this partial route, timing analysis to/from this port will not be accurate, and no routing information for this port can be exported.
WARNING: [Route 35-198] Port "m_axi_gmem0_rdata[131]" does not have an associated HD.PARTPIN_LOCS, which will prevent the partial routing of the signal "m_axi_gmem0_rdata[131]". Without this partial route, timing analysis to/from this port will not be accurate, and no routing information for this port can be exported.
INFO: [Common 17-14] Message 'Route 35-198' appears 100 times and further instances of the messages will be disabled. Use the Tcl command set_msg_config to change the current settings.
Post Restoration Checksum: NetGraph: 586f792b | NumContArr: 3a6ffa34 | Constraints: 2149b891 | Timing: c2a8fa9d
Phase 1 Build RT Design | Checksum: 176d2268d

Time (s): cpu = 00:01:24 ; elapsed = 00:00:15 . Memory (MB): peak = 8769.172 ; gain = 0.000 ; free physical = 478 ; free virtual = 7794

Phase 2 Router Initialization

Phase 2.1 Fix Topology Constraints
Phase 2.1 Fix Topology Constraints | Checksum: 176d2268d

Time (s): cpu = 00:01:25 ; elapsed = 00:00:15 . Memory (MB): peak = 8769.172 ; gain = 0.000 ; free physical = 478 ; free virtual = 7794

Phase 2.2 Pre Route Cleanup
Phase 2.2 Pre Route Cleanup | Checksum: 176d2268d

Time (s): cpu = 00:01:26 ; elapsed = 00:00:16 . Memory (MB): peak = 8769.172 ; gain = 0.000 ; free physical = 479 ; free virtual = 7794

Phase 2.3 Global Clock Net Routing
 Number of Nodes with overlaps = 0
Phase 2.3 Global Clock Net Routing | Checksum: 1272806bd

Time (s): cpu = 00:01:37 ; elapsed = 00:00:20 . Memory (MB): peak = 8967.281 ; gain = 198.109 ; free physical = 229 ; free virtual = 7547

Phase 2.4 Update Timing
Phase 2.4 Update Timing | Checksum: e95c5885

Time (s): cpu = 00:02:25 ; elapsed = 00:00:38 . Memory (MB): peak = 8967.281 ; gain = 198.109 ; free physical = 229 ; free virtual = 7547
INFO: [Route 35-416] Intermediate Timing Summary | WNS=0.470  | TNS=0.000  | WHS=0.000  | THS=0.000  |


Router Utilization Summary
  Global Vertical Routing Utilization    = 2.43595e-05 %
  Global Horizontal Routing Utilization  = 4.52879e-06 %
  Routable Net Status*
  *Does not include unroutable nets such as driverless and loadless.
  Run report_route_status for detailed report.
  Number of Failed Nets               = 239990
    (Failed Nets is the sum of unrouted and partially routed nets)
  Number of Unrouted Nets             = 187591
  Number of Partially Routed Nets     = 52399
  Number of Node Overlaps             = 2

Phase 2 Router Initialization | Checksum: b6a5a553

Time (s): cpu = 00:04:13 ; elapsed = 00:01:13 . Memory (MB): peak = 9000.156 ; gain = 230.984 ; free physical = 192 ; free virtual = 7510

Phase 3 Initial Routing

Phase 3.1 Global Routing
Phase 3.1 Global Routing | Checksum: b6a5a553

Time (s): cpu = 00:04:14 ; elapsed = 00:01:13 . Memory (MB): peak = 9000.156 ; gain = 230.984 ; free physical = 192 ; free virtual = 7510

Phase 3.2 Initial Net Routing
Phase 3.2 Initial Net Routing | Checksum: aee7e251

Time (s): cpu = 00:05:14 ; elapsed = 00:01:30 . Memory (MB): peak = 9000.156 ; gain = 230.984 ; free physical = 194 ; free virtual = 7512
Phase 3 Initial Routing | Checksum: 128c297e8

Time (s): cpu = 00:05:18 ; elapsed = 00:01:31 . Memory (MB): peak = 9000.156 ; gain = 230.984 ; free physical = 194 ; free virtual = 7512

INFO: [Route 35-449] Initial Estimated Congestion
 ________________________________________________________________________
|           | Global Congestion | Long Congestion   | Short Congestion  |
|           |___________________|___________________|___________________|
| Direction | Size   | % Tiles  | Size   | % Tiles  | Size   | % Tiles  |
|___________|________|__________|________|__________|________|__________|
|      NORTH|   16x16|      0.53|   32x32|      1.53|     4x4|      0.33|
|___________|________|__________|________|__________|________|__________|
|      SOUTH|   16x16|      0.77|   64x64|      1.62|     8x8|      0.55|
|___________|________|__________|________|__________|________|__________|
|       EAST|   32x32|      0.78|   64x64|      1.57|   16x16|      0.66|
|___________|________|__________|________|__________|________|__________|
|       WEST|     4x4|      0.19|     8x8|      0.86|     8x8|      0.31|
|___________|________|__________|________|__________|________|__________|
Congestion Report
GLOBAL Congestion bounded by tiles (Lower Left Tile -> Upper Right Tile):
NORTH
	INT_X56Y176->INT_X71Y191 (BRAM_X56Y175->CLEL_R_X71Y191)
	INT_X64Y184->INT_X71Y191 (CLEM_X64Y184->CLEL_R_X71Y191)
	INT_X56Y176->INT_X63Y183 (BRAM_X56Y175->CLEL_R_X63Y183)
	INT_X64Y183->INT_X71Y190 (CLEM_X64Y183->CLEL_R_X71Y190)
	INT_X64Y182->INT_X71Y189 (CLEM_X64Y182->CLEL_R_X71Y189)
SOUTH
	INT_X56Y143->INT_X71Y174 (BRAM_X56Y140->CLEL_R_X71Y174)
	INT_X55Y152->INT_X70Y167 (CLEM_X55Y152->CLEL_R_X70Y167)
	INT_X55Y151->INT_X70Y166 (CLEM_X55Y151->CLEL_R_X70Y166)
	INT_X55Y150->INT_X70Y165 (CLEM_X55Y150->CLEL_R_X70Y165)
	INT_X55Y149->INT_X70Y164 (CLEM_X55Y149->CLEL_R_X70Y164)
EAST
	INT_X57Y138->INT_X80Y193 (CLEM_X57Y138->URAM_URAM_FT_X80Y180)
	INT_X53Y176->INT_X68Y191 (CLEM_X53Y176->CLEL_R_X68Y191)
	INT_X53Y175->INT_X68Y190 (CLEM_X53Y175->CLEL_R_X68Y190)
	INT_X53Y174->INT_X68Y189 (CLEM_X53Y174->CLEL_R_X68Y189)
	INT_X53Y173->INT_X68Y188 (CLEM_X53Y173->CLEL_R_X68Y188)
LONG Congestion bounded by tiles (Lower Left Tile -> Upper Right Tile):
NORTH
	INT_X56Y142->INT_X71Y205 (BRAM_X56Y140->CLEL_R_X71Y205)
	INT_X53Y160->INT_X68Y175 (CLEM_X53Y160->CLEL_R_X68Y175)
	INT_X53Y175->INT_X68Y190 (CLEM_X53Y175->CLEL_R_X68Y190)
	INT_X53Y159->INT_X68Y174 (CLEM_X53Y159->CLEL_R_X68Y174)
	INT_X53Y174->INT_X68Y189 (CLEM_X53Y174->CLEL_R_X68Y189)
SOUTH
	INT_X49Y125->INT_X80Y188 (CLEM_X49Y125->URAM_URAM_FT_X80Y180)
	INT_X35Y135->INT_X66Y166 (BRAM_X35Y135->CLEL_R_X66Y166)
	INT_X38Y140->INT_X69Y171 (BRAM_X38Y140->CLEL_R_X69Y171)
	INT_X38Y139->INT_X69Y170 (BRAM_X38Y135->CLEL_R_X69Y170)
	INT_X38Y138->INT_X69Y169 (BRAM_X38Y135->CLEL_R_X69Y169)
EAST
	INT_X50Y134->INT_X81Y197 (CLEL_L_X50Y134->CLEL_R_X81Y197)
	INT_X47Y144->INT_X78Y175 (CLEM_X47Y144->CLEL_R_X78Y175)
	INT_X47Y143->INT_X78Y174 (CLEM_X47Y143->CLEL_R_X78Y174)
	INT_X47Y142->INT_X78Y173 (CLEM_X47Y142->CLEL_R_X78Y173)
	INT_X47Y149->INT_X78Y180 (CLEM_X47Y149->CLEL_R_X78Y180)
SHORT Congestion bounded by tiles (Lower Left Tile -> Upper Right Tile):
EAST
	INT_X56Y172->INT_X71Y187 (BRAM_X56Y170->CLEL_R_X71Y187)
	INT_X56Y176->INT_X63Y183 (BRAM_X56Y175->CLEL_R_X63Y183)
	INT_X56Y175->INT_X63Y182 (BRAM_X56Y175->CLEL_R_X63Y182)
	INT_X56Y174->INT_X63Y181 (BRAM_X56Y170->CLEL_R_X63Y181)
	INT_X64Y182->INT_X71Y189 (CLEM_X64Y182->CLEL_R_X71Y189)

INFO: [Route 35-448] Estimated Global/Short routing congestion is level 5 (32x32). Congestion levels of 5 and greater can reduce routability and impact timing closure.

INFO: [Route 35-581] Estimated Timing congestion is level 6 (64x64). Congestion levels of 5 and greater may impact timing closure.

Phase 4 Rip-up And Reroute

Phase 4.1 Global Iteration 0
 Number of Nodes with overlaps = 65990
 Number of Nodes with overlaps = 9466
 Number of Nodes with overlaps = 1962
 Number of Nodes with overlaps = 590
 Number of Nodes with overlaps = 228
 Number of Nodes with overlaps = 112
 Number of Nodes with overlaps = 49
 Number of Nodes with overlaps = 31
 Number of Nodes with overlaps = 20
 Number of Nodes with overlaps = 13
 Number of Nodes with overlaps = 8
 Number of Nodes with overlaps = 7
 Number of Nodes with overlaps = 5
 Number of Nodes with overlaps = 5
 Number of Nodes with overlaps = 5
 Number of Nodes with overlaps = 3
 Number of Nodes with overlaps = 1
 Number of Nodes with overlaps = 1
 Number of Nodes with overlaps = 0
INFO: [Route 35-416] Intermediate Timing Summary | WNS=-0.515 | TNS=-51.159| WHS=0.019  | THS=0.000  |

Phase 4.1 Global Iteration 0 | Checksum: 1f1d84178

Time (s): cpu = 00:18:00 ; elapsed = 00:07:06 . Memory (MB): peak = 9000.156 ; gain = 230.984 ; free physical = 199 ; free virtual = 7518

Phase 4.2 Global Iteration 1
 Number of Nodes with overlaps = 208
 Number of Nodes with overlaps = 14
 Number of Nodes with overlaps = 4
 Number of Nodes with overlaps = 3
 Number of Nodes with overlaps = 2
 Number of Nodes with overlaps = 2
 Number of Nodes with overlaps = 0
INFO: [Route 35-416] Intermediate Timing Summary | WNS=-0.317 | TNS=-17.768| WHS=N/A    | THS=N/A    |

Phase 4.2 Global Iteration 1 | Checksum: 1f61d5557

Time (s): cpu = 00:19:06 ; elapsed = 00:07:58 . Memory (MB): peak = 9000.156 ; gain = 230.984 ; free physical = 201 ; free virtual = 7520

Phase 4.3 Global Iteration 2
 Number of Nodes with overlaps = 493
 Number of Nodes with overlaps = 58
 Number of Nodes with overlaps = 20
 Number of Nodes with overlaps = 5
 Number of Nodes with overlaps = 4
 Number of Nodes with overlaps = 3
 Number of Nodes with overlaps = 0
INFO: [Route 35-416] Intermediate Timing Summary | WNS=-0.240 | TNS=-5.731 | WHS=N/A    | THS=N/A    |

Phase 4.3 Global Iteration 2 | Checksum: a0b85aa0

Time (s): cpu = 00:20:32 ; elapsed = 00:09:00 . Memory (MB): peak = 9000.156 ; gain = 230.984 ; free physical = 198 ; free virtual = 7517

Phase 4.4 Global Iteration 3
 Number of Nodes with overlaps = 288
 Number of Nodes with overlaps = 59
 Number of Nodes with overlaps = 24
 Number of Nodes with overlaps = 9
 Number of Nodes with overlaps = 2
 Number of Nodes with overlaps = 2
 Number of Nodes with overlaps = 0
INFO: [Route 35-416] Intermediate Timing Summary | WNS=-0.049 | TNS=-0.160 | WHS=N/A    | THS=N/A    |

Phase 4.4 Global Iteration 3 | Checksum: 256d7da9a

Time (s): cpu = 00:22:01 ; elapsed = 00:10:06 . Memory (MB): peak = 9000.156 ; gain = 230.984 ; free physical = 195 ; free virtual = 7514

Phase 4.5 Global Iteration 4
 Number of Nodes with overlaps = 574
 Number of Nodes with overlaps = 86
 Number of Nodes with overlaps = 21
 Number of Nodes with overlaps = 9
 Number of Nodes with overlaps = 3
 Number of Nodes with overlaps = 1
 Number of Nodes with overlaps = 2
 Number of Nodes with overlaps = 2
 Number of Nodes with overlaps = 0
INFO: [Route 35-416] Intermediate Timing Summary | WNS=-0.069 | TNS=-0.290 | WHS=N/A    | THS=N/A    |

Phase 4.5 Global Iteration 4 | Checksum: 1eae85ff0

Time (s): cpu = 00:23:26 ; elapsed = 00:11:07 . Memory (MB): peak = 9000.156 ; gain = 230.984 ; free physical = 156 ; free virtual = 7518
Phase 4 Rip-up And Reroute | Checksum: 1eae85ff0

Time (s): cpu = 00:23:26 ; elapsed = 00:11:07 . Memory (MB): peak = 9000.156 ; gain = 230.984 ; free physical = 156 ; free virtual = 7518

Phase 5 Delay and Skew Optimization

Phase 5.1 Delay CleanUp

Phase 5.1.1 Update Timing
Phase 5.1.1 Update Timing | Checksum: 21bf91dc4

Time (s): cpu = 00:24:06 ; elapsed = 00:11:16 . Memory (MB): peak = 9000.156 ; gain = 230.984 ; free physical = 158 ; free virtual = 7521
INFO: [Route 35-416] Intermediate Timing Summary | WNS=-0.049 | TNS=-0.160 | WHS=0.019  | THS=0.000  |


Phase 5.1.2 Update Timing
Phase 5.1.2 Update Timing | Checksum: 1c9449221

Time (s): cpu = 00:24:35 ; elapsed = 00:11:23 . Memory (MB): peak = 9000.156 ; gain = 230.984 ; free physical = 159 ; free virtual = 7522
INFO: [Route 35-416] Intermediate Timing Summary | WNS=-0.049 | TNS=-0.160 | WHS=0.019  | THS=0.000  |

 Number of Nodes with overlaps = 0
Phase 5.1 Delay CleanUp | Checksum: 1088f6a59

Time (s): cpu = 00:24:40 ; elapsed = 00:11:24 . Memory (MB): peak = 9000.156 ; gain = 230.984 ; free physical = 159 ; free virtual = 7522

Phase 5.2 Clock Skew Optimization
Phase 5.2 Clock Skew Optimization | Checksum: 1088f6a59

Time (s): cpu = 00:24:41 ; elapsed = 00:11:24 . Memory (MB): peak = 9000.156 ; gain = 230.984 ; free physical = 159 ; free virtual = 7522
Phase 5 Delay and Skew Optimization | Checksum: 1088f6a59

Time (s): cpu = 00:24:42 ; elapsed = 00:11:25 . Memory (MB): peak = 9000.156 ; gain = 230.984 ; free physical = 159 ; free virtual = 7522

Phase 6 Post Hold Fix

Phase 6.1 Hold Fix Iter

Phase 6.1.1 Update Timing
Phase 6.1.1 Update Timing | Checksum: edd95864

Time (s): cpu = 00:25:12 ; elapsed = 00:11:32 . Memory (MB): peak = 9000.156 ; gain = 230.984 ; free physical = 159 ; free virtual = 7522
INFO: [Route 35-416] Intermediate Timing Summary | WNS=-0.029 | TNS=-0.029 | WHS=0.019  | THS=0.000  |

Phase 6.1 Hold Fix Iter | Checksum: edd95864

Time (s): cpu = 00:25:12 ; elapsed = 00:11:32 . Memory (MB): peak = 9000.156 ; gain = 230.984 ; free physical = 159 ; free virtual = 7522
Phase 6 Post Hold Fix | Checksum: edd95864

Time (s): cpu = 00:25:13 ; elapsed = 00:11:32 . Memory (MB): peak = 9000.156 ; gain = 230.984 ; free physical = 159 ; free virtual = 7522

Phase 7 Leaf Clock Prog Delay Opt

Phase 7.1 Optimize Skews
Phase 7.1 Optimize Skews | Checksum: 1235675f7

Time (s): cpu = 00:25:52 ; elapsed = 00:11:42 . Memory (MB): peak = 9000.156 ; gain = 230.984 ; free physical = 160 ; free virtual = 7523

Phase 7.2 Post SkewOpt Hold Fix

Phase 7.2.1 Hold Fix Iter

Phase 7.2.1.1 Update Timing
Phase 7.2.1.1 Update Timing | Checksum: 135ba2178

Time (s): cpu = 00:26:21 ; elapsed = 00:11:49 . Memory (MB): peak = 9000.156 ; gain = 230.984 ; free physical = 160 ; free virtual = 7523
INFO: [Route 35-416] Intermediate Timing Summary | WNS=-0.029 | TNS=-0.029 | WHS=0.019  | THS=0.000  |

Phase 7.2.1 Hold Fix Iter | Checksum: 135ba2178

Time (s): cpu = 00:26:22 ; elapsed = 00:11:49 . Memory (MB): peak = 9000.156 ; gain = 230.984 ; free physical = 160 ; free virtual = 7523
Phase 7.2 Post SkewOpt Hold Fix | Checksum: 15df7df9e

Time (s): cpu = 00:26:24 ; elapsed = 00:11:49 . Memory (MB): peak = 9000.156 ; gain = 230.984 ; free physical = 160 ; free virtual = 7523
Phase 7 Leaf Clock Prog Delay Opt | Checksum: f9677610

Time (s): cpu = 00:26:53 ; elapsed = 00:11:57 . Memory (MB): peak = 9000.156 ; gain = 230.984 ; free physical = 160 ; free virtual = 7523

Phase 8 Route finalize

Router Utilization Summary
  Global Vertical Routing Utilization    = 5.07871 %
  Global Horizontal Routing Utilization  = 5.31128 %
  Routable Net Status*
  *Does not include unroutable nets such as driverless and loadless.
  Run report_route_status for detailed report.
  Number of Failed Nets               = 0
    (Failed Nets is the sum of unrouted and partially routed nets)
  Number of Unrouted Nets             = 0
  Number of Partially Routed Nets     = 0
  Number of Node Overlaps             = 0


--GLOBAL Congestion:
Utilization threshold used for congestion level computation: 0.85
Congestion Report
North Dir 1x1 Area, Max Cong = 87.7934%, Congestion bounded by tiles (Lower Left Tile -> Upper Right Tile):
   INT_X69Y190 -> INT_X69Y190
   INT_X65Y182 -> INT_X65Y182
   INT_X58Y180 -> INT_X58Y180
   INT_X89Y141 -> INT_X89Y141
South Dir 2x2 Area, Max Cong = 85.4265%, Congestion bounded by tiles (Lower Left Tile -> Upper Right Tile):
   INT_X64Y162 -> INT_X65Y163
East Dir 2x2 Area, Max Cong = 85.8173%, Congestion bounded by tiles (Lower Left Tile -> Upper Right Tile):
   INT_X58Y174 -> INT_X59Y175
   INT_X58Y166 -> INT_X59Y167
West Dir 1x1 Area, Max Cong = 91.3462%, Congestion bounded by tiles (Lower Left Tile -> Upper Right Tile):
   INT_X106Y186 -> INT_X106Y186
   INT_X49Y128 -> INT_X49Y128
   INT_X51Y115 -> INT_X51Y115
   INT_X98Y110 -> INT_X98Y110
   INT_X57Y84 -> INT_X57Y84

------------------------------
Reporting congestion hotspots
------------------------------
Direction: North
----------------
Congested clusters found at Level 0
Effective congestion level: 1 Aspect Ratio: 0.5 Sparse Ratio: 0.5
Direction: South
----------------
Congested clusters found at Level 0
Effective congestion level: 1 Aspect Ratio: 0.666667 Sparse Ratio: 1.25
Direction: East
----------------
Congested clusters found at Level 0
Effective congestion level: 2 Aspect Ratio: 0.625 Sparse Ratio: 1.375
Direction: West
----------------
Congested clusters found at Level 0
Effective congestion level: 1 Aspect Ratio: 0.5 Sparse Ratio: 0.5

Phase 8 Route finalize | Checksum: f9677610

Time (s): cpu = 00:26:58 ; elapsed = 00:11:58 . Memory (MB): peak = 9000.156 ; gain = 230.984 ; free physical = 160 ; free virtual = 7523

Phase 9 Verifying routed nets

 Verification completed successfully
Phase 9 Verifying routed nets | Checksum: f9677610

Time (s): cpu = 00:26:59 ; elapsed = 00:11:58 . Memory (MB): peak = 9000.156 ; gain = 230.984 ; free physical = 158 ; free virtual = 7527

Phase 10 Depositing Routes
Phase 10 Depositing Routes | Checksum: f9677610

Time (s): cpu = 00:27:14 ; elapsed = 00:12:06 . Memory (MB): peak = 9000.156 ; gain = 230.984 ; free physical = 158 ; free virtual = 7527
Common:
   
SLR0

Initial Estimated Congestion
 ________________________________________________________________________
|           | Global Congestion | Long Congestion   | Short Congestion  |
|           |___________________|___________________|___________________|
| Direction | Size   | % Tiles  | Size   | % Tiles  | Size   | % Tiles  |
|___________|________|__________|________|__________|________|__________|
|      NORTH|   16x16|      1.58|   32x32|      4.58|     4x4|      0.99|
|___________|________|__________|________|__________|________|__________|
|      SOUTH|   16x16|      2.31|   64x64|      4.86|     8x8|      1.66|
|___________|________|__________|________|__________|________|__________|
|       EAST|   32x32|      2.35|   64x64|      4.70|   16x16|      1.99|
|___________|________|__________|________|__________|________|__________|
|       WEST|     4x4|      0.57|     8x8|      2.59|     8x8|      0.93|
|___________|________|__________|________|__________|________|__________|

SLR1

Initial Estimated Congestion
 ________________________________________________________________________
|           | Global Congestion | Long Congestion   | Short Congestion  |
|           |___________________|___________________|___________________|
| Direction | Size   | % Tiles  | Size   | % Tiles  | Size   | % Tiles  |
|___________|________|__________|________|__________|________|__________|
|      NORTH|     1x1|      0.00|     1x1|      0.00|     1x1|      0.00|
|___________|________|__________|________|__________|________|__________|
|      SOUTH|     1x1|      0.00|     1x1|      0.00|     1x1|      0.00|
|___________|________|__________|________|__________|________|__________|
|       EAST|     1x1|      0.00|     1x1|      0.00|     1x1|      0.00|
|___________|________|__________|________|__________|________|__________|
|       WEST|     1x1|      0.00|     1x1|      0.00|     1x1|      0.00|
|___________|________|__________|________|__________|________|__________|

SLR2

Initial Estimated Congestion
 ________________________________________________________________________
|           | Global Congestion | Long Congestion   | Short Congestion  |
|           |___________________|___________________|___________________|
| Direction | Size   | % Tiles  | Size   | % Tiles  | Size   | % Tiles  |
|___________|________|__________|________|__________|________|__________|
|      NORTH|     1x1|      0.00|     1x1|      0.00|     1x1|      0.00|
|___________|________|__________|________|__________|________|__________|
|      SOUTH|     1x1|      0.00|     1x1|      0.00|     1x1|      0.00|
|___________|________|__________|________|__________|________|__________|
|       EAST|     1x1|      0.00|     1x1|      0.00|     1x1|      0.00|
|___________|________|__________|________|__________|________|__________|
|       WEST|     1x1|      0.00|     1x1|      0.00|     1x1|      0.00|
|___________|________|__________|________|__________|________|__________|



Phase 11 Resolve XTalk
Phase 11 Resolve XTalk | Checksum: f9677610

Time (s): cpu = 00:27:16 ; elapsed = 00:12:07 . Memory (MB): peak = 9000.156 ; gain = 230.984 ; free physical = 158 ; free virtual = 7527

Phase 12 Post Router Timing
INFO: [Route 35-57] Estimated Timing Summary | WNS=-0.029 | TNS=-0.029 | WHS=0.019  | THS=0.000  |

WARNING: [Route 35-328] Router estimated timing not met.
Resolution: For a complete and accurate timing signoff, report_timing_summary must be run after route_design. Alternatively, route_design can be run with the -timing_summary option to enable a complete timing signoff at the end of route_design.
Phase 12 Post Router Timing | Checksum: f9677610

Time (s): cpu = 00:27:35 ; elapsed = 00:12:10 . Memory (MB): peak = 9000.156 ; gain = 230.984 ; free physical = 158 ; free virtual = 7527
Skip laguna hold fix in PhysOpt in Router as non-negative WHS value: 1.9e-11 .
Time taken to check if laguna hold fix is required (in secs): 0

Phase 13 Physical Synthesis in Router

Phase 13.1 Physical Synthesis Initialization
INFO: [Physopt 32-668] Current Timing Summary | WNS=-0.029 | TNS=-0.029 | WHS=0.019 | THS=0.000 |
Phase 13.1 Physical Synthesis Initialization | Checksum: f9677610

Time (s): cpu = 00:29:49 ; elapsed = 00:12:58 . Memory (MB): peak = 9024.168 ; gain = 254.996 ; free physical = 146 ; free virtual = 7521

Phase 13.2 Critical Path Optimization
INFO: [Physopt 32-668] Current Timing Summary | WNS=-0.029 | TNS=-0.029 | WHS=0.019 | THS=0.000 |
INFO: [Physopt 32-953] Path group WNS did not improve. Path group: ap_clk. Processed net: bd_0_i/hls_inst/inst/p_ZL13result_buffer_2_3_U/q0[36].
INFO: [Physopt 32-953] Path group WNS did not improve. Path group: ap_clk. Processed net: bd_0_i/hls_inst/inst/p_ZL13poly_buffer_1_7_3_U/p_ZL13poly_buffer_1_7_3_q0[21].
INFO: [Physopt 32-953] Path group WNS did not improve. Path group: ap_clk. Processed net: bd_0_i/hls_inst/inst/grp_Compute_Auto_fu_771/grp_Compute_Auto_Pipeline_ROW_COL_fu_276/negate_reg_2540_reg[0]_rep__3_2.
INFO: [Physopt 32-668] Current Timing Summary | WNS=-0.029 | TNS=-0.029 | WHS=0.019 | THS=0.000 |
Netlist sorting complete. Time (s): cpu = 00:00:00.01 ; elapsed = 00:00:00.01 . Memory (MB): peak = 9024.168 ; gain = 0.000 ; free physical = 130 ; free virtual = 7521
Phase 13.2 Critical Path Optimization | Checksum: 19871ffad

Time (s): cpu = 00:30:10 ; elapsed = 00:13:06 . Memory (MB): peak = 9024.168 ; gain = 254.996 ; free physical = 130 ; free virtual = 7521
Netlist sorting complete. Time (s): cpu = 00:00:00.01 ; elapsed = 00:00:00.01 . Memory (MB): peak = 9024.168 ; gain = 0.000 ; free physical = 130 ; free virtual = 7521
INFO: [Physopt 32-669] Post Physical Optimization Timing Summary | WNS=-0.029 | TNS=-0.029 | WHS=0.019 | THS=0.000 |
Phase 13 Physical Synthesis in Router | Checksum: 19871ffad

Time (s): cpu = 00:30:13 ; elapsed = 00:13:08 . Memory (MB): peak = 9024.168 ; gain = 254.996 ; free physical = 130 ; free virtual = 7521
INFO: [Route 35-16] Router Completed Successfully

Phase 14 Post-Route Event Processing
Phase 14 Post-Route Event Processing | Checksum: 1c39d7845

Time (s): cpu = 00:30:18 ; elapsed = 00:13:13 . Memory (MB): peak = 9024.168 ; gain = 254.996 ; free physical = 130 ; free virtual = 7521
Ending Routing Task | Checksum: 1c39d7845

Time (s): cpu = 00:30:22 ; elapsed = 00:13:17 . Memory (MB): peak = 9024.168 ; gain = 254.996 ; free physical = 130 ; free virtual = 7521
INFO: [Common 17-83] Releasing license: Implementation
145 Infos, 203 Warnings, 0 Critical Warnings and 0 Errors encountered.
route_design completed successfully
route_design: Time (s): cpu = 00:30:42 ; elapsed = 00:13:25 . Memory (MB): peak = 9024.168 ; gain = 254.996 ; free physical = 120 ; free virtual = 7519
INFO: [runtcl-4] Executing : report_drc -file bd_0_wrapper_drc_routed.rpt -pb bd_0_wrapper_drc_routed.pb -rpx bd_0_wrapper_drc_routed.rpx
Command: report_drc -file bd_0_wrapper_drc_routed.rpt -pb bd_0_wrapper_drc_routed.pb -rpx bd_0_wrapper_drc_routed.rpx
INFO: [IP_Flow 19-1839] IP Catalog is up to date.
INFO: [DRC 23-27] Running DRC with 8 threads
INFO: [Vivado_Tcl 2-168] The results of DRC are in file /home/timhan/FHE/openfhe-for-HKS-ACC/src/fpga_backend/Solution/hks_digit_csynth_wide256_direct_r3/solution1/impl/verilog/project.runs/impl_1/bd_0_wrapper_drc_routed.rpt.
report_drc completed successfully
report_drc: Time (s): cpu = 00:01:19 ; elapsed = 00:00:31 . Memory (MB): peak = 9088.199 ; gain = 64.031 ; free physical = 127 ; free virtual = 7521
INFO: [runtcl-4] Executing : report_methodology -file bd_0_wrapper_methodology_drc_routed.rpt -pb bd_0_wrapper_methodology_drc_routed.pb -rpx bd_0_wrapper_methodology_drc_routed.rpx
Command: report_methodology -file bd_0_wrapper_methodology_drc_routed.rpt -pb bd_0_wrapper_methodology_drc_routed.pb -rpx bd_0_wrapper_methodology_drc_routed.rpx
INFO: [Timing 38-35] Done setting XDC timing constraints.
INFO: [DRC 23-133] Running Methodology with 8 threads
INFO: [Vivado_Tcl 2-1520] The results of Report Methodology are in file /home/timhan/FHE/openfhe-for-HKS-ACC/src/fpga_backend/Solution/hks_digit_csynth_wide256_direct_r3/solution1/impl/verilog/project.runs/impl_1/bd_0_wrapper_methodology_drc_routed.rpt.
report_methodology completed successfully
report_methodology: Time (s): cpu = 00:01:40 ; elapsed = 00:00:28 . Memory (MB): peak = 9088.199 ; gain = 0.000 ; free physical = 134 ; free virtual = 7529
INFO: [runtcl-4] Executing : report_power -file bd_0_wrapper_power_routed.rpt -pb bd_0_wrapper_power_summary_routed.pb -rpx bd_0_wrapper_power_routed.rpx
Command: report_power -file bd_0_wrapper_power_routed.rpt -pb bd_0_wrapper_power_summary_routed.pb -rpx bd_0_wrapper_power_routed.rpx
INFO: [Timing 38-35] Done setting XDC timing constraints.
Running Vector-less Activity Propagation...

Finished Running Vector-less Activity Propagation
155 Infos, 203 Warnings, 0 Critical Warnings and 0 Errors encountered.
report_power completed successfully
report_power: Time (s): cpu = 00:01:35 ; elapsed = 00:00:32 . Memory (MB): peak = 9088.199 ; gain = 0.000 ; free physical = 129 ; free virtual = 7530
INFO: [runtcl-4] Executing : report_route_status -file bd_0_wrapper_route_status.rpt -pb bd_0_wrapper_route_status.pb
INFO: [runtcl-4] Executing : report_timing_summary -max_paths 10 -report_unconstrained -file bd_0_wrapper_timing_summary_routed.rpt -pb bd_0_wrapper_timing_summary_routed.pb -rpx bd_0_wrapper_timing_summary_routed.rpx -warn_on_violation 
INFO: [Timing 38-91] UpdateTimingParams: Speed grade: -2L, Temperature grade: E, Delay Type: min_max.
INFO: [Timing 38-191] Multithreading enabled for timing update using a maximum of 8 CPUs
CRITICAL WARNING: [Timing 38-282] The design failed to meet the timing requirements. Please see the timing summary report for details on the timing violations.
INFO: [runtcl-4] Executing : report_incremental_reuse -file bd_0_wrapper_incremental_reuse_routed.rpt
INFO: [Vivado_Tcl 4-1062] Incremental flow is disabled. No incremental reuse Info to report.
INFO: [runtcl-4] Executing : report_clock_utilization -file bd_0_wrapper_clock_utilization_routed.rpt
report_clock_utilization: Time (s): cpu = 00:00:11 ; elapsed = 00:00:11 . Memory (MB): peak = 9088.199 ; gain = 0.000 ; free physical = 130 ; free virtual = 7531
INFO: [runtcl-4] Executing : report_bus_skew -warn_on_violation -file bd_0_wrapper_bus_skew_routed.rpt -pb bd_0_wrapper_bus_skew_routed.pb -rpx bd_0_wrapper_bus_skew_routed.rpx
INFO: [Timing 38-91] UpdateTimingParams: Speed grade: -2L, Temperature grade: E, Delay Type: min_max.
INFO: [Timing 38-191] Multithreading enabled for timing update using a maximum of 8 CPUs
INFO: [Timing 38-480] Writing timing data to binary archive.
Write ShapeDB Complete: Time (s): cpu = 00:00:01 ; elapsed = 00:00:00.24 . Memory (MB): peak = 9088.199 ; gain = 0.000 ; free physical = 119 ; free virtual = 7519
Wrote PlaceDB: Time (s): cpu = 00:00:19 ; elapsed = 00:00:06 . Memory (MB): peak = 9088.199 ; gain = 0.000 ; free physical = 136 ; free virtual = 7508
Wrote PulsedLatchDB: Time (s): cpu = 00:00:00 ; elapsed = 00:00:00 . Memory (MB): peak = 9088.199 ; gain = 0.000 ; free physical = 136 ; free virtual = 7508
Writing XDEF routing.
Writing XDEF routing logical nets.
Writing XDEF routing special nets.
Wrote RouteStorage: Time (s): cpu = 00:00:04 ; elapsed = 00:00:03 . Memory (MB): peak = 9088.199 ; gain = 0.000 ; free physical = 112 ; free virtual = 7509
Wrote Netlist Cache: Time (s): cpu = 00:00:00.22 ; elapsed = 00:00:00.22 . Memory (MB): peak = 9088.199 ; gain = 0.000 ; free physical = 117 ; free virtual = 7508
Wrote Device Cache: Time (s): cpu = 00:00:00.01 ; elapsed = 00:00:00.01 . Memory (MB): peak = 9088.199 ; gain = 0.000 ; free physical = 117 ; free virtual = 7510
Write Physdb Complete: Time (s): cpu = 00:00:23 ; elapsed = 00:00:10 . Memory (MB): peak = 9088.199 ; gain = 0.000 ; free physical = 117 ; free virtual = 7510
INFO: [Common 17-1381] The checkpoint '/home/timhan/FHE/openfhe-for-HKS-ACC/src/fpga_backend/Solution/hks_digit_csynth_wide256_direct_r3/solution1/impl/verilog/project.runs/impl_1/bd_0_wrapper_routed.dcp' has been generated.
write_checkpoint: Time (s): cpu = 00:00:31 ; elapsed = 00:00:17 . Memory (MB): peak = 9088.199 ; gain = 0.000 ; free physical = 591 ; free virtual = 7556
INFO: [Common 17-206] Exiting Vivado at Fri Sep  4 11:56:28 2026...
[Fri Sep  4 11:56:43 2026] impl_1 finished
wait_on_runs: Time (s): cpu = 00:00:01 ; elapsed = 00:28:58 . Memory (MB): peak = 9526.777 ; gain = 0.000 ; free physical = 8201 ; free virtual = 15340
TIMESTAMP: HLS-REPORT: implementation open_run: 2026-09-04 11:56:43 CST
INFO: HLS-REPORT: Opening implementation design database: open_run impl_1
Netlist sorting complete. Time (s): cpu = 00:00:01 ; elapsed = 00:00:01 . Memory (MB): peak = 9526.777 ; gain = 0.000 ; free physical = 8148 ; free virtual = 15315
INFO: [Netlist 29-17] Analyzing 9038 Unisim elements for replacement
INFO: [Netlist 29-28] Unisim Transformation completed in 3 CPU seconds
INFO: [Project 1-479] Netlist was created with Vivado 2023.2
INFO: [Project 1-570] Preparing netlist for logic optimization
Read ShapeDB Complete: Time (s): cpu = 00:00:00.25 ; elapsed = 00:00:00.28 . Memory (MB): peak = 9534.777 ; gain = 0.000 ; free physical = 7887 ; free virtual = 15072
INFO: [Timing 38-478] Restoring timing data from binary archive.
INFO: [Timing 38-479] Binary timing data restore complete.
INFO: [Project 1-856] Restoring constraints from binary archive.
INFO: [Project 1-853] Binary constraint restore complete.
INFO: [Designutils 20-5722] Start Reading Physical Databases.
Reading placement.
Read Netlist Cache: Time (s): cpu = 00:00:00.22 ; elapsed = 00:00:00.22 . Memory (MB): peak = 10029.590 ; gain = 0.000 ; free physical = 7273 ; free virtual = 14481
Reading placer database...
Read Device Cache: Time (s): cpu = 00:00:00.01 ; elapsed = 00:00:00.01 . Memory (MB): peak = 10029.590 ; gain = 0.000 ; free physical = 7273 ; free virtual = 14481
Read PlaceDB: Time (s): cpu = 00:00:05 ; elapsed = 00:00:06 . Memory (MB): peak = 10185.973 ; gain = 156.383 ; free physical = 7109 ; free virtual = 14317
Read PulsedLatchDB: Time (s): cpu = 00:00:00 ; elapsed = 00:00:00 . Memory (MB): peak = 10185.973 ; gain = 0.000 ; free physical = 7109 ; free virtual = 14317
Reading routing.
Read RouteStorage: Time (s): cpu = 00:00:06 ; elapsed = 00:00:11 . Memory (MB): peak = 10271.973 ; gain = 86.000 ; free physical = 6771 ; free virtual = 13979
Read Physdb Files: Time (s): cpu = 00:00:11 ; elapsed = 00:00:18 . Memory (MB): peak = 10271.973 ; gain = 242.383 ; free physical = 6771 ; free virtual = 13979
Restored from archive | CPU: 12.020000 secs | Memory: 340.625069 MB |
Finished XDEF File Restore: Time (s): cpu = 00:00:11 ; elapsed = 00:00:18 . Memory (MB): peak = 10271.973 ; gain = 242.383 ; free physical = 6763 ; free virtual = 13971
Netlist sorting complete. Time (s): cpu = 00:00:00.02 ; elapsed = 00:00:00.01 . Memory (MB): peak = 10271.973 ; gain = 0.000 ; free physical = 6755 ; free virtual = 13964
INFO: [Project 1-111] Unisim Transformation Summary:
  A total of 1544 instances were transformed.
  DSP48E2 => DSP48E2 (DSP_ALU, DSP_A_B_DATA, DSP_C_DATA, DSP_MULTIPLIER, DSP_M_DATA, DSP_OUTPUT, DSP_PREADD, DSP_PREADD_DATA): 1160 instances
  RAM16X1S => RAM32X1S (RAMS32): 384 instances

open_run: Time (s): cpu = 00:00:46 ; elapsed = 00:00:46 . Memory (MB): peak = 10272.008 ; gain = 745.230 ; free physical = 6755 ; free virtual = 13964
TIMESTAMP: HLS-REPORT: implementation generate_reports_vivado: 2026-09-04 11:57:29 CST
INFO: HLS-REPORT: Running report: report_utilization -file ./report/Top_utilization_routed.rpt
report_utilization: Time (s): cpu = 00:00:07 ; elapsed = 00:00:08 . Memory (MB): peak = 10272.008 ; gain = 0.000 ; free physical = 6755 ; free virtual = 13964
INFO: HLS-REPORT: Running report: report_utilization -hierarchical -hierarchical_depth 10 -file ./report/Top_utilization_hierarchical_routed.rpt
report_utilization: Time (s): cpu = 00:00:08 ; elapsed = 00:00:08 . Memory (MB): peak = 10272.008 ; gain = 0.000 ; free physical = 6755 ; free virtual = 13965
INFO: HLS-REPORT: Running report: report_timing_summary -file ./report/Top_timing_routed.rpt
INFO: [Timing 38-91] UpdateTimingParams: Speed grade: -2L, Temperature grade: E, Delay Type: min_max.
INFO: [Timing 38-191] Multithreading enabled for timing update using a maximum of 8 CPUs
WARNING: [Timing 38-242] The property HD.CLK_SRC of clock port "ap_clk" is not set. In out-of-context mode, this prevents timing estimation for clock delay/skew
Resolution: Set the HD.CLK_SRC property of the out-of-context port to the location of the clock buffer instance in the top-level design
report_timing_summary: Time (s): cpu = 00:01:50 ; elapsed = 00:00:33 . Memory (MB): peak = 10875.270 ; gain = 603.262 ; free physical = 6173 ; free virtual = 13390
INFO: HLS-REPORT: Running report: report_route_status -file ./report/Top_status_routed.rpt
INFO: HLS-REPORT: Running report: report_timing -max_paths 10 -file ./report/Top_timing_paths_routed.rpt
INFO: [Timing 38-91] UpdateTimingParams: Speed grade: -2L, Temperature grade: E, Delay Type: max.
INFO: [Timing 38-191] Multithreading enabled for timing update using a maximum of 8 CPUs
INFO: [Timing 38-78] ReportTimingParams: -max_paths 10 -nworst 1 -delay_type max -sort_by slack.
INFO: HLS-REPORT: Running report: report_design_analysis -file ./report/Top_design_analysis_routed.rpt
report_design_analysis: Time (s): cpu = 00:00:14 ; elapsed = 00:00:06 . Memory (MB): peak = 10875.270 ; gain = 0.000 ; free physical = 6181 ; free virtual = 13399
INFO: HLS-REPORT: Running report: ::tclapp::xilinx::designutils::report_failfast -detailed_report impl -file ./report/Top_failfast_routed.rpt
 -I- design metrics completed in 3 seconds
 -I- DONT_TOUCH metric completed in 1 seconds
 -I- MARK_DEBUG metric completed in 2 seconds
 -I- utilization metrics completed in 8 seconds
 -I- Generated file /home/timhan/FHE/openfhe-for-HKS-ACC/src/fpga_backend/Solution/hks_digit_csynth_wide256_direct_r3/solution1/impl/verilog/report/impl.BUFG.rpt
 -I- control set metrics completed in 0 seconds
 -I- methodology check metrics completed in 13 seconds
 -I- average fanout metrics completed in 22 seconds (4 modules)
 -I- Generated file /home/timhan/FHE/openfhe-for-HKS-ACC/src/fpga_backend/Solution/hks_digit_csynth_wide256_direct_r3/solution1/impl/verilog/report/impl.AVGFO.rpt
 -I- non-FD high fanout nets completed in 4 seconds
 -I- path budgeting metrics completed in 10 seconds
#  +-----------------------------------------------------------------------------------------+
#  | Design Summary                                                                          |
#  | impl_1                                                                                  |
#  | xcu55c-fsvh2892-2L-e                                                                    |
#  +-----------------------------------------------------------+-----------+--------+--------+
#  | Criteria                                                  | Guideline | Actual | Status |
#  +-----------------------------------------------------------+-----------+--------+--------+
#  | LUT                                                       | 70%       | 8.24%  | OK     |
#  | FD                                                        | 50%       | 2.46%  | OK     |
#  | LUTRAM+SRL                                                | 25%       | 0.83%  | OK     |
#  | CARRY8                                                    | 25%       | 2.91%  | OK     |
#  | MUXF7                                                     | 15%       | 0.39%  | OK     |
#  | DSP                                                       | 80%       | 12.85% | OK     |
#  | RAMB/FIFO                                                 | 80%       | 17.83% | OK     |
#  | URAM                                                      | 80%       | 10.00% | OK     |
#  | DSP+RAMB+URAM (Avg)                                       | 70%       | 13.56% | OK     |
#  | BUFGCE* + BUFGCTRL                                        | 24        | 0      | OK     |
#  | DONT_TOUCH (cells/nets)                                   | 0         | 0      | OK     |
#  | MARK_DEBUG (nets)                                         | 0         | 0      | OK     |
#  | Control Sets                                              | 24444     | 399    | OK     |
#  | Average Fanout for modules > 100k cells                   | 4         | 1.14   | OK     |
#  | Max Average Fanout for modules > 100k cells               | 4         | 1.14   | OK     |
#  | Non-FD high fanout nets > 10k loads                       | 0         | 0      | OK     |
#  +-----------------------------------------------------------+-----------+--------+--------+
#  | TIMING-6 (No common primary clock between related clocks) | 0         | 0      | OK     |
#  | TIMING-7 (No common node between related clocks)          | 0         | 0      | OK     |
#  | TIMING-8 (No common period between related clocks)        | 0         | 0      | OK     |
#  | TIMING-14 (LUT on the clock tree)                         | 0         | 0      | OK     |
#  | TIMING-35 (No common node in paths with the same clock)   | 0         | 0      | OK     |
#  +-----------------------------------------------------------+-----------+--------+--------+
#  | Number of paths above max LUT budgeting (0.300ns)         | 0         | 0      | OK     |
#  | Number of paths above max Net budgeting (0.208ns)         | 0         | 0      | OK     |
#  +-----------------------------------------------------------+-----------+--------+--------+
 -I- Generated file /home/timhan/FHE/openfhe-for-HKS-ACC/src/fpga_backend/Solution/hks_digit_csynth_wide256_direct_r3/solution1/impl/verilog/report/Top_failfast_routed.rpt
 -I- Number of criteria to review: 0
 -I- This report should be run before placing the design and uses conservative guidelines beyond which runtime and timing closure will likely be more challenging
 -I- report_failfast completed in 64 seconds
TIMESTAMP: HLS-REPORT: implementation gen_data_dict_vivado: 2026-09-04 11:59:30 CST
TIMESTAMP: HLS-REPORT: impl extract_util_hier: 2026-09-04 11:59:30 CST
TIMESTAMP: HLS-REPORT: impl get_cell_hier_data: 2026-09-04 11:59:30 CST
TIMESTAMP: HLS-REPORT: impl get_timing_paths: 2026-09-04 11:59:32 CST
TIMESTAMP: HLS-REPORT: impl process timing paths: 2026-09-04 11:59:32 CST
TIMESTAMP: HLS-REPORT: impl get_all_vv_rpt_files: 2026-09-04 11:59:32 CST
TIMESTAMP: HLS-REPORT: implementation write_reports_vivado: 2026-09-04 11:59:32 CST
HLS EXTRACTION: impl area_totals:  0 1303680 2607360 9024 4032 162960 960
HLS EXTRACTION: impl area_current: 0 107471 64062 1160 719 0 4770 21072 96 96
HLS EXTRACTION: impl resources_dict: AVAIL_LUT 1303680 LUT 107471 AVAIL_FF 2607360 FF 64062 AVAIL_DSP 9024 DSP 1160 AVAIL_BRAM 4032 BRAM 719 AVAIL_URAM 960 URAM 96 LATCH 0 SRL 4770 AVAIL_CLB 162960 CLB 21072
INFO: HLS-REPORT: generated /home/timhan/FHE/openfhe-for-HKS-ACC/src/fpga_backend/Solution/hks_digit_csynth_wide256_direct_r3/solution1/impl/verilog/report/vivado_impl.xml
INFO: HLS-REPORT: generated /home/timhan/FHE/openfhe-for-HKS-ACC/src/fpga_backend/Solution/hks_digit_csynth_wide256_direct_r3/solution1/impl/report/verilog/Top_export.rpt


Implementation tool: Xilinx Vivado v.2023.2
Project:             hks_digit_csynth_wide256_direct_r3
Solution:            solution1
Device target:       xcu55c-fsvh2892-2L-e
Report date:         Fri Sep 04 11:59:33 CST 2026

#=== Post-Implementation Resource usage ===
SLICE:            0
LUT:         107471
FF:           64062
DSP:           1160
BRAM:           719
URAM:            96
LATCH:            0
SRL:           4770
CLB:          21072

#=== Final timing ===
CP required:                     6.000
CP achieved post-synthesis:      3.862
CP achieved post-implementation: 6.029
Timing not met

TIMESTAMP: HLS-REPORT: implementation end: 2026-09-04 11:59:33 CST
INFO: HLS-REPORT: impl run complete: worst setup slack (WNS)=-0.029115, worst hold slack (WHS)=0.019000, total pulse width slack(TPWS)=0.000000, number of unrouted nets=0
Vivado implementation timing failed: WNS (-0.029115) is less than 0
# hls_vivado_reports_finalize $report_options
TIMESTAMP: HLS-REPORT: all reports complete: 2026-09-04 11:59:33 CST
INFO: [Common 17-206] Exiting Vivado at Fri Sep  4 11:59:33 2026...
INFO: [HLS 200-802] Generated output file /home/timhan/FHE/openfhe-for-HKS-ACC/src/fpga_backend/Solution/hks_digit_csynth_wide256_direct_r3/solution1/impl/export.zip
INFO: [HLS 200-111] Finished Command export_design CPU user time: 1301.54 seconds. CPU system time: 63.82 seconds. Elapsed time: 2789.81 seconds; current allocated memory: 76.812 MB.
INFO: [HLS 200-112] Total CPU user time: 1302.44 seconds. Total CPU system time: 64.02 seconds. Total elapsed time: 2791.18 seconds; peak allocated memory: 316.426 MB.
INFO: [Common 17-206] Exiting vitis_hls at Fri Sep  4 12:00:02 2026...
